chunk_file_path,subchunk_number,source_file_path,source_line,rule_id,decision,rationale
"/home/chinmay/ChinmayPersonalProjects/deslop/scripts/chunks/Chunk_2001_2025.txt",2001,"/home/chinmay/ChinmayPersonalProjects/gopdfsuit/internal/pdf/font/subset.go",702,"go_perf_layer_io_operations_small_writes_without_bufio_writer",true_positive,"Snippet matches the rule pattern in this function"
"/home/chinmay/ChinmayPersonalProjects/deslop/scripts/chunks/Chunk_2001_2025.txt",2002,"/home/chinmay/ChinmayPersonalProjects/gopdfsuit/internal/pdf/font/subset.go",766,"go_perf_layer_collection_iteration_len_called_after_materializing_channel",false_positive,"Rule pattern is not supported by the shown snippet"
"/home/chinmay/ChinmayPersonalProjects/deslop/scripts/chunks/Chunk_2001_2025.txt",2003,"/home/chinmay/ChinmayPersonalProjects/gopdfsuit/internal/pdf/font/subset.go",775,"go_perf_layer_garbage_collection_cleanup_large_slice_retained_after_truncate",false_positive,"Rule pattern is not supported by the shown snippet"
"/home/chinmay/ChinmayPersonalProjects/deslop/scripts/chunks/Chunk_2001_2025.txt",2004,"/home/chinmay/ChinmayPersonalProjects/gopdfsuit/internal/pdf/font/subset.go",778,"go_perf_layer_collection_iteration_manual_index_loop_without_bounds_need",false_positive,"Rule pattern is not supported by the shown snippet"
"/home/chinmay/ChinmayPersonalProjects/deslop/scripts/chunks/Chunk_2001_2025.txt",2005,"/home/chinmay/ChinmayPersonalProjects/gopdfsuit/internal/pdf/font/subset.go",778,"go_perf_layer_network_calls_retry_loop_without_backoff",false_positive,"Rule pattern is not supported by the shown snippet"
"/home/chinmay/ChinmayPersonalProjects/deslop/scripts/chunks/Chunk_2001_2025.txt",2006,"/home/chinmay/ChinmayPersonalProjects/gopdfsuit/internal/pdf/font/subset.go",781,"go_perf_layer_memory_allocation_append_without_known_capacity",true_positive,"Snippet matches the rule pattern in this function"
"/home/chinmay/ChinmayPersonalProjects/deslop/scripts/chunks/Chunk_2001_2025.txt",2007,"/home/chinmay/ChinmayPersonalProjects/gopdfsuit/internal/pdf/font/subset.go",781,"slice_grow_without_cap_hint",true_positive,"Snippet matches the rule pattern in this function"
"/home/chinmay/ChinmayPersonalProjects/deslop/scripts/chunks/Chunk_2001_2025.txt",2008,"/home/chinmay/ChinmayPersonalProjects/gopdfsuit/internal/pdf/font/subset.go",793,"go_perf_layer_string_handling_string_lower_for_case_insensitive_compare",false_positive,"Rule pattern is not supported by the shown snippet"
"/home/chinmay/ChinmayPersonalProjects/deslop/scripts/chunks/Chunk_2001_2025.txt",2009,"/home/chinmay/ChinmayPersonalProjects/gopdfsuit/internal/pdf/font/subset.go",801,"go_perf_layer_async_concurrency_goroutine_per_item_without_worker_limit",false_positive,"Rule pattern is not supported by the shown snippet"
"/home/chinmay/ChinmayPersonalProjects/deslop/scripts/chunks/Chunk_2001_2025.txt",2010,"/home/chinmay/ChinmayPersonalProjects/gopdfsuit/internal/pdf/font/subset.go",811,"go_perf_layer_algorithmic_complexity_repeated_nested_slice_scans",false_positive,"Rule pattern is not supported by the shown snippet"
"/home/chinmay/ChinmayPersonalProjects/deslop/scripts/chunks/Chunk_2001_2025.txt",2011,"/home/chinmay/ChinmayPersonalProjects/gopdfsuit/internal/pdf/font/subset.go",811,"go_perf_layer_io_operations_scanner_used_for_large_token_stream",false_positive,"Rule pattern is not supported by the shown snippet"
"/home/chinmay/ChinmayPersonalProjects/deslop/scripts/chunks/Chunk_2001_2025.txt",2012,"/home/chinmay/ChinmayPersonalProjects/gopdfsuit/internal/pdf/font/subset.go",812,"go_perf_layer_network_calls_retry_loop_without_backoff",false_positive,"Rule pattern is not supported by the shown snippet"
"/home/chinmay/ChinmayPersonalProjects/deslop/scripts/chunks/Chunk_2001_2025.txt",2013,"/home/chinmay/ChinmayPersonalProjects/gopdfsuit/internal/pdf/font/subset.go",845,"go_perf_layer_network_calls_retry_loop_without_backoff",false_positive,"Rule pattern is not supported by the shown snippet"
"/home/chinmay/ChinmayPersonalProjects/deslop/scripts/chunks/Chunk_2001_2025.txt",2014,"/home/chinmay/ChinmayPersonalProjects/gopdfsuit/internal/pdf/font/subset.go",862,"go_perf_layer_string_handling_string_lower_for_case_insensitive_compare",false_positive,"Rule pattern is not supported by the shown snippet"
"/home/chinmay/ChinmayPersonalProjects/deslop/scripts/chunks/Chunk_2001_2025.txt",2015,"/home/chinmay/ChinmayPersonalProjects/gopdfsuit/internal/pdf/font/subset.go",870,"go_perf_layer_async_concurrency_goroutine_per_item_without_worker_limit",false_positive,"Rule pattern is not supported by the shown snippet"
"/home/chinmay/ChinmayPersonalProjects/deslop/scripts/chunks/Chunk_2001_2025.txt",2016,"/home/chinmay/ChinmayPersonalProjects/gopdfsuit/internal/pdf/font/ttf.go",61,"full_dataset_load",true_positive,"Snippet matches the rule pattern in this function"
"/home/chinmay/ChinmayPersonalProjects/deslop/scripts/chunks/Chunk_2001_2025.txt",2017,"/home/chinmay/ChinmayPersonalProjects/gopdfsuit/internal/pdf/font/ttf.go",76,"go_perf_layer_error_handling_cost_error_string_built_before_error_needed",false_positive,"Rule pattern is not supported by the shown snippet"
"/home/chinmay/ChinmayPersonalProjects/deslop/scripts/chunks/Chunk_2001_2025.txt",2018,"/home/chinmay/ChinmayPersonalProjects/gopdfsuit/internal/pdf/font/ttf.go",76,"go_perf_layer_memory_allocation_bytes_buffer_allocated_per_record",false_positive,"Rule pattern is not supported by the shown snippet"
"/home/chinmay/ChinmayPersonalProjects/deslop/scripts/chunks/Chunk_2001_2025.txt",2019,"/home/chinmay/ChinmayPersonalProjects/gopdfsuit/internal/pdf/font/ttf.go",76,"go_perf_layer_memory_allocation_map_recreated_for_static_lookup",false_positive,"Rule pattern is not supported by the shown snippet"
"/home/chinmay/ChinmayPersonalProjects/deslop/scripts/chunks/Chunk_2001_2025.txt",2020,"/home/chinmay/ChinmayPersonalProjects/gopdfsuit/internal/pdf/font/ttf.go",76,"go_perf_layer_memory_allocation_temporary_byte_slice_for_string_write",false_positive,"Rule pattern is not supported by the shown snippet"
"/home/chinmay/ChinmayPersonalProjects/deslop/scripts/chunks/Chunk_2001_2025.txt",2021,"/home/chinmay/ChinmayPersonalProjects/gopdfsuit/internal/pdf/font/ttf.go",81,"go_perf_layer_caching_json_cache_value_stored_as_string",false_positive,"Rule pattern is not supported by the shown snippet"
"/home/chinmay/ChinmayPersonalProjects/deslop/scripts/chunks/Chunk_2001_2025.txt",2022,"/home/chinmay/ChinmayPersonalProjects/gopdfsuit/internal/pdf/font/ttf.go",81,"go_perf_layer_caching_unbounded_cache_map",false_positive,"Rule pattern is not supported by the shown snippet"
"/home/chinmay/ChinmayPersonalProjects/deslop/scripts/chunks/Chunk_2001_2025.txt",2023,"/home/chinmay/ChinmayPersonalProjects/gopdfsuit/internal/pdf/font/ttf.go",81,"go_perf_layer_collection_iteration_range_over_map_for_deterministic_first",false_positive,"Rule pattern is not supported by the shown snippet"
"/home/chinmay/ChinmayPersonalProjects/deslop/scripts/chunks/Chunk_2001_2025.txt",2024,"/home/chinmay/ChinmayPersonalProjects/gopdfsuit/internal/pdf/font/ttf.go",81,"go_perf_layer_data_structure_choice_map_string_bool_for_membership",false_positive,"Rule pattern is not supported by the shown snippet"
"/home/chinmay/ChinmayPersonalProjects/deslop/scripts/chunks/Chunk_2026_2050.txt",2025,"/home/chinmay/ChinmayPersonalProjects/gopdfsuit/internal/pdf/font/ttf.go",81,"go_perf_layer_data_structure_choice_small_enum_string_switch_map",false_positive,"Rule pattern is not supported by the shown snippet"
"/home/chinmay/ChinmayPersonalProjects/deslop/scripts/chunks/Chunk_2026_2050.txt",2026,"/home/chinmay/ChinmayPersonalProjects/gopdfsuit/internal/pdf/font/ttf.go",81,"go_perf_layer_database_access_rows_scan_into_map_per_row",false_positive,"Rule pattern is not supported by the shown snippet"
"/home/chinmay/ChinmayPersonalProjects/deslop/scripts/chunks/Chunk_2026_2050.txt",2027,"/home/chinmay/ChinmayPersonalProjects/gopdfsuit/internal/pdf/font/ttf.go",81,"go_perf_layer_string_handling_byte_string_roundtrip_for_contains",false_positive,"Rule pattern is not supported by the shown snippet"
"/home/chinmay/ChinmayPersonalProjects/deslop/scripts/chunks/Chunk_2026_2050.txt",2028,"/home/chinmay/ChinmayPersonalProjects/gopdfsuit/internal/pdf/font/ttf.go",86,"go_perf_layer_collection_iteration_copy_slice_before_readonly_range",false_positive,"Rule pattern is not supported by the shown snippet"
"/home/chinmay/ChinmayPersonalProjects/deslop/scripts/chunks/Chunk_2026_2050.txt",2029,"/home/chinmay/ChinmayPersonalProjects/gopdfsuit/internal/pdf/font/ttf.go",86,"go_perf_layer_io_operations_scanner_used_for_large_token_stream",false_positive,"Rule pattern is not supported by the shown snippet"
"/home/chinmay/ChinmayPersonalProjects/deslop/scripts/chunks/Chunk_2026_2050.txt",2030,"/home/chinmay/ChinmayPersonalProjects/gopdfsuit/internal/pdf/font/ttf.go",86,"go_perf_layer_io_operations_stat_before_open_without_branch",false_positive,"Rule pattern is not supported by the shown snippet"
"/home/chinmay/ChinmayPersonalProjects/deslop/scripts/chunks/Chunk_2026_2050.txt",2031,"/home/chinmay/ChinmayPersonalProjects/gopdfsuit/internal/pdf/font/ttf.go",90,"binary_read_for_single_field",true_positive,"Snippet matches the rule pattern in this function"
"/home/chinmay/ChinmayPersonalProjects/deslop/scripts/chunks/Chunk_2026_2050.txt",2032,"/home/chinmay/ChinmayPersonalProjects/gopdfsuit/internal/pdf/font/ttf.go",94,"go_perf_layer_network_calls_retry_loop_without_backoff",false_positive,"Rule pattern is not supported by the shown snippet"
"/home/chinmay/ChinmayPersonalProjects/deslop/scripts/chunks/Chunk_2026_2050.txt",2033,"/home/chinmay/ChinmayPersonalProjects/gopdfsuit/internal/pdf/font/ttf.go",101,"binary_read_for_single_field",true_positive,"Snippet matches the rule pattern in this function"
"/home/chinmay/ChinmayPersonalProjects/deslop/scripts/chunks/Chunk_2026_2050.txt",2034,"/home/chinmay/ChinmayPersonalProjects/gopdfsuit/internal/pdf/font/ttf.go",102,"error_logged_and_returned",false_positive,"Rule pattern is not supported by the shown snippet"
"/home/chinmay/ChinmayPersonalProjects/deslop/scripts/chunks/Chunk_2026_2050.txt",2035,"/home/chinmay/ChinmayPersonalProjects/gopdfsuit/internal/pdf/font/ttf.go",104,"go_perf_layer_database_access_query_inside_loop_without_batching",false_positive,"Rule pattern is not supported by the shown snippet"
"/home/chinmay/ChinmayPersonalProjects/deslop/scripts/chunks/Chunk_2026_2050.txt",2036,"/home/chinmay/ChinmayPersonalProjects/gopdfsuit/internal/pdf/font/ttf.go",113,"error_logged_and_returned",false_positive,"Rule pattern is not supported by the shown snippet"
"/home/chinmay/ChinmayPersonalProjects/deslop/scripts/chunks/Chunk_2026_2050.txt",2037,"/home/chinmay/ChinmayPersonalProjects/gopdfsuit/internal/pdf/font/ttf.go",115,"binary_read_for_single_field",true_positive,"Snippet matches the rule pattern in this function"
"/home/chinmay/ChinmayPersonalProjects/deslop/scripts/chunks/Chunk_2026_2050.txt",2038,"/home/chinmay/ChinmayPersonalProjects/gopdfsuit/internal/pdf/font/ttf.go",116,"error_logged_and_returned",false_positive,"Rule pattern is not supported by the shown snippet"
"/home/chinmay/ChinmayPersonalProjects/deslop/scripts/chunks/Chunk_2026_2050.txt",2039,"/home/chinmay/ChinmayPersonalProjects/gopdfsuit/internal/pdf/font/ttf.go",118,"binary_read_for_single_field",true_positive,"Snippet matches the rule pattern in this function"
"/home/chinmay/ChinmayPersonalProjects/deslop/scripts/chunks/Chunk_2026_2050.txt",2040,"/home/chinmay/ChinmayPersonalProjects/gopdfsuit/internal/pdf/font/ttf.go",119,"error_logged_and_returned",false_positive,"Rule pattern is not supported by the shown snippet"
"/home/chinmay/ChinmayPersonalProjects/deslop/scripts/chunks/Chunk_2026_2050.txt",2041,"/home/chinmay/ChinmayPersonalProjects/gopdfsuit/internal/pdf/font/ttf.go",121,"binary_read_for_single_field",true_positive,"Snippet matches the rule pattern in this function"
"/home/chinmay/ChinmayPersonalProjects/deslop/scripts/chunks/Chunk_2026_2050.txt",2042,"/home/chinmay/ChinmayPersonalProjects/gopdfsuit/internal/pdf/font/ttf.go",176,"errors_new_for_static_sentinel",false_positive,"Rule pattern is not supported by the shown snippet"
"/home/chinmay/ChinmayPersonalProjects/deslop/scripts/chunks/Chunk_2026_2050.txt",2043,"/home/chinmay/ChinmayPersonalProjects/gopdfsuit/internal/pdf/font/ttf.go",188,"binary_read_for_single_field",true_positive,"Snippet matches the rule pattern in this function"
"/home/chinmay/ChinmayPersonalProjects/deslop/scripts/chunks/Chunk_2026_2050.txt",2044,"/home/chinmay/ChinmayPersonalProjects/gopdfsuit/internal/pdf/font/ttf.go",196,"binary_read_for_single_field",true_positive,"Snippet matches the rule pattern in this function"
"/home/chinmay/ChinmayPersonalProjects/deslop/scripts/chunks/Chunk_2026_2050.txt",2045,"/home/chinmay/ChinmayPersonalProjects/gopdfsuit/internal/pdf/font/ttf.go",197,"error_logged_and_returned",false_positive,"Rule pattern is not supported by the shown snippet"
"/home/chinmay/ChinmayPersonalProjects/deslop/scripts/chunks/Chunk_2026_2050.txt",2046,"/home/chinmay/ChinmayPersonalProjects/gopdfsuit/internal/pdf/font/ttf.go",199,"binary_read_for_single_field",true_positive,"Snippet matches the rule pattern in this function"
"/home/chinmay/ChinmayPersonalProjects/deslop/scripts/chunks/Chunk_2026_2050.txt",2047,"/home/chinmay/ChinmayPersonalProjects/gopdfsuit/internal/pdf/font/ttf.go",200,"error_logged_and_returned",false_positive,"Rule pattern is not supported by the shown snippet"
"/home/chinmay/ChinmayPersonalProjects/deslop/scripts/chunks/Chunk_2026_2050.txt",2048,"/home/chinmay/ChinmayPersonalProjects/gopdfsuit/internal/pdf/font/ttf.go",202,"binary_read_for_single_field",true_positive,"Snippet matches the rule pattern in this function"
"/home/chinmay/ChinmayPersonalProjects/deslop/scripts/chunks/Chunk_2026_2050.txt",2049,"/home/chinmay/ChinmayPersonalProjects/gopdfsuit/internal/pdf/font/ttf.go",203,"error_logged_and_returned",false_positive,"Rule pattern is not supported by the shown snippet"
"/home/chinmay/ChinmayPersonalProjects/deslop/scripts/chunks/Chunk_2051_2075.txt",2050,"/home/chinmay/ChinmayPersonalProjects/gopdfsuit/internal/pdf/font/ttf.go",205,"binary_read_for_single_field",true_positive,"Snippet matches the rule pattern in this function"
"/home/chinmay/ChinmayPersonalProjects/deslop/scripts/chunks/Chunk_2051_2075.txt",2051,"/home/chinmay/ChinmayPersonalProjects/gopdfsuit/internal/pdf/font/ttf.go",216,"errors_new_for_static_sentinel",false_positive,"Rule pattern is not supported by the shown snippet"
"/home/chinmay/ChinmayPersonalProjects/deslop/scripts/chunks/Chunk_2051_2075.txt",2052,"/home/chinmay/ChinmayPersonalProjects/gopdfsuit/internal/pdf/font/ttf.go",228,"binary_read_for_single_field",true_positive,"Snippet matches the rule pattern in this function"
"/home/chinmay/ChinmayPersonalProjects/deslop/scripts/chunks/Chunk_2051_2075.txt",2053,"/home/chinmay/ChinmayPersonalProjects/gopdfsuit/internal/pdf/font/ttf.go",229,"error_logged_and_returned",false_positive,"Rule pattern is not supported by the shown snippet"
"/home/chinmay/ChinmayPersonalProjects/deslop/scripts/chunks/Chunk_2051_2075.txt",2054,"/home/chinmay/ChinmayPersonalProjects/gopdfsuit/internal/pdf/font/ttf.go",231,"binary_read_for_single_field",true_positive,"Snippet matches the rule pattern in this function"
"/home/chinmay/ChinmayPersonalProjects/deslop/scripts/chunks/Chunk_2051_2075.txt",2055,"/home/chinmay/ChinmayPersonalProjects/gopdfsuit/internal/pdf/font/ttf.go",232,"error_logged_and_returned",false_positive,"Rule pattern is not supported by the shown snippet"
"/home/chinmay/ChinmayPersonalProjects/deslop/scripts/chunks/Chunk_2051_2075.txt",2056,"/home/chinmay/ChinmayPersonalProjects/gopdfsuit/internal/pdf/font/ttf.go",234,"binary_read_for_single_field",true_positive,"Snippet matches the rule pattern in this function"
"/home/chinmay/ChinmayPersonalProjects/deslop/scripts/chunks/Chunk_2051_2075.txt",2057,"/home/chinmay/ChinmayPersonalProjects/gopdfsuit/internal/pdf/font/ttf.go",245,"errors_new_for_static_sentinel",false_positive,"Rule pattern is not supported by the shown snippet"
"/home/chinmay/ChinmayPersonalProjects/deslop/scripts/chunks/Chunk_2051_2075.txt",2058,"/home/chinmay/ChinmayPersonalProjects/gopdfsuit/internal/pdf/font/ttf.go",257,"binary_read_for_single_field",true_positive,"Snippet matches the rule pattern in this function"
"/home/chinmay/ChinmayPersonalProjects/deslop/scripts/chunks/Chunk_2051_2075.txt",2059,"/home/chinmay/ChinmayPersonalProjects/gopdfsuit/internal/pdf/font/ttf.go",268,"errors_new_for_static_sentinel",false_positive,"Rule pattern is not supported by the shown snippet"
"/home/chinmay/ChinmayPersonalProjects/deslop/scripts/chunks/Chunk_2051_2075.txt",2060,"/home/chinmay/ChinmayPersonalProjects/gopdfsuit/internal/pdf/font/ttf.go",268,"go_perf_layer_memory_allocation_bytes_buffer_allocated_per_record",false_positive,"Rule pattern is not supported by the shown snippet"
"/home/chinmay/ChinmayPersonalProjects/deslop/scripts/chunks/Chunk_2051_2075.txt",2061,"/home/chinmay/ChinmayPersonalProjects/gopdfsuit/internal/pdf/font/ttf.go",268,"go_perf_layer_memory_allocation_temporary_byte_slice_for_string_write",false_positive,"Rule pattern is not supported by the shown snippet"
"/home/chinmay/ChinmayPersonalProjects/deslop/scripts/chunks/Chunk_2051_2075.txt",2062,"/home/chinmay/ChinmayPersonalProjects/gopdfsuit/internal/pdf/font/ttf.go",274,"go_perf_layer_garbage_collection_cleanup_large_slice_retained_after_truncate",false_positive,"Rule pattern is not supported by the shown snippet"
"/home/chinmay/ChinmayPersonalProjects/deslop/scripts/chunks/Chunk_2051_2075.txt",2063,"/home/chinmay/ChinmayPersonalProjects/gopdfsuit/internal/pdf/font/ttf.go",278,"go_perf_layer_collection_iteration_copy_slice_before_readonly_range",false_positive,"Rule pattern is not supported by the shown snippet"
"/home/chinmay/ChinmayPersonalProjects/deslop/scripts/chunks/Chunk_2051_2075.txt",2064,"/home/chinmay/ChinmayPersonalProjects/gopdfsuit/internal/pdf/font/ttf.go",278,"go_perf_layer_io_operations_scanner_used_for_large_token_stream",false_positive,"Rule pattern is not supported by the shown snippet"
"/home/chinmay/ChinmayPersonalProjects/deslop/scripts/chunks/Chunk_2051_2075.txt",2065,"/home/chinmay/ChinmayPersonalProjects/gopdfsuit/internal/pdf/font/ttf.go",279,"binary_read_for_single_field",true_positive,"Snippet matches the rule pattern in this function"
"/home/chinmay/ChinmayPersonalProjects/deslop/scripts/chunks/Chunk_2051_2075.txt",2066,"/home/chinmay/ChinmayPersonalProjects/gopdfsuit/internal/pdf/font/ttf.go",284,"go_perf_layer_algorithmic_complexity_repeated_nested_slice_scans",false_positive,"Rule pattern is not supported by the shown snippet"
"/home/chinmay/ChinmayPersonalProjects/deslop/scripts/chunks/Chunk_2051_2075.txt",2067,"/home/chinmay/ChinmayPersonalProjects/gopdfsuit/internal/pdf/font/ttf.go",288,"go_perf_layer_network_calls_retry_loop_without_backoff",false_positive,"Rule pattern is not supported by the shown snippet"
"/home/chinmay/ChinmayPersonalProjects/deslop/scripts/chunks/Chunk_2051_2075.txt",2068,"/home/chinmay/ChinmayPersonalProjects/gopdfsuit/internal/pdf/font/ttf.go",289,"binary_read_for_single_field",true_positive,"Snippet matches the rule pattern in this function"
"/home/chinmay/ChinmayPersonalProjects/deslop/scripts/chunks/Chunk_2051_2075.txt",2069,"/home/chinmay/ChinmayPersonalProjects/gopdfsuit/internal/pdf/font/ttf.go",290,"error_logged_and_returned",false_positive,"Rule pattern is not supported by the shown snippet"
"/home/chinmay/ChinmayPersonalProjects/deslop/scripts/chunks/Chunk_2051_2075.txt",2070,"/home/chinmay/ChinmayPersonalProjects/gopdfsuit/internal/pdf/font/ttf.go",310,"errors_new_for_static_sentinel",false_positive,"Rule pattern is not supported by the shown snippet"
"/home/chinmay/ChinmayPersonalProjects/deslop/scripts/chunks/Chunk_2051_2075.txt",2071,"/home/chinmay/ChinmayPersonalProjects/gopdfsuit/internal/pdf/font/ttf.go",310,"go_perf_layer_memory_allocation_bytes_buffer_allocated_per_record",false_positive,"Rule pattern is not supported by the shown snippet"
"/home/chinmay/ChinmayPersonalProjects/deslop/scripts/chunks/Chunk_2051_2075.txt",2072,"/home/chinmay/ChinmayPersonalProjects/gopdfsuit/internal/pdf/font/ttf.go",313,"go_perf_layer_io_operations_scanner_used_for_large_token_stream",false_positive,"Rule pattern is not supported by the shown snippet"
"/home/chinmay/ChinmayPersonalProjects/deslop/scripts/chunks/Chunk_2051_2075.txt",2073,"/home/chinmay/ChinmayPersonalProjects/gopdfsuit/internal/pdf/font/ttf.go",319,"binary_read_for_single_field",true_positive,"Snippet matches the rule pattern in this function"
"/home/chinmay/ChinmayPersonalProjects/deslop/scripts/chunks/Chunk_2051_2075.txt",2074,"/home/chinmay/ChinmayPersonalProjects/gopdfsuit/internal/pdf/font/ttf.go",323,"go_perf_layer_database_access_query_inside_loop_without_batching",false_positive,"Rule pattern is not supported by the shown snippet"
"/home/chinmay/ChinmayPersonalProjects/deslop/scripts/chunks/Chunk_2076_2100.txt",2075,"/home/chinmay/ChinmayPersonalProjects/gopdfsuit/internal/pdf/font/ttf.go",323,"go_perf_layer_network_calls_retry_loop_without_backoff",false_positive,"Rule pattern is not supported by the shown snippet"
"/home/chinmay/ChinmayPersonalProjects/deslop/scripts/chunks/Chunk_2076_2100.txt",2076,"/home/chinmay/ChinmayPersonalProjects/gopdfsuit/internal/pdf/font/ttf.go",323,"go_perf_layer_string_handling_string_lower_for_case_insensitive_compare",false_positive,"Rule pattern is not supported by the shown snippet"
"/home/chinmay/ChinmayPersonalProjects/deslop/scripts/chunks/Chunk_2076_2100.txt",2077,"/home/chinmay/ChinmayPersonalProjects/gopdfsuit/internal/pdf/font/ttf.go",330,"binary_read_for_single_field",true_positive,"Snippet matches the rule pattern in this function"
"/home/chinmay/ChinmayPersonalProjects/deslop/scripts/chunks/Chunk_2076_2100.txt",2078,"/home/chinmay/ChinmayPersonalProjects/gopdfsuit/internal/pdf/font/ttf.go",331,"error_logged_and_returned",false_positive,"Rule pattern is not supported by the shown snippet"
"/home/chinmay/ChinmayPersonalProjects/deslop/scripts/chunks/Chunk_2076_2100.txt",2079,"/home/chinmay/ChinmayPersonalProjects/gopdfsuit/internal/pdf/font/ttf.go",333,"binary_read_for_single_field",true_positive,"Snippet matches the rule pattern in this function"
"/home/chinmay/ChinmayPersonalProjects/deslop/scripts/chunks/Chunk_2076_2100.txt",2080,"/home/chinmay/ChinmayPersonalProjects/gopdfsuit/internal/pdf/font/ttf.go",334,"error_logged_and_returned",false_positive,"Rule pattern is not supported by the shown snippet"
"/home/chinmay/ChinmayPersonalProjects/deslop/scripts/chunks/Chunk_2076_2100.txt",2081,"/home/chinmay/ChinmayPersonalProjects/gopdfsuit/internal/pdf/font/ttf.go",336,"binary_read_for_single_field",true_positive,"Snippet matches the rule pattern in this function"
"/home/chinmay/ChinmayPersonalProjects/deslop/scripts/chunks/Chunk_2076_2100.txt",2082,"/home/chinmay/ChinmayPersonalProjects/gopdfsuit/internal/pdf/font/ttf.go",345,"binary_read_for_single_field",true_positive,"Snippet matches the rule pattern in this function"
"/home/chinmay/ChinmayPersonalProjects/deslop/scripts/chunks/Chunk_2076_2100.txt",2083,"/home/chinmay/ChinmayPersonalProjects/gopdfsuit/internal/pdf/font/ttf.go",360,"binary_read_for_single_field",true_positive,"Snippet matches the rule pattern in this function"
"/home/chinmay/ChinmayPersonalProjects/deslop/scripts/chunks/Chunk_2076_2100.txt",2084,"/home/chinmay/ChinmayPersonalProjects/gopdfsuit/internal/pdf/font/ttf.go",388,"go_perf_layer_collection_iteration_copy_slice_before_readonly_range",false_positive,"Rule pattern is not supported by the shown snippet"
"/home/chinmay/ChinmayPersonalProjects/deslop/scripts/chunks/Chunk_2076_2100.txt",2085,"/home/chinmay/ChinmayPersonalProjects/gopdfsuit/internal/pdf/font/ttf.go",388,"go_perf_layer_io_operations_scanner_used_for_large_token_stream",false_positive,"Rule pattern is not supported by the shown snippet"
"/home/chinmay/ChinmayPersonalProjects/deslop/scripts/chunks/Chunk_2076_2100.txt",2086,"/home/chinmay/ChinmayPersonalProjects/gopdfsuit/internal/pdf/font/ttf.go",388,"go_perf_layer_memory_allocation_bytes_buffer_allocated_per_record",false_positive,"Rule pattern is not supported by the shown snippet"
"/home/chinmay/ChinmayPersonalProjects/deslop/scripts/chunks/Chunk_2076_2100.txt",2087,"/home/chinmay/ChinmayPersonalProjects/gopdfsuit/internal/pdf/font/ttf.go",388,"go_perf_layer_memory_allocation_temporary_byte_slice_for_string_write",false_positive,"Rule pattern is not supported by the shown snippet"
"/home/chinmay/ChinmayPersonalProjects/deslop/scripts/chunks/Chunk_2076_2100.txt",2088,"/home/chinmay/ChinmayPersonalProjects/gopdfsuit/internal/pdf/font/ttf.go",389,"go_perf_layer_error_handling_cost_errors_wrap_in_tight_loop",false_positive,"Rule pattern is not supported by the shown snippet"
"/home/chinmay/ChinmayPersonalProjects/deslop/scripts/chunks/Chunk_2076_2100.txt",2089,"/home/chinmay/ChinmayPersonalProjects/gopdfsuit/internal/pdf/font/ttf.go",394,"binary_read_for_single_field",true_positive,"Snippet matches the rule pattern in this function"
"/home/chinmay/ChinmayPersonalProjects/deslop/scripts/chunks/Chunk_2076_2100.txt",2090,"/home/chinmay/ChinmayPersonalProjects/gopdfsuit/internal/pdf/font/ttf.go",394,"go_perf_layer_runtime_configuration_debug_build_tags_in_hot_binary",false_positive,"Rule pattern is not supported by the shown snippet"
"/home/chinmay/ChinmayPersonalProjects/deslop/scripts/chunks/Chunk_2076_2100.txt",2091,"/home/chinmay/ChinmayPersonalProjects/gopdfsuit/internal/pdf/font/ttf.go",395,"error_logged_and_returned",false_positive,"Rule pattern is not supported by the shown snippet"
"/home/chinmay/ChinmayPersonalProjects/deslop/scripts/chunks/Chunk_2076_2100.txt",2092,"/home/chinmay/ChinmayPersonalProjects/gopdfsuit/internal/pdf/font/ttf.go",402,"binary_read_for_single_field",true_positive,"Snippet matches the rule pattern in this function"
"/home/chinmay/ChinmayPersonalProjects/deslop/scripts/chunks/Chunk_2076_2100.txt",2093,"/home/chinmay/ChinmayPersonalProjects/gopdfsuit/internal/pdf/font/ttf.go",412,"go_perf_layer_algorithmic_complexity_repeated_nested_slice_scans",false_positive,"Rule pattern is not supported by the shown snippet"
"/home/chinmay/ChinmayPersonalProjects/deslop/scripts/chunks/Chunk_2076_2100.txt",2094,"/home/chinmay/ChinmayPersonalProjects/gopdfsuit/internal/pdf/font/ttf.go",412,"go_perf_layer_memory_allocation_closure_capture_allocates_in_loop",false_positive,"Rule pattern is not supported by the shown snippet"
"/home/chinmay/ChinmayPersonalProjects/deslop/scripts/chunks/Chunk_2076_2100.txt",2095,"/home/chinmay/ChinmayPersonalProjects/gopdfsuit/internal/pdf/font/ttf.go",413,"go_perf_layer_collection_iteration_manual_index_loop_without_bounds_need",false_positive,"Rule pattern is not supported by the shown snippet"
"/home/chinmay/ChinmayPersonalProjects/deslop/scripts/chunks/Chunk_2076_2100.txt",2096,"/home/chinmay/ChinmayPersonalProjects/gopdfsuit/internal/pdf/font/ttf.go",413,"go_perf_layer_network_calls_retry_loop_without_backoff",false_positive,"Rule pattern is not supported by the shown snippet"
"/home/chinmay/ChinmayPersonalProjects/deslop/scripts/chunks/Chunk_2076_2100.txt",2097,"/home/chinmay/ChinmayPersonalProjects/gopdfsuit/internal/pdf/font/ttf.go",414,"binary_read_for_single_field",true_positive,"Snippet matches the rule pattern in this function"
"/home/chinmay/ChinmayPersonalProjects/deslop/scripts/chunks/Chunk_2076_2100.txt",2098,"/home/chinmay/ChinmayPersonalProjects/gopdfsuit/internal/pdf/font/ttf.go",426,"binary_read_for_single_field",true_positive,"Snippet matches the rule pattern in this function"
"/home/chinmay/ChinmayPersonalProjects/deslop/scripts/chunks/Chunk_2076_2100.txt",2099,"/home/chinmay/ChinmayPersonalProjects/gopdfsuit/internal/pdf/font/ttf.go",434,"binary_read_for_single_field",true_positive,"Snippet matches the rule pattern in this function"
"/home/chinmay/ChinmayPersonalProjects/deslop/scripts/chunks/Chunk_2101_2125.txt",2100,"/home/chinmay/ChinmayPersonalProjects/gopdfsuit/internal/pdf/font/ttf.go",443,"binary_read_for_single_field",true_positive,"Snippet matches the rule pattern in this function"
"/home/chinmay/ChinmayPersonalProjects/deslop/scripts/chunks/Chunk_2101_2125.txt",2101,"/home/chinmay/ChinmayPersonalProjects/gopdfsuit/internal/pdf/font/ttf.go",464,"binary_read_for_single_field",true_positive,"Snippet matches the rule pattern in this function"
"/home/chinmay/ChinmayPersonalProjects/deslop/scripts/chunks/Chunk_2101_2125.txt",2102,"/home/chinmay/ChinmayPersonalProjects/gopdfsuit/internal/pdf/font/ttf.go",465,"go_perf_layer_database_access_query_inside_loop_without_batching",false_positive,"Rule pattern is not supported by the shown snippet"
"/home/chinmay/ChinmayPersonalProjects/deslop/scripts/chunks/Chunk_2101_2125.txt",2103,"/home/chinmay/ChinmayPersonalProjects/gopdfsuit/internal/pdf/font/ttf.go",486,"go_perf_layer_io_operations_scanner_used_for_large_token_stream",false_positive,"Rule pattern is not supported by the shown snippet"
"/home/chinmay/ChinmayPersonalProjects/deslop/scripts/chunks/Chunk_2101_2125.txt",2104,"/home/chinmay/ChinmayPersonalProjects/gopdfsuit/internal/pdf/font/ttf.go",492,"binary_read_for_single_field",true_positive,"Snippet matches the rule pattern in this function"
"/home/chinmay/ChinmayPersonalProjects/deslop/scripts/chunks/Chunk_2101_2125.txt",2105,"/home/chinmay/ChinmayPersonalProjects/gopdfsuit/internal/pdf/font/ttf.go",496,"go_perf_layer_network_calls_retry_loop_without_backoff",false_positive,"Rule pattern is not supported by the shown snippet"
"/home/chinmay/ChinmayPersonalProjects/deslop/scripts/chunks/Chunk_2101_2125.txt",2106,"/home/chinmay/ChinmayPersonalProjects/gopdfsuit/internal/pdf/font/ttf.go",498,"binary_read_for_single_field",true_positive,"Snippet matches the rule pattern in this function"
"/home/chinmay/ChinmayPersonalProjects/deslop/scripts/chunks/Chunk_2101_2125.txt",2107,"/home/chinmay/ChinmayPersonalProjects/gopdfsuit/internal/pdf/font/ttf.go",499,"error_logged_and_returned",false_positive,"Rule pattern is not supported by the shown snippet"
"/home/chinmay/ChinmayPersonalProjects/deslop/scripts/chunks/Chunk_2101_2125.txt",2108,"/home/chinmay/ChinmayPersonalProjects/gopdfsuit/internal/pdf/font/ttf.go",501,"binary_read_for_single_field",true_positive,"Snippet matches the rule pattern in this function"
"/home/chinmay/ChinmayPersonalProjects/deslop/scripts/chunks/Chunk_2101_2125.txt",2109,"/home/chinmay/ChinmayPersonalProjects/gopdfsuit/internal/pdf/font/ttf.go",502,"error_logged_and_returned",false_positive,"Rule pattern is not supported by the shown snippet"
"/home/chinmay/ChinmayPersonalProjects/deslop/scripts/chunks/Chunk_2101_2125.txt",2110,"/home/chinmay/ChinmayPersonalProjects/gopdfsuit/internal/pdf/font/ttf.go",504,"binary_read_for_single_field",true_positive,"Snippet matches the rule pattern in this function"
"/home/chinmay/ChinmayPersonalProjects/deslop/scripts/chunks/Chunk_2101_2125.txt",2111,"/home/chinmay/ChinmayPersonalProjects/gopdfsuit/internal/pdf/font/ttf.go",525,"go_perf_layer_error_handling_cost_error_string_built_before_error_needed",false_positive,"Rule pattern is not supported by the shown snippet"
"/home/chinmay/ChinmayPersonalProjects/deslop/scripts/chunks/Chunk_2101_2125.txt",2112,"/home/chinmay/ChinmayPersonalProjects/gopdfsuit/internal/pdf/font/ttf.go",525,"go_perf_layer_memory_allocation_bytes_buffer_allocated_per_record",false_positive,"Rule pattern is not supported by the shown snippet"
"/home/chinmay/ChinmayPersonalProjects/deslop/scripts/chunks/Chunk_2101_2125.txt",2113,"/home/chinmay/ChinmayPersonalProjects/gopdfsuit/internal/pdf/font/ttf.go",525,"go_perf_layer_memory_allocation_temporary_byte_slice_for_string_write",false_positive,"Rule pattern is not supported by the shown snippet"
"/home/chinmay/ChinmayPersonalProjects/deslop/scripts/chunks/Chunk_2101_2125.txt",2114,"/home/chinmay/ChinmayPersonalProjects/gopdfsuit/internal/pdf/font/ttf.go",528,"go_perf_layer_data_structure_choice_small_enum_string_switch_map",false_positive,"Rule pattern is not supported by the shown snippet"
"/home/chinmay/ChinmayPersonalProjects/deslop/scripts/chunks/Chunk_2101_2125.txt",2115,"/home/chinmay/ChinmayPersonalProjects/gopdfsuit/internal/pdf/font/ttf.go",528,"go_perf_layer_io_operations_scanner_used_for_large_token_stream",false_positive,"Rule pattern is not supported by the shown snippet"
"/home/chinmay/ChinmayPersonalProjects/deslop/scripts/chunks/Chunk_2101_2125.txt",2116,"/home/chinmay/ChinmayPersonalProjects/gopdfsuit/internal/pdf/font/ttf.go",528,"go_perf_layer_string_handling_byte_string_roundtrip_for_contains",false_positive,"Rule pattern is not supported by the shown snippet"
"/home/chinmay/ChinmayPersonalProjects/deslop/scripts/chunks/Chunk_2101_2125.txt",2117,"/home/chinmay/ChinmayPersonalProjects/gopdfsuit/internal/pdf/font/ttf.go",533,"go_perf_layer_string_handling_string_lower_for_case_insensitive_compare",false_positive,"Rule pattern is not supported by the shown snippet"
"/home/chinmay/ChinmayPersonalProjects/deslop/scripts/chunks/Chunk_2101_2125.txt",2118,"/home/chinmay/ChinmayPersonalProjects/gopdfsuit/internal/pdf/font/ttf.go",534,"binary_read_for_single_field",true_positive,"Snippet matches the rule pattern in this function"
"/home/chinmay/ChinmayPersonalProjects/deslop/scripts/chunks/Chunk_2101_2125.txt",2119,"/home/chinmay/ChinmayPersonalProjects/gopdfsuit/internal/pdf/font/ttf.go",535,"error_logged_and_returned",false_positive,"Rule pattern is not supported by the shown snippet"
"/home/chinmay/ChinmayPersonalProjects/deslop/scripts/chunks/Chunk_2101_2125.txt",2120,"/home/chinmay/ChinmayPersonalProjects/gopdfsuit/internal/pdf/font/ttf.go",537,"binary_read_for_single_field",true_positive,"Snippet matches the rule pattern in this function"
"/home/chinmay/ChinmayPersonalProjects/deslop/scripts/chunks/Chunk_2101_2125.txt",2121,"/home/chinmay/ChinmayPersonalProjects/gopdfsuit/internal/pdf/font/ttf.go",543,"go_perf_layer_network_calls_retry_loop_without_backoff",false_positive,"Rule pattern is not supported by the shown snippet"
"/home/chinmay/ChinmayPersonalProjects/deslop/scripts/chunks/Chunk_2101_2125.txt",2122,"/home/chinmay/ChinmayPersonalProjects/gopdfsuit/internal/pdf/font/ttf.go",545,"binary_read_for_single_field",true_positive,"Snippet matches the rule pattern in this function"
"/home/chinmay/ChinmayPersonalProjects/deslop/scripts/chunks/Chunk_2101_2125.txt",2123,"/home/chinmay/ChinmayPersonalProjects/gopdfsuit/internal/pdf/font/ttf.go",546,"error_logged_and_returned",false_positive,"Rule pattern is not supported by the shown snippet"
"/home/chinmay/ChinmayPersonalProjects/deslop/scripts/chunks/Chunk_2101_2125.txt",2124,"/home/chinmay/ChinmayPersonalProjects/gopdfsuit/internal/pdf/font/ttf.go",548,"binary_read_for_single_field",true_positive,"Snippet matches the rule pattern in this function"
"/home/chinmay/ChinmayPersonalProjects/deslop/scripts/chunks/Chunk_2126_2150.txt",2125,"/home/chinmay/ChinmayPersonalProjects/gopdfsuit/internal/pdf/font/ttf.go",549,"error_logged_and_returned",false_positive,"Rule pattern is not supported by the shown snippet"
"/home/chinmay/ChinmayPersonalProjects/deslop/scripts/chunks/Chunk_2126_2150.txt",2126,"/home/chinmay/ChinmayPersonalProjects/gopdfsuit/internal/pdf/font/ttf.go",551,"binary_read_for_single_field",true_positive,"Snippet matches the rule pattern in this function"
"/home/chinmay/ChinmayPersonalProjects/deslop/scripts/chunks/Chunk_2126_2150.txt",2127,"/home/chinmay/ChinmayPersonalProjects/gopdfsuit/internal/pdf/font/ttf.go",552,"error_logged_and_returned",false_positive,"Rule pattern is not supported by the shown snippet"
"/home/chinmay/ChinmayPersonalProjects/deslop/scripts/chunks/Chunk_2126_2150.txt",2128,"/home/chinmay/ChinmayPersonalProjects/gopdfsuit/internal/pdf/font/ttf.go",554,"binary_read_for_single_field",true_positive,"Snippet matches the rule pattern in this function"
"/home/chinmay/ChinmayPersonalProjects/deslop/scripts/chunks/Chunk_2126_2150.txt",2129,"/home/chinmay/ChinmayPersonalProjects/gopdfsuit/internal/pdf/font/ttf.go",555,"error_logged_and_returned",false_positive,"Rule pattern is not supported by the shown snippet"
"/home/chinmay/ChinmayPersonalProjects/deslop/scripts/chunks/Chunk_2126_2150.txt",2130,"/home/chinmay/ChinmayPersonalProjects/gopdfsuit/internal/pdf/font/ttf.go",557,"binary_read_for_single_field",true_positive,"Snippet matches the rule pattern in this function"
"/home/chinmay/ChinmayPersonalProjects/deslop/scripts/chunks/Chunk_2126_2150.txt",2131,"/home/chinmay/ChinmayPersonalProjects/gopdfsuit/internal/pdf/font/ttf.go",558,"error_logged_and_returned",false_positive,"Rule pattern is not supported by the shown snippet"
"/home/chinmay/ChinmayPersonalProjects/deslop/scripts/chunks/Chunk_2126_2150.txt",2132,"/home/chinmay/ChinmayPersonalProjects/gopdfsuit/internal/pdf/font/ttf.go",560,"binary_read_for_single_field",true_positive,"Snippet matches the rule pattern in this function"
"/home/chinmay/ChinmayPersonalProjects/deslop/scripts/chunks/Chunk_2126_2150.txt",2133,"/home/chinmay/ChinmayPersonalProjects/gopdfsuit/internal/pdf/font/ttf.go",624,"errors_new_for_static_sentinel",false_positive,"Rule pattern is not supported by the shown snippet"
"/home/chinmay/ChinmayPersonalProjects/deslop/scripts/chunks/Chunk_2126_2150.txt",2134,"/home/chinmay/ChinmayPersonalProjects/gopdfsuit/internal/pdf/font/ttf.go",634,"binary_read_for_single_field",true_positive,"Snippet matches the rule pattern in this function"
"/home/chinmay/ChinmayPersonalProjects/deslop/scripts/chunks/Chunk_2126_2150.txt",2135,"/home/chinmay/ChinmayPersonalProjects/gopdfsuit/internal/pdf/font/ttf.go",643,"binary_read_for_single_field",true_positive,"Snippet matches the rule pattern in this function"
"/home/chinmay/ChinmayPersonalProjects/deslop/scripts/chunks/Chunk_2126_2150.txt",2136,"/home/chinmay/ChinmayPersonalProjects/gopdfsuit/internal/pdf/font/ttf.go",653,"binary_read_for_single_field",true_positive,"Snippet matches the rule pattern in this function"
"/home/chinmay/ChinmayPersonalProjects/deslop/scripts/chunks/Chunk_2126_2150.txt",2137,"/home/chinmay/ChinmayPersonalProjects/gopdfsuit/internal/pdf/font/ttf.go",669,"error_logged_and_returned",false_positive,"Rule pattern is not supported by the shown snippet"
"/home/chinmay/ChinmayPersonalProjects/deslop/scripts/chunks/Chunk_2126_2150.txt",2138,"/home/chinmay/ChinmayPersonalProjects/gopdfsuit/internal/pdf/font/ttf.go",671,"binary_read_for_single_field",true_positive,"Snippet matches the rule pattern in this function"
"/home/chinmay/ChinmayPersonalProjects/deslop/scripts/chunks/Chunk_2126_2150.txt",2139,"/home/chinmay/ChinmayPersonalProjects/gopdfsuit/internal/pdf/font/ttf.go",672,"error_logged_and_returned",false_positive,"Rule pattern is not supported by the shown snippet"
"/home/chinmay/ChinmayPersonalProjects/deslop/scripts/chunks/Chunk_2126_2150.txt",2140,"/home/chinmay/ChinmayPersonalProjects/gopdfsuit/internal/pdf/font/ttf.go",674,"binary_read_for_single_field",true_positive,"Snippet matches the rule pattern in this function"
"/home/chinmay/ChinmayPersonalProjects/deslop/scripts/chunks/Chunk_2126_2150.txt",2141,"/home/chinmay/ChinmayPersonalProjects/gopdfsuit/internal/pdf/font/ttf.go",699,"errors_new_for_static_sentinel",false_positive,"Rule pattern is not supported by the shown snippet"
"/home/chinmay/ChinmayPersonalProjects/deslop/scripts/chunks/Chunk_2126_2150.txt",2142,"/home/chinmay/ChinmayPersonalProjects/gopdfsuit/internal/pdf/font/ttf.go",713,"binary_read_for_single_field",true_positive,"Snippet matches the rule pattern in this function"
"/home/chinmay/ChinmayPersonalProjects/deslop/scripts/chunks/Chunk_2126_2150.txt",2143,"/home/chinmay/ChinmayPersonalProjects/gopdfsuit/internal/pdf/font/ttf.go",723,"binary_read_for_single_field",true_positive,"Snippet matches the rule pattern in this function"
"/home/chinmay/ChinmayPersonalProjects/deslop/scripts/chunks/Chunk_2126_2150.txt",2144,"/home/chinmay/ChinmayPersonalProjects/gopdfsuit/internal/pdf/font/ttf.go",756,"go_perf_layer_caching_unbounded_cache_map",false_positive,"Rule pattern is not supported by the shown snippet"
"/home/chinmay/ChinmayPersonalProjects/deslop/scripts/chunks/Chunk_2126_2150.txt",2145,"/home/chinmay/ChinmayPersonalProjects/gopdfsuit/internal/pdf/font/ttf.go",756,"go_perf_layer_collection_iteration_range_over_map_for_deterministic_first",false_positive,"Rule pattern is not supported by the shown snippet"
"/home/chinmay/ChinmayPersonalProjects/deslop/scripts/chunks/Chunk_2126_2150.txt",2146,"/home/chinmay/ChinmayPersonalProjects/gopdfsuit/internal/pdf/font/ttf.go",756,"go_perf_layer_data_structure_choice_map_string_bool_for_membership",false_positive,"Rule pattern is not supported by the shown snippet"
"/home/chinmay/ChinmayPersonalProjects/deslop/scripts/chunks/Chunk_2126_2150.txt",2147,"/home/chinmay/ChinmayPersonalProjects/gopdfsuit/internal/pdf/font/ttf.go",756,"go_perf_layer_database_access_rows_scan_into_map_per_row",false_positive,"Rule pattern is not supported by the shown snippet"
"/home/chinmay/ChinmayPersonalProjects/deslop/scripts/chunks/Chunk_2126_2150.txt",2148,"/home/chinmay/ChinmayPersonalProjects/gopdfsuit/internal/pdf/font/ttf.go",756,"go_perf_layer_memory_allocation_map_recreated_for_static_lookup",false_positive,"Rule pattern is not supported by the shown snippet"
"/home/chinmay/ChinmayPersonalProjects/deslop/scripts/chunks/Chunk_2126_2150.txt",2149,"/home/chinmay/ChinmayPersonalProjects/gopdfsuit/internal/pdf/font/ttf.go",759,"go_perf_layer_algorithmic_complexity_quadratic_append_filter_pipeline",false_positive,"Rule pattern is not supported by the shown snippet"
"/home/chinmay/ChinmayPersonalProjects/deslop/scripts/chunks/Chunk_2151_2175.txt",2150,"/home/chinmay/ChinmayPersonalProjects/gopdfsuit/internal/pdf/font/ttf.go",759,"go_perf_layer_algorithmic_complexity_repeated_nested_slice_scans",false_positive,"Rule pattern is not supported by the shown snippet"
"/home/chinmay/ChinmayPersonalProjects/deslop/scripts/chunks/Chunk_2151_2175.txt",2151,"/home/chinmay/ChinmayPersonalProjects/gopdfsuit/internal/pdf/font/ttf.go",759,"go_perf_layer_collection_iteration_copy_slice_before_readonly_range",false_positive,"Rule pattern is not supported by the shown snippet"
"/home/chinmay/ChinmayPersonalProjects/deslop/scripts/chunks/Chunk_2151_2175.txt",2152,"/home/chinmay/ChinmayPersonalProjects/gopdfsuit/internal/pdf/font/ttf.go",759,"go_perf_layer_network_calls_retry_loop_without_backoff",false_positive,"Rule pattern is not supported by the shown snippet"
"/home/chinmay/ChinmayPersonalProjects/deslop/scripts/chunks/Chunk_2151_2175.txt",2153,"/home/chinmay/ChinmayPersonalProjects/gopdfsuit/internal/pdf/font/ttf.go",761,"map_growth_without_size_hint",true_positive,"Snippet matches the rule pattern in this function"
"/home/chinmay/ChinmayPersonalProjects/deslop/scripts/chunks/Chunk_2151_2175.txt",2154,"/home/chinmay/ChinmayPersonalProjects/gopdfsuit/internal/pdf/font/ttf.go",785,"go_perf_layer_network_calls_retry_loop_without_backoff",false_positive,"Rule pattern is not supported by the shown snippet"
"/home/chinmay/ChinmayPersonalProjects/deslop/scripts/chunks/Chunk_2151_2175.txt",2155,"/home/chinmay/ChinmayPersonalProjects/gopdfsuit/internal/pdf/font/ttf.go",792,"go_perf_layer_io_operations_small_writes_without_bufio_writer",false_positive,"Rule pattern is not supported by the shown snippet"
"/home/chinmay/ChinmayPersonalProjects/deslop/scripts/chunks/Chunk_2151_2175.txt",2156,"/home/chinmay/ChinmayPersonalProjects/gopdfsuit/internal/pdf/font/ttf.go",807,"go_perf_layer_memory_allocation_temporary_byte_slice_for_string_write",false_positive,"Rule pattern is not supported by the shown snippet"
"/home/chinmay/ChinmayPersonalProjects/deslop/scripts/chunks/Chunk_2151_2175.txt",2157,"/home/chinmay/ChinmayPersonalProjects/gopdfsuit/internal/pdf/font/ttf.go",808,"go_perf_layer_network_calls_retry_loop_without_backoff",false_positive,"Rule pattern is not supported by the shown snippet"
"/home/chinmay/ChinmayPersonalProjects/deslop/scripts/chunks/Chunk_2151_2175.txt",2158,"/home/chinmay/ChinmayPersonalProjects/gopdfsuit/internal/pdf/font/ttf.go",825,"go_perf_layer_collection_iteration_copy_slice_before_readonly_range",false_positive,"Rule pattern is not supported by the shown snippet"
"/home/chinmay/ChinmayPersonalProjects/deslop/scripts/chunks/Chunk_2151_2175.txt",2159,"/home/chinmay/ChinmayPersonalProjects/gopdfsuit/internal/pdf/font/ttf.go",825,"go_perf_layer_memory_allocation_temporary_byte_slice_for_string_write",false_positive,"Rule pattern is not supported by the shown snippet"
"/home/chinmay/ChinmayPersonalProjects/deslop/scripts/chunks/Chunk_2151_2175.txt",2160,"/home/chinmay/ChinmayPersonalProjects/gopdfsuit/internal/pdf/font/ttf.go",825,"go_perf_layer_string_handling_byte_string_roundtrip_for_contains",false_positive,"Rule pattern is not supported by the shown snippet"
"/home/chinmay/ChinmayPersonalProjects/deslop/scripts/chunks/Chunk_2151_2175.txt",2161,"/home/chinmay/ChinmayPersonalProjects/gopdfsuit/internal/pdf/font/ttf.go",826,"go_perf_layer_network_calls_retry_loop_without_backoff",false_positive,"Rule pattern is not supported by the shown snippet"
"/home/chinmay/ChinmayPersonalProjects/deslop/scripts/chunks/Chunk_2151_2175.txt",2162,"/home/chinmay/ChinmayPersonalProjects/gopdfsuit/internal/pdf/font/ttf.go",831,"go_perf_layer_string_handling_string_lower_for_case_insensitive_compare",false_positive,"Rule pattern is not supported by the shown snippet"
"/home/chinmay/ChinmayPersonalProjects/deslop/scripts/chunks/Chunk_2151_2175.txt",2163,"/home/chinmay/ChinmayPersonalProjects/gopdfsuit/internal/pdf/form/xfdf.go",53,"go_perf_layer_memory_allocation_bytes_buffer_allocated_per_record",false_positive,"Rule pattern is not supported by the shown snippet"
"/home/chinmay/ChinmayPersonalProjects/deslop/scripts/chunks/Chunk_2151_2175.txt",2164,"/home/chinmay/ChinmayPersonalProjects/gopdfsuit/internal/pdf/form/xfdf.go",53,"go_perf_layer_memory_allocation_temporary_byte_slice_for_string_write",false_positive,"Rule pattern is not supported by the shown snippet"
"/home/chinmay/ChinmayPersonalProjects/deslop/scripts/chunks/Chunk_2151_2175.txt",2165,"/home/chinmay/ChinmayPersonalProjects/gopdfsuit/internal/pdf/form/xfdf.go",53,"go_perf_layer_string_handling_byte_string_roundtrip_for_contains",false_positive,"Rule pattern is not supported by the shown snippet"
"/home/chinmay/ChinmayPersonalProjects/deslop/scripts/chunks/Chunk_2151_2175.txt",2166,"/home/chinmay/ChinmayPersonalProjects/gopdfsuit/internal/pdf/form/xfdf.go",56,"go_perf_layer_caching_json_cache_value_stored_as_string",false_positive,"Rule pattern is not supported by the shown snippet"
"/home/chinmay/ChinmayPersonalProjects/deslop/scripts/chunks/Chunk_2151_2175.txt",2167,"/home/chinmay/ChinmayPersonalProjects/gopdfsuit/internal/pdf/form/xfdf.go",56,"go_perf_layer_caching_unbounded_cache_map",false_positive,"Rule pattern is not supported by the shown snippet"
"/home/chinmay/ChinmayPersonalProjects/deslop/scripts/chunks/Chunk_2151_2175.txt",2168,"/home/chinmay/ChinmayPersonalProjects/gopdfsuit/internal/pdf/form/xfdf.go",56,"go_perf_layer_collection_iteration_range_over_map_for_deterministic_first",false_positive,"Rule pattern is not supported by the shown snippet"
"/home/chinmay/ChinmayPersonalProjects/deslop/scripts/chunks/Chunk_2151_2175.txt",2169,"/home/chinmay/ChinmayPersonalProjects/gopdfsuit/internal/pdf/form/xfdf.go",56,"go_perf_layer_data_structure_choice_interface_map_for_typed_values",false_positive,"Rule pattern is not supported by the shown snippet"
"/home/chinmay/ChinmayPersonalProjects/deslop/scripts/chunks/Chunk_2151_2175.txt",2170,"/home/chinmay/ChinmayPersonalProjects/gopdfsuit/internal/pdf/form/xfdf.go",56,"go_perf_layer_data_structure_choice_map_string_bool_for_membership",false_positive,"Rule pattern is not supported by the shown snippet"
"/home/chinmay/ChinmayPersonalProjects/deslop/scripts/chunks/Chunk_2151_2175.txt",2171,"/home/chinmay/ChinmayPersonalProjects/gopdfsuit/internal/pdf/form/xfdf.go",56,"go_perf_layer_data_structure_choice_small_enum_string_switch_map",false_positive,"Rule pattern is not supported by the shown snippet"
"/home/chinmay/ChinmayPersonalProjects/deslop/scripts/chunks/Chunk_2151_2175.txt",2172,"/home/chinmay/ChinmayPersonalProjects/gopdfsuit/internal/pdf/form/xfdf.go",56,"go_perf_layer_database_access_rows_scan_into_map_per_row",false_positive,"Rule pattern is not supported by the shown snippet"
"/home/chinmay/ChinmayPersonalProjects/deslop/scripts/chunks/Chunk_2151_2175.txt",2173,"/home/chinmay/ChinmayPersonalProjects/gopdfsuit/internal/pdf/form/xfdf.go",56,"go_perf_layer_memory_allocation_map_recreated_for_static_lookup",false_positive,"Rule pattern is not supported by the shown snippet"
"/home/chinmay/ChinmayPersonalProjects/deslop/scripts/chunks/Chunk_2151_2175.txt",2174,"/home/chinmay/ChinmayPersonalProjects/gopdfsuit/internal/pdf/form/xfdf.go",57,"go_perf_layer_network_calls_retry_loop_without_backoff",false_positive,"Rule pattern is not supported by the shown snippet"
"/home/chinmay/ChinmayPersonalProjects/deslop/scripts/chunks/Chunk_2176_2200.txt",2175,"/home/chinmay/ChinmayPersonalProjects/gopdfsuit/internal/pdf/form/xfdf.go",60,"map_growth_without_size_hint",true_positive,"Snippet matches the rule pattern in this function"
"/home/chinmay/ChinmayPersonalProjects/deslop/scripts/chunks/Chunk_2176_2200.txt",2176,"/home/chinmay/ChinmayPersonalProjects/gopdfsuit/internal/pdf/form/xfdf.go",79,"go_perf_layer_string_handling_string_lower_for_case_insensitive_compare",false_positive,"Rule pattern is not supported by the shown snippet"
"/home/chinmay/ChinmayPersonalProjects/deslop/scripts/chunks/Chunk_2176_2200.txt",2177,"/home/chinmay/ChinmayPersonalProjects/gopdfsuit/internal/pdf/form/xfdf.go",81,"strings_replace_all_for_single_char",true_positive,"Snippet matches the rule pattern in this function"
"/home/chinmay/ChinmayPersonalProjects/deslop/scripts/chunks/Chunk_2176_2200.txt",2178,"/home/chinmay/ChinmayPersonalProjects/gopdfsuit/internal/pdf/form/xfdf.go",94,"go_perf_layer_collection_iteration_copy_slice_before_readonly_range",false_positive,"Rule pattern is not supported by the shown snippet"
"/home/chinmay/ChinmayPersonalProjects/deslop/scripts/chunks/Chunk_2176_2200.txt",2179,"/home/chinmay/ChinmayPersonalProjects/gopdfsuit/internal/pdf/form/xfdf.go",101,"go_perf_layer_resource_pooling_buffer_pool_without_max_capacity",false_positive,"Rule pattern is not supported by the shown snippet"
"/home/chinmay/ChinmayPersonalProjects/deslop/scripts/chunks/Chunk_2176_2200.txt",2180,"/home/chinmay/ChinmayPersonalProjects/gopdfsuit/internal/pdf/form/xfdf.go",110,"go_perf_layer_collection_iteration_copy_slice_before_readonly_range",false_positive,"Rule pattern is not supported by the shown snippet"
"/home/chinmay/ChinmayPersonalProjects/deslop/scripts/chunks/Chunk_2176_2200.txt",2181,"/home/chinmay/ChinmayPersonalProjects/gopdfsuit/internal/pdf/form/xfdf.go",114,"go_perf_layer_resource_pooling_buffer_pool_without_max_capacity",false_positive,"Rule pattern is not supported by the shown snippet"
"/home/chinmay/ChinmayPersonalProjects/deslop/scripts/chunks/Chunk_2176_2200.txt",2182,"/home/chinmay/ChinmayPersonalProjects/gopdfsuit/internal/pdf/form/xfdf.go",129,"go_perf_layer_caching_json_cache_value_stored_as_string",false_positive,"Rule pattern is not supported by the shown snippet"
"/home/chinmay/ChinmayPersonalProjects/deslop/scripts/chunks/Chunk_2176_2200.txt",2183,"/home/chinmay/ChinmayPersonalProjects/gopdfsuit/internal/pdf/form/xfdf.go",159,"go_perf_layer_caching_cache_key_built_with_fmt",false_positive,"Rule pattern is not supported by the shown snippet"
"/home/chinmay/ChinmayPersonalProjects/deslop/scripts/chunks/Chunk_2176_2200.txt",2184,"/home/chinmay/ChinmayPersonalProjects/gopdfsuit/internal/pdf/form/xfdf.go",159,"go_perf_layer_string_handling_string_lower_for_case_insensitive_compare",false_positive,"Rule pattern is not supported by the shown snippet"
"/home/chinmay/ChinmayPersonalProjects/deslop/scripts/chunks/Chunk_2176_2200.txt",2185,"/home/chinmay/ChinmayPersonalProjects/gopdfsuit/internal/pdf/form/xfdf.go",160,"go_perf_layer_caching_json_cache_value_stored_as_string",false_positive,"Rule pattern is not supported by the shown snippet"
"/home/chinmay/ChinmayPersonalProjects/deslop/scripts/chunks/Chunk_2176_2200.txt",2186,"/home/chinmay/ChinmayPersonalProjects/gopdfsuit/internal/pdf/form/xfdf.go",160,"go_perf_layer_caching_unbounded_cache_map",false_positive,"Rule pattern is not supported by the shown snippet"
"/home/chinmay/ChinmayPersonalProjects/deslop/scripts/chunks/Chunk_2176_2200.txt",2187,"/home/chinmay/ChinmayPersonalProjects/gopdfsuit/internal/pdf/form/xfdf.go",160,"go_perf_layer_database_access_query_inside_loop_without_batching",false_positive,"Rule pattern is not supported by the shown snippet"
"/home/chinmay/ChinmayPersonalProjects/deslop/scripts/chunks/Chunk_2176_2200.txt",2188,"/home/chinmay/ChinmayPersonalProjects/gopdfsuit/internal/pdf/form/xfdf.go",161,"go_perf_layer_async_concurrency_context_timeout_allocated_per_inner_call",false_positive,"Rule pattern is not supported by the shown snippet"
"/home/chinmay/ChinmayPersonalProjects/deslop/scripts/chunks/Chunk_2176_2200.txt",2189,"/home/chinmay/ChinmayPersonalProjects/gopdfsuit/internal/pdf/form/xfdf.go",161,"go_perf_layer_memory_allocation_temporary_byte_slice_for_string_write",false_positive,"Rule pattern is not supported by the shown snippet"
"/home/chinmay/ChinmayPersonalProjects/deslop/scripts/chunks/Chunk_2176_2200.txt",2190,"/home/chinmay/ChinmayPersonalProjects/gopdfsuit/internal/pdf/form/xfdf.go",166,"go_perf_layer_collection_iteration_copy_slice_before_readonly_range",false_positive,"Rule pattern is not supported by the shown snippet"
"/home/chinmay/ChinmayPersonalProjects/deslop/scripts/chunks/Chunk_2176_2200.txt",2191,"/home/chinmay/ChinmayPersonalProjects/gopdfsuit/internal/pdf/form/xfdf.go",167,"go_perf_layer_network_calls_retry_loop_without_backoff",false_positive,"Rule pattern is not supported by the shown snippet"
"/home/chinmay/ChinmayPersonalProjects/deslop/scripts/chunks/Chunk_2176_2200.txt",2192,"/home/chinmay/ChinmayPersonalProjects/gopdfsuit/internal/pdf/form/xfdf.go",181,"go_perf_layer_network_calls_retry_loop_without_backoff",false_positive,"Rule pattern is not supported by the shown snippet"
"/home/chinmay/ChinmayPersonalProjects/deslop/scripts/chunks/Chunk_2176_2200.txt",2193,"/home/chinmay/ChinmayPersonalProjects/gopdfsuit/internal/pdf/form/xfdf.go",199,"go_perf_layer_database_access_count_query_before_paged_fetch",false_positive,"Rule pattern is not supported by the shown snippet"
"/home/chinmay/ChinmayPersonalProjects/deslop/scripts/chunks/Chunk_2176_2200.txt",2194,"/home/chinmay/ChinmayPersonalProjects/gopdfsuit/internal/pdf/form/xfdf.go",199,"go_perf_layer_garbage_collection_cleanup_response_body_not_drained_for_reuse",false_positive,"Rule pattern is not supported by the shown snippet"
"/home/chinmay/ChinmayPersonalProjects/deslop/scripts/chunks/Chunk_2176_2200.txt",2195,"/home/chinmay/ChinmayPersonalProjects/gopdfsuit/internal/pdf/form/xfdf.go",227,"go_perf_layer_caching_json_cache_value_stored_as_string",false_positive,"Rule pattern is not supported by the shown snippet"
"/home/chinmay/ChinmayPersonalProjects/deslop/scripts/chunks/Chunk_2176_2200.txt",2196,"/home/chinmay/ChinmayPersonalProjects/gopdfsuit/internal/pdf/form/xfdf.go",227,"go_perf_layer_caching_unbounded_cache_map",false_positive,"Rule pattern is not supported by the shown snippet"
"/home/chinmay/ChinmayPersonalProjects/deslop/scripts/chunks/Chunk_2176_2200.txt",2197,"/home/chinmay/ChinmayPersonalProjects/gopdfsuit/internal/pdf/form/xfdf.go",227,"go_perf_layer_collection_iteration_range_over_map_for_deterministic_first",false_positive,"Rule pattern is not supported by the shown snippet"
"/home/chinmay/ChinmayPersonalProjects/deslop/scripts/chunks/Chunk_2176_2200.txt",2198,"/home/chinmay/ChinmayPersonalProjects/gopdfsuit/internal/pdf/form/xfdf.go",227,"go_perf_layer_data_structure_choice_interface_map_for_typed_values",false_positive,"Rule pattern is not supported by the shown snippet"
"/home/chinmay/ChinmayPersonalProjects/deslop/scripts/chunks/Chunk_2176_2200.txt",2199,"/home/chinmay/ChinmayPersonalProjects/gopdfsuit/internal/pdf/form/xfdf.go",227,"go_perf_layer_data_structure_choice_map_string_bool_for_membership",false_positive,"Rule pattern is not supported by the shown snippet"
"/home/chinmay/ChinmayPersonalProjects/deslop/scripts/chunks/Chunk_2201_2225.txt",2200,"/home/chinmay/ChinmayPersonalProjects/gopdfsuit/internal/pdf/form/xfdf.go",227,"go_perf_layer_data_structure_choice_small_enum_string_switch_map",false_positive,"Rule pattern is not supported by the shown snippet"
"/home/chinmay/ChinmayPersonalProjects/deslop/scripts/chunks/Chunk_2201_2225.txt",2201,"/home/chinmay/ChinmayPersonalProjects/gopdfsuit/internal/pdf/form/xfdf.go",227,"go_perf_layer_database_access_count_query_before_paged_fetch",false_positive,"Rule pattern is not supported by the shown snippet"
"/home/chinmay/ChinmayPersonalProjects/deslop/scripts/chunks/Chunk_2201_2225.txt",2202,"/home/chinmay/ChinmayPersonalProjects/gopdfsuit/internal/pdf/form/xfdf.go",227,"go_perf_layer_database_access_rows_scan_into_map_per_row",false_positive,"Rule pattern is not supported by the shown snippet"
"/home/chinmay/ChinmayPersonalProjects/deslop/scripts/chunks/Chunk_2201_2225.txt",2203,"/home/chinmay/ChinmayPersonalProjects/gopdfsuit/internal/pdf/form/xfdf.go",227,"go_perf_layer_garbage_collection_cleanup_response_body_not_drained_for_reuse",false_positive,"Rule pattern is not supported by the shown snippet"
"/home/chinmay/ChinmayPersonalProjects/deslop/scripts/chunks/Chunk_2201_2225.txt",2204,"/home/chinmay/ChinmayPersonalProjects/gopdfsuit/internal/pdf/form/xfdf.go",227,"go_perf_layer_memory_allocation_map_recreated_for_static_lookup",false_positive,"Rule pattern is not supported by the shown snippet"
"/home/chinmay/ChinmayPersonalProjects/deslop/scripts/chunks/Chunk_2201_2225.txt",2205,"/home/chinmay/ChinmayPersonalProjects/gopdfsuit/internal/pdf/form/xfdf.go",232,"go_perf_layer_string_handling_string_lower_for_case_insensitive_compare",false_positive,"Rule pattern is not supported by the shown snippet"
"/home/chinmay/ChinmayPersonalProjects/deslop/scripts/chunks/Chunk_2201_2225.txt",2206,"/home/chinmay/ChinmayPersonalProjects/gopdfsuit/internal/pdf/form/xfdf.go",232,"go_perf_layer_string_handling_strings_join_single_element_loop",false_positive,"Rule pattern is not supported by the shown snippet"
"/home/chinmay/ChinmayPersonalProjects/deslop/scripts/chunks/Chunk_2201_2225.txt",2207,"/home/chinmay/ChinmayPersonalProjects/gopdfsuit/internal/pdf/form/xfdf.go",235,"go_perf_layer_collection_iteration_manual_index_loop_without_bounds_need",false_positive,"Rule pattern is not supported by the shown snippet"
"/home/chinmay/ChinmayPersonalProjects/deslop/scripts/chunks/Chunk_2201_2225.txt",2208,"/home/chinmay/ChinmayPersonalProjects/gopdfsuit/internal/pdf/form/xfdf.go",235,"go_perf_layer_database_access_query_inside_loop_without_batching",false_positive,"Rule pattern is not supported by the shown snippet"
"/home/chinmay/ChinmayPersonalProjects/deslop/scripts/chunks/Chunk_2201_2225.txt",2209,"/home/chinmay/ChinmayPersonalProjects/gopdfsuit/internal/pdf/form/xfdf.go",246,"go_perf_layer_io_operations_scanner_used_for_large_token_stream",false_positive,"Rule pattern is not supported by the shown snippet"
"/home/chinmay/ChinmayPersonalProjects/deslop/scripts/chunks/Chunk_2201_2225.txt",2210,"/home/chinmay/ChinmayPersonalProjects/gopdfsuit/internal/pdf/form/xfdf.go",280,"go_perf_layer_network_calls_retry_loop_without_backoff",false_positive,"Rule pattern is not supported by the shown snippet"
"/home/chinmay/ChinmayPersonalProjects/deslop/scripts/chunks/Chunk_2201_2225.txt",2211,"/home/chinmay/ChinmayPersonalProjects/gopdfsuit/internal/pdf/form/xfdf.go",294,"go_perf_layer_caching_json_cache_value_stored_as_string",false_positive,"Rule pattern is not supported by the shown snippet"
"/home/chinmay/ChinmayPersonalProjects/deslop/scripts/chunks/Chunk_2201_2225.txt",2212,"/home/chinmay/ChinmayPersonalProjects/gopdfsuit/internal/pdf/form/xfdf.go",294,"go_perf_layer_data_structure_choice_map_string_bool_for_membership",false_positive,"Rule pattern is not supported by the shown snippet"
"/home/chinmay/ChinmayPersonalProjects/deslop/scripts/chunks/Chunk_2201_2225.txt",2213,"/home/chinmay/ChinmayPersonalProjects/gopdfsuit/internal/pdf/form/xfdf.go",294,"go_perf_layer_data_structure_choice_small_enum_string_switch_map",false_positive,"Rule pattern is not supported by the shown snippet"
"/home/chinmay/ChinmayPersonalProjects/deslop/scripts/chunks/Chunk_2201_2225.txt",2214,"/home/chinmay/ChinmayPersonalProjects/gopdfsuit/internal/pdf/form/xfdf.go",294,"go_perf_layer_memory_allocation_temporary_byte_slice_for_string_write",false_positive,"Rule pattern is not supported by the shown snippet"
"/home/chinmay/ChinmayPersonalProjects/deslop/scripts/chunks/Chunk_2201_2225.txt",2215,"/home/chinmay/ChinmayPersonalProjects/gopdfsuit/internal/pdf/form/xfdf.go",294,"go_perf_layer_string_handling_byte_string_roundtrip_for_contains",false_positive,"Rule pattern is not supported by the shown snippet"
"/home/chinmay/ChinmayPersonalProjects/deslop/scripts/chunks/Chunk_2201_2225.txt",2216,"/home/chinmay/ChinmayPersonalProjects/gopdfsuit/internal/pdf/form/xfdf.go",294,"go_perf_layer_string_handling_string_lower_for_case_insensitive_compare",false_positive,"Rule pattern is not supported by the shown snippet"
"/home/chinmay/ChinmayPersonalProjects/deslop/scripts/chunks/Chunk_2201_2225.txt",2217,"/home/chinmay/ChinmayPersonalProjects/gopdfsuit/internal/pdf/form/xfdf.go",299,"go_perf_layer_data_structure_choice_interface_map_for_typed_values",false_positive,"Rule pattern is not supported by the shown snippet"
"/home/chinmay/ChinmayPersonalProjects/deslop/scripts/chunks/Chunk_2201_2225.txt",2218,"/home/chinmay/ChinmayPersonalProjects/gopdfsuit/internal/pdf/form/xfdf.go",299,"go_perf_layer_io_operations_scanner_used_for_large_token_stream",false_positive,"Rule pattern is not supported by the shown snippet"
"/home/chinmay/ChinmayPersonalProjects/deslop/scripts/chunks/Chunk_2201_2225.txt",2219,"/home/chinmay/ChinmayPersonalProjects/gopdfsuit/internal/pdf/form/xfdf.go",306,"go_perf_layer_database_access_count_query_before_paged_fetch",false_positive,"Rule pattern is not supported by the shown snippet"
"/home/chinmay/ChinmayPersonalProjects/deslop/scripts/chunks/Chunk_2201_2225.txt",2220,"/home/chinmay/ChinmayPersonalProjects/gopdfsuit/internal/pdf/form/xfdf.go",308,"go_perf_layer_caching_unbounded_cache_map",false_positive,"Rule pattern is not supported by the shown snippet"
"/home/chinmay/ChinmayPersonalProjects/deslop/scripts/chunks/Chunk_2201_2225.txt",2221,"/home/chinmay/ChinmayPersonalProjects/gopdfsuit/internal/pdf/form/xfdf.go",308,"go_perf_layer_memory_allocation_map_recreated_for_static_lookup",false_positive,"Rule pattern is not supported by the shown snippet"
"/home/chinmay/ChinmayPersonalProjects/deslop/scripts/chunks/Chunk_2201_2225.txt",2222,"/home/chinmay/ChinmayPersonalProjects/gopdfsuit/internal/pdf/form/xfdf.go",312,"go_perf_layer_serialization_gzip_writer_created_per_small_payload",false_positive,"Rule pattern is not supported by the shown snippet"
"/home/chinmay/ChinmayPersonalProjects/deslop/scripts/chunks/Chunk_2201_2225.txt",2223,"/home/chinmay/ChinmayPersonalProjects/gopdfsuit/internal/pdf/form/xfdf.go",334,"go_perf_layer_garbage_collection_cleanup_response_body_not_drained_for_reuse",false_positive,"Rule pattern is not supported by the shown snippet"
"/home/chinmay/ChinmayPersonalProjects/deslop/scripts/chunks/Chunk_2201_2225.txt",2224,"/home/chinmay/ChinmayPersonalProjects/gopdfsuit/internal/pdf/form/xfdf.go",338,"overlong_name",false_positive,"Rule pattern is not supported by the shown snippet"
"/home/chinmay/ChinmayPersonalProjects/deslop/scripts/chunks/Chunk_2226_2250.txt",2225,"/home/chinmay/ChinmayPersonalProjects/gopdfsuit/internal/pdf/form/xfdf.go",339,"go_perf_layer_collection_iteration_copy_slice_before_readonly_range",false_positive,"Rule pattern is not supported by the shown snippet"
"/home/chinmay/ChinmayPersonalProjects/deslop/scripts/chunks/Chunk_2226_2250.txt",2226,"/home/chinmay/ChinmayPersonalProjects/gopdfsuit/internal/pdf/form/xfdf.go",339,"go_perf_layer_memory_allocation_temporary_byte_slice_for_string_write",false_positive,"Rule pattern is not supported by the shown snippet"
"/home/chinmay/ChinmayPersonalProjects/deslop/scripts/chunks/Chunk_2226_2250.txt",2227,"/home/chinmay/ChinmayPersonalProjects/gopdfsuit/internal/pdf/form/xfdf.go",339,"go_perf_layer_string_handling_byte_string_roundtrip_for_contains",false_positive,"Rule pattern is not supported by the shown snippet"
"/home/chinmay/ChinmayPersonalProjects/deslop/scripts/chunks/Chunk_2226_2250.txt",2228,"/home/chinmay/ChinmayPersonalProjects/gopdfsuit/internal/pdf/form/xfdf.go",340,"go_perf_layer_database_access_count_query_before_paged_fetch",false_positive,"Rule pattern is not supported by the shown snippet"
"/home/chinmay/ChinmayPersonalProjects/deslop/scripts/chunks/Chunk_2226_2250.txt",2229,"/home/chinmay/ChinmayPersonalProjects/gopdfsuit/internal/pdf/form/xfdf.go",340,"go_perf_layer_garbage_collection_cleanup_response_body_not_drained_for_reuse",false_positive,"Rule pattern is not supported by the shown snippet"
"/home/chinmay/ChinmayPersonalProjects/deslop/scripts/chunks/Chunk_2226_2250.txt",2230,"/home/chinmay/ChinmayPersonalProjects/gopdfsuit/internal/pdf/form/xfdf.go",340,"go_perf_layer_io_operations_scanner_used_for_large_token_stream",false_positive,"Rule pattern is not supported by the shown snippet"
"/home/chinmay/ChinmayPersonalProjects/deslop/scripts/chunks/Chunk_2226_2250.txt",2231,"/home/chinmay/ChinmayPersonalProjects/gopdfsuit/internal/pdf/form/xfdf.go",340,"go_perf_layer_network_calls_retry_loop_without_backoff",false_positive,"Rule pattern is not supported by the shown snippet"
"/home/chinmay/ChinmayPersonalProjects/deslop/scripts/chunks/Chunk_2226_2250.txt",2232,"/home/chinmay/ChinmayPersonalProjects/gopdfsuit/internal/pdf/form/xfdf.go",348,"regexp_compile_in_hot_path",true_positive,"Snippet matches the rule pattern in this function"
"/home/chinmay/ChinmayPersonalProjects/deslop/scripts/chunks/Chunk_2226_2250.txt",2233,"/home/chinmay/ChinmayPersonalProjects/gopdfsuit/internal/pdf/form/xfdf.go",349,"go_perf_layer_database_access_query_inside_loop_without_batching",false_positive,"Rule pattern is not supported by the shown snippet"
"/home/chinmay/ChinmayPersonalProjects/deslop/scripts/chunks/Chunk_2226_2250.txt",2234,"/home/chinmay/ChinmayPersonalProjects/gopdfsuit/internal/pdf/form/xfdf.go",360,"regexp_compile_in_hot_path",true_positive,"Snippet matches the rule pattern in this function"
"/home/chinmay/ChinmayPersonalProjects/deslop/scripts/chunks/Chunk_2226_2250.txt",2235,"/home/chinmay/ChinmayPersonalProjects/gopdfsuit/internal/pdf/form/xfdf.go",362,"regexp_compile_in_hot_path",true_positive,"Snippet matches the rule pattern in this function"
"/home/chinmay/ChinmayPersonalProjects/deslop/scripts/chunks/Chunk_2226_2250.txt",2236,"/home/chinmay/ChinmayPersonalProjects/gopdfsuit/internal/pdf/form/xfdf.go",364,"regexp_compile_in_hot_path",true_positive,"Snippet matches the rule pattern in this function"
"/home/chinmay/ChinmayPersonalProjects/deslop/scripts/chunks/Chunk_2226_2250.txt",2237,"/home/chinmay/ChinmayPersonalProjects/gopdfsuit/internal/pdf/form/xfdf.go",369,"regexp_compile_in_hot_path",true_positive,"Snippet matches the rule pattern in this function"
"/home/chinmay/ChinmayPersonalProjects/deslop/scripts/chunks/Chunk_2226_2250.txt",2238,"/home/chinmay/ChinmayPersonalProjects/gopdfsuit/internal/pdf/form/xfdf.go",383,"go_perf_layer_algorithmic_complexity_repeated_nested_slice_scans",false_positive,"Rule pattern is not supported by the shown snippet"
"/home/chinmay/ChinmayPersonalProjects/deslop/scripts/chunks/Chunk_2226_2250.txt",2239,"/home/chinmay/ChinmayPersonalProjects/gopdfsuit/internal/pdf/form/xfdf.go",383,"go_perf_layer_collection_iteration_copy_slice_before_readonly_range",false_positive,"Rule pattern is not supported by the shown snippet"
"/home/chinmay/ChinmayPersonalProjects/deslop/scripts/chunks/Chunk_2226_2250.txt",2240,"/home/chinmay/ChinmayPersonalProjects/gopdfsuit/internal/pdf/form/xfdf.go",383,"go_perf_layer_collection_iteration_manual_index_loop_without_bounds_need",false_positive,"Rule pattern is not supported by the shown snippet"
"/home/chinmay/ChinmayPersonalProjects/deslop/scripts/chunks/Chunk_2226_2250.txt",2241,"/home/chinmay/ChinmayPersonalProjects/gopdfsuit/internal/pdf/form/xfdf.go",383,"go_perf_layer_database_access_query_inside_loop_without_batching",false_positive,"Rule pattern is not supported by the shown snippet"
"/home/chinmay/ChinmayPersonalProjects/deslop/scripts/chunks/Chunk_2226_2250.txt",2242,"/home/chinmay/ChinmayPersonalProjects/gopdfsuit/internal/pdf/form/xfdf.go",383,"go_perf_layer_network_calls_retry_loop_without_backoff",false_positive,"Rule pattern is not supported by the shown snippet"
"/home/chinmay/ChinmayPersonalProjects/deslop/scripts/chunks/Chunk_2226_2250.txt",2243,"/home/chinmay/ChinmayPersonalProjects/gopdfsuit/internal/pdf/form/xfdf.go",384,"go_perf_layer_memory_allocation_temporary_byte_slice_for_string_write",false_positive,"Rule pattern is not supported by the shown snippet"
"/home/chinmay/ChinmayPersonalProjects/deslop/scripts/chunks/Chunk_2226_2250.txt",2244,"/home/chinmay/ChinmayPersonalProjects/gopdfsuit/internal/pdf/form/xfdf.go",394,"go_perf_layer_database_access_count_query_before_paged_fetch",false_positive,"Rule pattern is not supported by the shown snippet"
"/home/chinmay/ChinmayPersonalProjects/deslop/scripts/chunks/Chunk_2226_2250.txt",2245,"/home/chinmay/ChinmayPersonalProjects/gopdfsuit/internal/pdf/form/xfdf.go",394,"go_perf_layer_database_access_query_inside_loop_without_batching",false_positive,"Rule pattern is not supported by the shown snippet"
"/home/chinmay/ChinmayPersonalProjects/deslop/scripts/chunks/Chunk_2226_2250.txt",2246,"/home/chinmay/ChinmayPersonalProjects/gopdfsuit/internal/pdf/form/xfdf.go",394,"go_perf_layer_io_operations_scanner_used_for_large_token_stream",false_positive,"Rule pattern is not supported by the shown snippet"
"/home/chinmay/ChinmayPersonalProjects/deslop/scripts/chunks/Chunk_2226_2250.txt",2247,"/home/chinmay/ChinmayPersonalProjects/gopdfsuit/internal/pdf/form/xfdf.go",394,"go_perf_layer_string_handling_byte_string_roundtrip_for_contains",false_positive,"Rule pattern is not supported by the shown snippet"
"/home/chinmay/ChinmayPersonalProjects/deslop/scripts/chunks/Chunk_2226_2250.txt",2248,"/home/chinmay/ChinmayPersonalProjects/gopdfsuit/internal/pdf/form/xfdf.go",394,"go_perf_layer_string_handling_fmt_sprintf_for_simple_concat",true_positive,"Snippet matches the rule pattern in this function"
"/home/chinmay/ChinmayPersonalProjects/deslop/scripts/chunks/Chunk_2226_2250.txt",2249,"/home/chinmay/ChinmayPersonalProjects/gopdfsuit/internal/pdf/form/xfdf.go",394,"go_perf_layer_string_handling_string_lower_for_case_insensitive_compare",false_positive,"Rule pattern is not supported by the shown snippet"
"/home/chinmay/ChinmayPersonalProjects/deslop/scripts/chunks/Chunk_2251_2275.txt",2250,"/home/chinmay/ChinmayPersonalProjects/gopdfsuit/internal/pdf/form/xfdf.go",396,"go_perf_layer_algorithmic_complexity_repeated_nested_slice_scans",false_positive,"Rule pattern is not supported by the shown snippet"
"/home/chinmay/ChinmayPersonalProjects/deslop/scripts/chunks/Chunk_2251_2275.txt",2251,"/home/chinmay/ChinmayPersonalProjects/gopdfsuit/internal/pdf/form/xfdf.go",396,"go_perf_layer_collection_iteration_copy_slice_before_readonly_range",false_positive,"Rule pattern is not supported by the shown snippet"
"/home/chinmay/ChinmayPersonalProjects/deslop/scripts/chunks/Chunk_2251_2275.txt",2252,"/home/chinmay/ChinmayPersonalProjects/gopdfsuit/internal/pdf/form/xfdf.go",396,"go_perf_layer_collection_iteration_range_over_map_for_deterministic_first",false_positive,"Rule pattern is not supported by the shown snippet"
"/home/chinmay/ChinmayPersonalProjects/deslop/scripts/chunks/Chunk_2251_2275.txt",2253,"/home/chinmay/ChinmayPersonalProjects/gopdfsuit/internal/pdf/form/xfdf.go",396,"go_perf_layer_database_access_rows_scan_into_map_per_row",false_positive,"Rule pattern is not supported by the shown snippet"
"/home/chinmay/ChinmayPersonalProjects/deslop/scripts/chunks/Chunk_2251_2275.txt",2254,"/home/chinmay/ChinmayPersonalProjects/gopdfsuit/internal/pdf/form/xfdf.go",396,"go_perf_layer_network_calls_retry_loop_without_backoff",false_positive,"Rule pattern is not supported by the shown snippet"
"/home/chinmay/ChinmayPersonalProjects/deslop/scripts/chunks/Chunk_2251_2275.txt",2255,"/home/chinmay/ChinmayPersonalProjects/gopdfsuit/internal/pdf/form/xfdf.go",397,"go_perf_layer_garbage_collection_cleanup_response_body_not_drained_for_reuse",false_positive,"Rule pattern is not supported by the shown snippet"
"/home/chinmay/ChinmayPersonalProjects/deslop/scripts/chunks/Chunk_2251_2275.txt",2256,"/home/chinmay/ChinmayPersonalProjects/gopdfsuit/internal/pdf/form/xfdf.go",397,"go_perf_layer_serialization_gzip_writer_created_per_small_payload",false_positive,"Rule pattern is not supported by the shown snippet"
"/home/chinmay/ChinmayPersonalProjects/deslop/scripts/chunks/Chunk_2251_2275.txt",2257,"/home/chinmay/ChinmayPersonalProjects/gopdfsuit/internal/pdf/form/xfdf.go",398,"go_perf_layer_memory_allocation_temporary_byte_slice_for_string_write",false_positive,"Rule pattern is not supported by the shown snippet"
"/home/chinmay/ChinmayPersonalProjects/deslop/scripts/chunks/Chunk_2251_2275.txt",2258,"/home/chinmay/ChinmayPersonalProjects/gopdfsuit/internal/pdf/form/xfdf.go",402,"regexp_compile_in_hot_path",true_positive,"Snippet matches the rule pattern in this function"
"/home/chinmay/ChinmayPersonalProjects/deslop/scripts/chunks/Chunk_2251_2275.txt",2259,"/home/chinmay/ChinmayPersonalProjects/gopdfsuit/internal/pdf/form/xfdf.go",408,"go_perf_layer_error_handling_cost_error_string_built_before_error_needed",false_positive,"Rule pattern is not supported by the shown snippet"
"/home/chinmay/ChinmayPersonalProjects/deslop/scripts/chunks/Chunk_2251_2275.txt",2260,"/home/chinmay/ChinmayPersonalProjects/gopdfsuit/internal/pdf/form/xfdf.go",435,"go_perf_layer_data_structure_choice_interface_map_for_typed_values",false_positive,"Rule pattern is not supported by the shown snippet"
"/home/chinmay/ChinmayPersonalProjects/deslop/scripts/chunks/Chunk_2251_2275.txt",2261,"/home/chinmay/ChinmayPersonalProjects/gopdfsuit/internal/pdf/form/xfdf.go",435,"go_perf_layer_data_structure_choice_map_string_bool_for_membership",false_positive,"Rule pattern is not supported by the shown snippet"
"/home/chinmay/ChinmayPersonalProjects/deslop/scripts/chunks/Chunk_2251_2275.txt",2262,"/home/chinmay/ChinmayPersonalProjects/gopdfsuit/internal/pdf/form/xfdf.go",435,"go_perf_layer_data_structure_choice_small_enum_string_switch_map",false_positive,"Rule pattern is not supported by the shown snippet"
"/home/chinmay/ChinmayPersonalProjects/deslop/scripts/chunks/Chunk_2251_2275.txt",2263,"/home/chinmay/ChinmayPersonalProjects/gopdfsuit/internal/pdf/form/xfdf.go",441,"regexp_compile_in_hot_path",true_positive,"Snippet matches the rule pattern in this function"
"/home/chinmay/ChinmayPersonalProjects/deslop/scripts/chunks/Chunk_2251_2275.txt",2264,"/home/chinmay/ChinmayPersonalProjects/gopdfsuit/internal/pdf/form/xfdf.go",443,"go_perf_layer_caching_json_cache_value_stored_as_string",false_positive,"Rule pattern is not supported by the shown snippet"
"/home/chinmay/ChinmayPersonalProjects/deslop/scripts/chunks/Chunk_2251_2275.txt",2265,"/home/chinmay/ChinmayPersonalProjects/gopdfsuit/internal/pdf/form/xfdf.go",445,"go_perf_layer_caching_cache_key_built_with_fmt",true_positive,"Snippet matches the rule pattern in this function"
"/home/chinmay/ChinmayPersonalProjects/deslop/scripts/chunks/Chunk_2251_2275.txt",2266,"/home/chinmay/ChinmayPersonalProjects/gopdfsuit/internal/pdf/form/xfdf.go",446,"go_perf_layer_caching_unbounded_cache_map",false_positive,"Rule pattern is not supported by the shown snippet"
"/home/chinmay/ChinmayPersonalProjects/deslop/scripts/chunks/Chunk_2251_2275.txt",2267,"/home/chinmay/ChinmayPersonalProjects/gopdfsuit/internal/pdf/form/xfdf.go",446,"go_perf_layer_memory_allocation_map_recreated_for_static_lookup",false_positive,"Rule pattern is not supported by the shown snippet"
"/home/chinmay/ChinmayPersonalProjects/deslop/scripts/chunks/Chunk_2251_2275.txt",2268,"/home/chinmay/ChinmayPersonalProjects/gopdfsuit/internal/pdf/form/xfdf.go",455,"fmt_hot_path",false_positive,"Rule pattern is not supported by the shown snippet"
"/home/chinmay/ChinmayPersonalProjects/deslop/scripts/chunks/Chunk_2251_2275.txt",2269,"/home/chinmay/ChinmayPersonalProjects/gopdfsuit/internal/pdf/form/xfdf.go",470,"go_perf_layer_algorithmic_complexity_quadratic_append_filter_pipeline",false_positive,"Rule pattern is not supported by the shown snippet"
"/home/chinmay/ChinmayPersonalProjects/deslop/scripts/chunks/Chunk_2251_2275.txt",2270,"/home/chinmay/ChinmayPersonalProjects/gopdfsuit/internal/pdf/form/xfdf.go",470,"go_perf_layer_memory_allocation_bytes_buffer_allocated_per_record",false_positive,"Rule pattern is not supported by the shown snippet"
"/home/chinmay/ChinmayPersonalProjects/deslop/scripts/chunks/Chunk_2251_2275.txt",2271,"/home/chinmay/ChinmayPersonalProjects/gopdfsuit/internal/pdf/form/xfdf.go",470,"go_perf_layer_memory_allocation_temporary_byte_slice_for_string_write",false_positive,"Rule pattern is not supported by the shown snippet"
"/home/chinmay/ChinmayPersonalProjects/deslop/scripts/chunks/Chunk_2251_2275.txt",2272,"/home/chinmay/ChinmayPersonalProjects/gopdfsuit/internal/pdf/form/xfdf.go",470,"go_perf_layer_string_handling_byte_string_roundtrip_for_contains",false_positive,"Rule pattern is not supported by the shown snippet"
"/home/chinmay/ChinmayPersonalProjects/deslop/scripts/chunks/Chunk_2251_2275.txt",2273,"/home/chinmay/ChinmayPersonalProjects/gopdfsuit/internal/pdf/form/xfdf.go",470,"go_perf_layer_string_handling_string_lower_for_case_insensitive_compare",false_positive,"Rule pattern is not supported by the shown snippet"
"/home/chinmay/ChinmayPersonalProjects/deslop/scripts/chunks/Chunk_2251_2275.txt",2274,"/home/chinmay/ChinmayPersonalProjects/gopdfsuit/internal/pdf/form/xfdf.go",471,"go_perf_layer_async_concurrency_context_timeout_allocated_per_inner_call",false_positive,"Rule pattern is not supported by the shown snippet"
"/home/chinmay/ChinmayPersonalProjects/deslop/scripts/chunks/Chunk_2276_2300.txt",2275,"/home/chinmay/ChinmayPersonalProjects/gopdfsuit/internal/pdf/form/xfdf.go",471,"go_perf_layer_error_handling_cost_error_string_built_before_error_needed",false_positive,"Rule pattern is not supported by the shown snippet"
"/home/chinmay/ChinmayPersonalProjects/deslop/scripts/chunks/Chunk_2276_2300.txt",2276,"/home/chinmay/ChinmayPersonalProjects/gopdfsuit/internal/pdf/form/xfdf.go",471,"go_perf_layer_memory_allocation_map_recreated_for_static_lookup",false_positive,"Rule pattern is not supported by the shown snippet"
"/home/chinmay/ChinmayPersonalProjects/deslop/scripts/chunks/Chunk_2276_2300.txt",2277,"/home/chinmay/ChinmayPersonalProjects/gopdfsuit/internal/pdf/form/xfdf.go",474,"go_perf_layer_algorithmic_complexity_repeated_nested_slice_scans",false_positive,"Rule pattern is not supported by the shown snippet"
"/home/chinmay/ChinmayPersonalProjects/deslop/scripts/chunks/Chunk_2276_2300.txt",2278,"/home/chinmay/ChinmayPersonalProjects/gopdfsuit/internal/pdf/form/xfdf.go",474,"go_perf_layer_collection_iteration_copy_slice_before_readonly_range",false_positive,"Rule pattern is not supported by the shown snippet"
"/home/chinmay/ChinmayPersonalProjects/deslop/scripts/chunks/Chunk_2276_2300.txt",2279,"/home/chinmay/ChinmayPersonalProjects/gopdfsuit/internal/pdf/form/xfdf.go",474,"go_perf_layer_collection_iteration_range_over_map_for_deterministic_first",false_positive,"Rule pattern is not supported by the shown snippet"
"/home/chinmay/ChinmayPersonalProjects/deslop/scripts/chunks/Chunk_2276_2300.txt",2280,"/home/chinmay/ChinmayPersonalProjects/gopdfsuit/internal/pdf/form/xfdf.go",474,"go_perf_layer_database_access_rows_scan_into_map_per_row",false_positive,"Rule pattern is not supported by the shown snippet"
"/home/chinmay/ChinmayPersonalProjects/deslop/scripts/chunks/Chunk_2276_2300.txt",2281,"/home/chinmay/ChinmayPersonalProjects/gopdfsuit/internal/pdf/form/xfdf.go",474,"go_perf_layer_io_operations_scanner_used_for_large_token_stream",false_positive,"Rule pattern is not supported by the shown snippet"
"/home/chinmay/ChinmayPersonalProjects/deslop/scripts/chunks/Chunk_2276_2300.txt",2282,"/home/chinmay/ChinmayPersonalProjects/gopdfsuit/internal/pdf/form/xfdf.go",474,"go_perf_layer_network_calls_retry_loop_without_backoff",false_positive,"Rule pattern is not supported by the shown snippet"
"/home/chinmay/ChinmayPersonalProjects/deslop/scripts/chunks/Chunk_2276_2300.txt",2283,"/home/chinmay/ChinmayPersonalProjects/gopdfsuit/internal/pdf/form/xfdf.go",480,"go_perf_layer_caching_cache_key_built_with_fmt",true_positive,"Snippet matches the rule pattern in this function"
"/home/chinmay/ChinmayPersonalProjects/deslop/scripts/chunks/Chunk_2276_2300.txt",2284,"/home/chinmay/ChinmayPersonalProjects/gopdfsuit/internal/pdf/form/xfdf.go",480,"go_perf_layer_caching_json_cache_value_stored_as_string",false_positive,"Rule pattern is not supported by the shown snippet"
"/home/chinmay/ChinmayPersonalProjects/deslop/scripts/chunks/Chunk_2276_2300.txt",2285,"/home/chinmay/ChinmayPersonalProjects/gopdfsuit/internal/pdf/form/xfdf.go",480,"go_perf_layer_caching_unbounded_cache_map",false_positive,"Rule pattern is not supported by the shown snippet"
"/home/chinmay/ChinmayPersonalProjects/deslop/scripts/chunks/Chunk_2276_2300.txt",2286,"/home/chinmay/ChinmayPersonalProjects/gopdfsuit/internal/pdf/form/xfdf.go",480,"go_perf_layer_data_structure_choice_interface_map_for_typed_values",false_positive,"Rule pattern is not supported by the shown snippet"
"/home/chinmay/ChinmayPersonalProjects/deslop/scripts/chunks/Chunk_2276_2300.txt",2287,"/home/chinmay/ChinmayPersonalProjects/gopdfsuit/internal/pdf/form/xfdf.go",480,"go_perf_layer_data_structure_choice_map_string_bool_for_membership",false_positive,"Rule pattern is not supported by the shown snippet"
"/home/chinmay/ChinmayPersonalProjects/deslop/scripts/chunks/Chunk_2276_2300.txt",2288,"/home/chinmay/ChinmayPersonalProjects/gopdfsuit/internal/pdf/form/xfdf.go",480,"go_perf_layer_data_structure_choice_small_enum_string_switch_map",false_positive,"Rule pattern is not supported by the shown snippet"
"/home/chinmay/ChinmayPersonalProjects/deslop/scripts/chunks/Chunk_2276_2300.txt",2289,"/home/chinmay/ChinmayPersonalProjects/gopdfsuit/internal/pdf/form/xfdf.go",481,"go_perf_layer_string_handling_fmt_sprintf_for_simple_concat",true_positive,"Snippet matches the rule pattern in this function"
"/home/chinmay/ChinmayPersonalProjects/deslop/scripts/chunks/Chunk_2276_2300.txt",2290,"/home/chinmay/ChinmayPersonalProjects/gopdfsuit/internal/pdf/form/xfdf.go",481,"go_perf_layer_string_handling_strings_join_single_element_loop",false_positive,"Rule pattern is not supported by the shown snippet"
"/home/chinmay/ChinmayPersonalProjects/deslop/scripts/chunks/Chunk_2276_2300.txt",2291,"/home/chinmay/ChinmayPersonalProjects/gopdfsuit/internal/pdf/form/xfdf.go",482,"go_perf_layer_database_access_count_query_before_paged_fetch",false_positive,"Rule pattern is not supported by the shown snippet"
"/home/chinmay/ChinmayPersonalProjects/deslop/scripts/chunks/Chunk_2276_2300.txt",2292,"/home/chinmay/ChinmayPersonalProjects/gopdfsuit/internal/pdf/form/xfdf.go",482,"go_perf_layer_database_access_query_inside_loop_without_batching",false_positive,"Rule pattern is not supported by the shown snippet"
"/home/chinmay/ChinmayPersonalProjects/deslop/scripts/chunks/Chunk_2276_2300.txt",2293,"/home/chinmay/ChinmayPersonalProjects/gopdfsuit/internal/pdf/form/xfdf.go",492,"go_perf_layer_garbage_collection_cleanup_response_body_not_drained_for_reuse",false_positive,"Rule pattern is not supported by the shown snippet"
"/home/chinmay/ChinmayPersonalProjects/deslop/scripts/chunks/Chunk_2276_2300.txt",2294,"/home/chinmay/ChinmayPersonalProjects/gopdfsuit/internal/pdf/form/xfdf.go",492,"go_perf_layer_serialization_gzip_writer_created_per_small_payload",false_positive,"Rule pattern is not supported by the shown snippet"
"/home/chinmay/ChinmayPersonalProjects/deslop/scripts/chunks/Chunk_2276_2300.txt",2295,"/home/chinmay/ChinmayPersonalProjects/gopdfsuit/internal/pdf/form/xfdf.go",497,"regexp_compile_in_hot_path",true_positive,"Snippet matches the rule pattern in this function"
"/home/chinmay/ChinmayPersonalProjects/deslop/scripts/chunks/Chunk_2276_2300.txt",2296,"/home/chinmay/ChinmayPersonalProjects/gopdfsuit/internal/pdf/form/xfdf.go",509,"regexp_compile_in_hot_path",true_positive,"Snippet matches the rule pattern in this function"
"/home/chinmay/ChinmayPersonalProjects/deslop/scripts/chunks/Chunk_2276_2300.txt",2297,"/home/chinmay/ChinmayPersonalProjects/gopdfsuit/internal/pdf/form/xfdf.go",526,"slice_append_without_prealloc_known_bound",true_positive,"Snippet matches the rule pattern in this function"
"/home/chinmay/ChinmayPersonalProjects/deslop/scripts/chunks/Chunk_2276_2300.txt",2298,"/home/chinmay/ChinmayPersonalProjects/gopdfsuit/internal/pdf/form/xfdf.go",526,"slice_grow_without_cap_hint",true_positive,"Snippet matches the rule pattern in this function"
"/home/chinmay/ChinmayPersonalProjects/deslop/scripts/chunks/Chunk_2276_2300.txt",2299,"/home/chinmay/ChinmayPersonalProjects/gopdfsuit/internal/pdf/form/xfdf.go",546,"fmt_hot_path",false_positive,"Rule pattern is not supported by the shown snippet"
"/home/chinmay/ChinmayPersonalProjects/deslop/scripts/chunks/Chunk_2301_2325.txt",2300,"/home/chinmay/ChinmayPersonalProjects/gopdfsuit/internal/pdf/form/xfdf.go",547,"map_growth_without_size_hint",true_positive,"Snippet matches the rule pattern in this function"
"/home/chinmay/ChinmayPersonalProjects/deslop/scripts/chunks/Chunk_2301_2325.txt",2301,"/home/chinmay/ChinmayPersonalProjects/gopdfsuit/internal/pdf/form/xfdf.go",601,"go_perf_layer_string_handling_byte_string_roundtrip_for_contains",false_positive,"Rule pattern is not supported by the shown snippet"
"/home/chinmay/ChinmayPersonalProjects/deslop/scripts/chunks/Chunk_2301_2325.txt",2302,"/home/chinmay/ChinmayPersonalProjects/gopdfsuit/internal/pdf/form/xfdf.go",601,"go_perf_layer_string_handling_string_lower_for_case_insensitive_compare",false_positive,"Rule pattern is not supported by the shown snippet"
"/home/chinmay/ChinmayPersonalProjects/deslop/scripts/chunks/Chunk_2301_2325.txt",2303,"/home/chinmay/ChinmayPersonalProjects/gopdfsuit/internal/pdf/form/xfdf.go",602,"go_perf_layer_collection_iteration_manual_index_loop_without_bounds_need",false_positive,"Rule pattern is not supported by the shown snippet"
"/home/chinmay/ChinmayPersonalProjects/deslop/scripts/chunks/Chunk_2301_2325.txt",2304,"/home/chinmay/ChinmayPersonalProjects/gopdfsuit/internal/pdf/form/xfdf.go",602,"go_perf_layer_database_access_query_inside_loop_without_batching",false_positive,"Rule pattern is not supported by the shown snippet"
"/home/chinmay/ChinmayPersonalProjects/deslop/scripts/chunks/Chunk_2301_2325.txt",2305,"/home/chinmay/ChinmayPersonalProjects/gopdfsuit/internal/pdf/form/xfdf.go",602,"go_perf_layer_memory_allocation_bytes_buffer_allocated_per_record",false_positive,"Rule pattern is not supported by the shown snippet"
"/home/chinmay/ChinmayPersonalProjects/deslop/scripts/chunks/Chunk_2301_2325.txt",2306,"/home/chinmay/ChinmayPersonalProjects/gopdfsuit/internal/pdf/form/xfdf.go",602,"go_perf_layer_memory_allocation_temporary_byte_slice_for_string_write",false_positive,"Rule pattern is not supported by the shown snippet"
"/home/chinmay/ChinmayPersonalProjects/deslop/scripts/chunks/Chunk_2301_2325.txt",2307,"/home/chinmay/ChinmayPersonalProjects/gopdfsuit/internal/pdf/form/xfdf.go",604,"go_perf_layer_caching_json_cache_value_stored_as_string",false_positive,"Rule pattern is not supported by the shown snippet"
"/home/chinmay/ChinmayPersonalProjects/deslop/scripts/chunks/Chunk_2301_2325.txt",2308,"/home/chinmay/ChinmayPersonalProjects/gopdfsuit/internal/pdf/form/xfdf.go",604,"go_perf_layer_caching_unbounded_cache_map",false_positive,"Rule pattern is not supported by the shown snippet"
"/home/chinmay/ChinmayPersonalProjects/deslop/scripts/chunks/Chunk_2301_2325.txt",2309,"/home/chinmay/ChinmayPersonalProjects/gopdfsuit/internal/pdf/form/xfdf.go",604,"go_perf_layer_collection_iteration_range_over_map_for_deterministic_first",false_positive,"Rule pattern is not supported by the shown snippet"
"/home/chinmay/ChinmayPersonalProjects/deslop/scripts/chunks/Chunk_2301_2325.txt",2310,"/home/chinmay/ChinmayPersonalProjects/gopdfsuit/internal/pdf/form/xfdf.go",604,"go_perf_layer_data_structure_choice_interface_map_for_typed_values",false_positive,"Rule pattern is not supported by the shown snippet"
"/home/chinmay/ChinmayPersonalProjects/deslop/scripts/chunks/Chunk_2301_2325.txt",2311,"/home/chinmay/ChinmayPersonalProjects/gopdfsuit/internal/pdf/form/xfdf.go",604,"go_perf_layer_data_structure_choice_map_string_bool_for_membership",false_positive,"Rule pattern is not supported by the shown snippet"
"/home/chinmay/ChinmayPersonalProjects/deslop/scripts/chunks/Chunk_2301_2325.txt",2312,"/home/chinmay/ChinmayPersonalProjects/gopdfsuit/internal/pdf/form/xfdf.go",604,"go_perf_layer_data_structure_choice_small_enum_string_switch_map",false_positive,"Rule pattern is not supported by the shown snippet"
"/home/chinmay/ChinmayPersonalProjects/deslop/scripts/chunks/Chunk_2301_2325.txt",2313,"/home/chinmay/ChinmayPersonalProjects/gopdfsuit/internal/pdf/form/xfdf.go",604,"go_perf_layer_database_access_rows_scan_into_map_per_row",false_positive,"Rule pattern is not supported by the shown snippet"
"/home/chinmay/ChinmayPersonalProjects/deslop/scripts/chunks/Chunk_2301_2325.txt",2314,"/home/chinmay/ChinmayPersonalProjects/gopdfsuit/internal/pdf/form/xfdf.go",604,"go_perf_layer_memory_allocation_map_recreated_for_static_lookup",false_positive,"Rule pattern is not supported by the shown snippet"
"/home/chinmay/ChinmayPersonalProjects/deslop/scripts/chunks/Chunk_2301_2325.txt",2315,"/home/chinmay/ChinmayPersonalProjects/gopdfsuit/internal/pdf/form/xfdf.go",607,"go_perf_layer_io_operations_scanner_used_for_large_token_stream",false_positive,"Rule pattern is not supported by the shown snippet"
"/home/chinmay/ChinmayPersonalProjects/deslop/scripts/chunks/Chunk_2301_2325.txt",2316,"/home/chinmay/ChinmayPersonalProjects/gopdfsuit/internal/pdf/form/xfdf.go",607,"go_perf_layer_network_calls_retry_loop_without_backoff",false_positive,"Rule pattern is not supported by the shown snippet"
"/home/chinmay/ChinmayPersonalProjects/deslop/scripts/chunks/Chunk_2301_2325.txt",2317,"/home/chinmay/ChinmayPersonalProjects/gopdfsuit/internal/pdf/form/xfdf.go",624,"map_growth_without_size_hint",true_positive,"Snippet matches the rule pattern in this function"
"/home/chinmay/ChinmayPersonalProjects/deslop/scripts/chunks/Chunk_2301_2325.txt",2318,"/home/chinmay/ChinmayPersonalProjects/gopdfsuit/internal/pdf/form/xfdf.go",640,"go_perf_layer_io_operations_scanner_used_for_large_token_stream",false_positive,"Rule pattern is not supported by the shown snippet"
"/home/chinmay/ChinmayPersonalProjects/deslop/scripts/chunks/Chunk_2301_2325.txt",2319,"/home/chinmay/ChinmayPersonalProjects/gopdfsuit/internal/pdf/form/xfdf.go",641,"go_perf_layer_database_access_count_query_before_paged_fetch",false_positive,"Rule pattern is not supported by the shown snippet"
"/home/chinmay/ChinmayPersonalProjects/deslop/scripts/chunks/Chunk_2301_2325.txt",2320,"/home/chinmay/ChinmayPersonalProjects/gopdfsuit/internal/pdf/form/xfdf.go",641,"go_perf_layer_garbage_collection_cleanup_response_body_not_drained_for_reuse",false_positive,"Rule pattern is not supported by the shown snippet"
"/home/chinmay/ChinmayPersonalProjects/deslop/scripts/chunks/Chunk_2301_2325.txt",2321,"/home/chinmay/ChinmayPersonalProjects/gopdfsuit/internal/pdf/form/xfdf.go",641,"go_perf_layer_serialization_gzip_writer_created_per_small_payload",false_positive,"Rule pattern is not supported by the shown snippet"
"/home/chinmay/ChinmayPersonalProjects/deslop/scripts/chunks/Chunk_2301_2325.txt",2322,"/home/chinmay/ChinmayPersonalProjects/gopdfsuit/internal/pdf/form/xfdf.go",643,"go_perf_layer_algorithmic_complexity_repeated_nested_slice_scans",false_positive,"Rule pattern is not supported by the shown snippet"
"/home/chinmay/ChinmayPersonalProjects/deslop/scripts/chunks/Chunk_2301_2325.txt",2323,"/home/chinmay/ChinmayPersonalProjects/gopdfsuit/internal/pdf/form/xfdf.go",643,"go_perf_layer_collection_iteration_copy_slice_before_readonly_range",false_positive,"Rule pattern is not supported by the shown snippet"
"/home/chinmay/ChinmayPersonalProjects/deslop/scripts/chunks/Chunk_2301_2325.txt",2324,"/home/chinmay/ChinmayPersonalProjects/gopdfsuit/internal/pdf/form/xfdf.go",643,"go_perf_layer_collection_iteration_manual_index_loop_without_bounds_need",false_positive,"Rule pattern is not supported by the shown snippet"
"/home/chinmay/ChinmayPersonalProjects/deslop/scripts/chunks/Chunk_2326_2350.txt",2325,"/home/chinmay/ChinmayPersonalProjects/gopdfsuit/internal/pdf/form/xfdf.go",643,"go_perf_layer_network_calls_retry_loop_without_backoff",false_positive,"Rule pattern is not supported by the shown snippet"
"/home/chinmay/ChinmayPersonalProjects/deslop/scripts/chunks/Chunk_2326_2350.txt",2326,"/home/chinmay/ChinmayPersonalProjects/gopdfsuit/internal/pdf/form/xfdf.go",645,"go_perf_layer_database_access_query_inside_loop_without_batching",false_positive,"Rule pattern is not supported by the shown snippet"
"/home/chinmay/ChinmayPersonalProjects/deslop/scripts/chunks/Chunk_2326_2350.txt",2327,"/home/chinmay/ChinmayPersonalProjects/gopdfsuit/internal/pdf/form/xfdf.go",645,"go_perf_layer_database_access_select_star_on_hot_query",false_positive,"Rule pattern is not supported by the shown snippet"
"/home/chinmay/ChinmayPersonalProjects/deslop/scripts/chunks/Chunk_2326_2350.txt",2328,"/home/chinmay/ChinmayPersonalProjects/gopdfsuit/internal/pdf/form/xfdf.go",651,"go_perf_layer_memory_allocation_bytes_buffer_allocated_per_record",false_positive,"Rule pattern is not supported by the shown snippet"
"/home/chinmay/ChinmayPersonalProjects/deslop/scripts/chunks/Chunk_2326_2350.txt",2329,"/home/chinmay/ChinmayPersonalProjects/gopdfsuit/internal/pdf/form/xfdf.go",651,"go_perf_layer_memory_allocation_temporary_byte_slice_for_string_write",false_positive,"Rule pattern is not supported by the shown snippet"
"/home/chinmay/ChinmayPersonalProjects/deslop/scripts/chunks/Chunk_2326_2350.txt",2330,"/home/chinmay/ChinmayPersonalProjects/gopdfsuit/internal/pdf/form/xfdf.go",659,"builder_or_buffer_recreated_per_iteration",false_positive,"Rule pattern is not supported by the shown snippet"
"/home/chinmay/ChinmayPersonalProjects/deslop/scripts/chunks/Chunk_2326_2350.txt",2331,"/home/chinmay/ChinmayPersonalProjects/gopdfsuit/internal/pdf/form/xfdf.go",659,"bytes_buffer_without_grow_known_bound",false_positive,"Rule pattern is not supported by the shown snippet"
"/home/chinmay/ChinmayPersonalProjects/deslop/scripts/chunks/Chunk_2326_2350.txt",2332,"/home/chinmay/ChinmayPersonalProjects/gopdfsuit/internal/pdf/form/xfdf.go",659,"go_perf_layer_resource_pooling_buffer_pool_without_max_capacity",false_positive,"Rule pattern is not supported by the shown snippet"
"/home/chinmay/ChinmayPersonalProjects/deslop/scripts/chunks/Chunk_2326_2350.txt",2333,"/home/chinmay/ChinmayPersonalProjects/gopdfsuit/internal/pdf/form/xfdf.go",660,"go_perf_layer_io_operations_small_writes_without_bufio_writer",true_positive,"Snippet matches the rule pattern in this function"
"/home/chinmay/ChinmayPersonalProjects/deslop/scripts/chunks/Chunk_2326_2350.txt",2334,"/home/chinmay/ChinmayPersonalProjects/gopdfsuit/internal/pdf/form/xfdf.go",678,"go_perf_layer_memory_allocation_temporary_byte_slice_for_string_write",false_positive,"Rule pattern is not supported by the shown snippet"
"/home/chinmay/ChinmayPersonalProjects/deslop/scripts/chunks/Chunk_2326_2350.txt",2335,"/home/chinmay/ChinmayPersonalProjects/gopdfsuit/internal/pdf/form/xfdf.go",678,"go_perf_layer_string_handling_byte_string_roundtrip_for_contains",false_positive,"Rule pattern is not supported by the shown snippet"
"/home/chinmay/ChinmayPersonalProjects/deslop/scripts/chunks/Chunk_2326_2350.txt",2336,"/home/chinmay/ChinmayPersonalProjects/gopdfsuit/internal/pdf/form/xfdf.go",683,"go_perf_layer_collection_iteration_copy_slice_before_readonly_range",false_positive,"Rule pattern is not supported by the shown snippet"
"/home/chinmay/ChinmayPersonalProjects/deslop/scripts/chunks/Chunk_2326_2350.txt",2337,"/home/chinmay/ChinmayPersonalProjects/gopdfsuit/internal/pdf/form/xfdf.go",684,"go_perf_layer_network_calls_retry_loop_without_backoff",false_positive,"Rule pattern is not supported by the shown snippet"
"/home/chinmay/ChinmayPersonalProjects/deslop/scripts/chunks/Chunk_2326_2350.txt",2338,"/home/chinmay/ChinmayPersonalProjects/gopdfsuit/internal/pdf/form/xfdf.go",685,"go_perf_layer_memory_allocation_append_without_known_capacity",true_positive,"Snippet matches the rule pattern in this function"
"/home/chinmay/ChinmayPersonalProjects/deslop/scripts/chunks/Chunk_2326_2350.txt",2339,"/home/chinmay/ChinmayPersonalProjects/gopdfsuit/internal/pdf/form/xfdf.go",685,"slice_append_without_prealloc_known_bound",true_positive,"Snippet matches the rule pattern in this function"
"/home/chinmay/ChinmayPersonalProjects/deslop/scripts/chunks/Chunk_2326_2350.txt",2340,"/home/chinmay/ChinmayPersonalProjects/gopdfsuit/internal/pdf/form/xfdf.go",685,"slice_grow_without_cap_hint",true_positive,"Snippet matches the rule pattern in this function"
"/home/chinmay/ChinmayPersonalProjects/deslop/scripts/chunks/Chunk_2326_2350.txt",2341,"/home/chinmay/ChinmayPersonalProjects/gopdfsuit/internal/pdf/form/xfdf.go",693,"go_perf_layer_memory_allocation_bytes_buffer_allocated_per_record",false_positive,"Rule pattern is not supported by the shown snippet"
"/home/chinmay/ChinmayPersonalProjects/deslop/scripts/chunks/Chunk_2326_2350.txt",2342,"/home/chinmay/ChinmayPersonalProjects/gopdfsuit/internal/pdf/form/xfdf.go",693,"go_perf_layer_memory_allocation_temporary_byte_slice_for_string_write",false_positive,"Rule pattern is not supported by the shown snippet"
"/home/chinmay/ChinmayPersonalProjects/deslop/scripts/chunks/Chunk_2326_2350.txt",2343,"/home/chinmay/ChinmayPersonalProjects/gopdfsuit/internal/pdf/form/xfdf.go",693,"go_perf_layer_string_handling_byte_string_roundtrip_for_contains",false_positive,"Rule pattern is not supported by the shown snippet"
"/home/chinmay/ChinmayPersonalProjects/deslop/scripts/chunks/Chunk_2326_2350.txt",2344,"/home/chinmay/ChinmayPersonalProjects/gopdfsuit/internal/pdf/form/xfdf.go",693,"go_perf_layer_string_handling_string_lower_for_case_insensitive_compare",false_positive,"Rule pattern is not supported by the shown snippet"
"/home/chinmay/ChinmayPersonalProjects/deslop/scripts/chunks/Chunk_2326_2350.txt",2345,"/home/chinmay/ChinmayPersonalProjects/gopdfsuit/internal/pdf/form/xfdf.go",694,"go_perf_layer_error_handling_cost_error_string_built_before_error_needed",false_positive,"Rule pattern is not supported by the shown snippet"
"/home/chinmay/ChinmayPersonalProjects/deslop/scripts/chunks/Chunk_2326_2350.txt",2346,"/home/chinmay/ChinmayPersonalProjects/gopdfsuit/internal/pdf/form/xfdf.go",694,"go_perf_layer_memory_allocation_map_recreated_for_static_lookup",false_positive,"Rule pattern is not supported by the shown snippet"
"/home/chinmay/ChinmayPersonalProjects/deslop/scripts/chunks/Chunk_2326_2350.txt",2347,"/home/chinmay/ChinmayPersonalProjects/gopdfsuit/internal/pdf/form/xfdf.go",707,"go_perf_layer_caching_json_cache_value_stored_as_string",false_positive,"Rule pattern is not supported by the shown snippet"
"/home/chinmay/ChinmayPersonalProjects/deslop/scripts/chunks/Chunk_2326_2350.txt",2348,"/home/chinmay/ChinmayPersonalProjects/gopdfsuit/internal/pdf/form/xfdf.go",707,"go_perf_layer_caching_unbounded_cache_map",false_positive,"Rule pattern is not supported by the shown snippet"
"/home/chinmay/ChinmayPersonalProjects/deslop/scripts/chunks/Chunk_2326_2350.txt",2349,"/home/chinmay/ChinmayPersonalProjects/gopdfsuit/internal/pdf/form/xfdf.go",707,"go_perf_layer_collection_iteration_range_over_map_for_deterministic_first",false_positive,"Rule pattern is not supported by the shown snippet"
"/home/chinmay/ChinmayPersonalProjects/deslop/scripts/chunks/Chunk_2351_2375.txt",2350,"/home/chinmay/ChinmayPersonalProjects/gopdfsuit/internal/pdf/form/xfdf.go",707,"go_perf_layer_data_structure_choice_interface_map_for_typed_values",false_positive,"Rule pattern is not supported by the shown snippet"
"/home/chinmay/ChinmayPersonalProjects/deslop/scripts/chunks/Chunk_2351_2375.txt",2351,"/home/chinmay/ChinmayPersonalProjects/gopdfsuit/internal/pdf/form/xfdf.go",707,"go_perf_layer_data_structure_choice_map_string_bool_for_membership",false_positive,"Rule pattern is not supported by the shown snippet"
"/home/chinmay/ChinmayPersonalProjects/deslop/scripts/chunks/Chunk_2351_2375.txt",2352,"/home/chinmay/ChinmayPersonalProjects/gopdfsuit/internal/pdf/form/xfdf.go",707,"go_perf_layer_data_structure_choice_small_enum_string_switch_map",false_positive,"Rule pattern is not supported by the shown snippet"
"/home/chinmay/ChinmayPersonalProjects/deslop/scripts/chunks/Chunk_2351_2375.txt",2353,"/home/chinmay/ChinmayPersonalProjects/gopdfsuit/internal/pdf/form/xfdf.go",707,"go_perf_layer_database_access_rows_scan_into_map_per_row",false_positive,"Rule pattern is not supported by the shown snippet"
"/home/chinmay/ChinmayPersonalProjects/deslop/scripts/chunks/Chunk_2351_2375.txt",2354,"/home/chinmay/ChinmayPersonalProjects/gopdfsuit/internal/pdf/form/xfdf.go",708,"go_perf_layer_network_calls_retry_loop_without_backoff",false_positive,"Rule pattern is not supported by the shown snippet"
"/home/chinmay/ChinmayPersonalProjects/deslop/scripts/chunks/Chunk_2351_2375.txt",2355,"/home/chinmay/ChinmayPersonalProjects/gopdfsuit/internal/pdf/form/xfdf.go",709,"map_growth_without_size_hint",true_positive,"Snippet matches the rule pattern in this function"
"/home/chinmay/ChinmayPersonalProjects/deslop/scripts/chunks/Chunk_2351_2375.txt",2356,"/home/chinmay/ChinmayPersonalProjects/gopdfsuit/internal/pdf/form/xfdf.go",722,"go_perf_layer_data_structure_choice_interface_map_for_typed_values",false_positive,"Rule pattern is not supported by the shown snippet"
"/home/chinmay/ChinmayPersonalProjects/deslop/scripts/chunks/Chunk_2351_2375.txt",2357,"/home/chinmay/ChinmayPersonalProjects/gopdfsuit/internal/pdf/form/xfdf.go",724,"go_perf_layer_caching_json_cache_value_stored_as_string",false_positive,"Rule pattern is not supported by the shown snippet"
"/home/chinmay/ChinmayPersonalProjects/deslop/scripts/chunks/Chunk_2351_2375.txt",2358,"/home/chinmay/ChinmayPersonalProjects/gopdfsuit/internal/pdf/form/xfdf.go",724,"go_perf_layer_memory_allocation_temporary_byte_slice_for_string_write",false_positive,"Rule pattern is not supported by the shown snippet"
"/home/chinmay/ChinmayPersonalProjects/deslop/scripts/chunks/Chunk_2351_2375.txt",2359,"/home/chinmay/ChinmayPersonalProjects/gopdfsuit/internal/pdf/form/xfdf.go",729,"go_perf_layer_async_concurrency_goroutine_per_item_without_worker_limit",false_positive,"Rule pattern is not supported by the shown snippet"
"/home/chinmay/ChinmayPersonalProjects/deslop/scripts/chunks/Chunk_2351_2375.txt",2360,"/home/chinmay/ChinmayPersonalProjects/gopdfsuit/internal/pdf/form/xfdf.go",730,"go_perf_layer_collection_iteration_copy_slice_before_readonly_range",false_positive,"Rule pattern is not supported by the shown snippet"
"/home/chinmay/ChinmayPersonalProjects/deslop/scripts/chunks/Chunk_2351_2375.txt",2361,"/home/chinmay/ChinmayPersonalProjects/gopdfsuit/internal/pdf/form/xfdf.go",732,"go_perf_layer_network_calls_retry_loop_without_backoff",false_positive,"Rule pattern is not supported by the shown snippet"
"/home/chinmay/ChinmayPersonalProjects/deslop/scripts/chunks/Chunk_2351_2375.txt",2362,"/home/chinmay/ChinmayPersonalProjects/gopdfsuit/internal/pdf/form/xfdf.go",744,"go_perf_layer_algorithmic_complexity_quadratic_append_filter_pipeline",false_positive,"Rule pattern is not supported by the shown snippet"
"/home/chinmay/ChinmayPersonalProjects/deslop/scripts/chunks/Chunk_2351_2375.txt",2363,"/home/chinmay/ChinmayPersonalProjects/gopdfsuit/internal/pdf/form/xfdf.go",744,"go_perf_layer_memory_allocation_bytes_buffer_allocated_per_record",false_positive,"Rule pattern is not supported by the shown snippet"
"/home/chinmay/ChinmayPersonalProjects/deslop/scripts/chunks/Chunk_2351_2375.txt",2364,"/home/chinmay/ChinmayPersonalProjects/gopdfsuit/internal/pdf/form/xfdf.go",744,"go_perf_layer_memory_allocation_temporary_byte_slice_for_string_write",true_positive,"Snippet matches the rule pattern in this function"
"/home/chinmay/ChinmayPersonalProjects/deslop/scripts/chunks/Chunk_2351_2375.txt",2365,"/home/chinmay/ChinmayPersonalProjects/gopdfsuit/internal/pdf/form/xfdf.go",744,"go_perf_layer_string_handling_byte_string_roundtrip_for_contains",false_positive,"Rule pattern is not supported by the shown snippet"
"/home/chinmay/ChinmayPersonalProjects/deslop/scripts/chunks/Chunk_2351_2375.txt",2366,"/home/chinmay/ChinmayPersonalProjects/gopdfsuit/internal/pdf/form/xfdf.go",744,"go_perf_layer_string_handling_string_lower_for_case_insensitive_compare",true_positive,"Snippet matches the rule pattern in this function"
"/home/chinmay/ChinmayPersonalProjects/deslop/scripts/chunks/Chunk_2351_2375.txt",2367,"/home/chinmay/ChinmayPersonalProjects/gopdfsuit/internal/pdf/form/xfdf.go",745,"go_perf_layer_error_handling_cost_error_string_built_before_error_needed",false_positive,"Rule pattern is not supported by the shown snippet"
"/home/chinmay/ChinmayPersonalProjects/deslop/scripts/chunks/Chunk_2351_2375.txt",2368,"/home/chinmay/ChinmayPersonalProjects/gopdfsuit/internal/pdf/form/xfdf.go",745,"go_perf_layer_memory_allocation_map_recreated_for_static_lookup",false_positive,"Rule pattern is not supported by the shown snippet"
"/home/chinmay/ChinmayPersonalProjects/deslop/scripts/chunks/Chunk_2351_2375.txt",2369,"/home/chinmay/ChinmayPersonalProjects/gopdfsuit/internal/pdf/form/xfdf.go",752,"go_perf_layer_algorithmic_complexity_repeated_nested_slice_scans",false_positive,"Rule pattern is not supported by the shown snippet"
"/home/chinmay/ChinmayPersonalProjects/deslop/scripts/chunks/Chunk_2351_2375.txt",2370,"/home/chinmay/ChinmayPersonalProjects/gopdfsuit/internal/pdf/form/xfdf.go",752,"go_perf_layer_collection_iteration_copy_slice_before_readonly_range",false_positive,"Rule pattern is not supported by the shown snippet"
"/home/chinmay/ChinmayPersonalProjects/deslop/scripts/chunks/Chunk_2351_2375.txt",2371,"/home/chinmay/ChinmayPersonalProjects/gopdfsuit/internal/pdf/form/xfdf.go",752,"go_perf_layer_garbage_collection_cleanup_large_slice_retained_after_truncate",false_positive,"Rule pattern is not supported by the shown snippet"
"/home/chinmay/ChinmayPersonalProjects/deslop/scripts/chunks/Chunk_2351_2375.txt",2372,"/home/chinmay/ChinmayPersonalProjects/gopdfsuit/internal/pdf/form/xfdf.go",761,"go_perf_layer_data_structure_choice_interface_map_for_typed_values",false_positive,"Rule pattern is not supported by the shown snippet"
"/home/chinmay/ChinmayPersonalProjects/deslop/scripts/chunks/Chunk_2351_2375.txt",2373,"/home/chinmay/ChinmayPersonalProjects/gopdfsuit/internal/pdf/form/xfdf.go",761,"go_perf_layer_string_handling_fmt_sprintf_for_simple_concat",true_positive,"Snippet matches the rule pattern in this function"
"/home/chinmay/ChinmayPersonalProjects/deslop/scripts/chunks/Chunk_2351_2375.txt",2374,"/home/chinmay/ChinmayPersonalProjects/gopdfsuit/internal/pdf/form/xfdf.go",763,"go_perf_layer_caching_json_cache_value_stored_as_string",false_positive,"Rule pattern is not supported by the shown snippet"
"/home/chinmay/ChinmayPersonalProjects/deslop/scripts/chunks/Chunk_2376_2400.txt",2375,"/home/chinmay/ChinmayPersonalProjects/gopdfsuit/internal/pdf/form/xfdf.go",763,"go_perf_layer_data_structure_choice_map_string_bool_for_membership",false_positive,"Rule pattern is not supported by the shown snippet"
"/home/chinmay/ChinmayPersonalProjects/deslop/scripts/chunks/Chunk_2376_2400.txt",2376,"/home/chinmay/ChinmayPersonalProjects/gopdfsuit/internal/pdf/form/xfdf.go",763,"go_perf_layer_data_structure_choice_small_enum_string_switch_map",false_positive,"Rule pattern is not supported by the shown snippet"
"/home/chinmay/ChinmayPersonalProjects/deslop/scripts/chunks/Chunk_2376_2400.txt",2377,"/home/chinmay/ChinmayPersonalProjects/gopdfsuit/internal/pdf/form/xfdf.go",764,"go_perf_layer_collection_iteration_range_over_map_for_deterministic_first",false_positive,"Rule pattern is not supported by the shown snippet"
"/home/chinmay/ChinmayPersonalProjects/deslop/scripts/chunks/Chunk_2376_2400.txt",2378,"/home/chinmay/ChinmayPersonalProjects/gopdfsuit/internal/pdf/form/xfdf.go",764,"go_perf_layer_database_access_rows_scan_into_map_per_row",false_positive,"Rule pattern is not supported by the shown snippet"
"/home/chinmay/ChinmayPersonalProjects/deslop/scripts/chunks/Chunk_2376_2400.txt",2379,"/home/chinmay/ChinmayPersonalProjects/gopdfsuit/internal/pdf/form/xfdf.go",764,"go_perf_layer_io_operations_scanner_used_for_large_token_stream",false_positive,"Rule pattern is not supported by the shown snippet"
"/home/chinmay/ChinmayPersonalProjects/deslop/scripts/chunks/Chunk_2376_2400.txt",2380,"/home/chinmay/ChinmayPersonalProjects/gopdfsuit/internal/pdf/form/xfdf.go",764,"go_perf_layer_network_calls_retry_loop_without_backoff",false_positive,"Rule pattern is not supported by the shown snippet"
"/home/chinmay/ChinmayPersonalProjects/deslop/scripts/chunks/Chunk_2376_2400.txt",2381,"/home/chinmay/ChinmayPersonalProjects/gopdfsuit/internal/pdf/form/xfdf.go",765,"go_perf_layer_caching_cache_key_built_with_fmt",true_positive,"Snippet matches the rule pattern in this function"
"/home/chinmay/ChinmayPersonalProjects/deslop/scripts/chunks/Chunk_2376_2400.txt",2382,"/home/chinmay/ChinmayPersonalProjects/gopdfsuit/internal/pdf/form/xfdf.go",765,"go_perf_layer_caching_unbounded_cache_map",false_positive,"Rule pattern is not supported by the shown snippet"
"/home/chinmay/ChinmayPersonalProjects/deslop/scripts/chunks/Chunk_2376_2400.txt",2383,"/home/chinmay/ChinmayPersonalProjects/gopdfsuit/internal/pdf/form/xfdf.go",765,"go_perf_layer_database_access_select_star_on_hot_query",false_positive,"Rule pattern is not supported by the shown snippet"
"/home/chinmay/ChinmayPersonalProjects/deslop/scripts/chunks/Chunk_2376_2400.txt",2384,"/home/chinmay/ChinmayPersonalProjects/gopdfsuit/internal/pdf/form/xfdf.go",778,"go_perf_layer_io_operations_small_writes_without_bufio_writer",false_positive,"Rule pattern is not supported by the shown snippet"
"/home/chinmay/ChinmayPersonalProjects/deslop/scripts/chunks/Chunk_2376_2400.txt",2385,"/home/chinmay/ChinmayPersonalProjects/gopdfsuit/internal/pdf/form/xfdf.go",778,"go_perf_layer_io_operations_stat_before_open_without_branch",false_positive,"Rule pattern is not supported by the shown snippet"
"/home/chinmay/ChinmayPersonalProjects/deslop/scripts/chunks/Chunk_2376_2400.txt",2386,"/home/chinmay/ChinmayPersonalProjects/gopdfsuit/internal/pdf/form/xfdf.go",781,"go_perf_layer_database_access_count_query_before_paged_fetch",false_positive,"Rule pattern is not supported by the shown snippet"
"/home/chinmay/ChinmayPersonalProjects/deslop/scripts/chunks/Chunk_2376_2400.txt",2387,"/home/chinmay/ChinmayPersonalProjects/gopdfsuit/internal/pdf/form/xfdf.go",781,"go_perf_layer_database_access_query_inside_loop_without_batching",false_positive,"Rule pattern is not supported by the shown snippet"
"/home/chinmay/ChinmayPersonalProjects/deslop/scripts/chunks/Chunk_2376_2400.txt",2388,"/home/chinmay/ChinmayPersonalProjects/gopdfsuit/internal/pdf/form/xfdf.go",794,"map_lookup_double_access",false_positive,"Rule pattern is not supported by the shown snippet"
"/home/chinmay/ChinmayPersonalProjects/deslop/scripts/chunks/Chunk_2376_2400.txt",2389,"/home/chinmay/ChinmayPersonalProjects/gopdfsuit/internal/pdf/form/xfdf.go",849,"slice_append_without_prealloc_known_bound",true_positive,"Snippet matches the rule pattern in this function"
"/home/chinmay/ChinmayPersonalProjects/deslop/scripts/chunks/Chunk_2376_2400.txt",2390,"/home/chinmay/ChinmayPersonalProjects/gopdfsuit/internal/pdf/form/xfdf.go",849,"slice_grow_without_cap_hint",true_positive,"Snippet matches the rule pattern in this function"
"/home/chinmay/ChinmayPersonalProjects/deslop/scripts/chunks/Chunk_2376_2400.txt",2391,"/home/chinmay/ChinmayPersonalProjects/gopdfsuit/internal/pdf/form/xfdf.go",872,"filter_then_count_then_iterate",false_positive,"Rule pattern is not supported by the shown snippet"
"/home/chinmay/ChinmayPersonalProjects/deslop/scripts/chunks/Chunk_2376_2400.txt",2392,"/home/chinmay/ChinmayPersonalProjects/gopdfsuit/internal/pdf/form/xfdf.go",874,"map_growth_without_size_hint",true_positive,"Snippet matches the rule pattern in this function"
"/home/chinmay/ChinmayPersonalProjects/deslop/scripts/chunks/Chunk_2376_2400.txt",2393,"/home/chinmay/ChinmayPersonalProjects/gopdfsuit/internal/pdf/form/xfdf.go",878,"fmt_hot_path",false_positive,"Rule pattern is not supported by the shown snippet"
"/home/chinmay/ChinmayPersonalProjects/deslop/scripts/chunks/Chunk_2376_2400.txt",2394,"/home/chinmay/ChinmayPersonalProjects/gopdfsuit/internal/pdf/form/xfdf.go",878,"regexp_compile_in_hot_path",true_positive,"Snippet matches the rule pattern in this function"
"/home/chinmay/ChinmayPersonalProjects/deslop/scripts/chunks/Chunk_2376_2400.txt",2395,"/home/chinmay/ChinmayPersonalProjects/gopdfsuit/internal/pdf/form/xfdf.go",886,"regexp_compile_in_hot_path",true_positive,"Snippet matches the rule pattern in this function"
"/home/chinmay/ChinmayPersonalProjects/deslop/scripts/chunks/Chunk_2376_2400.txt",2396,"/home/chinmay/ChinmayPersonalProjects/gopdfsuit/internal/pdf/form/xfdf.go",889,"go_perf_layer_garbage_collection_cleanup_sync_pool_stores_large_unbounded_buffers",false_positive,"Rule pattern is not supported by the shown snippet"
"/home/chinmay/ChinmayPersonalProjects/deslop/scripts/chunks/Chunk_2376_2400.txt",2397,"/home/chinmay/ChinmayPersonalProjects/gopdfsuit/internal/pdf/form/xfdf.go",891,"byte_string_conversion_in_loop",false_positive,"Rule pattern is not supported by the shown snippet"
"/home/chinmay/ChinmayPersonalProjects/deslop/scripts/chunks/Chunk_2376_2400.txt",2398,"/home/chinmay/ChinmayPersonalProjects/gopdfsuit/internal/pdf/form/xfdf.go",891,"repeated_slice_clone_in_loop",false_positive,"Rule pattern is not supported by the shown snippet"
"/home/chinmay/ChinmayPersonalProjects/deslop/scripts/chunks/Chunk_2376_2400.txt",2399,"/home/chinmay/ChinmayPersonalProjects/gopdfsuit/internal/pdf/form/xfdf.go",893,"append_then_trim_each_iteration",false_positive,"Rule pattern is not supported by the shown snippet"
"/home/chinmay/ChinmayPersonalProjects/deslop/scripts/chunks/Chunk_2401_2425.txt",2400,"/home/chinmay/ChinmayPersonalProjects/gopdfsuit/internal/pdf/form/xfdf.go",902,"fmt_hot_path",false_positive,"Rule pattern is not supported by the shown snippet"
"/home/chinmay/ChinmayPersonalProjects/deslop/scripts/chunks/Chunk_2401_2425.txt",2401,"/home/chinmay/ChinmayPersonalProjects/gopdfsuit/internal/pdf/form/xfdf.go",903,"regexp_compile_in_hot_path",true_positive,"Snippet matches the rule pattern in this function"
"/home/chinmay/ChinmayPersonalProjects/deslop/scripts/chunks/Chunk_2401_2425.txt",2402,"/home/chinmay/ChinmayPersonalProjects/gopdfsuit/internal/pdf/form/xfdf.go",907,"byte_string_conversion_in_loop",false_positive,"Rule pattern is not supported by the shown snippet"
"/home/chinmay/ChinmayPersonalProjects/deslop/scripts/chunks/Chunk_2401_2425.txt",2403,"/home/chinmay/ChinmayPersonalProjects/gopdfsuit/internal/pdf/form/xfdf.go",907,"repeated_slice_clone_in_loop",false_positive,"Rule pattern is not supported by the shown snippet"
"/home/chinmay/ChinmayPersonalProjects/deslop/scripts/chunks/Chunk_2401_2425.txt",2404,"/home/chinmay/ChinmayPersonalProjects/gopdfsuit/internal/pdf/form/xfdf.go",909,"regexp_compile_in_hot_path",true_positive,"Snippet matches the rule pattern in this function"
"/home/chinmay/ChinmayPersonalProjects/deslop/scripts/chunks/Chunk_2401_2425.txt",2405,"/home/chinmay/ChinmayPersonalProjects/gopdfsuit/internal/pdf/form/xfdf.go",913,"strings_tolower_equalfold",true_positive,"Snippet matches the rule pattern in this function"
"/home/chinmay/ChinmayPersonalProjects/deslop/scripts/chunks/Chunk_2401_2425.txt",2406,"/home/chinmay/ChinmayPersonalProjects/gopdfsuit/internal/pdf/form/xfdf.go",914,"regexp_compile_in_hot_path",true_positive,"Snippet matches the rule pattern in this function"
"/home/chinmay/ChinmayPersonalProjects/deslop/scripts/chunks/Chunk_2401_2425.txt",2407,"/home/chinmay/ChinmayPersonalProjects/gopdfsuit/internal/pdf/form/xfdf.go",924,"regexp_compile_in_hot_path",true_positive,"Snippet matches the rule pattern in this function"
"/home/chinmay/ChinmayPersonalProjects/deslop/scripts/chunks/Chunk_2401_2425.txt",2408,"/home/chinmay/ChinmayPersonalProjects/gopdfsuit/internal/pdf/form/xfdf.go",928,"byte_string_conversion_in_loop",false_positive,"Rule pattern is not supported by the shown snippet"
"/home/chinmay/ChinmayPersonalProjects/deslop/scripts/chunks/Chunk_2401_2425.txt",2409,"/home/chinmay/ChinmayPersonalProjects/gopdfsuit/internal/pdf/form/xfdf.go",928,"repeated_slice_clone_in_loop",false_positive,"Rule pattern is not supported by the shown snippet"
"/home/chinmay/ChinmayPersonalProjects/deslop/scripts/chunks/Chunk_2401_2425.txt",2410,"/home/chinmay/ChinmayPersonalProjects/gopdfsuit/internal/pdf/form/xfdf.go",953,"slice_append_without_prealloc_known_bound",true_positive,"Snippet matches the rule pattern in this function"
"/home/chinmay/ChinmayPersonalProjects/deslop/scripts/chunks/Chunk_2401_2425.txt",2411,"/home/chinmay/ChinmayPersonalProjects/gopdfsuit/internal/pdf/form/xfdf.go",953,"slice_grow_without_cap_hint",true_positive,"Snippet matches the rule pattern in this function"
"/home/chinmay/ChinmayPersonalProjects/deslop/scripts/chunks/Chunk_2401_2425.txt",2412,"/home/chinmay/ChinmayPersonalProjects/gopdfsuit/internal/pdf/form/xfdf.go",965,"fmt_hot_path",false_positive,"Rule pattern is not supported by the shown snippet"
"/home/chinmay/ChinmayPersonalProjects/deslop/scripts/chunks/Chunk_2401_2425.txt",2413,"/home/chinmay/ChinmayPersonalProjects/gopdfsuit/internal/pdf/form/xfdf.go",965,"regexp_compile_in_hot_path",true_positive,"Snippet matches the rule pattern in this function"
"/home/chinmay/ChinmayPersonalProjects/deslop/scripts/chunks/Chunk_2401_2425.txt",2414,"/home/chinmay/ChinmayPersonalProjects/gopdfsuit/internal/pdf/form/xfdf.go",971,"fmt_hot_path",false_positive,"Rule pattern is not supported by the shown snippet"
"/home/chinmay/ChinmayPersonalProjects/deslop/scripts/chunks/Chunk_2401_2425.txt",2415,"/home/chinmay/ChinmayPersonalProjects/gopdfsuit/internal/pdf/form/xfdf.go",984,"three_index_slice_for_append_safety",false_positive,"Rule pattern is not supported by the shown snippet"
"/home/chinmay/ChinmayPersonalProjects/deslop/scripts/chunks/Chunk_2401_2425.txt",2416,"/home/chinmay/ChinmayPersonalProjects/gopdfsuit/internal/pdf/form/xfdf.go",1010,"fmt_hot_path",false_positive,"Rule pattern is not supported by the shown snippet"
"/home/chinmay/ChinmayPersonalProjects/deslop/scripts/chunks/Chunk_2401_2425.txt",2417,"/home/chinmay/ChinmayPersonalProjects/gopdfsuit/internal/pdf/form/xfdf.go",1010,"go_perf_layer_garbage_collection_cleanup_response_body_not_drained_for_reuse",false_positive,"Rule pattern is not supported by the shown snippet"
"/home/chinmay/ChinmayPersonalProjects/deslop/scripts/chunks/Chunk_2401_2425.txt",2418,"/home/chinmay/ChinmayPersonalProjects/gopdfsuit/internal/pdf/form/xfdf.go",1010,"go_perf_layer_serialization_gzip_writer_created_per_small_payload",false_positive,"Rule pattern is not supported by the shown snippet"
"/home/chinmay/ChinmayPersonalProjects/deslop/scripts/chunks/Chunk_2401_2425.txt",2419,"/home/chinmay/ChinmayPersonalProjects/gopdfsuit/internal/pdf/form/xfdf.go",1013,"fmt_hot_path",false_positive,"Rule pattern is not supported by the shown snippet"
"/home/chinmay/ChinmayPersonalProjects/deslop/scripts/chunks/Chunk_2401_2425.txt",2420,"/home/chinmay/ChinmayPersonalProjects/gopdfsuit/internal/pdf/form/xfdf.go",1015,"byte_string_conversion_in_loop",false_positive,"Rule pattern is not supported by the shown snippet"
"/home/chinmay/ChinmayPersonalProjects/deslop/scripts/chunks/Chunk_2401_2425.txt",2421,"/home/chinmay/ChinmayPersonalProjects/gopdfsuit/internal/pdf/form/xfdf.go",1020,"builder_or_buffer_recreated_per_iteration",false_positive,"Rule pattern is not supported by the shown snippet"
"/home/chinmay/ChinmayPersonalProjects/deslop/scripts/chunks/Chunk_2401_2425.txt",2422,"/home/chinmay/ChinmayPersonalProjects/gopdfsuit/internal/pdf/form/xfdf.go",1020,"strings_builder_without_grow_known_bound",false_positive,"Rule pattern is not supported by the shown snippet"
"/home/chinmay/ChinmayPersonalProjects/deslop/scripts/chunks/Chunk_2401_2425.txt",2423,"/home/chinmay/ChinmayPersonalProjects/gopdfsuit/internal/pdf/form/xfdf.go",1021,"builder_write_string_single_byte_literal",false_positive,"Rule pattern is not supported by the shown snippet"
"/home/chinmay/ChinmayPersonalProjects/deslop/scripts/chunks/Chunk_2401_2425.txt",2424,"/home/chinmay/ChinmayPersonalProjects/gopdfsuit/internal/pdf/form/xfdf.go",1025,"builder_write_string_single_byte_literal",false_positive,"Rule pattern is not supported by the shown snippet"
"/home/chinmay/ChinmayPersonalProjects/deslop/scripts/chunks/Chunk_2426_2450.txt",2425,"/home/chinmay/ChinmayPersonalProjects/gopdfsuit/internal/pdf/form/xfdf.go",1028,"builder_write_string_single_byte_literal",false_positive,"Rule pattern is not supported by the shown snippet"
"/home/chinmay/ChinmayPersonalProjects/deslop/scripts/chunks/Chunk_2426_2450.txt",2426,"/home/chinmay/ChinmayPersonalProjects/gopdfsuit/internal/pdf/form/xfdf.go",1033,"fmt_hot_path",false_positive,"Rule pattern is not supported by the shown snippet"
"/home/chinmay/ChinmayPersonalProjects/deslop/scripts/chunks/Chunk_2426_2450.txt",2427,"/home/chinmay/ChinmayPersonalProjects/gopdfsuit/internal/pdf/form/xfdf.go",1038,"byte_string_conversion_in_loop",false_positive,"Rule pattern is not supported by the shown snippet"
"/home/chinmay/ChinmayPersonalProjects/deslop/scripts/chunks/Chunk_2426_2450.txt",2428,"/home/chinmay/ChinmayPersonalProjects/gopdfsuit/internal/pdf/form/xfdf.go",1040,"builder_or_buffer_recreated_per_iteration",false_positive,"Rule pattern is not supported by the shown snippet"
"/home/chinmay/ChinmayPersonalProjects/deslop/scripts/chunks/Chunk_2426_2450.txt",2429,"/home/chinmay/ChinmayPersonalProjects/gopdfsuit/internal/pdf/form/xfdf.go",1040,"bytes_buffer_without_grow_known_bound",false_positive,"Rule pattern is not supported by the shown snippet"
"/home/chinmay/ChinmayPersonalProjects/deslop/scripts/chunks/Chunk_2426_2450.txt",2430,"/home/chinmay/ChinmayPersonalProjects/gopdfsuit/internal/pdf/form/xfdf.go",1042,"writer_write_byte_slice_of_string",false_positive,"Rule pattern is not supported by the shown snippet"
"/home/chinmay/ChinmayPersonalProjects/deslop/scripts/chunks/Chunk_2426_2450.txt",2431,"/home/chinmay/ChinmayPersonalProjects/gopdfsuit/internal/pdf/form/xfdf.go",1043,"error_logged_and_returned",false_positive,"Rule pattern is not supported by the shown snippet"
"/home/chinmay/ChinmayPersonalProjects/deslop/scripts/chunks/Chunk_2426_2450.txt",2432,"/home/chinmay/ChinmayPersonalProjects/gopdfsuit/internal/pdf/form/xfdf.go",1049,"fmt_hot_path",false_positive,"Rule pattern is not supported by the shown snippet"
"/home/chinmay/ChinmayPersonalProjects/deslop/scripts/chunks/Chunk_2426_2450.txt",2433,"/home/chinmay/ChinmayPersonalProjects/gopdfsuit/internal/pdf/form/xfdf.go",1051,"byte_string_conversion_in_loop",false_positive,"Rule pattern is not supported by the shown snippet"
"/home/chinmay/ChinmayPersonalProjects/deslop/scripts/chunks/Chunk_2426_2450.txt",2434,"/home/chinmay/ChinmayPersonalProjects/gopdfsuit/internal/pdf/form/xfdf.go",1058,"strconv_repeat_on_same_binding",false_positive,"Rule pattern is not supported by the shown snippet"
"/home/chinmay/ChinmayPersonalProjects/deslop/scripts/chunks/Chunk_2426_2450.txt",2435,"/home/chinmay/ChinmayPersonalProjects/gopdfsuit/internal/pdf/form/xfdf.go",1070,"fmt_hot_path",false_positive,"Rule pattern is not supported by the shown snippet"
"/home/chinmay/ChinmayPersonalProjects/deslop/scripts/chunks/Chunk_2426_2450.txt",2436,"/home/chinmay/ChinmayPersonalProjects/gopdfsuit/internal/pdf/form/xfdf.go",1139,"go_perf_layer_caching_unbounded_cache_map",false_positive,"Rule pattern is not supported by the shown snippet"
"/home/chinmay/ChinmayPersonalProjects/deslop/scripts/chunks/Chunk_2426_2450.txt",2437,"/home/chinmay/ChinmayPersonalProjects/gopdfsuit/internal/pdf/form/xfdf.go",1140,"go_perf_layer_network_calls_retry_loop_without_backoff",false_positive,"Rule pattern is not supported by the shown snippet"
"/home/chinmay/ChinmayPersonalProjects/deslop/scripts/chunks/Chunk_2426_2450.txt",2438,"/home/chinmay/ChinmayPersonalProjects/gopdfsuit/internal/pdf/form/xfdf.go",1146,"go_perf_layer_collection_iteration_copy_slice_before_readonly_range",false_positive,"Rule pattern is not supported by the shown snippet"
"/home/chinmay/ChinmayPersonalProjects/deslop/scripts/chunks/Chunk_2426_2450.txt",2439,"/home/chinmay/ChinmayPersonalProjects/gopdfsuit/internal/pdf/form/xfdf.go",1146,"go_perf_layer_memory_allocation_bytes_buffer_allocated_per_record",false_positive,"Rule pattern is not supported by the shown snippet"
"/home/chinmay/ChinmayPersonalProjects/deslop/scripts/chunks/Chunk_2426_2450.txt",2440,"/home/chinmay/ChinmayPersonalProjects/gopdfsuit/internal/pdf/form/xfdf.go",1146,"go_perf_layer_memory_allocation_temporary_byte_slice_for_string_write",false_positive,"Rule pattern is not supported by the shown snippet"
"/home/chinmay/ChinmayPersonalProjects/deslop/scripts/chunks/Chunk_2426_2450.txt",2441,"/home/chinmay/ChinmayPersonalProjects/gopdfsuit/internal/pdf/form/xfdf.go",1146,"go_perf_layer_string_handling_byte_string_roundtrip_for_contains",false_positive,"Rule pattern is not supported by the shown snippet"
"/home/chinmay/ChinmayPersonalProjects/deslop/scripts/chunks/Chunk_2426_2450.txt",2442,"/home/chinmay/ChinmayPersonalProjects/gopdfsuit/internal/pdf/form/xfdf.go",1150,"go_perf_layer_collection_iteration_manual_index_loop_without_bounds_need",false_positive,"Rule pattern is not supported by the shown snippet"
"/home/chinmay/ChinmayPersonalProjects/deslop/scripts/chunks/Chunk_2426_2450.txt",2443,"/home/chinmay/ChinmayPersonalProjects/gopdfsuit/internal/pdf/form/xfdf.go",1150,"go_perf_layer_database_access_count_query_before_paged_fetch",false_positive,"Rule pattern is not supported by the shown snippet"
"/home/chinmay/ChinmayPersonalProjects/deslop/scripts/chunks/Chunk_2426_2450.txt",2444,"/home/chinmay/ChinmayPersonalProjects/gopdfsuit/internal/pdf/form/xfdf.go",1150,"go_perf_layer_database_access_query_inside_loop_without_batching",false_positive,"Rule pattern is not supported by the shown snippet"
"/home/chinmay/ChinmayPersonalProjects/deslop/scripts/chunks/Chunk_2426_2450.txt",2445,"/home/chinmay/ChinmayPersonalProjects/gopdfsuit/internal/pdf/form/xfdf.go",1150,"go_perf_layer_database_access_select_star_on_hot_query",false_positive,"Rule pattern is not supported by the shown snippet"
"/home/chinmay/ChinmayPersonalProjects/deslop/scripts/chunks/Chunk_2426_2450.txt",2446,"/home/chinmay/ChinmayPersonalProjects/gopdfsuit/internal/pdf/form/xfdf.go",1156,"go_perf_layer_network_calls_retry_loop_without_backoff",false_positive,"Rule pattern is not supported by the shown snippet"
"/home/chinmay/ChinmayPersonalProjects/deslop/scripts/chunks/Chunk_2426_2450.txt",2447,"/home/chinmay/ChinmayPersonalProjects/gopdfsuit/internal/pdf/form/xfdf.go",1158,"go_perf_layer_garbage_collection_cleanup_response_body_not_drained_for_reuse",false_positive,"Rule pattern is not supported by the shown snippet"
"/home/chinmay/ChinmayPersonalProjects/deslop/scripts/chunks/Chunk_2426_2450.txt",2448,"/home/chinmay/ChinmayPersonalProjects/gopdfsuit/internal/pdf/form/xfdf.go",1181,"go_perf_layer_io_operations_scanner_used_for_large_token_stream",false_positive,"Rule pattern is not supported by the shown snippet"
"/home/chinmay/ChinmayPersonalProjects/deslop/scripts/chunks/Chunk_2426_2450.txt",2449,"/home/chinmay/ChinmayPersonalProjects/gopdfsuit/internal/pdf/form/xfdf.go",1181,"go_perf_layer_string_handling_byte_string_roundtrip_for_contains",false_positive,"Rule pattern is not supported by the shown snippet"
"/home/chinmay/ChinmayPersonalProjects/deslop/scripts/chunks/Chunk_2451_2475.txt",2450,"/home/chinmay/ChinmayPersonalProjects/gopdfsuit/internal/pdf/form/xfdf.go",1181,"go_perf_layer_string_handling_fmt_sprintf_for_simple_concat",true_positive,"Snippet matches the rule pattern in this function"
"/home/chinmay/ChinmayPersonalProjects/deslop/scripts/chunks/Chunk_2451_2475.txt",2451,"/home/chinmay/ChinmayPersonalProjects/gopdfsuit/internal/pdf/form/xfdf.go",1181,"go_perf_layer_string_handling_string_lower_for_case_insensitive_compare",false_positive,"Rule pattern is not supported by the shown snippet"
"/home/chinmay/ChinmayPersonalProjects/deslop/scripts/chunks/Chunk_2451_2475.txt",2452,"/home/chinmay/ChinmayPersonalProjects/gopdfsuit/internal/pdf/form/xfdf.go",1181,"go_perf_layer_string_handling_strings_join_single_element_loop",false_positive,"Rule pattern is not supported by the shown snippet"
"/home/chinmay/ChinmayPersonalProjects/deslop/scripts/chunks/Chunk_2451_2475.txt",2453,"/home/chinmay/ChinmayPersonalProjects/gopdfsuit/internal/pdf/form/xfdf.go",1182,"go_perf_layer_database_access_count_query_before_paged_fetch",false_positive,"Rule pattern is not supported by the shown snippet"
"/home/chinmay/ChinmayPersonalProjects/deslop/scripts/chunks/Chunk_2451_2475.txt",2454,"/home/chinmay/ChinmayPersonalProjects/gopdfsuit/internal/pdf/form/xfdf.go",1182,"go_perf_layer_database_access_query_inside_loop_without_batching",false_positive,"Rule pattern is not supported by the shown snippet"
"/home/chinmay/ChinmayPersonalProjects/deslop/scripts/chunks/Chunk_2451_2475.txt",2455,"/home/chinmay/ChinmayPersonalProjects/gopdfsuit/internal/pdf/form/xfdf.go",1182,"go_perf_layer_database_access_select_star_on_hot_query",false_positive,"Rule pattern is not supported by the shown snippet"
"/home/chinmay/ChinmayPersonalProjects/deslop/scripts/chunks/Chunk_2451_2475.txt",2456,"/home/chinmay/ChinmayPersonalProjects/gopdfsuit/internal/pdf/form/xfdf.go",1182,"go_perf_layer_garbage_collection_cleanup_response_body_not_drained_for_reuse",false_positive,"Rule pattern is not supported by the shown snippet"
"/home/chinmay/ChinmayPersonalProjects/deslop/scripts/chunks/Chunk_2451_2475.txt",2457,"/home/chinmay/ChinmayPersonalProjects/gopdfsuit/internal/pdf/form/xfdf.go",1182,"go_perf_layer_serialization_gzip_writer_created_per_small_payload",false_positive,"Rule pattern is not supported by the shown snippet"
"/home/chinmay/ChinmayPersonalProjects/deslop/scripts/chunks/Chunk_2451_2475.txt",2458,"/home/chinmay/ChinmayPersonalProjects/gopdfsuit/internal/pdf/form/xfdf.go",1183,"go_perf_layer_algorithmic_complexity_quadratic_append_filter_pipeline",false_positive,"Rule pattern is not supported by the shown snippet"
"/home/chinmay/ChinmayPersonalProjects/deslop/scripts/chunks/Chunk_2451_2475.txt",2459,"/home/chinmay/ChinmayPersonalProjects/gopdfsuit/internal/pdf/form/xfdf.go",1187,"go_perf_layer_memory_allocation_bytes_buffer_allocated_per_record",false_positive,"Rule pattern is not supported by the shown snippet"
"/home/chinmay/ChinmayPersonalProjects/deslop/scripts/chunks/Chunk_2451_2475.txt",2460,"/home/chinmay/ChinmayPersonalProjects/gopdfsuit/internal/pdf/form/xfdf.go",1187,"go_perf_layer_memory_allocation_temporary_byte_slice_for_string_write",true_positive,"Snippet matches the rule pattern in this function"
"/home/chinmay/ChinmayPersonalProjects/deslop/scripts/chunks/Chunk_2451_2475.txt",2461,"/home/chinmay/ChinmayPersonalProjects/gopdfsuit/internal/pdf/form/xfdf.go",1188,"go_perf_layer_algorithmic_complexity_repeated_nested_slice_scans",false_positive,"Rule pattern is not supported by the shown snippet"
"/home/chinmay/ChinmayPersonalProjects/deslop/scripts/chunks/Chunk_2451_2475.txt",2462,"/home/chinmay/ChinmayPersonalProjects/gopdfsuit/internal/pdf/form/xfdf.go",1188,"go_perf_layer_collection_iteration_copy_slice_before_readonly_range",false_positive,"Rule pattern is not supported by the shown snippet"
"/home/chinmay/ChinmayPersonalProjects/deslop/scripts/chunks/Chunk_2451_2475.txt",2463,"/home/chinmay/ChinmayPersonalProjects/gopdfsuit/internal/pdf/form/xfdf.go",1188,"go_perf_layer_garbage_collection_cleanup_large_slice_retained_after_truncate",false_positive,"Rule pattern is not supported by the shown snippet"
"/home/chinmay/ChinmayPersonalProjects/deslop/scripts/chunks/Chunk_2451_2475.txt",2464,"/home/chinmay/ChinmayPersonalProjects/gopdfsuit/internal/pdf/form/xfdf.go",1189,"go_perf_layer_error_handling_cost_error_string_built_before_error_needed",false_positive,"Rule pattern is not supported by the shown snippet"
"/home/chinmay/ChinmayPersonalProjects/deslop/scripts/chunks/Chunk_2451_2475.txt",2465,"/home/chinmay/ChinmayPersonalProjects/gopdfsuit/internal/pdf/form/xfdf.go",1197,"go_perf_layer_collection_iteration_range_over_map_for_deterministic_first",false_positive,"Rule pattern is not supported by the shown snippet"
"/home/chinmay/ChinmayPersonalProjects/deslop/scripts/chunks/Chunk_2451_2475.txt",2466,"/home/chinmay/ChinmayPersonalProjects/gopdfsuit/internal/pdf/form/xfdf.go",1202,"go_perf_layer_caching_json_cache_value_stored_as_string",false_positive,"Rule pattern is not supported by the shown snippet"
"/home/chinmay/ChinmayPersonalProjects/deslop/scripts/chunks/Chunk_2451_2475.txt",2467,"/home/chinmay/ChinmayPersonalProjects/gopdfsuit/internal/pdf/form/xfdf.go",1202,"go_perf_layer_data_structure_choice_map_string_bool_for_membership",false_positive,"Rule pattern is not supported by the shown snippet"
"/home/chinmay/ChinmayPersonalProjects/deslop/scripts/chunks/Chunk_2451_2475.txt",2468,"/home/chinmay/ChinmayPersonalProjects/gopdfsuit/internal/pdf/form/xfdf.go",1202,"go_perf_layer_data_structure_choice_small_enum_string_switch_map",false_positive,"Rule pattern is not supported by the shown snippet"
"/home/chinmay/ChinmayPersonalProjects/deslop/scripts/chunks/Chunk_2451_2475.txt",2469,"/home/chinmay/ChinmayPersonalProjects/gopdfsuit/internal/pdf/form/xfdf.go",1203,"go_perf_layer_collection_iteration_len_called_after_materializing_channel",false_positive,"Rule pattern is not supported by the shown snippet"
"/home/chinmay/ChinmayPersonalProjects/deslop/scripts/chunks/Chunk_2451_2475.txt",2470,"/home/chinmay/ChinmayPersonalProjects/gopdfsuit/internal/pdf/form/xfdf.go",1213,"go_perf_layer_data_structure_choice_interface_map_for_typed_values",false_positive,"Rule pattern is not supported by the shown snippet"
"/home/chinmay/ChinmayPersonalProjects/deslop/scripts/chunks/Chunk_2451_2475.txt",2471,"/home/chinmay/ChinmayPersonalProjects/gopdfsuit/internal/pdf/form/xfdf.go",1220,"go_perf_layer_memory_allocation_map_recreated_for_static_lookup",false_positive,"Rule pattern is not supported by the shown snippet"
"/home/chinmay/ChinmayPersonalProjects/deslop/scripts/chunks/Chunk_2451_2475.txt",2472,"/home/chinmay/ChinmayPersonalProjects/gopdfsuit/internal/pdf/form/xfdf.go",1221,"go_perf_layer_database_access_rows_scan_into_map_per_row",false_positive,"Rule pattern is not supported by the shown snippet"
"/home/chinmay/ChinmayPersonalProjects/deslop/scripts/chunks/Chunk_2451_2475.txt",2473,"/home/chinmay/ChinmayPersonalProjects/gopdfsuit/internal/pdf/form/xfdf.go",1221,"go_perf_layer_network_calls_retry_loop_without_backoff",false_positive,"Rule pattern is not supported by the shown snippet"
"/home/chinmay/ChinmayPersonalProjects/deslop/scripts/chunks/Chunk_2451_2475.txt",2474,"/home/chinmay/ChinmayPersonalProjects/gopdfsuit/internal/pdf/form/xfdf.go",1230,"go_perf_layer_caching_cache_key_built_with_fmt",true_positive,"Snippet matches the rule pattern in this function"
"/home/chinmay/ChinmayPersonalProjects/deslop/scripts/chunks/Chunk_2476_2500.txt",2475,"/home/chinmay/ChinmayPersonalProjects/gopdfsuit/internal/pdf/form/xfdf.go",1230,"go_perf_layer_caching_unbounded_cache_map",false_positive,"Rule pattern is not supported by the shown snippet"
"/home/chinmay/ChinmayPersonalProjects/deslop/scripts/chunks/Chunk_2476_2500.txt",2476,"/home/chinmay/ChinmayPersonalProjects/gopdfsuit/internal/pdf/form/xfdf.go",1239,"regexp_compile_in_hot_path",true_positive,"Snippet matches the rule pattern in this function"
"/home/chinmay/ChinmayPersonalProjects/deslop/scripts/chunks/Chunk_2476_2500.txt",2477,"/home/chinmay/ChinmayPersonalProjects/gopdfsuit/internal/pdf/form/xfdf.go",1251,"map_growth_without_size_hint",true_positive,"Snippet matches the rule pattern in this function"
"/home/chinmay/ChinmayPersonalProjects/deslop/scripts/chunks/Chunk_2476_2500.txt",2478,"/home/chinmay/ChinmayPersonalProjects/gopdfsuit/internal/pdf/form/xfdf.go",1252,"regexp_compile_in_hot_path",true_positive,"Snippet matches the rule pattern in this function"
"/home/chinmay/ChinmayPersonalProjects/deslop/scripts/chunks/Chunk_2476_2500.txt",2479,"/home/chinmay/ChinmayPersonalProjects/gopdfsuit/internal/pdf/form/xfdf.go",1254,"regexp_compile_in_hot_path",true_positive,"Snippet matches the rule pattern in this function"
"/home/chinmay/ChinmayPersonalProjects/deslop/scripts/chunks/Chunk_2476_2500.txt",2480,"/home/chinmay/ChinmayPersonalProjects/gopdfsuit/internal/pdf/form/xfdf.go",1260,"regexp_compile_in_hot_path",true_positive,"Snippet matches the rule pattern in this function"
"/home/chinmay/ChinmayPersonalProjects/deslop/scripts/chunks/Chunk_2476_2500.txt",2481,"/home/chinmay/ChinmayPersonalProjects/gopdfsuit/internal/pdf/form/xfdf.go",1286,"regexp_compile_in_hot_path",true_positive,"Snippet matches the rule pattern in this function"
"/home/chinmay/ChinmayPersonalProjects/deslop/scripts/chunks/Chunk_2476_2500.txt",2482,"/home/chinmay/ChinmayPersonalProjects/gopdfsuit/internal/pdf/form/xfdf.go",1288,"go_perf_layer_garbage_collection_cleanup_sync_pool_stores_large_unbounded_buffers",false_positive,"Rule pattern is not supported by the shown snippet"
"/home/chinmay/ChinmayPersonalProjects/deslop/scripts/chunks/Chunk_2476_2500.txt",2483,"/home/chinmay/ChinmayPersonalProjects/gopdfsuit/internal/pdf/form/xfdf.go",1318,"builder_or_buffer_recreated_per_iteration",false_positive,"Rule pattern is not supported by the shown snippet"
"/home/chinmay/ChinmayPersonalProjects/deslop/scripts/chunks/Chunk_2476_2500.txt",2484,"/home/chinmay/ChinmayPersonalProjects/gopdfsuit/internal/pdf/form/xfdf.go",1318,"bytes_buffer_without_grow_known_bound",false_positive,"Rule pattern is not supported by the shown snippet"
"/home/chinmay/ChinmayPersonalProjects/deslop/scripts/chunks/Chunk_2476_2500.txt",2485,"/home/chinmay/ChinmayPersonalProjects/gopdfsuit/internal/pdf/form/xfdf.go",1318,"go_perf_layer_resource_pooling_buffer_pool_without_max_capacity",false_positive,"Rule pattern is not supported by the shown snippet"
"/home/chinmay/ChinmayPersonalProjects/deslop/scripts/chunks/Chunk_2476_2500.txt",2486,"/home/chinmay/ChinmayPersonalProjects/gopdfsuit/internal/pdf/form/xfdf.go",1319,"go_perf_layer_io_operations_small_writes_without_bufio_writer",false_positive,"Rule pattern is not supported by the shown snippet"
"/home/chinmay/ChinmayPersonalProjects/deslop/scripts/chunks/Chunk_2476_2500.txt",2487,"/home/chinmay/ChinmayPersonalProjects/gopdfsuit/internal/pdf/form/xfdf.go",1336,"builder_or_buffer_recreated_per_iteration",false_positive,"Rule pattern is not supported by the shown snippet"
"/home/chinmay/ChinmayPersonalProjects/deslop/scripts/chunks/Chunk_2476_2500.txt",2488,"/home/chinmay/ChinmayPersonalProjects/gopdfsuit/internal/pdf/form/xfdf.go",1356,"strings_builder_without_grow_known_bound",false_positive,"Rule pattern is not supported by the shown snippet"
"/home/chinmay/ChinmayPersonalProjects/deslop/scripts/chunks/Chunk_2476_2500.txt",2489,"/home/chinmay/ChinmayPersonalProjects/gopdfsuit/internal/pdf/form/xfdf.go",1412,"go_perf_layer_string_handling_byte_string_roundtrip_for_contains",false_positive,"Rule pattern is not supported by the shown snippet"
"/home/chinmay/ChinmayPersonalProjects/deslop/scripts/chunks/Chunk_2476_2500.txt",2490,"/home/chinmay/ChinmayPersonalProjects/gopdfsuit/internal/pdf/form/xfdf.go",1412,"go_perf_layer_string_handling_string_lower_for_case_insensitive_compare",false_positive,"Rule pattern is not supported by the shown snippet"
"/home/chinmay/ChinmayPersonalProjects/deslop/scripts/chunks/Chunk_2476_2500.txt",2491,"/home/chinmay/ChinmayPersonalProjects/gopdfsuit/internal/pdf/form/xfdf.go",1418,"go_perf_layer_caching_json_cache_value_stored_as_string",false_positive,"Rule pattern is not supported by the shown snippet"
"/home/chinmay/ChinmayPersonalProjects/deslop/scripts/chunks/Chunk_2476_2500.txt",2492,"/home/chinmay/ChinmayPersonalProjects/gopdfsuit/internal/pdf/form/xfdf.go",1418,"go_perf_layer_memory_allocation_temporary_byte_slice_for_string_write",false_positive,"Rule pattern is not supported by the shown snippet"
"/home/chinmay/ChinmayPersonalProjects/deslop/scripts/chunks/Chunk_2476_2500.txt",2493,"/home/chinmay/ChinmayPersonalProjects/gopdfsuit/internal/pdf/form/xfdf.go",1431,"go_perf_layer_collection_iteration_copy_slice_before_readonly_range",false_positive,"Rule pattern is not supported by the shown snippet"
"/home/chinmay/ChinmayPersonalProjects/deslop/scripts/chunks/Chunk_2476_2500.txt",2494,"/home/chinmay/ChinmayPersonalProjects/gopdfsuit/internal/pdf/form/xfdf.go",1441,"go_perf_layer_io_operations_stat_before_open_without_branch",false_positive,"Rule pattern is not supported by the shown snippet"
"/home/chinmay/ChinmayPersonalProjects/deslop/scripts/chunks/Chunk_2476_2500.txt",2495,"/home/chinmay/ChinmayPersonalProjects/gopdfsuit/internal/pdf/form/xfdf.go",1452,"go_perf_layer_caching_unbounded_cache_map",false_positive,"Rule pattern is not supported by the shown snippet"
"/home/chinmay/ChinmayPersonalProjects/deslop/scripts/chunks/Chunk_2476_2500.txt",2496,"/home/chinmay/ChinmayPersonalProjects/gopdfsuit/internal/pdf/form/xfdf.go",1453,"go_perf_layer_garbage_collection_cleanup_large_slice_retained_after_truncate",false_positive,"Rule pattern is not supported by the shown snippet"
"/home/chinmay/ChinmayPersonalProjects/deslop/scripts/chunks/Chunk_2476_2500.txt",2497,"/home/chinmay/ChinmayPersonalProjects/gopdfsuit/internal/pdf/form/xfdf.go",1453,"go_perf_layer_garbage_collection_cleanup_sync_pool_stores_large_unbounded_buffers",false_positive,"Rule pattern is not supported by the shown snippet"
"/home/chinmay/ChinmayPersonalProjects/deslop/scripts/chunks/Chunk_2476_2500.txt",2498,"/home/chinmay/ChinmayPersonalProjects/gopdfsuit/internal/pdf/form/xfdf.go",1454,"go_perf_layer_memory_allocation_temporary_byte_slice_for_string_write",true_positive,"Snippet matches the rule pattern in this function"
"/home/chinmay/ChinmayPersonalProjects/deslop/scripts/chunks/Chunk_2476_2500.txt",2499,"/home/chinmay/ChinmayPersonalProjects/gopdfsuit/internal/pdf/form/xfdf.go",1459,"go_perf_layer_memory_allocation_append_without_known_capacity",false_positive,"Rule pattern is not supported by the shown snippet"
"/home/chinmay/ChinmayPersonalProjects/deslop/scripts/chunks/Chunk_2501_2525.txt",2500,"/home/chinmay/ChinmayPersonalProjects/gopdfsuit/internal/pdf/form/xfdf.go",1466,"go_perf_layer_resource_pooling_buffer_pool_without_max_capacity",false_positive,"Rule pattern is not supported by the shown snippet"
"/home/chinmay/ChinmayPersonalProjects/deslop/scripts/chunks/Chunk_2501_2525.txt",2501,"/home/chinmay/ChinmayPersonalProjects/gopdfsuit/internal/pdf/form/xfdf.go",1467,"go_perf_layer_io_operations_small_writes_without_bufio_writer",true_positive,"Snippet matches the rule pattern in this function"
"/home/chinmay/ChinmayPersonalProjects/deslop/scripts/chunks/Chunk_2501_2525.txt",2502,"/home/chinmay/ChinmayPersonalProjects/gopdfsuit/internal/pdf/form/xfdf.go",1475,"go_perf_layer_caching_json_cache_value_stored_as_string",false_positive,"Rule pattern is not supported by the shown snippet"
"/home/chinmay/ChinmayPersonalProjects/deslop/scripts/chunks/Chunk_2501_2525.txt",2503,"/home/chinmay/ChinmayPersonalProjects/gopdfsuit/internal/pdf/form/xfdf.go",1475,"go_perf_layer_memory_allocation_temporary_byte_slice_for_string_write",false_positive,"Rule pattern is not supported by the shown snippet"
"/home/chinmay/ChinmayPersonalProjects/deslop/scripts/chunks/Chunk_2501_2525.txt",2504,"/home/chinmay/ChinmayPersonalProjects/gopdfsuit/internal/pdf/form/xfdf.go",1475,"go_perf_layer_string_handling_string_lower_for_case_insensitive_compare",false_positive,"Rule pattern is not supported by the shown snippet"
"/home/chinmay/ChinmayPersonalProjects/deslop/scripts/chunks/Chunk_2501_2525.txt",2505,"/home/chinmay/ChinmayPersonalProjects/gopdfsuit/internal/pdf/form/xfdf.go",1484,"go_perf_layer_io_operations_scanner_used_for_large_token_stream",false_positive,"Rule pattern is not supported by the shown snippet"
"/home/chinmay/ChinmayPersonalProjects/deslop/scripts/chunks/Chunk_2501_2525.txt",2506,"/home/chinmay/ChinmayPersonalProjects/gopdfsuit/internal/pdf/form/xfdf.go",1484,"go_perf_layer_network_calls_retry_loop_without_backoff",false_positive,"Rule pattern is not supported by the shown snippet"
"/home/chinmay/ChinmayPersonalProjects/deslop/scripts/chunks/Chunk_2501_2525.txt",2507,"/home/chinmay/ChinmayPersonalProjects/gopdfsuit/internal/pdf/form/xfdf.go",1486,"go_perf_layer_io_operations_small_writes_without_bufio_writer",false_positive,"Rule pattern is not supported by the shown snippet"
"/home/chinmay/ChinmayPersonalProjects/deslop/scripts/chunks/Chunk_2501_2525.txt",2508,"/home/chinmay/ChinmayPersonalProjects/gopdfsuit/internal/pdf/form/xfdf.go",1499,"go_perf_layer_data_structure_choice_small_enum_string_switch_map",false_positive,"Rule pattern is not supported by the shown snippet"
"/home/chinmay/ChinmayPersonalProjects/deslop/scripts/chunks/Chunk_2501_2525.txt",2509,"/home/chinmay/ChinmayPersonalProjects/gopdfsuit/internal/pdf/form/xfdf.go",1499,"go_perf_layer_memory_allocation_temporary_byte_slice_for_string_write",false_positive,"Rule pattern is not supported by the shown snippet"
"/home/chinmay/ChinmayPersonalProjects/deslop/scripts/chunks/Chunk_2501_2525.txt",2510,"/home/chinmay/ChinmayPersonalProjects/gopdfsuit/internal/pdf/form/xfdf.go",1499,"go_perf_layer_string_handling_byte_string_roundtrip_for_contains",false_positive,"Rule pattern is not supported by the shown snippet"
"/home/chinmay/ChinmayPersonalProjects/deslop/scripts/chunks/Chunk_2501_2525.txt",2511,"/home/chinmay/ChinmayPersonalProjects/gopdfsuit/internal/pdf/form/xfdf.go",1499,"go_perf_layer_string_handling_string_lower_for_case_insensitive_compare",false_positive,"Rule pattern is not supported by the shown snippet"
"/home/chinmay/ChinmayPersonalProjects/deslop/scripts/chunks/Chunk_2501_2525.txt",2512,"/home/chinmay/ChinmayPersonalProjects/gopdfsuit/internal/pdf/form/xfdf.go",1503,"go_perf_layer_database_access_rows_scan_into_map_per_row",false_positive,"Rule pattern is not supported by the shown snippet"
"/home/chinmay/ChinmayPersonalProjects/deslop/scripts/chunks/Chunk_2501_2525.txt",2513,"/home/chinmay/ChinmayPersonalProjects/gopdfsuit/internal/pdf/form/xfdf.go",1503,"go_perf_layer_database_access_transaction_per_row_bulk_write",false_positive,"Rule pattern is not supported by the shown snippet"
"/home/chinmay/ChinmayPersonalProjects/deslop/scripts/chunks/Chunk_2501_2525.txt",2514,"/home/chinmay/ChinmayPersonalProjects/gopdfsuit/internal/pdf/form/xfdf.go",1504,"go_perf_layer_io_operations_scanner_used_for_large_token_stream",false_positive,"Rule pattern is not supported by the shown snippet"
"/home/chinmay/ChinmayPersonalProjects/deslop/scripts/chunks/Chunk_2501_2525.txt",2515,"/home/chinmay/ChinmayPersonalProjects/gopdfsuit/internal/pdf/form/xfdf.go",1504,"go_perf_layer_network_calls_retry_loop_without_backoff",false_positive,"Rule pattern is not supported by the shown snippet"
"/home/chinmay/ChinmayPersonalProjects/deslop/scripts/chunks/Chunk_2501_2525.txt",2516,"/home/chinmay/ChinmayPersonalProjects/gopdfsuit/internal/pdf/form/xfdf.go",1507,"go_perf_layer_io_operations_small_writes_without_bufio_writer",false_positive,"Rule pattern is not supported by the shown snippet"
"/home/chinmay/ChinmayPersonalProjects/deslop/scripts/chunks/Chunk_2501_2525.txt",2517,"/home/chinmay/ChinmayPersonalProjects/gopdfsuit/internal/pdf/form/xfdf_compressed_test.go",16,"full_dataset_load",true_positive,"Snippet matches the rule pattern in this function"
"/home/chinmay/ChinmayPersonalProjects/deslop/scripts/chunks/Chunk_2501_2525.txt",2518,"/home/chinmay/ChinmayPersonalProjects/gopdfsuit/internal/pdf/form/xfdf_compressed_test.go",21,"full_dataset_load",true_positive,"Snippet matches the rule pattern in this function"
"/home/chinmay/ChinmayPersonalProjects/deslop/scripts/chunks/Chunk_2501_2525.txt",2519,"/home/chinmay/ChinmayPersonalProjects/gopdfsuit/internal/pdf/form/xfdf_example_test.go",11,"full_dataset_load",true_positive,"Snippet matches the rule pattern in this function"
"/home/chinmay/ChinmayPersonalProjects/deslop/scripts/chunks/Chunk_2501_2525.txt",2520,"/home/chinmay/ChinmayPersonalProjects/gopdfsuit/internal/pdf/form/xfdf_example_test.go",15,"full_dataset_load",true_positive,"Snippet matches the rule pattern in this function"
"/home/chinmay/ChinmayPersonalProjects/deslop/scripts/chunks/Chunk_2501_2525.txt",2521,"/home/chinmay/ChinmayPersonalProjects/gopdfsuit/internal/pdf/generator.go",56,"go_perf_layer_collection_iteration_manual_index_loop_without_bounds_need",false_positive,"Rule pattern is not supported by the shown snippet"
"/home/chinmay/ChinmayPersonalProjects/deslop/scripts/chunks/Chunk_2501_2525.txt",2522,"/home/chinmay/ChinmayPersonalProjects/gopdfsuit/internal/pdf/generator.go",56,"go_perf_layer_network_calls_retry_loop_without_backoff",false_positive,"Rule pattern is not supported by the shown snippet"
"/home/chinmay/ChinmayPersonalProjects/deslop/scripts/chunks/Chunk_2501_2525.txt",2523,"/home/chinmay/ChinmayPersonalProjects/gopdfsuit/internal/pdf/generator.go",57,"go_perf_layer_memory_allocation_append_without_known_capacity",true_positive,"Snippet matches the rule pattern in this function"
"/home/chinmay/ChinmayPersonalProjects/deslop/scripts/chunks/Chunk_2501_2525.txt",2524,"/home/chinmay/ChinmayPersonalProjects/gopdfsuit/internal/pdf/generator.go",83,"bytes_buffer_without_grow_known_bound",false_positive,"Rule pattern is not supported by the shown snippet"
"/home/chinmay/ChinmayPersonalProjects/deslop/scripts/chunks/Chunk_2526_2550.txt",2525,"/home/chinmay/ChinmayPersonalProjects/gopdfsuit/internal/pdf/generator.go",83,"go_perf_layer_database_access_count_query_before_paged_fetch",false_positive,"Rule pattern is not supported by the shown snippet"
"/home/chinmay/ChinmayPersonalProjects/deslop/scripts/chunks/Chunk_2526_2550.txt",2526,"/home/chinmay/ChinmayPersonalProjects/gopdfsuit/internal/pdf/generator.go",83,"go_perf_layer_garbage_collection_cleanup_finalizer_used_for_regular_cleanup",false_positive,"Rule pattern is not supported by the shown snippet"
"/home/chinmay/ChinmayPersonalProjects/deslop/scripts/chunks/Chunk_2526_2550.txt",2527,"/home/chinmay/ChinmayPersonalProjects/gopdfsuit/internal/pdf/generator.go",83,"go_perf_layer_garbage_collection_cleanup_large_slice_retained_after_truncate",false_positive,"Rule pattern is not supported by the shown snippet"
"/home/chinmay/ChinmayPersonalProjects/deslop/scripts/chunks/Chunk_2526_2550.txt",2528,"/home/chinmay/ChinmayPersonalProjects/gopdfsuit/internal/pdf/generator.go",83,"go_perf_layer_garbage_collection_cleanup_response_body_not_drained_for_reuse",false_positive,"Rule pattern is not supported by the shown snippet"
"/home/chinmay/ChinmayPersonalProjects/deslop/scripts/chunks/Chunk_2526_2550.txt",2529,"/home/chinmay/ChinmayPersonalProjects/gopdfsuit/internal/pdf/generator.go",83,"go_perf_layer_garbage_collection_cleanup_sync_pool_stores_large_unbounded_buffers",false_positive,"Rule pattern is not supported by the shown snippet"
"/home/chinmay/ChinmayPersonalProjects/deslop/scripts/chunks/Chunk_2526_2550.txt",2530,"/home/chinmay/ChinmayPersonalProjects/gopdfsuit/internal/pdf/generator.go",83,"go_perf_layer_memory_allocation_bytes_buffer_allocated_per_record",false_positive,"Rule pattern is not supported by the shown snippet"
"/home/chinmay/ChinmayPersonalProjects/deslop/scripts/chunks/Chunk_2526_2550.txt",2531,"/home/chinmay/ChinmayPersonalProjects/gopdfsuit/internal/pdf/generator.go",83,"go_perf_layer_memory_allocation_temporary_byte_slice_for_string_write",true_positive,"Snippet matches the rule pattern in this function"
"/home/chinmay/ChinmayPersonalProjects/deslop/scripts/chunks/Chunk_2526_2550.txt",2532,"/home/chinmay/ChinmayPersonalProjects/gopdfsuit/internal/pdf/generator.go",83,"go_perf_layer_resource_pooling_db_pool_created_per_repository",false_positive,"Rule pattern is not supported by the shown snippet"
"/home/chinmay/ChinmayPersonalProjects/deslop/scripts/chunks/Chunk_2526_2550.txt",2533,"/home/chinmay/ChinmayPersonalProjects/gopdfsuit/internal/pdf/generator.go",83,"go_perf_layer_resource_pooling_rate_limiter_per_request",false_positive,"Rule pattern is not supported by the shown snippet"
"/home/chinmay/ChinmayPersonalProjects/deslop/scripts/chunks/Chunk_2526_2550.txt",2534,"/home/chinmay/ChinmayPersonalProjects/gopdfsuit/internal/pdf/generator.go",83,"go_perf_layer_string_handling_byte_string_roundtrip_for_contains",false_positive,"Rule pattern is not supported by the shown snippet"
"/home/chinmay/ChinmayPersonalProjects/deslop/scripts/chunks/Chunk_2526_2550.txt",2535,"/home/chinmay/ChinmayPersonalProjects/gopdfsuit/internal/pdf/generator.go",83,"http_response_body_not_closed",false_positive,"Rule pattern is not supported by the shown snippet"
"/home/chinmay/ChinmayPersonalProjects/deslop/scripts/chunks/Chunk_2526_2550.txt",2536,"/home/chinmay/ChinmayPersonalProjects/gopdfsuit/internal/pdf/generator.go",83,"type_assertion_without_comma_ok",false_positive,"Rule pattern is not supported by the shown snippet"
"/home/chinmay/ChinmayPersonalProjects/deslop/scripts/chunks/Chunk_2526_2550.txt",2537,"/home/chinmay/ChinmayPersonalProjects/gopdfsuit/internal/pdf/generator.go",84,"go_perf_layer_data_structure_choice_interface_map_for_typed_values",false_positive,"Rule pattern is not supported by the shown snippet"
"/home/chinmay/ChinmayPersonalProjects/deslop/scripts/chunks/Chunk_2526_2550.txt",2538,"/home/chinmay/ChinmayPersonalProjects/gopdfsuit/internal/pdf/generator.go",84,"go_perf_layer_data_structure_choice_linked_list_for_cache_iteration",false_positive,"Rule pattern is not supported by the shown snippet"
"/home/chinmay/ChinmayPersonalProjects/deslop/scripts/chunks/Chunk_2526_2550.txt",2539,"/home/chinmay/ChinmayPersonalProjects/gopdfsuit/internal/pdf/generator.go",84,"go_perf_layer_data_structure_choice_map_string_bool_for_membership",false_positive,"Rule pattern is not supported by the shown snippet"
"/home/chinmay/ChinmayPersonalProjects/deslop/scripts/chunks/Chunk_2526_2550.txt",2540,"/home/chinmay/ChinmayPersonalProjects/gopdfsuit/internal/pdf/generator.go",84,"go_perf_layer_data_structure_choice_slice_queue_pop_front",false_positive,"Rule pattern is not supported by the shown snippet"
"/home/chinmay/ChinmayPersonalProjects/deslop/scripts/chunks/Chunk_2526_2550.txt",2541,"/home/chinmay/ChinmayPersonalProjects/gopdfsuit/internal/pdf/generator.go",84,"go_perf_layer_data_structure_choice_small_enum_string_switch_map",false_positive,"Rule pattern is not supported by the shown snippet"
"/home/chinmay/ChinmayPersonalProjects/deslop/scripts/chunks/Chunk_2526_2550.txt",2542,"/home/chinmay/ChinmayPersonalProjects/gopdfsuit/internal/pdf/generator.go",85,"go_perf_layer_hot_path_optimization_defer_for_simple_unlock_in_hot_loop",false_positive,"Rule pattern is not supported by the shown snippet"
"/home/chinmay/ChinmayPersonalProjects/deslop/scripts/chunks/Chunk_2526_2550.txt",2543,"/home/chinmay/ChinmayPersonalProjects/gopdfsuit/internal/pdf/generator.go",88,"go_perf_layer_algorithmic_complexity_repeated_nested_slice_scans",false_positive,"Rule pattern is not supported by the shown snippet"
"/home/chinmay/ChinmayPersonalProjects/deslop/scripts/chunks/Chunk_2526_2550.txt",2544,"/home/chinmay/ChinmayPersonalProjects/gopdfsuit/internal/pdf/generator.go",88,"go_perf_layer_collection_iteration_copy_slice_before_readonly_range",false_positive,"Rule pattern is not supported by the shown snippet"
"/home/chinmay/ChinmayPersonalProjects/deslop/scripts/chunks/Chunk_2526_2550.txt",2545,"/home/chinmay/ChinmayPersonalProjects/gopdfsuit/internal/pdf/generator.go",88,"http_response_body_not_closed",false_positive,"Rule pattern is not supported by the shown snippet"
"/home/chinmay/ChinmayPersonalProjects/deslop/scripts/chunks/Chunk_2526_2550.txt",2546,"/home/chinmay/ChinmayPersonalProjects/gopdfsuit/internal/pdf/generator.go",88,"type_assertion_without_comma_ok",false_positive,"Rule pattern is not supported by the shown snippet"
"/home/chinmay/ChinmayPersonalProjects/deslop/scripts/chunks/Chunk_2526_2550.txt",2547,"/home/chinmay/ChinmayPersonalProjects/gopdfsuit/internal/pdf/generator.go",90,"go_perf_layer_hot_path_optimization_allocation_in_hash_or_less_func",false_positive,"Rule pattern is not supported by the shown snippet"
"/home/chinmay/ChinmayPersonalProjects/deslop/scripts/chunks/Chunk_2526_2550.txt",2548,"/home/chinmay/ChinmayPersonalProjects/gopdfsuit/internal/pdf/generator.go",92,"go_perf_layer_async_concurrency_context_timeout_allocated_per_inner_call",false_positive,"Rule pattern is not supported by the shown snippet"
"/home/chinmay/ChinmayPersonalProjects/deslop/scripts/chunks/Chunk_2526_2550.txt",2549,"/home/chinmay/ChinmayPersonalProjects/gopdfsuit/internal/pdf/generator.go",92,"go_perf_layer_caching_cache_key_built_with_fmt",true_positive,"Snippet matches the rule pattern in this function"
"/home/chinmay/ChinmayPersonalProjects/deslop/scripts/chunks/Chunk_2551_2575.txt",2550,"/home/chinmay/ChinmayPersonalProjects/gopdfsuit/internal/pdf/generator.go",92,"go_perf_layer_caching_cache_miss_does_duplicate_work",false_positive,"Rule pattern is not supported by the shown snippet"
"/home/chinmay/ChinmayPersonalProjects/deslop/scripts/chunks/Chunk_2551_2575.txt",2551,"/home/chinmay/ChinmayPersonalProjects/gopdfsuit/internal/pdf/generator.go",92,"go_perf_layer_caching_json_cache_value_stored_as_string",false_positive,"Rule pattern is not supported by the shown snippet"
"/home/chinmay/ChinmayPersonalProjects/deslop/scripts/chunks/Chunk_2551_2575.txt",2552,"/home/chinmay/ChinmayPersonalProjects/gopdfsuit/internal/pdf/generator.go",92,"go_perf_layer_caching_per_request_config_cache_rebuild",false_positive,"Rule pattern is not supported by the shown snippet"
"/home/chinmay/ChinmayPersonalProjects/deslop/scripts/chunks/Chunk_2551_2575.txt",2553,"/home/chinmay/ChinmayPersonalProjects/gopdfsuit/internal/pdf/generator.go",92,"go_perf_layer_caching_unbounded_cache_map",false_positive,"Rule pattern is not supported by the shown snippet"
"/home/chinmay/ChinmayPersonalProjects/deslop/scripts/chunks/Chunk_2551_2575.txt",2554,"/home/chinmay/ChinmayPersonalProjects/gopdfsuit/internal/pdf/generator.go",92,"go_perf_layer_collection_iteration_range_over_map_for_deterministic_first",false_positive,"Rule pattern is not supported by the shown snippet"
"/home/chinmay/ChinmayPersonalProjects/deslop/scripts/chunks/Chunk_2551_2575.txt",2555,"/home/chinmay/ChinmayPersonalProjects/gopdfsuit/internal/pdf/generator.go",92,"go_perf_layer_database_access_rows_scan_into_map_per_row",false_positive,"Rule pattern is not supported by the shown snippet"
"/home/chinmay/ChinmayPersonalProjects/deslop/scripts/chunks/Chunk_2551_2575.txt",2556,"/home/chinmay/ChinmayPersonalProjects/gopdfsuit/internal/pdf/generator.go",92,"go_perf_layer_error_handling_cost_sentinel_error_allocated_per_call",false_positive,"Rule pattern is not supported by the shown snippet"
"/home/chinmay/ChinmayPersonalProjects/deslop/scripts/chunks/Chunk_2551_2575.txt",2557,"/home/chinmay/ChinmayPersonalProjects/gopdfsuit/internal/pdf/generator.go",92,"go_perf_layer_memory_allocation_map_recreated_for_static_lookup",false_positive,"Rule pattern is not supported by the shown snippet"
"/home/chinmay/ChinmayPersonalProjects/deslop/scripts/chunks/Chunk_2551_2575.txt",2558,"/home/chinmay/ChinmayPersonalProjects/gopdfsuit/internal/pdf/generator.go",92,"go_perf_layer_network_calls_dns_lookup_per_request_path",false_positive,"Rule pattern is not supported by the shown snippet"
"/home/chinmay/ChinmayPersonalProjects/deslop/scripts/chunks/Chunk_2551_2575.txt",2559,"/home/chinmay/ChinmayPersonalProjects/gopdfsuit/internal/pdf/generator.go",92,"go_perf_layer_serialization_map_any_json_decode_in_hot_path",false_positive,"Rule pattern is not supported by the shown snippet"
"/home/chinmay/ChinmayPersonalProjects/deslop/scripts/chunks/Chunk_2551_2575.txt",2560,"/home/chinmay/ChinmayPersonalProjects/gopdfsuit/internal/pdf/generator.go",94,"go_perf_layer_lazy_loading_eager_load_optional_config",false_positive,"Rule pattern is not supported by the shown snippet"
"/home/chinmay/ChinmayPersonalProjects/deslop/scripts/chunks/Chunk_2551_2575.txt",2561,"/home/chinmay/ChinmayPersonalProjects/gopdfsuit/internal/pdf/generator.go",94,"go_perf_layer_runtime_configuration_debug_build_tags_in_hot_binary",false_positive,"Rule pattern is not supported by the shown snippet"
"/home/chinmay/ChinmayPersonalProjects/deslop/scripts/chunks/Chunk_2551_2575.txt",2562,"/home/chinmay/ChinmayPersonalProjects/gopdfsuit/internal/pdf/generator.go",94,"go_perf_layer_runtime_configuration_reflection_config_loaded_per_call",false_positive,"Rule pattern is not supported by the shown snippet"
"/home/chinmay/ChinmayPersonalProjects/deslop/scripts/chunks/Chunk_2551_2575.txt",2563,"/home/chinmay/ChinmayPersonalProjects/gopdfsuit/internal/pdf/generator.go",95,"go_perf_layer_framework_performance_template_execute_to_string_then_write",false_positive,"Rule pattern is not supported by the shown snippet"
"/home/chinmay/ChinmayPersonalProjects/deslop/scripts/chunks/Chunk_2551_2575.txt",2564,"/home/chinmay/ChinmayPersonalProjects/gopdfsuit/internal/pdf/generator.go",95,"go_perf_layer_lazy_loading_eager_template_parse_for_unused_routes",false_positive,"Rule pattern is not supported by the shown snippet"
"/home/chinmay/ChinmayPersonalProjects/deslop/scripts/chunks/Chunk_2551_2575.txt",2565,"/home/chinmay/ChinmayPersonalProjects/gopdfsuit/internal/pdf/generator.go",97,"go_perf_layer_hot_path_optimization_invariant_parse_inside_handler",false_positive,"Rule pattern is not supported by the shown snippet"
"/home/chinmay/ChinmayPersonalProjects/deslop/scripts/chunks/Chunk_2551_2575.txt",2566,"/home/chinmay/ChinmayPersonalProjects/gopdfsuit/internal/pdf/generator.go",97,"go_perf_layer_hot_path_optimization_time_now_called_many_times_per_item",false_positive,"Rule pattern is not supported by the shown snippet"
"/home/chinmay/ChinmayPersonalProjects/deslop/scripts/chunks/Chunk_2551_2575.txt",2567,"/home/chinmay/ChinmayPersonalProjects/gopdfsuit/internal/pdf/generator.go",99,"go_perf_layer_algorithmic_complexity_per_request_topk_full_sort",false_positive,"Rule pattern is not supported by the shown snippet"
"/home/chinmay/ChinmayPersonalProjects/deslop/scripts/chunks/Chunk_2551_2575.txt",2568,"/home/chinmay/ChinmayPersonalProjects/gopdfsuit/internal/pdf/generator.go",99,"go_perf_layer_algorithmic_complexity_quadratic_append_filter_pipeline",false_positive,"Rule pattern is not supported by the shown snippet"
"/home/chinmay/ChinmayPersonalProjects/deslop/scripts/chunks/Chunk_2551_2575.txt",2569,"/home/chinmay/ChinmayPersonalProjects/gopdfsuit/internal/pdf/generator.go",99,"go_perf_layer_algorithmic_complexity_sort_before_linear_dedup",false_positive,"Rule pattern is not supported by the shown snippet"
"/home/chinmay/ChinmayPersonalProjects/deslop/scripts/chunks/Chunk_2551_2575.txt",2570,"/home/chinmay/ChinmayPersonalProjects/gopdfsuit/internal/pdf/generator.go",99,"go_perf_layer_collection_iteration_len_called_after_materializing_channel",false_positive,"Rule pattern is not supported by the shown snippet"
"/home/chinmay/ChinmayPersonalProjects/deslop/scripts/chunks/Chunk_2551_2575.txt",2571,"/home/chinmay/ChinmayPersonalProjects/gopdfsuit/internal/pdf/generator.go",99,"go_perf_layer_io_operations_scanner_used_for_large_token_stream",false_positive,"Rule pattern is not supported by the shown snippet"
"/home/chinmay/ChinmayPersonalProjects/deslop/scripts/chunks/Chunk_2551_2575.txt",2572,"/home/chinmay/ChinmayPersonalProjects/gopdfsuit/internal/pdf/generator.go",99,"go_perf_layer_network_calls_retry_loop_without_backoff",false_positive,"Rule pattern is not supported by the shown snippet"
"/home/chinmay/ChinmayPersonalProjects/deslop/scripts/chunks/Chunk_2551_2575.txt",2573,"/home/chinmay/ChinmayPersonalProjects/gopdfsuit/internal/pdf/generator.go",99,"go_perf_layer_string_handling_fmt_sprintf_for_simple_concat",true_positive,"Snippet matches the rule pattern in this function"
"/home/chinmay/ChinmayPersonalProjects/deslop/scripts/chunks/Chunk_2551_2575.txt",2574,"/home/chinmay/ChinmayPersonalProjects/gopdfsuit/internal/pdf/generator.go",99,"go_perf_layer_string_handling_string_lower_for_case_insensitive_compare",false_positive,"Rule pattern is not supported by the shown snippet"
"/home/chinmay/ChinmayPersonalProjects/deslop/scripts/chunks/Chunk_2576_2600.txt",2575,"/home/chinmay/ChinmayPersonalProjects/gopdfsuit/internal/pdf/generator.go",99,"go_perf_layer_string_handling_strings_join_single_element_loop",false_positive,"Rule pattern is not supported by the shown snippet"
"/home/chinmay/ChinmayPersonalProjects/deslop/scripts/chunks/Chunk_2576_2600.txt",2576,"/home/chinmay/ChinmayPersonalProjects/gopdfsuit/internal/pdf/generator.go",100,"go_perf_layer_io_operations_readall_on_known_large_file",false_positive,"Rule pattern is not supported by the shown snippet"
"/home/chinmay/ChinmayPersonalProjects/deslop/scripts/chunks/Chunk_2576_2600.txt",2577,"/home/chinmay/ChinmayPersonalProjects/gopdfsuit/internal/pdf/generator.go",100,"go_perf_layer_io_operations_small_writes_without_bufio_writer",false_positive,"Rule pattern is not supported by the shown snippet"
"/home/chinmay/ChinmayPersonalProjects/deslop/scripts/chunks/Chunk_2576_2600.txt",2578,"/home/chinmay/ChinmayPersonalProjects/gopdfsuit/internal/pdf/generator.go",100,"go_perf_layer_io_operations_stat_before_open_without_branch",false_positive,"Rule pattern is not supported by the shown snippet"
"/home/chinmay/ChinmayPersonalProjects/deslop/scripts/chunks/Chunk_2576_2600.txt",2579,"/home/chinmay/ChinmayPersonalProjects/gopdfsuit/internal/pdf/generator.go",100,"go_perf_layer_io_operations_temporary_file_for_stream_transform",false_positive,"Rule pattern is not supported by the shown snippet"
"/home/chinmay/ChinmayPersonalProjects/deslop/scripts/chunks/Chunk_2576_2600.txt",2580,"/home/chinmay/ChinmayPersonalProjects/gopdfsuit/internal/pdf/generator.go",107,"go_perf_layer_error_handling_cost_error_string_built_before_error_needed",false_positive,"Rule pattern is not supported by the shown snippet"
"/home/chinmay/ChinmayPersonalProjects/deslop/scripts/chunks/Chunk_2576_2600.txt",2581,"/home/chinmay/ChinmayPersonalProjects/gopdfsuit/internal/pdf/generator.go",114,"go_perf_layer_lazy_loading_eager_metric_label_cardinality_build",false_positive,"Rule pattern is not supported by the shown snippet"
"/home/chinmay/ChinmayPersonalProjects/deslop/scripts/chunks/Chunk_2576_2600.txt",2582,"/home/chinmay/ChinmayPersonalProjects/gopdfsuit/internal/pdf/generator.go",125,"go_perf_layer_serialization_base64_roundtrip_for_binary_transport",false_positive,"Rule pattern is not supported by the shown snippet"
"/home/chinmay/ChinmayPersonalProjects/deslop/scripts/chunks/Chunk_2576_2600.txt",2583,"/home/chinmay/ChinmayPersonalProjects/gopdfsuit/internal/pdf/generator.go",125,"go_perf_layer_serialization_gzip_writer_created_per_small_payload",false_positive,"Rule pattern is not supported by the shown snippet"
"/home/chinmay/ChinmayPersonalProjects/deslop/scripts/chunks/Chunk_2576_2600.txt",2584,"/home/chinmay/ChinmayPersonalProjects/gopdfsuit/internal/pdf/generator.go",127,"go_perf_layer_logging_overhead_log_fields_built_before_level_check",false_positive,"Rule pattern is not supported by the shown snippet"
"/home/chinmay/ChinmayPersonalProjects/deslop/scripts/chunks/Chunk_2576_2600.txt",2585,"/home/chinmay/ChinmayPersonalProjects/gopdfsuit/internal/pdf/generator.go",149,"go_perf_layer_database_access_transaction_per_row_bulk_write",false_positive,"Rule pattern is not supported by the shown snippet"
"/home/chinmay/ChinmayPersonalProjects/deslop/scripts/chunks/Chunk_2576_2600.txt",2586,"/home/chinmay/ChinmayPersonalProjects/gopdfsuit/internal/pdf/generator.go",154,"go_perf_layer_database_access_select_star_on_hot_query",false_positive,"Rule pattern is not supported by the shown snippet"
"/home/chinmay/ChinmayPersonalProjects/deslop/scripts/chunks/Chunk_2576_2600.txt",2587,"/home/chinmay/ChinmayPersonalProjects/gopdfsuit/internal/pdf/generator.go",157,"filter_then_count_then_iterate",false_positive,"Rule pattern is not supported by the shown snippet"
"/home/chinmay/ChinmayPersonalProjects/deslop/scripts/chunks/Chunk_2576_2600.txt",2588,"/home/chinmay/ChinmayPersonalProjects/gopdfsuit/internal/pdf/generator.go",162,"map_growth_without_size_hint",true_positive,"Snippet matches the rule pattern in this function"
"/home/chinmay/ChinmayPersonalProjects/deslop/scripts/chunks/Chunk_2576_2600.txt",2589,"/home/chinmay/ChinmayPersonalProjects/gopdfsuit/internal/pdf/generator.go",171,"go_perf_layer_database_access_query_inside_loop_without_batching",false_positive,"Rule pattern is not supported by the shown snippet"
"/home/chinmay/ChinmayPersonalProjects/deslop/scripts/chunks/Chunk_2576_2600.txt",2590,"/home/chinmay/ChinmayPersonalProjects/gopdfsuit/internal/pdf/generator.go",264,"sprintf_for_simple_int_to_string",true_positive,"Snippet matches the rule pattern in this function"
"/home/chinmay/ChinmayPersonalProjects/deslop/scripts/chunks/Chunk_2576_2600.txt",2591,"/home/chinmay/ChinmayPersonalProjects/gopdfsuit/internal/pdf/generator.go",333,"go_perf_layer_network_calls_http_client_created_per_call",false_positive,"Rule pattern is not supported by the shown snippet"
"/home/chinmay/ChinmayPersonalProjects/deslop/scripts/chunks/Chunk_2576_2600.txt",2592,"/home/chinmay/ChinmayPersonalProjects/gopdfsuit/internal/pdf/generator.go",427,"slice_append_without_prealloc_known_bound",true_positive,"Snippet matches the rule pattern in this function"
"/home/chinmay/ChinmayPersonalProjects/deslop/scripts/chunks/Chunk_2576_2600.txt",2593,"/home/chinmay/ChinmayPersonalProjects/gopdfsuit/internal/pdf/generator.go",427,"slice_grow_without_cap_hint",true_positive,"Snippet matches the rule pattern in this function"
"/home/chinmay/ChinmayPersonalProjects/deslop/scripts/chunks/Chunk_2576_2600.txt",2594,"/home/chinmay/ChinmayPersonalProjects/gopdfsuit/internal/pdf/generator.go",498,"strings_builder_without_grow_known_bound",false_positive,"Rule pattern is not supported by the shown snippet"
"/home/chinmay/ChinmayPersonalProjects/deslop/scripts/chunks/Chunk_2576_2600.txt",2595,"/home/chinmay/ChinmayPersonalProjects/gopdfsuit/internal/pdf/generator.go",499,"builder_write_string_single_byte_literal",false_positive,"Rule pattern is not supported by the shown snippet"
"/home/chinmay/ChinmayPersonalProjects/deslop/scripts/chunks/Chunk_2576_2600.txt",2596,"/home/chinmay/ChinmayPersonalProjects/gopdfsuit/internal/pdf/generator.go",506,"builder_write_string_single_byte_literal",false_positive,"Rule pattern is not supported by the shown snippet"
"/home/chinmay/ChinmayPersonalProjects/deslop/scripts/chunks/Chunk_2576_2600.txt",2597,"/home/chinmay/ChinmayPersonalProjects/gopdfsuit/internal/pdf/generator.go",518,"sprintf_for_simple_string_format",true_positive,"Snippet matches the rule pattern in this function"
"/home/chinmay/ChinmayPersonalProjects/deslop/scripts/chunks/Chunk_2576_2600.txt",2598,"/home/chinmay/ChinmayPersonalProjects/gopdfsuit/internal/pdf/generator.go",606,"stable_value_normalization_in_inner_loop",false_positive,"Rule pattern is not supported by the shown snippet"
"/home/chinmay/ChinmayPersonalProjects/deslop/scripts/chunks/Chunk_2576_2600.txt",2599,"/home/chinmay/ChinmayPersonalProjects/gopdfsuit/internal/pdf/generator.go",606,"strings_replace_all_for_single_char",true_positive,"Snippet matches the rule pattern in this function"
"/home/chinmay/ChinmayPersonalProjects/deslop/scripts/chunks/Chunk_2601_2625.txt",2600,"/home/chinmay/ChinmayPersonalProjects/gopdfsuit/internal/pdf/generator.go",667,"append_then_trim_each_iteration",false_positive,"Rule pattern is not supported by the shown snippet"
"/home/chinmay/ChinmayPersonalProjects/deslop/scripts/chunks/Chunk_2601_2625.txt",2601,"/home/chinmay/ChinmayPersonalProjects/gopdfsuit/internal/pdf/generator.go",674,"slice_append_without_prealloc_known_bound",true_positive,"Snippet matches the rule pattern in this function"
"/home/chinmay/ChinmayPersonalProjects/deslop/scripts/chunks/Chunk_2601_2625.txt",2602,"/home/chinmay/ChinmayPersonalProjects/gopdfsuit/internal/pdf/generator.go",674,"slice_grow_without_cap_hint",true_positive,"Snippet matches the rule pattern in this function"
"/home/chinmay/ChinmayPersonalProjects/deslop/scripts/chunks/Chunk_2601_2625.txt",2603,"/home/chinmay/ChinmayPersonalProjects/gopdfsuit/internal/pdf/generator.go",676,"slice_append_without_prealloc_known_bound",true_positive,"Snippet matches the rule pattern in this function"
"/home/chinmay/ChinmayPersonalProjects/deslop/scripts/chunks/Chunk_2601_2625.txt",2604,"/home/chinmay/ChinmayPersonalProjects/gopdfsuit/internal/pdf/generator.go",676,"slice_grow_without_cap_hint",true_positive,"Snippet matches the rule pattern in this function"
"/home/chinmay/ChinmayPersonalProjects/deslop/scripts/chunks/Chunk_2601_2625.txt",2605,"/home/chinmay/ChinmayPersonalProjects/gopdfsuit/internal/pdf/generator.go",678,"slice_append_without_prealloc_known_bound",true_positive,"Snippet matches the rule pattern in this function"
"/home/chinmay/ChinmayPersonalProjects/deslop/scripts/chunks/Chunk_2601_2625.txt",2606,"/home/chinmay/ChinmayPersonalProjects/gopdfsuit/internal/pdf/generator.go",678,"slice_grow_without_cap_hint",true_positive,"Snippet matches the rule pattern in this function"
"/home/chinmay/ChinmayPersonalProjects/deslop/scripts/chunks/Chunk_2601_2625.txt",2607,"/home/chinmay/ChinmayPersonalProjects/gopdfsuit/internal/pdf/generator.go",680,"slice_append_without_prealloc_known_bound",true_positive,"Snippet matches the rule pattern in this function"
"/home/chinmay/ChinmayPersonalProjects/deslop/scripts/chunks/Chunk_2601_2625.txt",2608,"/home/chinmay/ChinmayPersonalProjects/gopdfsuit/internal/pdf/generator.go",680,"slice_grow_without_cap_hint",true_positive,"Snippet matches the rule pattern in this function"
"/home/chinmay/ChinmayPersonalProjects/deslop/scripts/chunks/Chunk_2601_2625.txt",2609,"/home/chinmay/ChinmayPersonalProjects/gopdfsuit/internal/pdf/generator.go",697,"builder_or_buffer_recreated_per_iteration",false_positive,"Rule pattern is not supported by the shown snippet"
"/home/chinmay/ChinmayPersonalProjects/deslop/scripts/chunks/Chunk_2601_2625.txt",2610,"/home/chinmay/ChinmayPersonalProjects/gopdfsuit/internal/pdf/generator.go",846,"fmt_hot_path",false_positive,"Rule pattern is not supported by the shown snippet"
"/home/chinmay/ChinmayPersonalProjects/deslop/scripts/chunks/Chunk_2601_2625.txt",2611,"/home/chinmay/ChinmayPersonalProjects/gopdfsuit/internal/pdf/generator.go",861,"fmt_hot_path",false_positive,"Rule pattern is not supported by the shown snippet"
"/home/chinmay/ChinmayPersonalProjects/deslop/scripts/chunks/Chunk_2601_2625.txt",2612,"/home/chinmay/ChinmayPersonalProjects/gopdfsuit/internal/pdf/generator.go",876,"fmt_hot_path",false_positive,"Rule pattern is not supported by the shown snippet"
"/home/chinmay/ChinmayPersonalProjects/deslop/scripts/chunks/Chunk_2601_2625.txt",2613,"/home/chinmay/ChinmayPersonalProjects/gopdfsuit/internal/pdf/generator.go",916,"fmt_sprintf_hex_to_string",true_positive,"Snippet matches the rule pattern in this function"
"/home/chinmay/ChinmayPersonalProjects/deslop/scripts/chunks/Chunk_2601_2625.txt",2614,"/home/chinmay/ChinmayPersonalProjects/gopdfsuit/internal/pdf/generator.go",971,"sprintf_for_simple_string_format",true_positive,"Snippet matches the rule pattern in this function"
"/home/chinmay/ChinmayPersonalProjects/deslop/scripts/chunks/Chunk_2601_2625.txt",2615,"/home/chinmay/ChinmayPersonalProjects/gopdfsuit/internal/pdf/generator.go",986,"sprintf_for_simple_string_format",true_positive,"Snippet matches the rule pattern in this function"
"/home/chinmay/ChinmayPersonalProjects/deslop/scripts/chunks/Chunk_2601_2625.txt",2616,"/home/chinmay/ChinmayPersonalProjects/gopdfsuit/internal/pdf/generator.go",1006,"weak_crypto",false_positive,"Rule pattern is not supported by the shown snippet"
"/home/chinmay/ChinmayPersonalProjects/deslop/scripts/chunks/Chunk_2601_2625.txt",2617,"/home/chinmay/ChinmayPersonalProjects/gopdfsuit/internal/pdf/generator.go",1006,"weak_hash_for_integrity",false_positive,"Rule pattern is not supported by the shown snippet"
"/home/chinmay/ChinmayPersonalProjects/deslop/scripts/chunks/Chunk_2601_2625.txt",2618,"/home/chinmay/ChinmayPersonalProjects/gopdfsuit/internal/pdf/generator.go",1019,"weak_crypto",false_positive,"Rule pattern is not supported by the shown snippet"
"/home/chinmay/ChinmayPersonalProjects/deslop/scripts/chunks/Chunk_2601_2625.txt",2619,"/home/chinmay/ChinmayPersonalProjects/gopdfsuit/internal/pdf/generator.go",1019,"weak_hash_for_integrity",false_positive,"Rule pattern is not supported by the shown snippet"
"/home/chinmay/ChinmayPersonalProjects/deslop/scripts/chunks/Chunk_2601_2625.txt",2620,"/home/chinmay/ChinmayPersonalProjects/gopdfsuit/internal/pdf/generator.go",1020,"sprintf_for_simple_string_format",true_positive,"Snippet matches the rule pattern in this function"
"/home/chinmay/ChinmayPersonalProjects/deslop/scripts/chunks/Chunk_2601_2625.txt",2621,"/home/chinmay/ChinmayPersonalProjects/gopdfsuit/internal/pdf/generator.go",1111,"fmt_hot_path",false_positive,"Rule pattern is not supported by the shown snippet"
"/home/chinmay/ChinmayPersonalProjects/deslop/scripts/chunks/Chunk_2601_2625.txt",2622,"/home/chinmay/ChinmayPersonalProjects/gopdfsuit/internal/pdf/generator.go",1113,"fmt_hot_path",false_positive,"Rule pattern is not supported by the shown snippet"
"/home/chinmay/ChinmayPersonalProjects/deslop/scripts/chunks/Chunk_2601_2625.txt",2623,"/home/chinmay/ChinmayPersonalProjects/gopdfsuit/internal/pdf/generator.go",1123,"fmt_hot_path",false_positive,"Rule pattern is not supported by the shown snippet"
"/home/chinmay/ChinmayPersonalProjects/deslop/scripts/chunks/Chunk_2601_2625.txt",2624,"/home/chinmay/ChinmayPersonalProjects/gopdfsuit/internal/pdf/generator.go",1173,"fmt_hot_path",false_positive,"Rule pattern is not supported by the shown snippet"
"/home/chinmay/ChinmayPersonalProjects/deslop/scripts/chunks/Chunk_2626_2650.txt",2625,"/home/chinmay/ChinmayPersonalProjects/gopdfsuit/internal/pdf/generator.go",1181,"fmt_hot_path",false_positive,"Rule pattern is not supported by the shown snippet"
"/home/chinmay/ChinmayPersonalProjects/deslop/scripts/chunks/Chunk_2626_2650.txt",2626,"/home/chinmay/ChinmayPersonalProjects/gopdfsuit/internal/pdf/generator.go",1183,"fmt_hot_path",false_positive,"Rule pattern is not supported by the shown snippet"
"/home/chinmay/ChinmayPersonalProjects/deslop/scripts/chunks/Chunk_2626_2650.txt",2627,"/home/chinmay/ChinmayPersonalProjects/gopdfsuit/internal/pdf/generator.go",1313,"string_builder_write_string_vs_plus",false_positive,"Rule pattern is not supported by the shown snippet"
"/home/chinmay/ChinmayPersonalProjects/deslop/scripts/chunks/Chunk_2626_2650.txt",2628,"/home/chinmay/ChinmayPersonalProjects/gopdfsuit/internal/pdf/generator.go",1332,"overlong_name",false_positive,"Rule pattern is not supported by the shown snippet"
"/home/chinmay/ChinmayPersonalProjects/deslop/scripts/chunks/Chunk_2626_2650.txt",2629,"/home/chinmay/ChinmayPersonalProjects/gopdfsuit/internal/pdf/generator.go",1333,"go_perf_layer_collection_iteration_range_over_map_for_deterministic_first",false_positive,"Rule pattern is not supported by the shown snippet"
"/home/chinmay/ChinmayPersonalProjects/deslop/scripts/chunks/Chunk_2626_2650.txt",2630,"/home/chinmay/ChinmayPersonalProjects/gopdfsuit/internal/pdf/generator.go",1333,"go_perf_layer_lazy_loading_eager_template_parse_for_unused_routes",false_positive,"Rule pattern is not supported by the shown snippet"
"/home/chinmay/ChinmayPersonalProjects/deslop/scripts/chunks/Chunk_2626_2650.txt",2631,"/home/chinmay/ChinmayPersonalProjects/gopdfsuit/internal/pdf/generator.go",1334,"go_perf_layer_framework_performance_template_execute_to_string_then_write",false_positive,"Rule pattern is not supported by the shown snippet"
"/home/chinmay/ChinmayPersonalProjects/deslop/scripts/chunks/Chunk_2626_2650.txt",2632,"/home/chinmay/ChinmayPersonalProjects/gopdfsuit/internal/pdf/generator.go",1334,"go_perf_layer_io_operations_scanner_used_for_large_token_stream",false_positive,"Rule pattern is not supported by the shown snippet"
"/home/chinmay/ChinmayPersonalProjects/deslop/scripts/chunks/Chunk_2626_2650.txt",2633,"/home/chinmay/ChinmayPersonalProjects/gopdfsuit/internal/pdf/generator.go",1334,"go_perf_layer_string_handling_fmt_sprintf_for_simple_concat",true_positive,"Snippet matches the rule pattern in this function"
"/home/chinmay/ChinmayPersonalProjects/deslop/scripts/chunks/Chunk_2626_2650.txt",2634,"/home/chinmay/ChinmayPersonalProjects/gopdfsuit/internal/pdf/generator.go",1334,"go_perf_layer_string_handling_string_lower_for_case_insensitive_compare",false_positive,"Rule pattern is not supported by the shown snippet"
"/home/chinmay/ChinmayPersonalProjects/deslop/scripts/chunks/Chunk_2626_2650.txt",2635,"/home/chinmay/ChinmayPersonalProjects/gopdfsuit/internal/pdf/generator.go",1334,"go_perf_layer_string_handling_strings_join_single_element_loop",false_positive,"Rule pattern is not supported by the shown snippet"
"/home/chinmay/ChinmayPersonalProjects/deslop/scripts/chunks/Chunk_2626_2650.txt",2636,"/home/chinmay/ChinmayPersonalProjects/gopdfsuit/internal/pdf/generator.go",1338,"go_perf_layer_hot_path_optimization_invariant_parse_inside_handler",false_positive,"Rule pattern is not supported by the shown snippet"
"/home/chinmay/ChinmayPersonalProjects/deslop/scripts/chunks/Chunk_2626_2650.txt",2637,"/home/chinmay/ChinmayPersonalProjects/gopdfsuit/internal/pdf/generator.go",1342,"go_perf_layer_collection_iteration_len_called_after_materializing_channel",false_positive,"Rule pattern is not supported by the shown snippet"
"/home/chinmay/ChinmayPersonalProjects/deslop/scripts/chunks/Chunk_2626_2650.txt",2638,"/home/chinmay/ChinmayPersonalProjects/gopdfsuit/internal/pdf/generator.go",1342,"go_perf_layer_database_access_rows_scan_into_map_per_row",false_positive,"Rule pattern is not supported by the shown snippet"
"/home/chinmay/ChinmayPersonalProjects/deslop/scripts/chunks/Chunk_2626_2650.txt",2639,"/home/chinmay/ChinmayPersonalProjects/gopdfsuit/internal/pdf/generator.go",1344,"go_perf_layer_collection_iteration_manual_index_loop_without_bounds_need",false_positive,"Rule pattern is not supported by the shown snippet"
"/home/chinmay/ChinmayPersonalProjects/deslop/scripts/chunks/Chunk_2626_2650.txt",2640,"/home/chinmay/ChinmayPersonalProjects/gopdfsuit/internal/pdf/generator.go",1344,"go_perf_layer_network_calls_retry_loop_without_backoff",false_positive,"Rule pattern is not supported by the shown snippet"
"/home/chinmay/ChinmayPersonalProjects/deslop/scripts/chunks/Chunk_2626_2650.txt",2641,"/home/chinmay/ChinmayPersonalProjects/gopdfsuit/internal/pdf/generator.go",1369,"filter_then_count_then_iterate",false_positive,"Rule pattern is not supported by the shown snippet"
"/home/chinmay/ChinmayPersonalProjects/deslop/scripts/chunks/Chunk_2626_2650.txt",2642,"/home/chinmay/ChinmayPersonalProjects/gopdfsuit/internal/pdf/generator.go",1370,"go_perf_layer_data_structure_choice_interface_map_for_typed_values",false_positive,"Rule pattern is not supported by the shown snippet"
"/home/chinmay/ChinmayPersonalProjects/deslop/scripts/chunks/Chunk_2626_2650.txt",2643,"/home/chinmay/ChinmayPersonalProjects/gopdfsuit/internal/pdf/generator.go",1370,"go_perf_layer_data_structure_choice_small_enum_string_switch_map",false_positive,"Rule pattern is not supported by the shown snippet"
"/home/chinmay/ChinmayPersonalProjects/deslop/scripts/chunks/Chunk_2626_2650.txt",2644,"/home/chinmay/ChinmayPersonalProjects/gopdfsuit/internal/pdf/generator.go",1373,"go_perf_layer_caching_cache_key_built_with_fmt",true_positive,"Snippet matches the rule pattern in this function"
"/home/chinmay/ChinmayPersonalProjects/deslop/scripts/chunks/Chunk_2626_2650.txt",2645,"/home/chinmay/ChinmayPersonalProjects/gopdfsuit/internal/pdf/generator.go",1377,"fmt_hot_path",false_positive,"Rule pattern is not supported by the shown snippet"
"/home/chinmay/ChinmayPersonalProjects/deslop/scripts/chunks/Chunk_2626_2650.txt",2646,"/home/chinmay/ChinmayPersonalProjects/gopdfsuit/internal/pdf/generator.go",1380,"fmt_hot_path",false_positive,"Rule pattern is not supported by the shown snippet"
"/home/chinmay/ChinmayPersonalProjects/deslop/scripts/chunks/Chunk_2626_2650.txt",2647,"/home/chinmay/ChinmayPersonalProjects/gopdfsuit/internal/pdf/generator.go",1380,"sprintf_for_simple_int_to_string",true_positive,"Snippet matches the rule pattern in this function"
"/home/chinmay/ChinmayPersonalProjects/deslop/scripts/chunks/Chunk_2626_2650.txt",2648,"/home/chinmay/ChinmayPersonalProjects/gopdfsuit/internal/pdf/generator.go",1404,"fmt_hot_path",false_positive,"Rule pattern is not supported by the shown snippet"
"/home/chinmay/ChinmayPersonalProjects/deslop/scripts/chunks/Chunk_2626_2650.txt",2649,"/home/chinmay/ChinmayPersonalProjects/gopdfsuit/internal/pdf/generator.go",1414,"fmt_hot_path",false_positive,"Rule pattern is not supported by the shown snippet"
"/home/chinmay/ChinmayPersonalProjects/deslop/scripts/chunks/Chunk_2651_2675.txt",2650,"/home/chinmay/ChinmayPersonalProjects/gopdfsuit/internal/pdf/generator.go",1427,"fmt_hot_path",false_positive,"Rule pattern is not supported by the shown snippet"
"/home/chinmay/ChinmayPersonalProjects/deslop/scripts/chunks/Chunk_2651_2675.txt",2651,"/home/chinmay/ChinmayPersonalProjects/gopdfsuit/internal/pdf/generator.go",1427,"sprintf_for_simple_int_to_string",true_positive,"Snippet matches the rule pattern in this function"
"/home/chinmay/ChinmayPersonalProjects/deslop/scripts/chunks/Chunk_2651_2675.txt",2652,"/home/chinmay/ChinmayPersonalProjects/gopdfsuit/internal/pdf/generator.go",1439,"go_perf_layer_serialization_map_any_json_decode_in_hot_path",false_positive,"Rule pattern is not supported by the shown snippet"
"/home/chinmay/ChinmayPersonalProjects/deslop/scripts/chunks/Chunk_2651_2675.txt",2653,"/home/chinmay/ChinmayPersonalProjects/gopdfsuit/internal/pdf/generator.go",1440,"fmt_hot_path",false_positive,"Rule pattern is not supported by the shown snippet"
"/home/chinmay/ChinmayPersonalProjects/deslop/scripts/chunks/Chunk_2651_2675.txt",2654,"/home/chinmay/ChinmayPersonalProjects/gopdfsuit/internal/pdf/generator.go",1452,"go_perf_layer_async_concurrency_goroutine_per_item_without_worker_limit",false_positive,"Rule pattern is not supported by the shown snippet"
"/home/chinmay/ChinmayPersonalProjects/deslop/scripts/chunks/Chunk_2651_2675.txt",2655,"/home/chinmay/ChinmayPersonalProjects/gopdfsuit/internal/pdf/generator.go",1470,"go_perf_layer_caching_json_cache_value_stored_as_string",false_positive,"Rule pattern is not supported by the shown snippet"
"/home/chinmay/ChinmayPersonalProjects/deslop/scripts/chunks/Chunk_2651_2675.txt",2656,"/home/chinmay/ChinmayPersonalProjects/gopdfsuit/internal/pdf/generator.go",1470,"go_perf_layer_caching_unbounded_cache_map",false_positive,"Rule pattern is not supported by the shown snippet"
"/home/chinmay/ChinmayPersonalProjects/deslop/scripts/chunks/Chunk_2651_2675.txt",2657,"/home/chinmay/ChinmayPersonalProjects/gopdfsuit/internal/pdf/generator.go",1470,"go_perf_layer_collection_iteration_range_over_map_for_deterministic_first",false_positive,"Rule pattern is not supported by the shown snippet"
"/home/chinmay/ChinmayPersonalProjects/deslop/scripts/chunks/Chunk_2651_2675.txt",2658,"/home/chinmay/ChinmayPersonalProjects/gopdfsuit/internal/pdf/generator.go",1470,"go_perf_layer_data_structure_choice_interface_map_for_typed_values",false_positive,"Rule pattern is not supported by the shown snippet"
"/home/chinmay/ChinmayPersonalProjects/deslop/scripts/chunks/Chunk_2651_2675.txt",2659,"/home/chinmay/ChinmayPersonalProjects/gopdfsuit/internal/pdf/generator.go",1470,"go_perf_layer_data_structure_choice_map_string_bool_for_membership",false_positive,"Rule pattern is not supported by the shown snippet"
"/home/chinmay/ChinmayPersonalProjects/deslop/scripts/chunks/Chunk_2651_2675.txt",2660,"/home/chinmay/ChinmayPersonalProjects/gopdfsuit/internal/pdf/generator.go",1470,"go_perf_layer_data_structure_choice_small_enum_string_switch_map",false_positive,"Rule pattern is not supported by the shown snippet"
"/home/chinmay/ChinmayPersonalProjects/deslop/scripts/chunks/Chunk_2651_2675.txt",2661,"/home/chinmay/ChinmayPersonalProjects/gopdfsuit/internal/pdf/generator.go",1470,"go_perf_layer_database_access_rows_scan_into_map_per_row",false_positive,"Rule pattern is not supported by the shown snippet"
"/home/chinmay/ChinmayPersonalProjects/deslop/scripts/chunks/Chunk_2651_2675.txt",2662,"/home/chinmay/ChinmayPersonalProjects/gopdfsuit/internal/pdf/generator.go",1470,"go_perf_layer_memory_allocation_bytes_buffer_allocated_per_record",false_positive,"Rule pattern is not supported by the shown snippet"
"/home/chinmay/ChinmayPersonalProjects/deslop/scripts/chunks/Chunk_2651_2675.txt",2663,"/home/chinmay/ChinmayPersonalProjects/gopdfsuit/internal/pdf/generator.go",1470,"go_perf_layer_memory_allocation_map_recreated_for_static_lookup",false_positive,"Rule pattern is not supported by the shown snippet"
"/home/chinmay/ChinmayPersonalProjects/deslop/scripts/chunks/Chunk_2651_2675.txt",2664,"/home/chinmay/ChinmayPersonalProjects/gopdfsuit/internal/pdf/generator.go",1470,"go_perf_layer_string_handling_string_lower_for_case_insensitive_compare",false_positive,"Rule pattern is not supported by the shown snippet"
"/home/chinmay/ChinmayPersonalProjects/deslop/scripts/chunks/Chunk_2651_2675.txt",2665,"/home/chinmay/ChinmayPersonalProjects/gopdfsuit/internal/pdf/generator.go",1470,"go_perf_layer_string_handling_strings_join_single_element_loop",false_positive,"Rule pattern is not supported by the shown snippet"
"/home/chinmay/ChinmayPersonalProjects/deslop/scripts/chunks/Chunk_2651_2675.txt",2666,"/home/chinmay/ChinmayPersonalProjects/gopdfsuit/internal/pdf/generator.go",1483,"go_perf_layer_collection_iteration_manual_index_loop_without_bounds_need",false_positive,"Rule pattern is not supported by the shown snippet"
"/home/chinmay/ChinmayPersonalProjects/deslop/scripts/chunks/Chunk_2651_2675.txt",2667,"/home/chinmay/ChinmayPersonalProjects/gopdfsuit/internal/pdf/generator.go",1483,"go_perf_layer_network_calls_retry_loop_without_backoff",false_positive,"Rule pattern is not supported by the shown snippet"
"/home/chinmay/ChinmayPersonalProjects/deslop/scripts/chunks/Chunk_2651_2675.txt",2668,"/home/chinmay/ChinmayPersonalProjects/gopdfsuit/internal/pdf/generator.go",1503,"filter_then_count_then_iterate",false_positive,"Rule pattern is not supported by the shown snippet"
"/home/chinmay/ChinmayPersonalProjects/deslop/scripts/chunks/Chunk_2651_2675.txt",2669,"/home/chinmay/ChinmayPersonalProjects/gopdfsuit/internal/pdf/generator.go",1598,"overlong_name",false_positive,"Rule pattern is not supported by the shown snippet"
"/home/chinmay/ChinmayPersonalProjects/deslop/scripts/chunks/Chunk_2651_2675.txt",2670,"/home/chinmay/ChinmayPersonalProjects/gopdfsuit/internal/pdf/generator.go",1599,"go_perf_layer_caching_json_cache_value_stored_as_string",false_positive,"Rule pattern is not supported by the shown snippet"
"/home/chinmay/ChinmayPersonalProjects/deslop/scripts/chunks/Chunk_2651_2675.txt",2671,"/home/chinmay/ChinmayPersonalProjects/gopdfsuit/internal/pdf/generator.go",1599,"go_perf_layer_caching_unbounded_cache_map",false_positive,"Rule pattern is not supported by the shown snippet"
"/home/chinmay/ChinmayPersonalProjects/deslop/scripts/chunks/Chunk_2651_2675.txt",2672,"/home/chinmay/ChinmayPersonalProjects/gopdfsuit/internal/pdf/generator.go",1599,"go_perf_layer_collection_iteration_range_over_map_for_deterministic_first",false_positive,"Rule pattern is not supported by the shown snippet"
"/home/chinmay/ChinmayPersonalProjects/deslop/scripts/chunks/Chunk_2651_2675.txt",2673,"/home/chinmay/ChinmayPersonalProjects/gopdfsuit/internal/pdf/generator.go",1599,"go_perf_layer_data_structure_choice_interface_map_for_typed_values",false_positive,"Rule pattern is not supported by the shown snippet"
"/home/chinmay/ChinmayPersonalProjects/deslop/scripts/chunks/Chunk_2651_2675.txt",2674,"/home/chinmay/ChinmayPersonalProjects/gopdfsuit/internal/pdf/generator.go",1599,"go_perf_layer_data_structure_choice_map_string_bool_for_membership",false_positive,"Rule pattern is not supported by the shown snippet"
"/home/chinmay/ChinmayPersonalProjects/deslop/scripts/chunks/Chunk_2676_2700.txt",2675,"/home/chinmay/ChinmayPersonalProjects/gopdfsuit/internal/pdf/generator.go",1599,"go_perf_layer_data_structure_choice_small_enum_string_switch_map",false_positive,"Rule pattern is not supported by the shown snippet"
"/home/chinmay/ChinmayPersonalProjects/deslop/scripts/chunks/Chunk_2676_2700.txt",2676,"/home/chinmay/ChinmayPersonalProjects/gopdfsuit/internal/pdf/generator.go",1599,"go_perf_layer_database_access_rows_scan_into_map_per_row",false_positive,"Rule pattern is not supported by the shown snippet"
"/home/chinmay/ChinmayPersonalProjects/deslop/scripts/chunks/Chunk_2676_2700.txt",2677,"/home/chinmay/ChinmayPersonalProjects/gopdfsuit/internal/pdf/generator.go",1599,"go_perf_layer_memory_allocation_bytes_buffer_allocated_per_record",false_positive,"Rule pattern is not supported by the shown snippet"
"/home/chinmay/ChinmayPersonalProjects/deslop/scripts/chunks/Chunk_2676_2700.txt",2678,"/home/chinmay/ChinmayPersonalProjects/gopdfsuit/internal/pdf/generator.go",1599,"go_perf_layer_memory_allocation_map_recreated_for_static_lookup",false_positive,"Rule pattern is not supported by the shown snippet"
"/home/chinmay/ChinmayPersonalProjects/deslop/scripts/chunks/Chunk_2676_2700.txt",2679,"/home/chinmay/ChinmayPersonalProjects/gopdfsuit/internal/pdf/generator.go",1599,"go_perf_layer_string_handling_string_lower_for_case_insensitive_compare",false_positive,"Rule pattern is not supported by the shown snippet"
"/home/chinmay/ChinmayPersonalProjects/deslop/scripts/chunks/Chunk_2676_2700.txt",2680,"/home/chinmay/ChinmayPersonalProjects/gopdfsuit/internal/pdf/generator.go",1599,"go_perf_layer_string_handling_strings_join_single_element_loop",false_positive,"Rule pattern is not supported by the shown snippet"
"/home/chinmay/ChinmayPersonalProjects/deslop/scripts/chunks/Chunk_2676_2700.txt",2681,"/home/chinmay/ChinmayPersonalProjects/gopdfsuit/internal/pdf/generator.go",1618,"go_perf_layer_collection_iteration_manual_index_loop_without_bounds_need",false_positive,"Rule pattern is not supported by the shown snippet"
"/home/chinmay/ChinmayPersonalProjects/deslop/scripts/chunks/Chunk_2676_2700.txt",2682,"/home/chinmay/ChinmayPersonalProjects/gopdfsuit/internal/pdf/generator.go",1618,"go_perf_layer_network_calls_retry_loop_without_backoff",false_positive,"Rule pattern is not supported by the shown snippet"
"/home/chinmay/ChinmayPersonalProjects/deslop/scripts/chunks/Chunk_2676_2700.txt",2683,"/home/chinmay/ChinmayPersonalProjects/gopdfsuit/internal/pdf/generator.go",1628,"filter_then_count_then_iterate",false_positive,"Rule pattern is not supported by the shown snippet"
"/home/chinmay/ChinmayPersonalProjects/deslop/scripts/chunks/Chunk_2676_2700.txt",2684,"/home/chinmay/ChinmayPersonalProjects/gopdfsuit/internal/pdf/generator.go",1672,"go_perf_layer_memory_allocation_temporary_byte_slice_for_string_write",false_positive,"Rule pattern is not supported by the shown snippet"
"/home/chinmay/ChinmayPersonalProjects/deslop/scripts/chunks/Chunk_2676_2700.txt",2685,"/home/chinmay/ChinmayPersonalProjects/gopdfsuit/internal/pdf/generator.go",1672,"go_perf_layer_string_handling_byte_string_roundtrip_for_contains",false_positive,"Rule pattern is not supported by the shown snippet"
"/home/chinmay/ChinmayPersonalProjects/deslop/scripts/chunks/Chunk_2676_2700.txt",2686,"/home/chinmay/ChinmayPersonalProjects/gopdfsuit/internal/pdf/generator.go",1676,"go_perf_layer_memory_allocation_append_without_known_capacity",false_positive,"Rule pattern is not supported by the shown snippet"
"/home/chinmay/ChinmayPersonalProjects/deslop/scripts/chunks/Chunk_2676_2700.txt",2687,"/home/chinmay/ChinmayPersonalProjects/gopdfsuit/internal/pdf/generator.go",1688,"go_perf_layer_memory_allocation_temporary_byte_slice_for_string_write",false_positive,"Rule pattern is not supported by the shown snippet"
"/home/chinmay/ChinmayPersonalProjects/deslop/scripts/chunks/Chunk_2676_2700.txt",2688,"/home/chinmay/ChinmayPersonalProjects/gopdfsuit/internal/pdf/generator.go",1688,"go_perf_layer_string_handling_byte_string_roundtrip_for_contains",false_positive,"Rule pattern is not supported by the shown snippet"
"/home/chinmay/ChinmayPersonalProjects/deslop/scripts/chunks/Chunk_2676_2700.txt",2689,"/home/chinmay/ChinmayPersonalProjects/gopdfsuit/internal/pdf/generator.go",1689,"go_perf_layer_memory_allocation_append_without_known_capacity",false_positive,"Rule pattern is not supported by the shown snippet"
"/home/chinmay/ChinmayPersonalProjects/deslop/scripts/chunks/Chunk_2676_2700.txt",2690,"/home/chinmay/ChinmayPersonalProjects/gopdfsuit/internal/pdf/generator.go",1705,"go_perf_layer_memory_allocation_temporary_byte_slice_for_string_write",false_positive,"Rule pattern is not supported by the shown snippet"
"/home/chinmay/ChinmayPersonalProjects/deslop/scripts/chunks/Chunk_2676_2700.txt",2691,"/home/chinmay/ChinmayPersonalProjects/gopdfsuit/internal/pdf/generator.go",1705,"go_perf_layer_string_handling_byte_string_roundtrip_for_contains",false_positive,"Rule pattern is not supported by the shown snippet"
"/home/chinmay/ChinmayPersonalProjects/deslop/scripts/chunks/Chunk_2676_2700.txt",2692,"/home/chinmay/ChinmayPersonalProjects/gopdfsuit/internal/pdf/generator.go",1709,"go_perf_layer_memory_allocation_append_without_known_capacity",false_positive,"Rule pattern is not supported by the shown snippet"
"/home/chinmay/ChinmayPersonalProjects/deslop/scripts/chunks/Chunk_2676_2700.txt",2693,"/home/chinmay/ChinmayPersonalProjects/gopdfsuit/internal/pdf/generator.go",1727,"go_perf_layer_collection_iteration_len_called_after_materializing_channel",false_positive,"Rule pattern is not supported by the shown snippet"
"/home/chinmay/ChinmayPersonalProjects/deslop/scripts/chunks/Chunk_2676_2700.txt",2694,"/home/chinmay/ChinmayPersonalProjects/gopdfsuit/internal/pdf/generator.go",1727,"go_perf_layer_error_handling_cost_error_string_built_before_error_needed",false_positive,"Rule pattern is not supported by the shown snippet"
"/home/chinmay/ChinmayPersonalProjects/deslop/scripts/chunks/Chunk_2676_2700.txt",2695,"/home/chinmay/ChinmayPersonalProjects/gopdfsuit/internal/pdf/generator.go",1727,"go_perf_layer_string_handling_string_lower_for_case_insensitive_compare",false_positive,"Rule pattern is not supported by the shown snippet"
"/home/chinmay/ChinmayPersonalProjects/deslop/scripts/chunks/Chunk_2676_2700.txt",2696,"/home/chinmay/ChinmayPersonalProjects/gopdfsuit/internal/pdf/generator.go",1732,"go_perf_layer_database_access_query_inside_loop_without_batching",false_positive,"Rule pattern is not supported by the shown snippet"
"/home/chinmay/ChinmayPersonalProjects/deslop/scripts/chunks/Chunk_2676_2700.txt",2697,"/home/chinmay/ChinmayPersonalProjects/gopdfsuit/internal/pdf/generator.go",1734,"go_perf_layer_network_calls_retry_loop_without_backoff",false_positive,"Rule pattern is not supported by the shown snippet"
"/home/chinmay/ChinmayPersonalProjects/deslop/scripts/chunks/Chunk_2676_2700.txt",2698,"/home/chinmay/ChinmayPersonalProjects/gopdfsuit/internal/pdf/generator.go",1735,"go_perf_layer_io_operations_stat_before_open_without_branch",false_positive,"Rule pattern is not supported by the shown snippet"
"/home/chinmay/ChinmayPersonalProjects/deslop/scripts/chunks/Chunk_2676_2700.txt",2699,"/home/chinmay/ChinmayPersonalProjects/gopdfsuit/internal/pdf/generator.go",1754,"overlong_name",false_positive,"Rule pattern is not supported by the shown snippet"
"/home/chinmay/ChinmayPersonalProjects/deslop/scripts/chunks/Chunk_2701_2725.txt",2700,"/home/chinmay/ChinmayPersonalProjects/gopdfsuit/internal/pdf/generator.go",1755,"go_perf_layer_caching_json_cache_value_stored_as_string",false_positive,"Rule pattern is not supported by the shown snippet"
"/home/chinmay/ChinmayPersonalProjects/deslop/scripts/chunks/Chunk_2701_2725.txt",2701,"/home/chinmay/ChinmayPersonalProjects/gopdfsuit/internal/pdf/generator.go",1755,"go_perf_layer_caching_unbounded_cache_map",false_positive,"Rule pattern is not supported by the shown snippet"
"/home/chinmay/ChinmayPersonalProjects/deslop/scripts/chunks/Chunk_2701_2725.txt",2702,"/home/chinmay/ChinmayPersonalProjects/gopdfsuit/internal/pdf/generator.go",1755,"go_perf_layer_collection_iteration_range_over_map_for_deterministic_first",false_positive,"Rule pattern is not supported by the shown snippet"
"/home/chinmay/ChinmayPersonalProjects/deslop/scripts/chunks/Chunk_2701_2725.txt",2703,"/home/chinmay/ChinmayPersonalProjects/gopdfsuit/internal/pdf/generator.go",1755,"go_perf_layer_data_structure_choice_interface_map_for_typed_values",false_positive,"Rule pattern is not supported by the shown snippet"
"/home/chinmay/ChinmayPersonalProjects/deslop/scripts/chunks/Chunk_2701_2725.txt",2704,"/home/chinmay/ChinmayPersonalProjects/gopdfsuit/internal/pdf/generator.go",1755,"go_perf_layer_data_structure_choice_map_string_bool_for_membership",false_positive,"Rule pattern is not supported by the shown snippet"
"/home/chinmay/ChinmayPersonalProjects/deslop/scripts/chunks/Chunk_2701_2725.txt",2705,"/home/chinmay/ChinmayPersonalProjects/gopdfsuit/internal/pdf/generator.go",1755,"go_perf_layer_data_structure_choice_small_enum_string_switch_map",false_positive,"Rule pattern is not supported by the shown snippet"
"/home/chinmay/ChinmayPersonalProjects/deslop/scripts/chunks/Chunk_2701_2725.txt",2706,"/home/chinmay/ChinmayPersonalProjects/gopdfsuit/internal/pdf/generator.go",1755,"go_perf_layer_database_access_rows_scan_into_map_per_row",false_positive,"Rule pattern is not supported by the shown snippet"
"/home/chinmay/ChinmayPersonalProjects/deslop/scripts/chunks/Chunk_2701_2725.txt",2707,"/home/chinmay/ChinmayPersonalProjects/gopdfsuit/internal/pdf/generator.go",1755,"go_perf_layer_error_handling_cost_error_string_built_before_error_needed",false_positive,"Rule pattern is not supported by the shown snippet"
"/home/chinmay/ChinmayPersonalProjects/deslop/scripts/chunks/Chunk_2701_2725.txt",2708,"/home/chinmay/ChinmayPersonalProjects/gopdfsuit/internal/pdf/generator.go",1755,"go_perf_layer_memory_allocation_bytes_buffer_allocated_per_record",false_positive,"Rule pattern is not supported by the shown snippet"
"/home/chinmay/ChinmayPersonalProjects/deslop/scripts/chunks/Chunk_2701_2725.txt",2709,"/home/chinmay/ChinmayPersonalProjects/gopdfsuit/internal/pdf/generator.go",1755,"go_perf_layer_memory_allocation_map_recreated_for_static_lookup",false_positive,"Rule pattern is not supported by the shown snippet"
"/home/chinmay/ChinmayPersonalProjects/deslop/scripts/chunks/Chunk_2701_2725.txt",2710,"/home/chinmay/ChinmayPersonalProjects/gopdfsuit/internal/pdf/generator.go",1755,"go_perf_layer_string_handling_string_lower_for_case_insensitive_compare",false_positive,"Rule pattern is not supported by the shown snippet"
"/home/chinmay/ChinmayPersonalProjects/deslop/scripts/chunks/Chunk_2701_2725.txt",2711,"/home/chinmay/ChinmayPersonalProjects/gopdfsuit/internal/pdf/generator.go",1755,"go_perf_layer_string_handling_strings_join_single_element_loop",false_positive,"Rule pattern is not supported by the shown snippet"
"/home/chinmay/ChinmayPersonalProjects/deslop/scripts/chunks/Chunk_2701_2725.txt",2712,"/home/chinmay/ChinmayPersonalProjects/gopdfsuit/internal/pdf/generator.go",1764,"strings_splitn_two_index_zero_cut",true_positive,"Snippet matches the rule pattern in this function"
"/home/chinmay/ChinmayPersonalProjects/deslop/scripts/chunks/Chunk_2701_2725.txt",2713,"/home/chinmay/ChinmayPersonalProjects/gopdfsuit/internal/pdf/generator.go",1776,"go_perf_layer_network_calls_retry_loop_without_backoff",false_positive,"Rule pattern is not supported by the shown snippet"
"/home/chinmay/ChinmayPersonalProjects/deslop/scripts/chunks/Chunk_2701_2725.txt",2714,"/home/chinmay/ChinmayPersonalProjects/gopdfsuit/internal/pdf/generator.go",1784,"filter_then_count_then_iterate",false_positive,"Rule pattern is not supported by the shown snippet"
"/home/chinmay/ChinmayPersonalProjects/deslop/scripts/chunks/Chunk_2701_2725.txt",2715,"/home/chinmay/ChinmayPersonalProjects/gopdfsuit/internal/pdf/helpers.go",21,"go_perf_layer_algorithmic_complexity_repeated_nested_slice_scans",false_positive,"Rule pattern is not supported by the shown snippet"
"/home/chinmay/ChinmayPersonalProjects/deslop/scripts/chunks/Chunk_2701_2725.txt",2716,"/home/chinmay/ChinmayPersonalProjects/gopdfsuit/internal/pdf/helpers.go",21,"go_perf_layer_collection_iteration_copy_slice_before_readonly_range",false_positive,"Rule pattern is not supported by the shown snippet"
"/home/chinmay/ChinmayPersonalProjects/deslop/scripts/chunks/Chunk_2701_2725.txt",2717,"/home/chinmay/ChinmayPersonalProjects/gopdfsuit/internal/pdf/helpers.go",21,"go_perf_layer_collection_iteration_manual_index_loop_without_bounds_need",false_positive,"Rule pattern is not supported by the shown snippet"
"/home/chinmay/ChinmayPersonalProjects/deslop/scripts/chunks/Chunk_2701_2725.txt",2718,"/home/chinmay/ChinmayPersonalProjects/gopdfsuit/internal/pdf/helpers.go",21,"go_perf_layer_database_access_query_inside_loop_without_batching",false_positive,"Rule pattern is not supported by the shown snippet"
"/home/chinmay/ChinmayPersonalProjects/deslop/scripts/chunks/Chunk_2701_2725.txt",2719,"/home/chinmay/ChinmayPersonalProjects/gopdfsuit/internal/pdf/helpers.go",21,"go_perf_layer_network_calls_retry_loop_without_backoff",false_positive,"Rule pattern is not supported by the shown snippet"
"/home/chinmay/ChinmayPersonalProjects/deslop/scripts/chunks/Chunk_2701_2725.txt",2720,"/home/chinmay/ChinmayPersonalProjects/gopdfsuit/internal/pdf/helpers.go",22,"go_perf_layer_memory_allocation_temporary_byte_slice_for_string_write",false_positive,"Rule pattern is not supported by the shown snippet"
"/home/chinmay/ChinmayPersonalProjects/deslop/scripts/chunks/Chunk_2701_2725.txt",2721,"/home/chinmay/ChinmayPersonalProjects/gopdfsuit/internal/pdf/helpers.go",32,"go_perf_layer_collection_iteration_copy_slice_before_readonly_range",false_positive,"Rule pattern is not supported by the shown snippet"
"/home/chinmay/ChinmayPersonalProjects/deslop/scripts/chunks/Chunk_2701_2725.txt",2722,"/home/chinmay/ChinmayPersonalProjects/gopdfsuit/internal/pdf/helpers.go",39,"go_perf_layer_resource_pooling_buffer_pool_without_max_capacity",false_positive,"Rule pattern is not supported by the shown snippet"
"/home/chinmay/ChinmayPersonalProjects/deslop/scripts/chunks/Chunk_2701_2725.txt",2723,"/home/chinmay/ChinmayPersonalProjects/gopdfsuit/internal/pdf/helpers.go",48,"go_perf_layer_collection_iteration_copy_slice_before_readonly_range",false_positive,"Rule pattern is not supported by the shown snippet"
"/home/chinmay/ChinmayPersonalProjects/deslop/scripts/chunks/Chunk_2701_2725.txt",2724,"/home/chinmay/ChinmayPersonalProjects/gopdfsuit/internal/pdf/helpers.go",52,"go_perf_layer_resource_pooling_buffer_pool_without_max_capacity",false_positive,"Rule pattern is not supported by the shown snippet"
"/home/chinmay/ChinmayPersonalProjects/deslop/scripts/chunks/Chunk_2726_2750.txt",2725,"/home/chinmay/ChinmayPersonalProjects/gopdfsuit/internal/pdf/helpers.go",70,"go_perf_layer_caching_cache_key_built_with_fmt",false_positive,"Rule pattern is not supported by the shown snippet"
"/home/chinmay/ChinmayPersonalProjects/deslop/scripts/chunks/Chunk_2726_2750.txt",2726,"/home/chinmay/ChinmayPersonalProjects/gopdfsuit/internal/pdf/helpers.go",70,"go_perf_layer_string_handling_string_lower_for_case_insensitive_compare",false_positive,"Rule pattern is not supported by the shown snippet"
"/home/chinmay/ChinmayPersonalProjects/deslop/scripts/chunks/Chunk_2726_2750.txt",2727,"/home/chinmay/ChinmayPersonalProjects/gopdfsuit/internal/pdf/helpers.go",71,"go_perf_layer_caching_json_cache_value_stored_as_string",false_positive,"Rule pattern is not supported by the shown snippet"
"/home/chinmay/ChinmayPersonalProjects/deslop/scripts/chunks/Chunk_2726_2750.txt",2728,"/home/chinmay/ChinmayPersonalProjects/gopdfsuit/internal/pdf/helpers.go",71,"go_perf_layer_caching_unbounded_cache_map",false_positive,"Rule pattern is not supported by the shown snippet"
"/home/chinmay/ChinmayPersonalProjects/deslop/scripts/chunks/Chunk_2726_2750.txt",2729,"/home/chinmay/ChinmayPersonalProjects/gopdfsuit/internal/pdf/helpers.go",71,"go_perf_layer_database_access_query_inside_loop_without_batching",false_positive,"Rule pattern is not supported by the shown snippet"
"/home/chinmay/ChinmayPersonalProjects/deslop/scripts/chunks/Chunk_2726_2750.txt",2730,"/home/chinmay/ChinmayPersonalProjects/gopdfsuit/internal/pdf/helpers.go",72,"go_perf_layer_async_concurrency_context_timeout_allocated_per_inner_call",false_positive,"Rule pattern is not supported by the shown snippet"
"/home/chinmay/ChinmayPersonalProjects/deslop/scripts/chunks/Chunk_2726_2750.txt",2731,"/home/chinmay/ChinmayPersonalProjects/gopdfsuit/internal/pdf/helpers.go",72,"go_perf_layer_memory_allocation_temporary_byte_slice_for_string_write",false_positive,"Rule pattern is not supported by the shown snippet"
"/home/chinmay/ChinmayPersonalProjects/deslop/scripts/chunks/Chunk_2726_2750.txt",2732,"/home/chinmay/ChinmayPersonalProjects/gopdfsuit/internal/pdf/helpers.go",77,"go_perf_layer_collection_iteration_copy_slice_before_readonly_range",false_positive,"Rule pattern is not supported by the shown snippet"
"/home/chinmay/ChinmayPersonalProjects/deslop/scripts/chunks/Chunk_2726_2750.txt",2733,"/home/chinmay/ChinmayPersonalProjects/gopdfsuit/internal/pdf/helpers.go",78,"go_perf_layer_network_calls_retry_loop_without_backoff",false_positive,"Rule pattern is not supported by the shown snippet"
"/home/chinmay/ChinmayPersonalProjects/deslop/scripts/chunks/Chunk_2726_2750.txt",2734,"/home/chinmay/ChinmayPersonalProjects/gopdfsuit/internal/pdf/helpers.go",92,"go_perf_layer_network_calls_retry_loop_without_backoff",false_positive,"Rule pattern is not supported by the shown snippet"
"/home/chinmay/ChinmayPersonalProjects/deslop/scripts/chunks/Chunk_2726_2750.txt",2735,"/home/chinmay/ChinmayPersonalProjects/gopdfsuit/internal/pdf/helpers.go",100,"go_perf_layer_database_access_count_query_before_paged_fetch",false_positive,"Rule pattern is not supported by the shown snippet"
"/home/chinmay/ChinmayPersonalProjects/deslop/scripts/chunks/Chunk_2726_2750.txt",2736,"/home/chinmay/ChinmayPersonalProjects/gopdfsuit/internal/pdf/helpers.go",100,"go_perf_layer_database_access_query_inside_loop_without_batching",false_positive,"Rule pattern is not supported by the shown snippet"
"/home/chinmay/ChinmayPersonalProjects/deslop/scripts/chunks/Chunk_2726_2750.txt",2737,"/home/chinmay/ChinmayPersonalProjects/gopdfsuit/internal/pdf/helpers.go",100,"go_perf_layer_io_operations_scanner_used_for_large_token_stream",false_positive,"Rule pattern is not supported by the shown snippet"
"/home/chinmay/ChinmayPersonalProjects/deslop/scripts/chunks/Chunk_2726_2750.txt",2738,"/home/chinmay/ChinmayPersonalProjects/gopdfsuit/internal/pdf/helpers.go",100,"go_perf_layer_string_handling_byte_string_roundtrip_for_contains",false_positive,"Rule pattern is not supported by the shown snippet"
"/home/chinmay/ChinmayPersonalProjects/deslop/scripts/chunks/Chunk_2726_2750.txt",2739,"/home/chinmay/ChinmayPersonalProjects/gopdfsuit/internal/pdf/helpers.go",100,"go_perf_layer_string_handling_fmt_sprintf_for_simple_concat",true_positive,"Snippet matches the rule pattern in this function"
"/home/chinmay/ChinmayPersonalProjects/deslop/scripts/chunks/Chunk_2726_2750.txt",2740,"/home/chinmay/ChinmayPersonalProjects/gopdfsuit/internal/pdf/helpers.go",100,"go_perf_layer_string_handling_string_lower_for_case_insensitive_compare",false_positive,"Rule pattern is not supported by the shown snippet"
"/home/chinmay/ChinmayPersonalProjects/deslop/scripts/chunks/Chunk_2726_2750.txt",2741,"/home/chinmay/ChinmayPersonalProjects/gopdfsuit/internal/pdf/helpers.go",102,"go_perf_layer_algorithmic_complexity_repeated_nested_slice_scans",false_positive,"Rule pattern is not supported by the shown snippet"
"/home/chinmay/ChinmayPersonalProjects/deslop/scripts/chunks/Chunk_2726_2750.txt",2742,"/home/chinmay/ChinmayPersonalProjects/gopdfsuit/internal/pdf/helpers.go",102,"go_perf_layer_collection_iteration_copy_slice_before_readonly_range",false_positive,"Rule pattern is not supported by the shown snippet"
"/home/chinmay/ChinmayPersonalProjects/deslop/scripts/chunks/Chunk_2726_2750.txt",2743,"/home/chinmay/ChinmayPersonalProjects/gopdfsuit/internal/pdf/helpers.go",102,"go_perf_layer_collection_iteration_range_over_map_for_deterministic_first",false_positive,"Rule pattern is not supported by the shown snippet"
"/home/chinmay/ChinmayPersonalProjects/deslop/scripts/chunks/Chunk_2726_2750.txt",2744,"/home/chinmay/ChinmayPersonalProjects/gopdfsuit/internal/pdf/helpers.go",102,"go_perf_layer_database_access_rows_scan_into_map_per_row",false_positive,"Rule pattern is not supported by the shown snippet"
"/home/chinmay/ChinmayPersonalProjects/deslop/scripts/chunks/Chunk_2726_2750.txt",2745,"/home/chinmay/ChinmayPersonalProjects/gopdfsuit/internal/pdf/helpers.go",102,"go_perf_layer_network_calls_retry_loop_without_backoff",false_positive,"Rule pattern is not supported by the shown snippet"
"/home/chinmay/ChinmayPersonalProjects/deslop/scripts/chunks/Chunk_2726_2750.txt",2746,"/home/chinmay/ChinmayPersonalProjects/gopdfsuit/internal/pdf/helpers.go",103,"go_perf_layer_garbage_collection_cleanup_response_body_not_drained_for_reuse",false_positive,"Rule pattern is not supported by the shown snippet"
"/home/chinmay/ChinmayPersonalProjects/deslop/scripts/chunks/Chunk_2726_2750.txt",2747,"/home/chinmay/ChinmayPersonalProjects/gopdfsuit/internal/pdf/helpers.go",103,"go_perf_layer_serialization_gzip_writer_created_per_small_payload",false_positive,"Rule pattern is not supported by the shown snippet"
"/home/chinmay/ChinmayPersonalProjects/deslop/scripts/chunks/Chunk_2726_2750.txt",2748,"/home/chinmay/ChinmayPersonalProjects/gopdfsuit/internal/pdf/helpers.go",104,"go_perf_layer_memory_allocation_temporary_byte_slice_for_string_write",false_positive,"Rule pattern is not supported by the shown snippet"
"/home/chinmay/ChinmayPersonalProjects/deslop/scripts/chunks/Chunk_2726_2750.txt",2749,"/home/chinmay/ChinmayPersonalProjects/gopdfsuit/internal/pdf/helpers.go",108,"regexp_compile_in_hot_path",true_positive,"Snippet matches the rule pattern in this function"
"/home/chinmay/ChinmayPersonalProjects/deslop/scripts/chunks/Chunk_2751_2775.txt",2750,"/home/chinmay/ChinmayPersonalProjects/gopdfsuit/internal/pdf/helpers.go",114,"go_perf_layer_error_handling_cost_error_string_built_before_error_needed",false_positive,"Rule pattern is not supported by the shown snippet"
"/home/chinmay/ChinmayPersonalProjects/deslop/scripts/chunks/Chunk_2751_2775.txt",2751,"/home/chinmay/ChinmayPersonalProjects/gopdfsuit/internal/pdf/helpers.go",141,"go_perf_layer_data_structure_choice_interface_map_for_typed_values",false_positive,"Rule pattern is not supported by the shown snippet"
"/home/chinmay/ChinmayPersonalProjects/deslop/scripts/chunks/Chunk_2751_2775.txt",2752,"/home/chinmay/ChinmayPersonalProjects/gopdfsuit/internal/pdf/helpers.go",141,"go_perf_layer_data_structure_choice_map_string_bool_for_membership",false_positive,"Rule pattern is not supported by the shown snippet"
"/home/chinmay/ChinmayPersonalProjects/deslop/scripts/chunks/Chunk_2751_2775.txt",2753,"/home/chinmay/ChinmayPersonalProjects/gopdfsuit/internal/pdf/helpers.go",141,"go_perf_layer_data_structure_choice_small_enum_string_switch_map",false_positive,"Rule pattern is not supported by the shown snippet"
"/home/chinmay/ChinmayPersonalProjects/deslop/scripts/chunks/Chunk_2751_2775.txt",2754,"/home/chinmay/ChinmayPersonalProjects/gopdfsuit/internal/pdf/helpers.go",147,"regexp_compile_in_hot_path",true_positive,"Snippet matches the rule pattern in this function"
"/home/chinmay/ChinmayPersonalProjects/deslop/scripts/chunks/Chunk_2751_2775.txt",2755,"/home/chinmay/ChinmayPersonalProjects/gopdfsuit/internal/pdf/helpers.go",149,"go_perf_layer_caching_json_cache_value_stored_as_string",false_positive,"Rule pattern is not supported by the shown snippet"
"/home/chinmay/ChinmayPersonalProjects/deslop/scripts/chunks/Chunk_2751_2775.txt",2756,"/home/chinmay/ChinmayPersonalProjects/gopdfsuit/internal/pdf/helpers.go",151,"go_perf_layer_caching_cache_key_built_with_fmt",true_positive,"Snippet matches the rule pattern in this function"
"/home/chinmay/ChinmayPersonalProjects/deslop/scripts/chunks/Chunk_2751_2775.txt",2757,"/home/chinmay/ChinmayPersonalProjects/gopdfsuit/internal/pdf/helpers.go",152,"go_perf_layer_caching_unbounded_cache_map",false_positive,"Rule pattern is not supported by the shown snippet"
"/home/chinmay/ChinmayPersonalProjects/deslop/scripts/chunks/Chunk_2751_2775.txt",2758,"/home/chinmay/ChinmayPersonalProjects/gopdfsuit/internal/pdf/helpers.go",152,"go_perf_layer_memory_allocation_map_recreated_for_static_lookup",false_positive,"Rule pattern is not supported by the shown snippet"
"/home/chinmay/ChinmayPersonalProjects/deslop/scripts/chunks/Chunk_2751_2775.txt",2759,"/home/chinmay/ChinmayPersonalProjects/gopdfsuit/internal/pdf/helpers.go",161,"fmt_hot_path",false_positive,"Rule pattern is not supported by the shown snippet"
"/home/chinmay/ChinmayPersonalProjects/deslop/scripts/chunks/Chunk_2751_2775.txt",2760,"/home/chinmay/ChinmayPersonalProjects/gopdfsuit/internal/pdf/image.go",21,"go_perf_layer_string_handling_fmt_sprintf_for_simple_concat",true_positive,"Snippet matches the rule pattern in this function"
"/home/chinmay/ChinmayPersonalProjects/deslop/scripts/chunks/Chunk_2751_2775.txt",2761,"/home/chinmay/ChinmayPersonalProjects/gopdfsuit/internal/pdf/image.go",35,"rwmutex_without_clear_read_heavy_signal",false_positive,"Rule pattern is not supported by the shown snippet"
"/home/chinmay/ChinmayPersonalProjects/deslop/scripts/chunks/Chunk_2751_2775.txt",2762,"/home/chinmay/ChinmayPersonalProjects/gopdfsuit/internal/pdf/image.go",50,"go_perf_layer_network_calls_retry_loop_without_backoff",false_positive,"Rule pattern is not supported by the shown snippet"
"/home/chinmay/ChinmayPersonalProjects/deslop/scripts/chunks/Chunk_2751_2775.txt",2763,"/home/chinmay/ChinmayPersonalProjects/gopdfsuit/internal/pdf/image.go",50,"range_over_string_by_index",false_positive,"Rule pattern is not supported by the shown snippet"
"/home/chinmay/ChinmayPersonalProjects/deslop/scripts/chunks/Chunk_2751_2775.txt",2764,"/home/chinmay/ChinmayPersonalProjects/gopdfsuit/internal/pdf/image.go",59,"go_perf_layer_caching_unbounded_cache_map",false_positive,"Rule pattern is not supported by the shown snippet"
"/home/chinmay/ChinmayPersonalProjects/deslop/scripts/chunks/Chunk_2751_2775.txt",2765,"/home/chinmay/ChinmayPersonalProjects/gopdfsuit/internal/pdf/image.go",60,"go_perf_layer_memory_allocation_map_recreated_for_static_lookup",false_positive,"Rule pattern is not supported by the shown snippet"
"/home/chinmay/ChinmayPersonalProjects/deslop/scripts/chunks/Chunk_2751_2775.txt",2766,"/home/chinmay/ChinmayPersonalProjects/gopdfsuit/internal/pdf/image.go",66,"go_perf_layer_garbage_collection_cleanup_response_body_not_drained_for_reuse",false_positive,"Rule pattern is not supported by the shown snippet"
"/home/chinmay/ChinmayPersonalProjects/deslop/scripts/chunks/Chunk_2751_2775.txt",2767,"/home/chinmay/ChinmayPersonalProjects/gopdfsuit/internal/pdf/image.go",66,"go_perf_layer_memory_allocation_temporary_byte_slice_for_string_write",false_positive,"Rule pattern is not supported by the shown snippet"
"/home/chinmay/ChinmayPersonalProjects/deslop/scripts/chunks/Chunk_2751_2775.txt",2768,"/home/chinmay/ChinmayPersonalProjects/gopdfsuit/internal/pdf/image.go",66,"go_perf_layer_resource_pooling_worker_pool_without_shutdown_backpressure",false_positive,"Rule pattern is not supported by the shown snippet"
"/home/chinmay/ChinmayPersonalProjects/deslop/scripts/chunks/Chunk_2751_2775.txt",2769,"/home/chinmay/ChinmayPersonalProjects/gopdfsuit/internal/pdf/image.go",66,"http_response_body_not_closed",false_positive,"Rule pattern is not supported by the shown snippet"
"/home/chinmay/ChinmayPersonalProjects/deslop/scripts/chunks/Chunk_2751_2775.txt",2770,"/home/chinmay/ChinmayPersonalProjects/gopdfsuit/internal/pdf/image.go",66,"type_assertion_without_comma_ok",false_positive,"Rule pattern is not supported by the shown snippet"
"/home/chinmay/ChinmayPersonalProjects/deslop/scripts/chunks/Chunk_2751_2775.txt",2771,"/home/chinmay/ChinmayPersonalProjects/gopdfsuit/internal/pdf/image.go",77,"go_perf_layer_resource_pooling_buffer_pool_without_max_capacity",false_positive,"Rule pattern is not supported by the shown snippet"
"/home/chinmay/ChinmayPersonalProjects/deslop/scripts/chunks/Chunk_2751_2775.txt",2772,"/home/chinmay/ChinmayPersonalProjects/gopdfsuit/internal/pdf/image.go",77,"go_perf_layer_resource_pooling_worker_pool_without_shutdown_backpressure",false_positive,"Rule pattern is not supported by the shown snippet"
"/home/chinmay/ChinmayPersonalProjects/deslop/scripts/chunks/Chunk_2751_2775.txt",2773,"/home/chinmay/ChinmayPersonalProjects/gopdfsuit/internal/pdf/image.go",96,"go_perf_layer_algorithmic_complexity_quadratic_append_filter_pipeline",false_positive,"Rule pattern is not supported by the shown snippet"
"/home/chinmay/ChinmayPersonalProjects/deslop/scripts/chunks/Chunk_2751_2775.txt",2774,"/home/chinmay/ChinmayPersonalProjects/gopdfsuit/internal/pdf/image.go",96,"go_perf_layer_data_structure_choice_interface_map_for_typed_values",false_positive,"Rule pattern is not supported by the shown snippet"
"/home/chinmay/ChinmayPersonalProjects/deslop/scripts/chunks/Chunk_2776_2800.txt",2775,"/home/chinmay/ChinmayPersonalProjects/gopdfsuit/internal/pdf/image.go",96,"go_perf_layer_serialization_map_any_json_decode_in_hot_path",false_positive,"Rule pattern is not supported by the shown snippet"
"/home/chinmay/ChinmayPersonalProjects/deslop/scripts/chunks/Chunk_2776_2800.txt",2776,"/home/chinmay/ChinmayPersonalProjects/gopdfsuit/internal/pdf/image.go",97,"go_perf_layer_serialization_gzip_writer_created_per_small_payload",false_positive,"Rule pattern is not supported by the shown snippet"
"/home/chinmay/ChinmayPersonalProjects/deslop/scripts/chunks/Chunk_2776_2800.txt",2777,"/home/chinmay/ChinmayPersonalProjects/gopdfsuit/internal/pdf/image.go",98,"go_perf_layer_caching_json_cache_value_stored_as_string",false_positive,"Rule pattern is not supported by the shown snippet"
"/home/chinmay/ChinmayPersonalProjects/deslop/scripts/chunks/Chunk_2776_2800.txt",2778,"/home/chinmay/ChinmayPersonalProjects/gopdfsuit/internal/pdf/image.go",98,"go_perf_layer_data_structure_choice_small_enum_string_switch_map",false_positive,"Rule pattern is not supported by the shown snippet"
"/home/chinmay/ChinmayPersonalProjects/deslop/scripts/chunks/Chunk_2776_2800.txt",2779,"/home/chinmay/ChinmayPersonalProjects/gopdfsuit/internal/pdf/image.go",98,"go_perf_layer_error_handling_cost_error_string_built_before_error_needed",false_positive,"Rule pattern is not supported by the shown snippet"
"/home/chinmay/ChinmayPersonalProjects/deslop/scripts/chunks/Chunk_2776_2800.txt",2780,"/home/chinmay/ChinmayPersonalProjects/gopdfsuit/internal/pdf/image.go",98,"go_perf_layer_framework_performance_template_execute_to_string_then_write",false_positive,"Rule pattern is not supported by the shown snippet"
"/home/chinmay/ChinmayPersonalProjects/deslop/scripts/chunks/Chunk_2776_2800.txt",2781,"/home/chinmay/ChinmayPersonalProjects/gopdfsuit/internal/pdf/image.go",98,"go_perf_layer_memory_allocation_temporary_byte_slice_for_string_write",true_positive,"Snippet matches the rule pattern in this function"
"/home/chinmay/ChinmayPersonalProjects/deslop/scripts/chunks/Chunk_2776_2800.txt",2782,"/home/chinmay/ChinmayPersonalProjects/gopdfsuit/internal/pdf/image.go",98,"go_perf_layer_string_handling_byte_string_roundtrip_for_contains",false_positive,"Rule pattern is not supported by the shown snippet"
"/home/chinmay/ChinmayPersonalProjects/deslop/scripts/chunks/Chunk_2776_2800.txt",2783,"/home/chinmay/ChinmayPersonalProjects/gopdfsuit/internal/pdf/image.go",98,"go_perf_layer_string_handling_string_lower_for_case_insensitive_compare",false_positive,"Rule pattern is not supported by the shown snippet"
"/home/chinmay/ChinmayPersonalProjects/deslop/scripts/chunks/Chunk_2776_2800.txt",2784,"/home/chinmay/ChinmayPersonalProjects/gopdfsuit/internal/pdf/image.go",105,"go_perf_layer_algorithmic_complexity_repeated_nested_slice_scans",false_positive,"Rule pattern is not supported by the shown snippet"
"/home/chinmay/ChinmayPersonalProjects/deslop/scripts/chunks/Chunk_2776_2800.txt",2785,"/home/chinmay/ChinmayPersonalProjects/gopdfsuit/internal/pdf/image.go",105,"go_perf_layer_caching_cache_miss_does_duplicate_work",false_positive,"Rule pattern is not supported by the shown snippet"
"/home/chinmay/ChinmayPersonalProjects/deslop/scripts/chunks/Chunk_2776_2800.txt",2786,"/home/chinmay/ChinmayPersonalProjects/gopdfsuit/internal/pdf/image.go",105,"go_perf_layer_caching_unbounded_cache_map",false_positive,"Rule pattern is not supported by the shown snippet"
"/home/chinmay/ChinmayPersonalProjects/deslop/scripts/chunks/Chunk_2776_2800.txt",2787,"/home/chinmay/ChinmayPersonalProjects/gopdfsuit/internal/pdf/image.go",105,"go_perf_layer_collection_iteration_copy_slice_before_readonly_range",false_positive,"Rule pattern is not supported by the shown snippet"
"/home/chinmay/ChinmayPersonalProjects/deslop/scripts/chunks/Chunk_2776_2800.txt",2788,"/home/chinmay/ChinmayPersonalProjects/gopdfsuit/internal/pdf/image.go",105,"go_perf_layer_hot_path_optimization_allocation_in_hash_or_less_func",false_positive,"Rule pattern is not supported by the shown snippet"
"/home/chinmay/ChinmayPersonalProjects/deslop/scripts/chunks/Chunk_2776_2800.txt",2789,"/home/chinmay/ChinmayPersonalProjects/gopdfsuit/internal/pdf/image.go",105,"go_perf_layer_hot_path_optimization_defer_for_simple_unlock_in_hot_loop",false_positive,"Rule pattern is not supported by the shown snippet"
"/home/chinmay/ChinmayPersonalProjects/deslop/scripts/chunks/Chunk_2776_2800.txt",2790,"/home/chinmay/ChinmayPersonalProjects/gopdfsuit/internal/pdf/image.go",105,"go_perf_layer_io_operations_scanner_used_for_large_token_stream",false_positive,"Rule pattern is not supported by the shown snippet"
"/home/chinmay/ChinmayPersonalProjects/deslop/scripts/chunks/Chunk_2776_2800.txt",2791,"/home/chinmay/ChinmayPersonalProjects/gopdfsuit/internal/pdf/image.go",105,"go_perf_layer_network_calls_retry_loop_without_backoff",false_positive,"Rule pattern is not supported by the shown snippet"
"/home/chinmay/ChinmayPersonalProjects/deslop/scripts/chunks/Chunk_2776_2800.txt",2792,"/home/chinmay/ChinmayPersonalProjects/gopdfsuit/internal/pdf/image.go",107,"go_perf_layer_async_concurrency_mutex_held_during_slow_call",false_positive,"Rule pattern is not supported by the shown snippet"
"/home/chinmay/ChinmayPersonalProjects/deslop/scripts/chunks/Chunk_2776_2800.txt",2793,"/home/chinmay/ChinmayPersonalProjects/gopdfsuit/internal/pdf/image.go",110,"go_perf_layer_async_concurrency_context_timeout_allocated_per_inner_call",false_positive,"Rule pattern is not supported by the shown snippet"
"/home/chinmay/ChinmayPersonalProjects/deslop/scripts/chunks/Chunk_2776_2800.txt",2794,"/home/chinmay/ChinmayPersonalProjects/gopdfsuit/internal/pdf/image.go",110,"go_perf_layer_error_handling_cost_sentinel_error_allocated_per_call",false_positive,"Rule pattern is not supported by the shown snippet"
"/home/chinmay/ChinmayPersonalProjects/deslop/scripts/chunks/Chunk_2776_2800.txt",2795,"/home/chinmay/ChinmayPersonalProjects/gopdfsuit/internal/pdf/image.go",116,"go_perf_layer_database_access_query_inside_loop_without_batching",false_positive,"Rule pattern is not supported by the shown snippet"
"/home/chinmay/ChinmayPersonalProjects/deslop/scripts/chunks/Chunk_2776_2800.txt",2796,"/home/chinmay/ChinmayPersonalProjects/gopdfsuit/internal/pdf/image.go",123,"go_perf_layer_memory_allocation_bytes_buffer_allocated_per_record",false_positive,"Rule pattern is not supported by the shown snippet"
"/home/chinmay/ChinmayPersonalProjects/deslop/scripts/chunks/Chunk_2776_2800.txt",2797,"/home/chinmay/ChinmayPersonalProjects/gopdfsuit/internal/pdf/image.go",124,"go_perf_layer_error_handling_cost_multierror_append_for_success_path",false_positive,"Rule pattern is not supported by the shown snippet"
"/home/chinmay/ChinmayPersonalProjects/deslop/scripts/chunks/Chunk_2776_2800.txt",2798,"/home/chinmay/ChinmayPersonalProjects/gopdfsuit/internal/pdf/image.go",126,"error_wrapping_misuse",false_positive,"Rule pattern is not supported by the shown snippet"
"/home/chinmay/ChinmayPersonalProjects/deslop/scripts/chunks/Chunk_2776_2800.txt",2799,"/home/chinmay/ChinmayPersonalProjects/gopdfsuit/internal/pdf/image.go",126,"fmt_errorf_without_wrap_verb",false_positive,"Rule pattern is not supported by the shown snippet"
"/home/chinmay/ChinmayPersonalProjects/deslop/scripts/chunks/Chunk_2801_2825.txt",2800,"/home/chinmay/ChinmayPersonalProjects/gopdfsuit/internal/pdf/image.go",148,"go_perf_layer_io_operations_small_writes_without_bufio_writer",true_positive,"Snippet matches the rule pattern in this function"
"/home/chinmay/ChinmayPersonalProjects/deslop/scripts/chunks/Chunk_2801_2825.txt",2801,"/home/chinmay/ChinmayPersonalProjects/gopdfsuit/internal/pdf/image.go",150,"error_wrapping_misuse",false_positive,"Rule pattern is not supported by the shown snippet"
"/home/chinmay/ChinmayPersonalProjects/deslop/scripts/chunks/Chunk_2801_2825.txt",2802,"/home/chinmay/ChinmayPersonalProjects/gopdfsuit/internal/pdf/image.go",150,"fmt_errorf_without_wrap_verb",false_positive,"Rule pattern is not supported by the shown snippet"
"/home/chinmay/ChinmayPersonalProjects/deslop/scripts/chunks/Chunk_2801_2825.txt",2803,"/home/chinmay/ChinmayPersonalProjects/gopdfsuit/internal/pdf/image.go",176,"go_perf_layer_garbage_collection_cleanup_sync_pool_stores_large_unbounded_buffers",false_positive,"Rule pattern is not supported by the shown snippet"
"/home/chinmay/ChinmayPersonalProjects/deslop/scripts/chunks/Chunk_2801_2825.txt",2804,"/home/chinmay/ChinmayPersonalProjects/gopdfsuit/internal/pdf/image.go",176,"go_perf_layer_resource_pooling_buffer_pool_without_max_capacity",false_positive,"Rule pattern is not supported by the shown snippet"
"/home/chinmay/ChinmayPersonalProjects/deslop/scripts/chunks/Chunk_2801_2825.txt",2805,"/home/chinmay/ChinmayPersonalProjects/gopdfsuit/internal/pdf/image.go",190,"go_perf_layer_resource_pooling_db_pool_created_per_repository",false_positive,"Rule pattern is not supported by the shown snippet"
"/home/chinmay/ChinmayPersonalProjects/deslop/scripts/chunks/Chunk_2801_2825.txt",2806,"/home/chinmay/ChinmayPersonalProjects/gopdfsuit/internal/pdf/image.go",203,"copy_append_idiom_waste",true_positive,"Snippet matches the rule pattern in this function"
"/home/chinmay/ChinmayPersonalProjects/deslop/scripts/chunks/Chunk_2801_2825.txt",2807,"/home/chinmay/ChinmayPersonalProjects/gopdfsuit/internal/pdf/image.go",203,"go_perf_layer_memory_allocation_append_without_known_capacity",true_positive,"Snippet matches the rule pattern in this function"
"/home/chinmay/ChinmayPersonalProjects/deslop/scripts/chunks/Chunk_2801_2825.txt",2808,"/home/chinmay/ChinmayPersonalProjects/gopdfsuit/internal/pdf/image.go",236,"copy_append_idiom_waste",true_positive,"Snippet matches the rule pattern in this function"
"/home/chinmay/ChinmayPersonalProjects/deslop/scripts/chunks/Chunk_2801_2825.txt",2809,"/home/chinmay/ChinmayPersonalProjects/gopdfsuit/internal/pdf/image.go",257,"go_perf_layer_async_concurrency_channel_buffer_too_small_for_known_burst",false_positive,"Rule pattern is not supported by the shown snippet"
"/home/chinmay/ChinmayPersonalProjects/deslop/scripts/chunks/Chunk_2801_2825.txt",2810,"/home/chinmay/ChinmayPersonalProjects/gopdfsuit/internal/pdf/image.go",257,"go_perf_layer_io_operations_small_writes_without_bufio_writer",false_positive,"Rule pattern is not supported by the shown snippet"
"/home/chinmay/ChinmayPersonalProjects/deslop/scripts/chunks/Chunk_2801_2825.txt",2811,"/home/chinmay/ChinmayPersonalProjects/gopdfsuit/internal/pdf/image.go",257,"go_perf_layer_memory_allocation_bytes_buffer_allocated_per_record",false_positive,"Rule pattern is not supported by the shown snippet"
"/home/chinmay/ChinmayPersonalProjects/deslop/scripts/chunks/Chunk_2801_2825.txt",2812,"/home/chinmay/ChinmayPersonalProjects/gopdfsuit/internal/pdf/image.go",262,"go_perf_layer_database_access_rows_scan_into_map_per_row",false_positive,"Rule pattern is not supported by the shown snippet"
"/home/chinmay/ChinmayPersonalProjects/deslop/scripts/chunks/Chunk_2801_2825.txt",2813,"/home/chinmay/ChinmayPersonalProjects/gopdfsuit/internal/pdf/image.go",262,"go_perf_layer_network_calls_retry_loop_without_backoff",false_positive,"Rule pattern is not supported by the shown snippet"
"/home/chinmay/ChinmayPersonalProjects/deslop/scripts/chunks/Chunk_2801_2825.txt",2814,"/home/chinmay/ChinmayPersonalProjects/gopdfsuit/internal/pdf/image.go",320,"go_perf_layer_async_concurrency_channel_buffer_too_small_for_known_burst",false_positive,"Rule pattern is not supported by the shown snippet"
"/home/chinmay/ChinmayPersonalProjects/deslop/scripts/chunks/Chunk_2801_2825.txt",2815,"/home/chinmay/ChinmayPersonalProjects/gopdfsuit/internal/pdf/image.go",320,"go_perf_layer_data_structure_choice_small_enum_string_switch_map",false_positive,"Rule pattern is not supported by the shown snippet"
"/home/chinmay/ChinmayPersonalProjects/deslop/scripts/chunks/Chunk_2801_2825.txt",2816,"/home/chinmay/ChinmayPersonalProjects/gopdfsuit/internal/pdf/image.go",320,"go_perf_layer_io_operations_small_writes_without_bufio_writer",false_positive,"Rule pattern is not supported by the shown snippet"
"/home/chinmay/ChinmayPersonalProjects/deslop/scripts/chunks/Chunk_2801_2825.txt",2817,"/home/chinmay/ChinmayPersonalProjects/gopdfsuit/internal/pdf/image.go",320,"go_perf_layer_memory_allocation_bytes_buffer_allocated_per_record",false_positive,"Rule pattern is not supported by the shown snippet"
"/home/chinmay/ChinmayPersonalProjects/deslop/scripts/chunks/Chunk_2801_2825.txt",2818,"/home/chinmay/ChinmayPersonalProjects/gopdfsuit/internal/pdf/image.go",325,"go_perf_layer_collection_iteration_copy_slice_before_readonly_range",false_positive,"Rule pattern is not supported by the shown snippet"
"/home/chinmay/ChinmayPersonalProjects/deslop/scripts/chunks/Chunk_2801_2825.txt",2819,"/home/chinmay/ChinmayPersonalProjects/gopdfsuit/internal/pdf/image.go",325,"go_perf_layer_database_access_rows_scan_into_map_per_row",false_positive,"Rule pattern is not supported by the shown snippet"
"/home/chinmay/ChinmayPersonalProjects/deslop/scripts/chunks/Chunk_2801_2825.txt",2820,"/home/chinmay/ChinmayPersonalProjects/gopdfsuit/internal/pdf/image.go",325,"go_perf_layer_network_calls_retry_loop_without_backoff",false_positive,"Rule pattern is not supported by the shown snippet"
"/home/chinmay/ChinmayPersonalProjects/deslop/scripts/chunks/Chunk_2801_2825.txt",2821,"/home/chinmay/ChinmayPersonalProjects/gopdfsuit/internal/pdf/image.go",443,"go_perf_layer_memory_allocation_bytes_buffer_allocated_per_record",false_positive,"Rule pattern is not supported by the shown snippet"
"/home/chinmay/ChinmayPersonalProjects/deslop/scripts/chunks/Chunk_2801_2825.txt",2822,"/home/chinmay/ChinmayPersonalProjects/gopdfsuit/internal/pdf/image.go",443,"go_perf_layer_memory_allocation_temporary_byte_slice_for_string_write",false_positive,"Rule pattern is not supported by the shown snippet"
"/home/chinmay/ChinmayPersonalProjects/deslop/scripts/chunks/Chunk_2801_2825.txt",2823,"/home/chinmay/ChinmayPersonalProjects/gopdfsuit/internal/pdf/image.go",443,"go_perf_layer_string_handling_byte_string_roundtrip_for_contains",false_positive,"Rule pattern is not supported by the shown snippet"
"/home/chinmay/ChinmayPersonalProjects/deslop/scripts/chunks/Chunk_2801_2825.txt",2824,"/home/chinmay/ChinmayPersonalProjects/gopdfsuit/internal/pdf/image.go",453,"go_perf_layer_io_operations_scanner_used_for_large_token_stream",false_positive,"Rule pattern is not supported by the shown snippet"
"/home/chinmay/ChinmayPersonalProjects/deslop/scripts/chunks/Chunk_2826_2850.txt",2825,"/home/chinmay/ChinmayPersonalProjects/gopdfsuit/internal/pdf/image.go",455,"go_perf_layer_io_operations_small_writes_without_bufio_writer",true_positive,"Snippet matches the rule pattern in this function"
"/home/chinmay/ChinmayPersonalProjects/deslop/scripts/chunks/Chunk_2826_2850.txt",2826,"/home/chinmay/ChinmayPersonalProjects/gopdfsuit/internal/pdf/image.go",461,"go_perf_layer_network_calls_retry_loop_without_backoff",false_positive,"Rule pattern is not supported by the shown snippet"
"/home/chinmay/ChinmayPersonalProjects/deslop/scripts/chunks/Chunk_2826_2850.txt",2827,"/home/chinmay/ChinmayPersonalProjects/gopdfsuit/internal/pdf/image.go",475,"go_perf_layer_database_access_query_inside_loop_without_batching",false_positive,"Rule pattern is not supported by the shown snippet"
"/home/chinmay/ChinmayPersonalProjects/deslop/scripts/chunks/Chunk_2826_2850.txt",2828,"/home/chinmay/ChinmayPersonalProjects/gopdfsuit/internal/pdf/image.go",500,"go_perf_layer_memory_allocation_bytes_buffer_allocated_per_record",false_positive,"Rule pattern is not supported by the shown snippet"
"/home/chinmay/ChinmayPersonalProjects/deslop/scripts/chunks/Chunk_2826_2850.txt",2829,"/home/chinmay/ChinmayPersonalProjects/gopdfsuit/internal/pdf/image.go",500,"go_perf_layer_memory_allocation_temporary_byte_slice_for_string_write",false_positive,"Rule pattern is not supported by the shown snippet"
"/home/chinmay/ChinmayPersonalProjects/deslop/scripts/chunks/Chunk_2826_2850.txt",2830,"/home/chinmay/ChinmayPersonalProjects/gopdfsuit/internal/pdf/image.go",500,"go_perf_layer_string_handling_byte_string_roundtrip_for_contains",false_positive,"Rule pattern is not supported by the shown snippet"
"/home/chinmay/ChinmayPersonalProjects/deslop/scripts/chunks/Chunk_2826_2850.txt",2831,"/home/chinmay/ChinmayPersonalProjects/gopdfsuit/internal/pdf/image.go",502,"go_perf_layer_io_operations_scanner_used_for_large_token_stream",false_positive,"Rule pattern is not supported by the shown snippet"
"/home/chinmay/ChinmayPersonalProjects/deslop/scripts/chunks/Chunk_2826_2850.txt",2832,"/home/chinmay/ChinmayPersonalProjects/gopdfsuit/internal/pdf/image.go",515,"go_perf_layer_io_operations_small_writes_without_bufio_writer",true_positive,"Snippet matches the rule pattern in this function"
"/home/chinmay/ChinmayPersonalProjects/deslop/scripts/chunks/Chunk_2826_2850.txt",2833,"/home/chinmay/ChinmayPersonalProjects/gopdfsuit/internal/pdf/image.go",521,"go_perf_layer_network_calls_retry_loop_without_backoff",false_positive,"Rule pattern is not supported by the shown snippet"
"/home/chinmay/ChinmayPersonalProjects/deslop/scripts/chunks/Chunk_2826_2850.txt",2834,"/home/chinmay/ChinmayPersonalProjects/gopdfsuit/internal/pdf/image.go",534,"go_perf_layer_database_access_query_inside_loop_without_batching",false_positive,"Rule pattern is not supported by the shown snippet"
"/home/chinmay/ChinmayPersonalProjects/deslop/scripts/chunks/Chunk_2826_2850.txt",2835,"/home/chinmay/ChinmayPersonalProjects/gopdfsuit/internal/pdf/image.go",556,"go_perf_layer_framework_performance_template_execute_to_string_then_write",false_positive,"Rule pattern is not supported by the shown snippet"
"/home/chinmay/ChinmayPersonalProjects/deslop/scripts/chunks/Chunk_2826_2850.txt",2836,"/home/chinmay/ChinmayPersonalProjects/gopdfsuit/internal/pdf/image.go",559,"go_perf_layer_io_operations_scanner_used_for_large_token_stream",false_positive,"Rule pattern is not supported by the shown snippet"
"/home/chinmay/ChinmayPersonalProjects/deslop/scripts/chunks/Chunk_2826_2850.txt",2837,"/home/chinmay/ChinmayPersonalProjects/gopdfsuit/internal/pdf/image.go",559,"go_perf_layer_network_calls_retry_loop_without_backoff",false_positive,"Rule pattern is not supported by the shown snippet"
"/home/chinmay/ChinmayPersonalProjects/deslop/scripts/chunks/Chunk_2826_2850.txt",2838,"/home/chinmay/ChinmayPersonalProjects/gopdfsuit/internal/pdf/image.go",564,"go_perf_layer_data_structure_choice_small_enum_string_switch_map",false_positive,"Rule pattern is not supported by the shown snippet"
"/home/chinmay/ChinmayPersonalProjects/deslop/scripts/chunks/Chunk_2826_2850.txt",2839,"/home/chinmay/ChinmayPersonalProjects/gopdfsuit/internal/pdf/image.go",565,"go_perf_layer_string_handling_string_lower_for_case_insensitive_compare",false_positive,"Rule pattern is not supported by the shown snippet"
"/home/chinmay/ChinmayPersonalProjects/deslop/scripts/chunks/Chunk_2826_2850.txt",2840,"/home/chinmay/ChinmayPersonalProjects/gopdfsuit/internal/pdf/image.go",582,"go_perf_layer_io_operations_stat_before_open_without_branch",false_positive,"Rule pattern is not supported by the shown snippet"
"/home/chinmay/ChinmayPersonalProjects/deslop/scripts/chunks/Chunk_2826_2850.txt",2841,"/home/chinmay/ChinmayPersonalProjects/gopdfsuit/internal/pdf/image.go",583,"go_perf_layer_io_operations_small_writes_without_bufio_writer",true_positive,"Snippet matches the rule pattern in this function"
"/home/chinmay/ChinmayPersonalProjects/deslop/scripts/chunks/Chunk_2826_2850.txt",2842,"/home/chinmay/ChinmayPersonalProjects/gopdfsuit/internal/pdf/image.go",583,"go_perf_layer_io_operations_temporary_file_for_stream_transform",false_positive,"Rule pattern is not supported by the shown snippet"
"/home/chinmay/ChinmayPersonalProjects/deslop/scripts/chunks/Chunk_2826_2850.txt",2843,"/home/chinmay/ChinmayPersonalProjects/gopdfsuit/internal/pdf/image.go",583,"go_perf_layer_memory_allocation_temporary_byte_slice_for_string_write",false_positive,"Rule pattern is not supported by the shown snippet"
"/home/chinmay/ChinmayPersonalProjects/deslop/scripts/chunks/Chunk_2826_2850.txt",2844,"/home/chinmay/ChinmayPersonalProjects/gopdfsuit/internal/pdf/image.go",583,"go_perf_layer_string_handling_byte_string_roundtrip_for_contains",false_positive,"Rule pattern is not supported by the shown snippet"
"/home/chinmay/ChinmayPersonalProjects/deslop/scripts/chunks/Chunk_2826_2850.txt",2845,"/home/chinmay/ChinmayPersonalProjects/gopdfsuit/internal/pdf/image.go",589,"go_perf_layer_memory_allocation_append_without_known_capacity",true_positive,"Snippet matches the rule pattern in this function"
"/home/chinmay/ChinmayPersonalProjects/deslop/scripts/chunks/Chunk_2826_2850.txt",2846,"/home/chinmay/ChinmayPersonalProjects/gopdfsuit/internal/pdf/links.go",22,"go_perf_layer_caching_cache_key_built_with_fmt",true_positive,"Snippet matches the rule pattern in this function"
"/home/chinmay/ChinmayPersonalProjects/deslop/scripts/chunks/Chunk_2826_2850.txt",2847,"/home/chinmay/ChinmayPersonalProjects/gopdfsuit/internal/pdf/links.go",22,"go_perf_layer_caching_json_cache_value_stored_as_string",false_positive,"Rule pattern is not supported by the shown snippet"
"/home/chinmay/ChinmayPersonalProjects/deslop/scripts/chunks/Chunk_2826_2850.txt",2848,"/home/chinmay/ChinmayPersonalProjects/gopdfsuit/internal/pdf/links.go",22,"go_perf_layer_caching_unbounded_cache_map",false_positive,"Rule pattern is not supported by the shown snippet"
"/home/chinmay/ChinmayPersonalProjects/deslop/scripts/chunks/Chunk_2826_2850.txt",2849,"/home/chinmay/ChinmayPersonalProjects/gopdfsuit/internal/pdf/links.go",22,"go_perf_layer_data_structure_choice_small_enum_string_switch_map",false_positive,"Rule pattern is not supported by the shown snippet"
"/home/chinmay/ChinmayPersonalProjects/deslop/scripts/chunks/Chunk_2851_2875.txt",2850,"/home/chinmay/ChinmayPersonalProjects/gopdfsuit/internal/pdf/links.go",22,"go_perf_layer_string_handling_byte_string_roundtrip_for_contains",false_positive,"Rule pattern is not supported by the shown snippet"
"/home/chinmay/ChinmayPersonalProjects/deslop/scripts/chunks/Chunk_2851_2875.txt",2851,"/home/chinmay/ChinmayPersonalProjects/gopdfsuit/internal/pdf/links.go",22,"go_perf_layer_string_handling_fmt_sprintf_for_simple_concat",true_positive,"Snippet matches the rule pattern in this function"
"/home/chinmay/ChinmayPersonalProjects/deslop/scripts/chunks/Chunk_2851_2875.txt",2852,"/home/chinmay/ChinmayPersonalProjects/gopdfsuit/internal/pdf/links.go",22,"go_perf_layer_string_handling_string_lower_for_case_insensitive_compare",false_positive,"Rule pattern is not supported by the shown snippet"
"/home/chinmay/ChinmayPersonalProjects/deslop/scripts/chunks/Chunk_2851_2875.txt",2853,"/home/chinmay/ChinmayPersonalProjects/gopdfsuit/internal/pdf/links.go",22,"go_perf_layer_string_handling_strings_join_single_element_loop",false_positive,"Rule pattern is not supported by the shown snippet"
"/home/chinmay/ChinmayPersonalProjects/deslop/scripts/chunks/Chunk_2851_2875.txt",2854,"/home/chinmay/ChinmayPersonalProjects/gopdfsuit/internal/pdf/links.go",24,"go_perf_layer_collection_iteration_manual_index_loop_without_bounds_need",false_positive,"Rule pattern is not supported by the shown snippet"
"/home/chinmay/ChinmayPersonalProjects/deslop/scripts/chunks/Chunk_2851_2875.txt",2855,"/home/chinmay/ChinmayPersonalProjects/gopdfsuit/internal/pdf/links.go",24,"go_perf_layer_network_calls_retry_loop_without_backoff",false_positive,"Rule pattern is not supported by the shown snippet"
"/home/chinmay/ChinmayPersonalProjects/deslop/scripts/chunks/Chunk_2851_2875.txt",2856,"/home/chinmay/ChinmayPersonalProjects/gopdfsuit/internal/pdf/links.go",29,"sprintf_for_simple_string_format",true_positive,"Snippet matches the rule pattern in this function"
"/home/chinmay/ChinmayPersonalProjects/deslop/scripts/chunks/Chunk_2851_2875.txt",2857,"/home/chinmay/ChinmayPersonalProjects/gopdfsuit/internal/pdf/links.go",80,"public_bool_parameter_api",false_positive,"Rule pattern is not supported by the shown snippet"
"/home/chinmay/ChinmayPersonalProjects/deslop/scripts/chunks/Chunk_2851_2875.txt",2858,"/home/chinmay/ChinmayPersonalProjects/gopdfsuit/internal/pdf/links.go",81,"go_perf_layer_string_handling_byte_string_roundtrip_for_contains",false_positive,"Rule pattern is not supported by the shown snippet"
"/home/chinmay/ChinmayPersonalProjects/deslop/scripts/chunks/Chunk_2851_2875.txt",2859,"/home/chinmay/ChinmayPersonalProjects/gopdfsuit/internal/pdf/links.go",81,"go_perf_layer_string_handling_string_lower_for_case_insensitive_compare",true_positive,"Snippet matches the rule pattern in this function"
"/home/chinmay/ChinmayPersonalProjects/deslop/scripts/chunks/Chunk_2851_2875.txt",2860,"/home/chinmay/ChinmayPersonalProjects/gopdfsuit/internal/pdf/links.go",86,"go_perf_layer_network_calls_retry_loop_without_backoff",false_positive,"Rule pattern is not supported by the shown snippet"
"/home/chinmay/ChinmayPersonalProjects/deslop/scripts/chunks/Chunk_2851_2875.txt",2861,"/home/chinmay/ChinmayPersonalProjects/gopdfsuit/internal/pdf/links.go",87,"strings_hasprefix_then_trimprefix",true_positive,"Snippet matches the rule pattern in this function"
"/home/chinmay/ChinmayPersonalProjects/deslop/scripts/chunks/Chunk_2851_2875.txt",2862,"/home/chinmay/ChinmayPersonalProjects/gopdfsuit/internal/pdf/merge/annotations.go",14,"go_perf_layer_algorithmic_complexity_repeated_nested_slice_scans",false_positive,"Rule pattern is not supported by the shown snippet"
"/home/chinmay/ChinmayPersonalProjects/deslop/scripts/chunks/Chunk_2851_2875.txt",2863,"/home/chinmay/ChinmayPersonalProjects/gopdfsuit/internal/pdf/merge/annotations.go",14,"go_perf_layer_collection_iteration_copy_slice_before_readonly_range",false_positive,"Rule pattern is not supported by the shown snippet"
"/home/chinmay/ChinmayPersonalProjects/deslop/scripts/chunks/Chunk_2851_2875.txt",2864,"/home/chinmay/ChinmayPersonalProjects/gopdfsuit/internal/pdf/merge/annotations.go",14,"go_perf_layer_memory_allocation_temporary_byte_slice_for_string_write",false_positive,"Rule pattern is not supported by the shown snippet"
"/home/chinmay/ChinmayPersonalProjects/deslop/scripts/chunks/Chunk_2851_2875.txt",2865,"/home/chinmay/ChinmayPersonalProjects/gopdfsuit/internal/pdf/merge/annotations.go",15,"go_perf_layer_string_handling_string_lower_for_case_insensitive_compare",false_positive,"Rule pattern is not supported by the shown snippet"
"/home/chinmay/ChinmayPersonalProjects/deslop/scripts/chunks/Chunk_2851_2875.txt",2866,"/home/chinmay/ChinmayPersonalProjects/gopdfsuit/internal/pdf/merge/annotations.go",19,"go_perf_layer_algorithmic_complexity_quadratic_append_filter_pipeline",false_positive,"Rule pattern is not supported by the shown snippet"
"/home/chinmay/ChinmayPersonalProjects/deslop/scripts/chunks/Chunk_2851_2875.txt",2867,"/home/chinmay/ChinmayPersonalProjects/gopdfsuit/internal/pdf/merge/annotations.go",19,"go_perf_layer_database_access_count_query_before_paged_fetch",false_positive,"Rule pattern is not supported by the shown snippet"
"/home/chinmay/ChinmayPersonalProjects/deslop/scripts/chunks/Chunk_2851_2875.txt",2868,"/home/chinmay/ChinmayPersonalProjects/gopdfsuit/internal/pdf/merge/annotations.go",19,"go_perf_layer_database_access_query_inside_loop_without_batching",false_positive,"Rule pattern is not supported by the shown snippet"
"/home/chinmay/ChinmayPersonalProjects/deslop/scripts/chunks/Chunk_2851_2875.txt",2869,"/home/chinmay/ChinmayPersonalProjects/gopdfsuit/internal/pdf/merge/annotations.go",19,"go_perf_layer_garbage_collection_cleanup_response_body_not_drained_for_reuse",false_positive,"Rule pattern is not supported by the shown snippet"
"/home/chinmay/ChinmayPersonalProjects/deslop/scripts/chunks/Chunk_2851_2875.txt",2870,"/home/chinmay/ChinmayPersonalProjects/gopdfsuit/internal/pdf/merge/annotations.go",20,"go_perf_layer_collection_iteration_range_over_map_for_deterministic_first",false_positive,"Rule pattern is not supported by the shown snippet"
"/home/chinmay/ChinmayPersonalProjects/deslop/scripts/chunks/Chunk_2851_2875.txt",2871,"/home/chinmay/ChinmayPersonalProjects/gopdfsuit/internal/pdf/merge/annotations.go",20,"go_perf_layer_database_access_rows_scan_into_map_per_row",false_positive,"Rule pattern is not supported by the shown snippet"
"/home/chinmay/ChinmayPersonalProjects/deslop/scripts/chunks/Chunk_2851_2875.txt",2872,"/home/chinmay/ChinmayPersonalProjects/gopdfsuit/internal/pdf/merge/annotations.go",20,"go_perf_layer_network_calls_retry_loop_without_backoff",false_positive,"Rule pattern is not supported by the shown snippet"
"/home/chinmay/ChinmayPersonalProjects/deslop/scripts/chunks/Chunk_2851_2875.txt",2873,"/home/chinmay/ChinmayPersonalProjects/gopdfsuit/internal/pdf/merge/annotations.go",21,"go_perf_layer_caching_json_cache_value_stored_as_string",false_positive,"Rule pattern is not supported by the shown snippet"
"/home/chinmay/ChinmayPersonalProjects/deslop/scripts/chunks/Chunk_2851_2875.txt",2874,"/home/chinmay/ChinmayPersonalProjects/gopdfsuit/internal/pdf/merge/annotations.go",21,"go_perf_layer_data_structure_choice_map_string_bool_for_membership",false_positive,"Rule pattern is not supported by the shown snippet"
"/home/chinmay/ChinmayPersonalProjects/deslop/scripts/chunks/Chunk_2876_2900.txt",2875,"/home/chinmay/ChinmayPersonalProjects/gopdfsuit/internal/pdf/merge/annotations.go",21,"go_perf_layer_data_structure_choice_small_enum_string_switch_map",false_positive,"Rule pattern is not supported by the shown snippet"
"/home/chinmay/ChinmayPersonalProjects/deslop/scripts/chunks/Chunk_2876_2900.txt",2876,"/home/chinmay/ChinmayPersonalProjects/gopdfsuit/internal/pdf/merge/annotations.go",22,"go_perf_layer_memory_allocation_append_without_known_capacity",true_positive,"Snippet matches the rule pattern in this function"
"/home/chinmay/ChinmayPersonalProjects/deslop/scripts/chunks/Chunk_2876_2900.txt",2877,"/home/chinmay/ChinmayPersonalProjects/gopdfsuit/internal/pdf/merge/annotations.go",22,"go_perf_layer_memory_allocation_map_recreated_for_static_lookup",false_positive,"Rule pattern is not supported by the shown snippet"
"/home/chinmay/ChinmayPersonalProjects/deslop/scripts/chunks/Chunk_2876_2900.txt",2878,"/home/chinmay/ChinmayPersonalProjects/gopdfsuit/internal/pdf/merge/annotations.go",22,"slice_append_without_prealloc_known_bound",true_positive,"Snippet matches the rule pattern in this function"
"/home/chinmay/ChinmayPersonalProjects/deslop/scripts/chunks/Chunk_2876_2900.txt",2879,"/home/chinmay/ChinmayPersonalProjects/gopdfsuit/internal/pdf/merge/annotations.go",22,"slice_grow_without_cap_hint",true_positive,"Snippet matches the rule pattern in this function"
"/home/chinmay/ChinmayPersonalProjects/deslop/scripts/chunks/Chunk_2876_2900.txt",2880,"/home/chinmay/ChinmayPersonalProjects/gopdfsuit/internal/pdf/merge/annotations.go",32,"go_perf_layer_caching_unbounded_cache_map",false_positive,"Rule pattern is not supported by the shown snippet"
"/home/chinmay/ChinmayPersonalProjects/deslop/scripts/chunks/Chunk_2876_2900.txt",2881,"/home/chinmay/ChinmayPersonalProjects/gopdfsuit/internal/pdf/merge/annotations.go",35,"strconv_repeat_on_same_binding",false_positive,"Rule pattern is not supported by the shown snippet"
"/home/chinmay/ChinmayPersonalProjects/deslop/scripts/chunks/Chunk_2876_2900.txt",2882,"/home/chinmay/ChinmayPersonalProjects/gopdfsuit/internal/pdf/merge/annotations.go",36,"slice_append_without_prealloc_known_bound",true_positive,"Snippet matches the rule pattern in this function"
"/home/chinmay/ChinmayPersonalProjects/deslop/scripts/chunks/Chunk_2876_2900.txt",2883,"/home/chinmay/ChinmayPersonalProjects/gopdfsuit/internal/pdf/merge/annotations.go",36,"slice_grow_without_cap_hint",true_positive,"Snippet matches the rule pattern in this function"
"/home/chinmay/ChinmayPersonalProjects/deslop/scripts/chunks/Chunk_2876_2900.txt",2884,"/home/chinmay/ChinmayPersonalProjects/gopdfsuit/internal/pdf/merge/annotations.go",49,"go_perf_layer_algorithmic_complexity_repeated_nested_slice_scans",false_positive,"Rule pattern is not supported by the shown snippet"
"/home/chinmay/ChinmayPersonalProjects/deslop/scripts/chunks/Chunk_2876_2900.txt",2885,"/home/chinmay/ChinmayPersonalProjects/gopdfsuit/internal/pdf/merge/annotations.go",49,"go_perf_layer_collection_iteration_copy_slice_before_readonly_range",false_positive,"Rule pattern is not supported by the shown snippet"
"/home/chinmay/ChinmayPersonalProjects/deslop/scripts/chunks/Chunk_2876_2900.txt",2886,"/home/chinmay/ChinmayPersonalProjects/gopdfsuit/internal/pdf/merge/annotations.go",49,"go_perf_layer_memory_allocation_temporary_byte_slice_for_string_write",false_positive,"Rule pattern is not supported by the shown snippet"
"/home/chinmay/ChinmayPersonalProjects/deslop/scripts/chunks/Chunk_2876_2900.txt",2887,"/home/chinmay/ChinmayPersonalProjects/gopdfsuit/internal/pdf/merge/annotations.go",50,"go_perf_layer_caching_json_cache_value_stored_as_string",false_positive,"Rule pattern is not supported by the shown snippet"
"/home/chinmay/ChinmayPersonalProjects/deslop/scripts/chunks/Chunk_2876_2900.txt",2888,"/home/chinmay/ChinmayPersonalProjects/gopdfsuit/internal/pdf/merge/annotations.go",50,"go_perf_layer_caching_unbounded_cache_map",false_positive,"Rule pattern is not supported by the shown snippet"
"/home/chinmay/ChinmayPersonalProjects/deslop/scripts/chunks/Chunk_2876_2900.txt",2889,"/home/chinmay/ChinmayPersonalProjects/gopdfsuit/internal/pdf/merge/annotations.go",50,"go_perf_layer_collection_iteration_range_over_map_for_deterministic_first",false_positive,"Rule pattern is not supported by the shown snippet"
"/home/chinmay/ChinmayPersonalProjects/deslop/scripts/chunks/Chunk_2876_2900.txt",2890,"/home/chinmay/ChinmayPersonalProjects/gopdfsuit/internal/pdf/merge/annotations.go",50,"go_perf_layer_data_structure_choice_map_string_bool_for_membership",false_positive,"Rule pattern is not supported by the shown snippet"
"/home/chinmay/ChinmayPersonalProjects/deslop/scripts/chunks/Chunk_2876_2900.txt",2891,"/home/chinmay/ChinmayPersonalProjects/gopdfsuit/internal/pdf/merge/annotations.go",50,"go_perf_layer_data_structure_choice_small_enum_string_switch_map",false_positive,"Rule pattern is not supported by the shown snippet"
"/home/chinmay/ChinmayPersonalProjects/deslop/scripts/chunks/Chunk_2876_2900.txt",2892,"/home/chinmay/ChinmayPersonalProjects/gopdfsuit/internal/pdf/merge/annotations.go",50,"go_perf_layer_database_access_rows_scan_into_map_per_row",false_positive,"Rule pattern is not supported by the shown snippet"
"/home/chinmay/ChinmayPersonalProjects/deslop/scripts/chunks/Chunk_2876_2900.txt",2893,"/home/chinmay/ChinmayPersonalProjects/gopdfsuit/internal/pdf/merge/annotations.go",50,"go_perf_layer_memory_allocation_map_recreated_for_static_lookup",false_positive,"Rule pattern is not supported by the shown snippet"
"/home/chinmay/ChinmayPersonalProjects/deslop/scripts/chunks/Chunk_2876_2900.txt",2894,"/home/chinmay/ChinmayPersonalProjects/gopdfsuit/internal/pdf/merge/annotations.go",50,"unnecessary_map_for_set_of_ints",false_positive,"Rule pattern is not supported by the shown snippet"
"/home/chinmay/ChinmayPersonalProjects/deslop/scripts/chunks/Chunk_2876_2900.txt",2895,"/home/chinmay/ChinmayPersonalProjects/gopdfsuit/internal/pdf/merge/annotations.go",51,"go_perf_layer_string_handling_string_lower_for_case_insensitive_compare",false_positive,"Rule pattern is not supported by the shown snippet"
"/home/chinmay/ChinmayPersonalProjects/deslop/scripts/chunks/Chunk_2876_2900.txt",2896,"/home/chinmay/ChinmayPersonalProjects/gopdfsuit/internal/pdf/merge/annotations.go",53,"go_perf_layer_database_access_count_query_before_paged_fetch",false_positive,"Rule pattern is not supported by the shown snippet"
"/home/chinmay/ChinmayPersonalProjects/deslop/scripts/chunks/Chunk_2876_2900.txt",2897,"/home/chinmay/ChinmayPersonalProjects/gopdfsuit/internal/pdf/merge/annotations.go",53,"go_perf_layer_database_access_query_inside_loop_without_batching",false_positive,"Rule pattern is not supported by the shown snippet"
"/home/chinmay/ChinmayPersonalProjects/deslop/scripts/chunks/Chunk_2876_2900.txt",2898,"/home/chinmay/ChinmayPersonalProjects/gopdfsuit/internal/pdf/merge/annotations.go",58,"go_perf_layer_algorithmic_complexity_quadratic_append_filter_pipeline",false_positive,"Rule pattern is not supported by the shown snippet"
"/home/chinmay/ChinmayPersonalProjects/deslop/scripts/chunks/Chunk_2876_2900.txt",2899,"/home/chinmay/ChinmayPersonalProjects/gopdfsuit/internal/pdf/merge/annotations.go",58,"go_perf_layer_garbage_collection_cleanup_response_body_not_drained_for_reuse",false_positive,"Rule pattern is not supported by the shown snippet"
"/home/chinmay/ChinmayPersonalProjects/deslop/scripts/chunks/Chunk_2901_2925.txt",2900,"/home/chinmay/ChinmayPersonalProjects/gopdfsuit/internal/pdf/merge/annotations.go",62,"go_perf_layer_network_calls_retry_loop_without_backoff",false_positive,"Rule pattern is not supported by the shown snippet"
"/home/chinmay/ChinmayPersonalProjects/deslop/scripts/chunks/Chunk_2901_2925.txt",2901,"/home/chinmay/ChinmayPersonalProjects/gopdfsuit/internal/pdf/merge/annotations.go",64,"slice_append_without_prealloc_known_bound",true_positive,"Snippet matches the rule pattern in this function"
"/home/chinmay/ChinmayPersonalProjects/deslop/scripts/chunks/Chunk_2901_2925.txt",2902,"/home/chinmay/ChinmayPersonalProjects/gopdfsuit/internal/pdf/merge/annotations.go",64,"slice_grow_without_cap_hint",true_positive,"Snippet matches the rule pattern in this function"
"/home/chinmay/ChinmayPersonalProjects/deslop/scripts/chunks/Chunk_2901_2925.txt",2903,"/home/chinmay/ChinmayPersonalProjects/gopdfsuit/internal/pdf/merge/annotations.go",65,"map_growth_without_size_hint",true_positive,"Snippet matches the rule pattern in this function"
"/home/chinmay/ChinmayPersonalProjects/deslop/scripts/chunks/Chunk_2901_2925.txt",2904,"/home/chinmay/ChinmayPersonalProjects/gopdfsuit/internal/pdf/merge/annotations.go",71,"nested_append_without_outer_capacity",true_positive,"Snippet matches the rule pattern in this function"
"/home/chinmay/ChinmayPersonalProjects/deslop/scripts/chunks/Chunk_2901_2925.txt",2905,"/home/chinmay/ChinmayPersonalProjects/gopdfsuit/internal/pdf/merge/annotations.go",71,"slice_append_without_prealloc_known_bound",true_positive,"Snippet matches the rule pattern in this function"
"/home/chinmay/ChinmayPersonalProjects/deslop/scripts/chunks/Chunk_2901_2925.txt",2906,"/home/chinmay/ChinmayPersonalProjects/gopdfsuit/internal/pdf/merge/annotations.go",71,"slice_grow_without_cap_hint",true_positive,"Snippet matches the rule pattern in this function"
"/home/chinmay/ChinmayPersonalProjects/deslop/scripts/chunks/Chunk_2901_2925.txt",2907,"/home/chinmay/ChinmayPersonalProjects/gopdfsuit/internal/pdf/merge/annotations.go",87,"go_perf_layer_caching_unbounded_cache_map",false_positive,"Rule pattern is not supported by the shown snippet"
"/home/chinmay/ChinmayPersonalProjects/deslop/scripts/chunks/Chunk_2901_2925.txt",2908,"/home/chinmay/ChinmayPersonalProjects/gopdfsuit/internal/pdf/merge/annotations.go",87,"go_perf_layer_collection_iteration_range_over_map_for_deterministic_first",false_positive,"Rule pattern is not supported by the shown snippet"
"/home/chinmay/ChinmayPersonalProjects/deslop/scripts/chunks/Chunk_2901_2925.txt",2909,"/home/chinmay/ChinmayPersonalProjects/gopdfsuit/internal/pdf/merge/annotations.go",87,"go_perf_layer_data_structure_choice_map_string_bool_for_membership",false_positive,"Rule pattern is not supported by the shown snippet"
"/home/chinmay/ChinmayPersonalProjects/deslop/scripts/chunks/Chunk_2901_2925.txt",2910,"/home/chinmay/ChinmayPersonalProjects/gopdfsuit/internal/pdf/merge/annotations.go",87,"go_perf_layer_database_access_rows_scan_into_map_per_row",false_positive,"Rule pattern is not supported by the shown snippet"
"/home/chinmay/ChinmayPersonalProjects/deslop/scripts/chunks/Chunk_2901_2925.txt",2911,"/home/chinmay/ChinmayPersonalProjects/gopdfsuit/internal/pdf/merge/annotations.go",87,"go_perf_layer_memory_allocation_map_recreated_for_static_lookup",false_positive,"Rule pattern is not supported by the shown snippet"
"/home/chinmay/ChinmayPersonalProjects/deslop/scripts/chunks/Chunk_2901_2925.txt",2912,"/home/chinmay/ChinmayPersonalProjects/gopdfsuit/internal/pdf/merge/annotations.go",87,"unnecessary_map_for_set_of_ints",false_positive,"Rule pattern is not supported by the shown snippet"
"/home/chinmay/ChinmayPersonalProjects/deslop/scripts/chunks/Chunk_2901_2925.txt",2913,"/home/chinmay/ChinmayPersonalProjects/gopdfsuit/internal/pdf/merge/annotations.go",89,"go_perf_layer_database_access_count_query_before_paged_fetch",false_positive,"Rule pattern is not supported by the shown snippet"
"/home/chinmay/ChinmayPersonalProjects/deslop/scripts/chunks/Chunk_2901_2925.txt",2914,"/home/chinmay/ChinmayPersonalProjects/gopdfsuit/internal/pdf/merge/annotations.go",89,"go_perf_layer_database_access_query_inside_loop_without_batching",false_positive,"Rule pattern is not supported by the shown snippet"
"/home/chinmay/ChinmayPersonalProjects/deslop/scripts/chunks/Chunk_2901_2925.txt",2915,"/home/chinmay/ChinmayPersonalProjects/gopdfsuit/internal/pdf/merge/annotations.go",91,"go_perf_layer_algorithmic_complexity_quadratic_append_filter_pipeline",false_positive,"Rule pattern is not supported by the shown snippet"
"/home/chinmay/ChinmayPersonalProjects/deslop/scripts/chunks/Chunk_2901_2925.txt",2916,"/home/chinmay/ChinmayPersonalProjects/gopdfsuit/internal/pdf/merge/annotations.go",94,"go_perf_layer_garbage_collection_cleanup_response_body_not_drained_for_reuse",false_positive,"Rule pattern is not supported by the shown snippet"
"/home/chinmay/ChinmayPersonalProjects/deslop/scripts/chunks/Chunk_2901_2925.txt",2917,"/home/chinmay/ChinmayPersonalProjects/gopdfsuit/internal/pdf/merge/annotations.go",100,"go_perf_layer_algorithmic_complexity_repeated_nested_slice_scans",false_positive,"Rule pattern is not supported by the shown snippet"
"/home/chinmay/ChinmayPersonalProjects/deslop/scripts/chunks/Chunk_2901_2925.txt",2918,"/home/chinmay/ChinmayPersonalProjects/gopdfsuit/internal/pdf/merge/annotations.go",100,"go_perf_layer_collection_iteration_copy_slice_before_readonly_range",false_positive,"Rule pattern is not supported by the shown snippet"
"/home/chinmay/ChinmayPersonalProjects/deslop/scripts/chunks/Chunk_2901_2925.txt",2919,"/home/chinmay/ChinmayPersonalProjects/gopdfsuit/internal/pdf/merge/annotations.go",100,"go_perf_layer_io_operations_scanner_used_for_large_token_stream",false_positive,"Rule pattern is not supported by the shown snippet"
"/home/chinmay/ChinmayPersonalProjects/deslop/scripts/chunks/Chunk_2901_2925.txt",2920,"/home/chinmay/ChinmayPersonalProjects/gopdfsuit/internal/pdf/merge/annotations.go",100,"go_perf_layer_network_calls_retry_loop_without_backoff",false_positive,"Rule pattern is not supported by the shown snippet"
"/home/chinmay/ChinmayPersonalProjects/deslop/scripts/chunks/Chunk_2901_2925.txt",2921,"/home/chinmay/ChinmayPersonalProjects/gopdfsuit/internal/pdf/merge/annotations.go",105,"map_growth_without_size_hint",true_positive,"Snippet matches the rule pattern in this function"
"/home/chinmay/ChinmayPersonalProjects/deslop/scripts/chunks/Chunk_2901_2925.txt",2922,"/home/chinmay/ChinmayPersonalProjects/gopdfsuit/internal/pdf/merge/annotations.go",151,"go_perf_layer_string_handling_string_lower_for_case_insensitive_compare",false_positive,"Rule pattern is not supported by the shown snippet"
"/home/chinmay/ChinmayPersonalProjects/deslop/scripts/chunks/Chunk_2901_2925.txt",2923,"/home/chinmay/ChinmayPersonalProjects/gopdfsuit/internal/pdf/merge/annotations.go",152,"go_perf_layer_database_access_count_query_before_paged_fetch",false_positive,"Rule pattern is not supported by the shown snippet"
"/home/chinmay/ChinmayPersonalProjects/deslop/scripts/chunks/Chunk_2901_2925.txt",2924,"/home/chinmay/ChinmayPersonalProjects/gopdfsuit/internal/pdf/merge/annotations.go",152,"go_perf_layer_garbage_collection_cleanup_response_body_not_drained_for_reuse",false_positive,"Rule pattern is not supported by the shown snippet"
"/home/chinmay/ChinmayPersonalProjects/deslop/scripts/chunks/Chunk_2926_2950.txt",2925,"/home/chinmay/ChinmayPersonalProjects/gopdfsuit/internal/pdf/merge/annotations.go",153,"go_perf_layer_caching_json_cache_value_stored_as_string",false_positive,"Rule pattern is not supported by the shown snippet"
"/home/chinmay/ChinmayPersonalProjects/deslop/scripts/chunks/Chunk_2926_2950.txt",2926,"/home/chinmay/ChinmayPersonalProjects/gopdfsuit/internal/pdf/merge/annotations.go",153,"go_perf_layer_data_structure_choice_map_string_bool_for_membership",false_positive,"Rule pattern is not supported by the shown snippet"
"/home/chinmay/ChinmayPersonalProjects/deslop/scripts/chunks/Chunk_2926_2950.txt",2927,"/home/chinmay/ChinmayPersonalProjects/gopdfsuit/internal/pdf/merge/annotations.go",153,"go_perf_layer_data_structure_choice_small_enum_string_switch_map",false_positive,"Rule pattern is not supported by the shown snippet"
"/home/chinmay/ChinmayPersonalProjects/deslop/scripts/chunks/Chunk_2926_2950.txt",2928,"/home/chinmay/ChinmayPersonalProjects/gopdfsuit/internal/pdf/merge/annotations.go",154,"go_perf_layer_caching_unbounded_cache_map",false_positive,"Rule pattern is not supported by the shown snippet"
"/home/chinmay/ChinmayPersonalProjects/deslop/scripts/chunks/Chunk_2926_2950.txt",2929,"/home/chinmay/ChinmayPersonalProjects/gopdfsuit/internal/pdf/merge/annotations.go",154,"go_perf_layer_memory_allocation_map_recreated_for_static_lookup",false_positive,"Rule pattern is not supported by the shown snippet"
"/home/chinmay/ChinmayPersonalProjects/deslop/scripts/chunks/Chunk_2926_2950.txt",2930,"/home/chinmay/ChinmayPersonalProjects/gopdfsuit/internal/pdf/merge/annotations.go",170,"go_perf_layer_string_handling_string_lower_for_case_insensitive_compare",false_positive,"Rule pattern is not supported by the shown snippet"
"/home/chinmay/ChinmayPersonalProjects/deslop/scripts/chunks/Chunk_2926_2950.txt",2931,"/home/chinmay/ChinmayPersonalProjects/gopdfsuit/internal/pdf/merge/annotations.go",171,"go_perf_layer_database_access_count_query_before_paged_fetch",false_positive,"Rule pattern is not supported by the shown snippet"
"/home/chinmay/ChinmayPersonalProjects/deslop/scripts/chunks/Chunk_2926_2950.txt",2932,"/home/chinmay/ChinmayPersonalProjects/gopdfsuit/internal/pdf/merge/annotations.go",171,"go_perf_layer_database_access_query_inside_loop_without_batching",false_positive,"Rule pattern is not supported by the shown snippet"
"/home/chinmay/ChinmayPersonalProjects/deslop/scripts/chunks/Chunk_2926_2950.txt",2933,"/home/chinmay/ChinmayPersonalProjects/gopdfsuit/internal/pdf/merge/annotations.go",171,"go_perf_layer_garbage_collection_cleanup_response_body_not_drained_for_reuse",false_positive,"Rule pattern is not supported by the shown snippet"
"/home/chinmay/ChinmayPersonalProjects/deslop/scripts/chunks/Chunk_2926_2950.txt",2934,"/home/chinmay/ChinmayPersonalProjects/gopdfsuit/internal/pdf/merge/annotations.go",172,"go_perf_layer_collection_iteration_range_over_map_for_deterministic_first",false_positive,"Rule pattern is not supported by the shown snippet"
"/home/chinmay/ChinmayPersonalProjects/deslop/scripts/chunks/Chunk_2926_2950.txt",2935,"/home/chinmay/ChinmayPersonalProjects/gopdfsuit/internal/pdf/merge/annotations.go",172,"go_perf_layer_database_access_rows_scan_into_map_per_row",false_positive,"Rule pattern is not supported by the shown snippet"
"/home/chinmay/ChinmayPersonalProjects/deslop/scripts/chunks/Chunk_2926_2950.txt",2936,"/home/chinmay/ChinmayPersonalProjects/gopdfsuit/internal/pdf/merge/annotations.go",172,"go_perf_layer_network_calls_retry_loop_without_backoff",false_positive,"Rule pattern is not supported by the shown snippet"
"/home/chinmay/ChinmayPersonalProjects/deslop/scripts/chunks/Chunk_2926_2950.txt",2937,"/home/chinmay/ChinmayPersonalProjects/gopdfsuit/internal/pdf/merge/annotations.go",173,"go_perf_layer_caching_json_cache_value_stored_as_string",false_positive,"Rule pattern is not supported by the shown snippet"
"/home/chinmay/ChinmayPersonalProjects/deslop/scripts/chunks/Chunk_2926_2950.txt",2938,"/home/chinmay/ChinmayPersonalProjects/gopdfsuit/internal/pdf/merge/annotations.go",173,"go_perf_layer_data_structure_choice_map_string_bool_for_membership",false_positive,"Rule pattern is not supported by the shown snippet"
"/home/chinmay/ChinmayPersonalProjects/deslop/scripts/chunks/Chunk_2926_2950.txt",2939,"/home/chinmay/ChinmayPersonalProjects/gopdfsuit/internal/pdf/merge/annotations.go",173,"go_perf_layer_data_structure_choice_small_enum_string_switch_map",false_positive,"Rule pattern is not supported by the shown snippet"
"/home/chinmay/ChinmayPersonalProjects/deslop/scripts/chunks/Chunk_2926_2950.txt",2940,"/home/chinmay/ChinmayPersonalProjects/gopdfsuit/internal/pdf/merge/annotations.go",174,"go_perf_layer_caching_unbounded_cache_map",false_positive,"Rule pattern is not supported by the shown snippet"
"/home/chinmay/ChinmayPersonalProjects/deslop/scripts/chunks/Chunk_2926_2950.txt",2941,"/home/chinmay/ChinmayPersonalProjects/gopdfsuit/internal/pdf/merge/annotations.go",183,"go_perf_layer_memory_allocation_map_recreated_for_static_lookup",false_positive,"Rule pattern is not supported by the shown snippet"
"/home/chinmay/ChinmayPersonalProjects/deslop/scripts/chunks/Chunk_2926_2950.txt",2942,"/home/chinmay/ChinmayPersonalProjects/gopdfsuit/internal/pdf/merge/annotations.go",185,"strconv_repeat_on_same_binding",false_positive,"Rule pattern is not supported by the shown snippet"
"/home/chinmay/ChinmayPersonalProjects/deslop/scripts/chunks/Chunk_2926_2950.txt",2943,"/home/chinmay/ChinmayPersonalProjects/gopdfsuit/internal/pdf/merge/annotations.go",196,"go_perf_layer_algorithmic_complexity_quadratic_append_filter_pipeline",false_positive,"Rule pattern is not supported by the shown snippet"
"/home/chinmay/ChinmayPersonalProjects/deslop/scripts/chunks/Chunk_2926_2950.txt",2944,"/home/chinmay/ChinmayPersonalProjects/gopdfsuit/internal/pdf/merge/annotations.go",196,"go_perf_layer_data_structure_choice_map_string_bool_for_membership",false_positive,"Rule pattern is not supported by the shown snippet"
"/home/chinmay/ChinmayPersonalProjects/deslop/scripts/chunks/Chunk_2926_2950.txt",2945,"/home/chinmay/ChinmayPersonalProjects/gopdfsuit/internal/pdf/merge/annotations.go",196,"go_perf_layer_data_structure_choice_small_enum_string_switch_map",false_positive,"Rule pattern is not supported by the shown snippet"
"/home/chinmay/ChinmayPersonalProjects/deslop/scripts/chunks/Chunk_2926_2950.txt",2946,"/home/chinmay/ChinmayPersonalProjects/gopdfsuit/internal/pdf/merge/annotations.go",199,"go_perf_layer_algorithmic_complexity_repeated_nested_slice_scans",false_positive,"Rule pattern is not supported by the shown snippet"
"/home/chinmay/ChinmayPersonalProjects/deslop/scripts/chunks/Chunk_2926_2950.txt",2947,"/home/chinmay/ChinmayPersonalProjects/gopdfsuit/internal/pdf/merge/annotations.go",199,"go_perf_layer_collection_iteration_copy_slice_before_readonly_range",false_positive,"Rule pattern is not supported by the shown snippet"
"/home/chinmay/ChinmayPersonalProjects/deslop/scripts/chunks/Chunk_2926_2950.txt",2948,"/home/chinmay/ChinmayPersonalProjects/gopdfsuit/internal/pdf/merge/annotations.go",199,"go_perf_layer_memory_allocation_append_without_known_capacity",true_positive,"Snippet matches the rule pattern in this function"
"/home/chinmay/ChinmayPersonalProjects/deslop/scripts/chunks/Chunk_2926_2950.txt",2949,"/home/chinmay/ChinmayPersonalProjects/gopdfsuit/internal/pdf/merge/annotations.go",199,"go_perf_layer_memory_allocation_map_recreated_for_static_lookup",false_positive,"Rule pattern is not supported by the shown snippet"
"/home/chinmay/ChinmayPersonalProjects/deslop/scripts/chunks/Chunk_2951_2975.txt",2950,"/home/chinmay/ChinmayPersonalProjects/gopdfsuit/internal/pdf/merge/annotations.go",199,"go_perf_layer_memory_allocation_temporary_byte_slice_for_string_write",false_positive,"Rule pattern is not supported by the shown snippet"
"/home/chinmay/ChinmayPersonalProjects/deslop/scripts/chunks/Chunk_2951_2975.txt",2951,"/home/chinmay/ChinmayPersonalProjects/gopdfsuit/internal/pdf/merge/annotations.go",202,"go_perf_layer_collection_iteration_range_over_map_for_deterministic_first",false_positive,"Rule pattern is not supported by the shown snippet"
"/home/chinmay/ChinmayPersonalProjects/deslop/scripts/chunks/Chunk_2951_2975.txt",2952,"/home/chinmay/ChinmayPersonalProjects/gopdfsuit/internal/pdf/merge/annotations.go",202,"go_perf_layer_database_access_rows_scan_into_map_per_row",false_positive,"Rule pattern is not supported by the shown snippet"
"/home/chinmay/ChinmayPersonalProjects/deslop/scripts/chunks/Chunk_2951_2975.txt",2953,"/home/chinmay/ChinmayPersonalProjects/gopdfsuit/internal/pdf/merge/annotations.go",202,"go_perf_layer_network_calls_retry_loop_without_backoff",false_positive,"Rule pattern is not supported by the shown snippet"
"/home/chinmay/ChinmayPersonalProjects/deslop/scripts/chunks/Chunk_2951_2975.txt",2954,"/home/chinmay/ChinmayPersonalProjects/gopdfsuit/internal/pdf/merge/annotations.go",203,"go_perf_layer_caching_json_cache_value_stored_as_string",false_positive,"Rule pattern is not supported by the shown snippet"
"/home/chinmay/ChinmayPersonalProjects/deslop/scripts/chunks/Chunk_2951_2975.txt",2955,"/home/chinmay/ChinmayPersonalProjects/gopdfsuit/internal/pdf/merge/annotations.go",203,"go_perf_layer_caching_unbounded_cache_map",false_positive,"Rule pattern is not supported by the shown snippet"
"/home/chinmay/ChinmayPersonalProjects/deslop/scripts/chunks/Chunk_2951_2975.txt",2956,"/home/chinmay/ChinmayPersonalProjects/gopdfsuit/internal/pdf/merge/annotations.go",203,"go_perf_layer_database_access_count_query_before_paged_fetch",false_positive,"Rule pattern is not supported by the shown snippet"
"/home/chinmay/ChinmayPersonalProjects/deslop/scripts/chunks/Chunk_2951_2975.txt",2957,"/home/chinmay/ChinmayPersonalProjects/gopdfsuit/internal/pdf/merge/annotations.go",203,"go_perf_layer_garbage_collection_cleanup_response_body_not_drained_for_reuse",false_positive,"Rule pattern is not supported by the shown snippet"
"/home/chinmay/ChinmayPersonalProjects/deslop/scripts/chunks/Chunk_2951_2975.txt",2958,"/home/chinmay/ChinmayPersonalProjects/gopdfsuit/internal/pdf/merge/annotations.go",204,"go_perf_layer_string_handling_string_lower_for_case_insensitive_compare",false_positive,"Rule pattern is not supported by the shown snippet"
"/home/chinmay/ChinmayPersonalProjects/deslop/scripts/chunks/Chunk_2951_2975.txt",2959,"/home/chinmay/ChinmayPersonalProjects/gopdfsuit/internal/pdf/merge/annotations.go",205,"go_perf_layer_database_access_query_inside_loop_without_batching",false_positive,"Rule pattern is not supported by the shown snippet"
"/home/chinmay/ChinmayPersonalProjects/deslop/scripts/chunks/Chunk_2951_2975.txt",2960,"/home/chinmay/ChinmayPersonalProjects/gopdfsuit/internal/pdf/merge/annotations.go",240,"go_perf_layer_string_handling_byte_string_roundtrip_for_contains",false_positive,"Rule pattern is not supported by the shown snippet"
"/home/chinmay/ChinmayPersonalProjects/deslop/scripts/chunks/Chunk_2951_2975.txt",2961,"/home/chinmay/ChinmayPersonalProjects/gopdfsuit/internal/pdf/merge/annotations.go",242,"go_perf_layer_database_access_count_query_before_paged_fetch",false_positive,"Rule pattern is not supported by the shown snippet"
"/home/chinmay/ChinmayPersonalProjects/deslop/scripts/chunks/Chunk_2951_2975.txt",2962,"/home/chinmay/ChinmayPersonalProjects/gopdfsuit/internal/pdf/merge/annotations.go",244,"go_perf_layer_garbage_collection_cleanup_response_body_not_drained_for_reuse",false_positive,"Rule pattern is not supported by the shown snippet"
"/home/chinmay/ChinmayPersonalProjects/deslop/scripts/chunks/Chunk_2951_2975.txt",2963,"/home/chinmay/ChinmayPersonalProjects/gopdfsuit/internal/pdf/merge/annotations.go",244,"go_perf_layer_memory_allocation_temporary_byte_slice_for_string_write",false_positive,"Rule pattern is not supported by the shown snippet"
"/home/chinmay/ChinmayPersonalProjects/deslop/scripts/chunks/Chunk_2951_2975.txt",2964,"/home/chinmay/ChinmayPersonalProjects/gopdfsuit/internal/pdf/merge/annotations.go",278,"go_perf_layer_caching_unbounded_cache_map",false_positive,"Rule pattern is not supported by the shown snippet"
"/home/chinmay/ChinmayPersonalProjects/deslop/scripts/chunks/Chunk_2951_2975.txt",2965,"/home/chinmay/ChinmayPersonalProjects/gopdfsuit/internal/pdf/merge/annotations.go",278,"go_perf_layer_data_structure_choice_map_string_bool_for_membership",false_positive,"Rule pattern is not supported by the shown snippet"
"/home/chinmay/ChinmayPersonalProjects/deslop/scripts/chunks/Chunk_2951_2975.txt",2966,"/home/chinmay/ChinmayPersonalProjects/gopdfsuit/internal/pdf/merge/annotations.go",278,"go_perf_layer_memory_allocation_map_recreated_for_static_lookup",false_positive,"Rule pattern is not supported by the shown snippet"
"/home/chinmay/ChinmayPersonalProjects/deslop/scripts/chunks/Chunk_2951_2975.txt",2967,"/home/chinmay/ChinmayPersonalProjects/gopdfsuit/internal/pdf/merge/annotations.go",278,"unnecessary_map_for_set_of_ints",false_positive,"Rule pattern is not supported by the shown snippet"
"/home/chinmay/ChinmayPersonalProjects/deslop/scripts/chunks/Chunk_2951_2975.txt",2968,"/home/chinmay/ChinmayPersonalProjects/gopdfsuit/internal/pdf/merge/annotations.go",281,"go_perf_layer_garbage_collection_cleanup_response_body_not_drained_for_reuse",false_positive,"Rule pattern is not supported by the shown snippet"
"/home/chinmay/ChinmayPersonalProjects/deslop/scripts/chunks/Chunk_2951_2975.txt",2969,"/home/chinmay/ChinmayPersonalProjects/gopdfsuit/internal/pdf/merge/annotations.go",290,"go_perf_layer_string_handling_string_lower_for_case_insensitive_compare",false_positive,"Rule pattern is not supported by the shown snippet"
"/home/chinmay/ChinmayPersonalProjects/deslop/scripts/chunks/Chunk_2951_2975.txt",2970,"/home/chinmay/ChinmayPersonalProjects/gopdfsuit/internal/pdf/merge/annotations.go",292,"go_perf_layer_caching_json_cache_value_stored_as_string",false_positive,"Rule pattern is not supported by the shown snippet"
"/home/chinmay/ChinmayPersonalProjects/deslop/scripts/chunks/Chunk_2951_2975.txt",2971,"/home/chinmay/ChinmayPersonalProjects/gopdfsuit/internal/pdf/merge/annotations.go",292,"go_perf_layer_caching_unbounded_cache_map",false_positive,"Rule pattern is not supported by the shown snippet"
"/home/chinmay/ChinmayPersonalProjects/deslop/scripts/chunks/Chunk_2951_2975.txt",2972,"/home/chinmay/ChinmayPersonalProjects/gopdfsuit/internal/pdf/merge/annotations.go",292,"go_perf_layer_data_structure_choice_map_string_bool_for_membership",false_positive,"Rule pattern is not supported by the shown snippet"
"/home/chinmay/ChinmayPersonalProjects/deslop/scripts/chunks/Chunk_2951_2975.txt",2973,"/home/chinmay/ChinmayPersonalProjects/gopdfsuit/internal/pdf/merge/annotations.go",292,"go_perf_layer_data_structure_choice_small_enum_string_switch_map",false_positive,"Rule pattern is not supported by the shown snippet"
"/home/chinmay/ChinmayPersonalProjects/deslop/scripts/chunks/Chunk_2951_2975.txt",2974,"/home/chinmay/ChinmayPersonalProjects/gopdfsuit/internal/pdf/merge/annotations.go",294,"go_perf_layer_database_access_count_query_before_paged_fetch",false_positive,"Rule pattern is not supported by the shown snippet"
"/home/chinmay/ChinmayPersonalProjects/deslop/scripts/chunks/Chunk_2976_3000.txt",2975,"/home/chinmay/ChinmayPersonalProjects/gopdfsuit/internal/pdf/merge/annotations.go",294,"go_perf_layer_database_access_query_inside_loop_without_batching",false_positive,"Rule pattern is not supported by the shown snippet"
"/home/chinmay/ChinmayPersonalProjects/deslop/scripts/chunks/Chunk_2976_3000.txt",2976,"/home/chinmay/ChinmayPersonalProjects/gopdfsuit/internal/pdf/merge/annotations.go",294,"go_perf_layer_garbage_collection_cleanup_response_body_not_drained_for_reuse",false_positive,"Rule pattern is not supported by the shown snippet"
"/home/chinmay/ChinmayPersonalProjects/deslop/scripts/chunks/Chunk_2976_3000.txt",2977,"/home/chinmay/ChinmayPersonalProjects/gopdfsuit/internal/pdf/merge/annotations.go",295,"go_perf_layer_algorithmic_complexity_quadratic_append_filter_pipeline",false_positive,"Rule pattern is not supported by the shown snippet"
"/home/chinmay/ChinmayPersonalProjects/deslop/scripts/chunks/Chunk_2976_3000.txt",2978,"/home/chinmay/ChinmayPersonalProjects/gopdfsuit/internal/pdf/merge/annotations.go",299,"go_perf_layer_algorithmic_complexity_repeated_nested_slice_scans",false_positive,"Rule pattern is not supported by the shown snippet"
"/home/chinmay/ChinmayPersonalProjects/deslop/scripts/chunks/Chunk_2976_3000.txt",2979,"/home/chinmay/ChinmayPersonalProjects/gopdfsuit/internal/pdf/merge/annotations.go",299,"go_perf_layer_collection_iteration_copy_slice_before_readonly_range",false_positive,"Rule pattern is not supported by the shown snippet"
"/home/chinmay/ChinmayPersonalProjects/deslop/scripts/chunks/Chunk_2976_3000.txt",2980,"/home/chinmay/ChinmayPersonalProjects/gopdfsuit/internal/pdf/merge/annotations.go",299,"go_perf_layer_collection_iteration_range_over_map_for_deterministic_first",false_positive,"Rule pattern is not supported by the shown snippet"
"/home/chinmay/ChinmayPersonalProjects/deslop/scripts/chunks/Chunk_2976_3000.txt",2981,"/home/chinmay/ChinmayPersonalProjects/gopdfsuit/internal/pdf/merge/annotations.go",299,"go_perf_layer_database_access_rows_scan_into_map_per_row",false_positive,"Rule pattern is not supported by the shown snippet"
"/home/chinmay/ChinmayPersonalProjects/deslop/scripts/chunks/Chunk_2976_3000.txt",2982,"/home/chinmay/ChinmayPersonalProjects/gopdfsuit/internal/pdf/merge/annotations.go",299,"go_perf_layer_network_calls_retry_loop_without_backoff",false_positive,"Rule pattern is not supported by the shown snippet"
"/home/chinmay/ChinmayPersonalProjects/deslop/scripts/chunks/Chunk_2976_3000.txt",2983,"/home/chinmay/ChinmayPersonalProjects/gopdfsuit/internal/pdf/merge/annotations.go",300,"go_perf_layer_memory_allocation_temporary_byte_slice_for_string_write",false_positive,"Rule pattern is not supported by the shown snippet"
"/home/chinmay/ChinmayPersonalProjects/deslop/scripts/chunks/Chunk_2976_3000.txt",2984,"/home/chinmay/ChinmayPersonalProjects/gopdfsuit/internal/pdf/merge/annotations.go",305,"go_perf_layer_memory_allocation_append_without_known_capacity",true_positive,"Snippet matches the rule pattern in this function"
"/home/chinmay/ChinmayPersonalProjects/deslop/scripts/chunks/Chunk_2976_3000.txt",2985,"/home/chinmay/ChinmayPersonalProjects/gopdfsuit/internal/pdf/merge/annotations.go",305,"go_perf_layer_memory_allocation_map_recreated_for_static_lookup",false_positive,"Rule pattern is not supported by the shown snippet"
"/home/chinmay/ChinmayPersonalProjects/deslop/scripts/chunks/Chunk_2976_3000.txt",2986,"/home/chinmay/ChinmayPersonalProjects/gopdfsuit/internal/pdf/merge/annotations.go",310,"regexp_compile_in_hot_path",true_positive,"Snippet matches the rule pattern in this function"
"/home/chinmay/ChinmayPersonalProjects/deslop/scripts/chunks/Chunk_2976_3000.txt",2987,"/home/chinmay/ChinmayPersonalProjects/gopdfsuit/internal/pdf/merge/merger.go",14,"go_perf_layer_algorithmic_complexity_quadratic_append_filter_pipeline",false_positive,"Rule pattern is not supported by the shown snippet"
"/home/chinmay/ChinmayPersonalProjects/deslop/scripts/chunks/Chunk_2976_3000.txt",2988,"/home/chinmay/ChinmayPersonalProjects/gopdfsuit/internal/pdf/merge/merger.go",14,"go_perf_layer_collection_iteration_len_called_after_materializing_channel",false_positive,"Rule pattern is not supported by the shown snippet"
"/home/chinmay/ChinmayPersonalProjects/deslop/scripts/chunks/Chunk_2976_3000.txt",2989,"/home/chinmay/ChinmayPersonalProjects/gopdfsuit/internal/pdf/merge/merger.go",14,"go_perf_layer_io_operations_scanner_used_for_large_token_stream",false_positive,"Rule pattern is not supported by the shown snippet"
"/home/chinmay/ChinmayPersonalProjects/deslop/scripts/chunks/Chunk_2976_3000.txt",2990,"/home/chinmay/ChinmayPersonalProjects/gopdfsuit/internal/pdf/merge/merger.go",14,"go_perf_layer_io_operations_temporary_file_for_stream_transform",false_positive,"Rule pattern is not supported by the shown snippet"
"/home/chinmay/ChinmayPersonalProjects/deslop/scripts/chunks/Chunk_2976_3000.txt",2991,"/home/chinmay/ChinmayPersonalProjects/gopdfsuit/internal/pdf/merge/merger.go",14,"go_perf_layer_string_handling_string_lower_for_case_insensitive_compare",false_positive,"Rule pattern is not supported by the shown snippet"
"/home/chinmay/ChinmayPersonalProjects/deslop/scripts/chunks/Chunk_2976_3000.txt",2992,"/home/chinmay/ChinmayPersonalProjects/gopdfsuit/internal/pdf/merge/merger.go",15,"go_perf_layer_error_handling_cost_error_string_built_before_error_needed",false_positive,"Rule pattern is not supported by the shown snippet"
"/home/chinmay/ChinmayPersonalProjects/deslop/scripts/chunks/Chunk_2976_3000.txt",2993,"/home/chinmay/ChinmayPersonalProjects/gopdfsuit/internal/pdf/merge/merger.go",20,"go_perf_layer_hot_path_optimization_invariant_parse_inside_handler",false_positive,"Rule pattern is not supported by the shown snippet"
"/home/chinmay/ChinmayPersonalProjects/deslop/scripts/chunks/Chunk_2976_3000.txt",2994,"/home/chinmay/ChinmayPersonalProjects/gopdfsuit/internal/pdf/merge/merger.go",21,"go_perf_layer_algorithmic_complexity_repeated_nested_slice_scans",false_positive,"Rule pattern is not supported by the shown snippet"
"/home/chinmay/ChinmayPersonalProjects/deslop/scripts/chunks/Chunk_2976_3000.txt",2995,"/home/chinmay/ChinmayPersonalProjects/gopdfsuit/internal/pdf/merge/merger.go",21,"go_perf_layer_collection_iteration_copy_slice_before_readonly_range",false_positive,"Rule pattern is not supported by the shown snippet"
"/home/chinmay/ChinmayPersonalProjects/deslop/scripts/chunks/Chunk_2976_3000.txt",2996,"/home/chinmay/ChinmayPersonalProjects/gopdfsuit/internal/pdf/merge/merger.go",21,"go_perf_layer_memory_allocation_temporary_byte_slice_for_string_write",false_positive,"Rule pattern is not supported by the shown snippet"
"/home/chinmay/ChinmayPersonalProjects/deslop/scripts/chunks/Chunk_2976_3000.txt",2997,"/home/chinmay/ChinmayPersonalProjects/gopdfsuit/internal/pdf/merge/merger.go",22,"go_perf_layer_network_calls_retry_loop_without_backoff",false_positive,"Rule pattern is not supported by the shown snippet"
"/home/chinmay/ChinmayPersonalProjects/deslop/scripts/chunks/Chunk_2976_3000.txt",2998,"/home/chinmay/ChinmayPersonalProjects/gopdfsuit/internal/pdf/merge/merger.go",38,"go_perf_layer_memory_allocation_append_without_known_capacity",true_positive,"Snippet matches the rule pattern in this function"
"/home/chinmay/ChinmayPersonalProjects/deslop/scripts/chunks/Chunk_2976_3000.txt",2999,"/home/chinmay/ChinmayPersonalProjects/gopdfsuit/internal/pdf/merge/merger.go",38,"slice_append_without_prealloc_known_bound",true_positive,"Snippet matches the rule pattern in this function"
"/home/chinmay/ChinmayPersonalProjects/deslop/scripts/chunks/Chunk_2976_3000.txt",3000,"/home/chinmay/ChinmayPersonalProjects/gopdfsuit/internal/pdf/merge/merger.go",38,"slice_grow_without_cap_hint",true_positive,"Snippet matches the rule pattern in this function"
