chunk_file_path,subchunk_number,source_file_path,source_line,rule_id,decision,rationale
/home/chinmay/ChinmayPersonalProjects/deslop/scripts/chunks/Chunk_1_25.txt,1,/home/chinmay/ChinmayPersonalProjects/gopdfsuit/.github/workflows/frontend-build-commit.yml,1,ci_missing_go_test_race,false_positive,"No function/snippet context is available to substantiate this rule hit."
/home/chinmay/ChinmayPersonalProjects/deslop/scripts/chunks/Chunk_1_25.txt,2,/home/chinmay/ChinmayPersonalProjects/gopdfsuit/bindings/python/cgo/exports.go,35,go_perf_layer_memory_allocation_temporary_byte_slice_for_string_write,false_positive,"Snippet does not clearly demonstrate the specific rule condition; treated as non-actionable here."
/home/chinmay/ChinmayPersonalProjects/deslop/scripts/chunks/Chunk_1_25.txt,3,/home/chinmay/ChinmayPersonalProjects/gopdfsuit/bindings/python/cgo/exports.go,35,go_perf_layer_string_handling_byte_string_roundtrip_for_contains,false_positive,"Snippet does not clearly demonstrate the specific rule condition; treated as non-actionable here."
/home/chinmay/ChinmayPersonalProjects/deslop/scripts/chunks/Chunk_1_25.txt,4,/home/chinmay/ChinmayPersonalProjects/gopdfsuit/bindings/python/cgo/exports.go,37,go_perf_layer_caching_json_cache_value_stored_as_string,false_positive,"Snippet does not clearly demonstrate the specific rule condition; treated as non-actionable here."
/home/chinmay/ChinmayPersonalProjects/deslop/scripts/chunks/Chunk_1_25.txt,5,/home/chinmay/ChinmayPersonalProjects/gopdfsuit/bindings/python/cgo/exports.go,37,go_perf_layer_error_handling_cost_error_string_built_before_error_needed,false_positive,"Snippet does not clearly demonstrate the specific rule condition; treated as non-actionable here."
/home/chinmay/ChinmayPersonalProjects/deslop/scripts/chunks/Chunk_1_25.txt,6,/home/chinmay/ChinmayPersonalProjects/gopdfsuit/bindings/python/cgo/exports.go,37,go_perf_layer_serialization_json_decoder_without_reuse_for_stream,false_positive,"Snippet does not clearly demonstrate the specific rule condition; treated as non-actionable here."
/home/chinmay/ChinmayPersonalProjects/deslop/scripts/chunks/Chunk_1_25.txt,7,/home/chinmay/ChinmayPersonalProjects/gopdfsuit/bindings/python/cgo/exports.go,37,go_perf_layer_serialization_json_marshal_for_deep_equal,false_positive,"Snippet does not clearly demonstrate the specific rule condition; treated as non-actionable here."
/home/chinmay/ChinmayPersonalProjects/deslop/scripts/chunks/Chunk_1_25.txt,8,/home/chinmay/ChinmayPersonalProjects/gopdfsuit/bindings/python/cgo/exports.go,63,go_perf_layer_memory_allocation_temporary_byte_slice_for_string_write,false_positive,"Snippet does not clearly demonstrate the specific rule condition; treated as non-actionable here."
/home/chinmay/ChinmayPersonalProjects/deslop/scripts/chunks/Chunk_1_25.txt,9,/home/chinmay/ChinmayPersonalProjects/gopdfsuit/bindings/python/cgo/exports.go,63,go_perf_layer_string_handling_byte_string_roundtrip_for_contains,false_positive,"Snippet does not clearly demonstrate the specific rule condition; treated as non-actionable here."
/home/chinmay/ChinmayPersonalProjects/deslop/scripts/chunks/Chunk_1_25.txt,10,/home/chinmay/ChinmayPersonalProjects/gopdfsuit/bindings/python/cgo/exports.go,66,go_perf_layer_error_handling_cost_error_string_built_before_error_needed,false_positive,"Snippet does not clearly demonstrate the specific rule condition; treated as non-actionable here."
/home/chinmay/ChinmayPersonalProjects/deslop/scripts/chunks/Chunk_1_25.txt,11,/home/chinmay/ChinmayPersonalProjects/gopdfsuit/bindings/python/cgo/exports.go,70,go_perf_layer_async_concurrency_goroutine_per_item_without_worker_limit,false_positive,"Snippet does not clearly demonstrate the specific rule condition; treated as non-actionable here."
/home/chinmay/ChinmayPersonalProjects/deslop/scripts/chunks/Chunk_1_25.txt,12,/home/chinmay/ChinmayPersonalProjects/gopdfsuit/bindings/python/cgo/exports.go,74,go_perf_layer_memory_allocation_bytes_buffer_allocated_per_record,false_positive,"Snippet does not clearly demonstrate the specific rule condition; treated as non-actionable here."
/home/chinmay/ChinmayPersonalProjects/deslop/scripts/chunks/Chunk_1_25.txt,13,/home/chinmay/ChinmayPersonalProjects/gopdfsuit/bindings/python/cgo/exports.go,75,go_perf_layer_network_calls_retry_loop_without_backoff,false_positive,"Snippet does not clearly demonstrate the specific rule condition; treated as non-actionable here."
/home/chinmay/ChinmayPersonalProjects/deslop/scripts/chunks/Chunk_1_25.txt,14,/home/chinmay/ChinmayPersonalProjects/gopdfsuit/bindings/python/cgo/exports.go,98,go_perf_layer_memory_allocation_temporary_byte_slice_for_string_write,false_positive,"Snippet does not clearly demonstrate the specific rule condition; treated as non-actionable here."
/home/chinmay/ChinmayPersonalProjects/deslop/scripts/chunks/Chunk_1_25.txt,15,/home/chinmay/ChinmayPersonalProjects/gopdfsuit/bindings/python/cgo/exports.go,98,go_perf_layer_string_handling_byte_string_roundtrip_for_contains,false_positive,"Snippet does not clearly demonstrate the specific rule condition; treated as non-actionable here."
/home/chinmay/ChinmayPersonalProjects/deslop/scripts/chunks/Chunk_1_25.txt,16,/home/chinmay/ChinmayPersonalProjects/gopdfsuit/bindings/python/cgo/exports.go,100,go_perf_layer_memory_allocation_bytes_buffer_allocated_per_record,false_positive,"Snippet does not clearly demonstrate the specific rule condition; treated as non-actionable here."
/home/chinmay/ChinmayPersonalProjects/deslop/scripts/chunks/Chunk_1_25.txt,17,/home/chinmay/ChinmayPersonalProjects/gopdfsuit/bindings/python/cgo/exports.go,101,go_perf_layer_caching_json_cache_value_stored_as_string,false_positive,"Snippet does not clearly demonstrate the specific rule condition; treated as non-actionable here."
/home/chinmay/ChinmayPersonalProjects/deslop/scripts/chunks/Chunk_1_25.txt,18,/home/chinmay/ChinmayPersonalProjects/gopdfsuit/bindings/python/cgo/exports.go,101,go_perf_layer_error_handling_cost_error_string_built_before_error_needed,false_positive,"Snippet does not clearly demonstrate the specific rule condition; treated as non-actionable here."
/home/chinmay/ChinmayPersonalProjects/deslop/scripts/chunks/Chunk_1_25.txt,19,/home/chinmay/ChinmayPersonalProjects/gopdfsuit/bindings/python/cgo/exports.go,101,go_perf_layer_serialization_json_decoder_without_reuse_for_stream,false_positive,"Snippet does not clearly demonstrate the specific rule condition; treated as non-actionable here."
/home/chinmay/ChinmayPersonalProjects/deslop/scripts/chunks/Chunk_1_25.txt,20,/home/chinmay/ChinmayPersonalProjects/gopdfsuit/bindings/python/cgo/exports.go,101,go_perf_layer_serialization_json_marshal_for_deep_equal,false_positive,"Snippet does not clearly demonstrate the specific rule condition; treated as non-actionable here."
/home/chinmay/ChinmayPersonalProjects/deslop/scripts/chunks/Chunk_1_25.txt,21,/home/chinmay/ChinmayPersonalProjects/gopdfsuit/bindings/python/cgo/exports.go,101,go_perf_layer_string_handling_string_lower_for_case_insensitive_compare,false_positive,"Snippet does not clearly demonstrate the specific rule condition; treated as non-actionable here."
/home/chinmay/ChinmayPersonalProjects/deslop/scripts/chunks/Chunk_1_25.txt,22,/home/chinmay/ChinmayPersonalProjects/gopdfsuit/bindings/python/cgo/exports.go,104,go_perf_layer_algorithmic_complexity_repeated_nested_slice_scans,false_positive,"Snippet does not clearly demonstrate the specific rule condition; treated as non-actionable here."
/home/chinmay/ChinmayPersonalProjects/deslop/scripts/chunks/Chunk_1_25.txt,23,/home/chinmay/ChinmayPersonalProjects/gopdfsuit/bindings/python/cgo/exports.go,104,go_perf_layer_collection_iteration_copy_slice_before_readonly_range,false_positive,"Snippet does not clearly demonstrate the specific rule condition; treated as non-actionable here."
/home/chinmay/ChinmayPersonalProjects/deslop/scripts/chunks/Chunk_1_25.txt,24,/home/chinmay/ChinmayPersonalProjects/gopdfsuit/bindings/python/cgo/exports.go,120,go_perf_layer_network_calls_retry_loop_without_backoff,false_positive,"Snippet does not clearly demonstrate the specific rule condition; treated as non-actionable here."
/home/chinmay/ChinmayPersonalProjects/deslop/scripts/chunks/Chunk_1_25.txt,25,/home/chinmay/ChinmayPersonalProjects/gopdfsuit/bindings/python/cgo/exports.go,142,go_perf_layer_memory_allocation_temporary_byte_slice_for_string_write,false_positive,"Snippet does not clearly demonstrate the specific rule condition; treated as non-actionable here."
/home/chinmay/ChinmayPersonalProjects/deslop/scripts/chunks/Chunk_26_50.txt,26,/home/chinmay/ChinmayPersonalProjects/gopdfsuit/bindings/python/cgo/exports.go,142,go_perf_layer_string_handling_byte_string_roundtrip_for_contains,false_positive,"Snippet does not clearly demonstrate the specific rule condition; treated as non-actionable here."
/home/chinmay/ChinmayPersonalProjects/deslop/scripts/chunks/Chunk_26_50.txt,27,/home/chinmay/ChinmayPersonalProjects/gopdfsuit/bindings/python/cgo/exports.go,144,go_perf_layer_caching_json_cache_value_stored_as_string,false_positive,"Snippet does not clearly demonstrate the specific rule condition; treated as non-actionable here."
/home/chinmay/ChinmayPersonalProjects/deslop/scripts/chunks/Chunk_26_50.txt,28,/home/chinmay/ChinmayPersonalProjects/gopdfsuit/bindings/python/cgo/exports.go,144,go_perf_layer_error_handling_cost_error_string_built_before_error_needed,false_positive,"Snippet does not clearly demonstrate the specific rule condition; treated as non-actionable here."
/home/chinmay/ChinmayPersonalProjects/deslop/scripts/chunks/Chunk_26_50.txt,29,/home/chinmay/ChinmayPersonalProjects/gopdfsuit/bindings/python/cgo/exports.go,151,go_perf_layer_serialization_json_decoder_without_reuse_for_stream,false_positive,"Snippet does not clearly demonstrate the specific rule condition; treated as non-actionable here."
/home/chinmay/ChinmayPersonalProjects/deslop/scripts/chunks/Chunk_26_50.txt,30,/home/chinmay/ChinmayPersonalProjects/gopdfsuit/bindings/python/cgo/exports.go,151,go_perf_layer_serialization_json_marshal_for_deep_equal,false_positive,"Snippet does not clearly demonstrate the specific rule condition; treated as non-actionable here."
/home/chinmay/ChinmayPersonalProjects/deslop/scripts/chunks/Chunk_26_50.txt,31,/home/chinmay/ChinmayPersonalProjects/gopdfsuit/bindings/python/cgo/exports.go,170,go_perf_layer_memory_allocation_temporary_byte_slice_for_string_write,false_positive,"Snippet does not clearly demonstrate the specific rule condition; treated as non-actionable here."
/home/chinmay/ChinmayPersonalProjects/deslop/scripts/chunks/Chunk_26_50.txt,32,/home/chinmay/ChinmayPersonalProjects/gopdfsuit/bindings/python/cgo/exports.go,170,go_perf_layer_string_handling_byte_string_roundtrip_for_contains,false_positive,"Snippet does not clearly demonstrate the specific rule condition; treated as non-actionable here."
/home/chinmay/ChinmayPersonalProjects/deslop/scripts/chunks/Chunk_26_50.txt,33,/home/chinmay/ChinmayPersonalProjects/gopdfsuit/bindings/python/cgo/exports.go,175,go_perf_layer_error_handling_cost_error_string_built_before_error_needed,false_positive,"Snippet does not clearly demonstrate the specific rule condition; treated as non-actionable here."
/home/chinmay/ChinmayPersonalProjects/deslop/scripts/chunks/Chunk_26_50.txt,34,/home/chinmay/ChinmayPersonalProjects/gopdfsuit/bindings/python/cgo/exports.go,193,go_perf_layer_memory_allocation_temporary_byte_slice_for_string_write,false_positive,"Snippet does not clearly demonstrate the specific rule condition; treated as non-actionable here."
/home/chinmay/ChinmayPersonalProjects/deslop/scripts/chunks/Chunk_26_50.txt,35,/home/chinmay/ChinmayPersonalProjects/gopdfsuit/bindings/python/cgo/exports.go,193,go_perf_layer_string_handling_byte_string_roundtrip_for_contains,false_positive,"Snippet does not clearly demonstrate the specific rule condition; treated as non-actionable here."
/home/chinmay/ChinmayPersonalProjects/deslop/scripts/chunks/Chunk_26_50.txt,36,/home/chinmay/ChinmayPersonalProjects/gopdfsuit/bindings/python/cgo/exports.go,195,go_perf_layer_caching_json_cache_value_stored_as_string,false_positive,"Snippet does not clearly demonstrate the specific rule condition; treated as non-actionable here."
/home/chinmay/ChinmayPersonalProjects/deslop/scripts/chunks/Chunk_26_50.txt,37,/home/chinmay/ChinmayPersonalProjects/gopdfsuit/bindings/python/cgo/exports.go,195,go_perf_layer_error_handling_cost_error_string_built_before_error_needed,false_positive,"Snippet does not clearly demonstrate the specific rule condition; treated as non-actionable here."
/home/chinmay/ChinmayPersonalProjects/deslop/scripts/chunks/Chunk_26_50.txt,38,/home/chinmay/ChinmayPersonalProjects/gopdfsuit/bindings/python/cgo/exports.go,195,go_perf_layer_logging_overhead_log_payload_serialized_before_sampling,false_positive,"Snippet does not clearly demonstrate the specific rule condition; treated as non-actionable here."
/home/chinmay/ChinmayPersonalProjects/deslop/scripts/chunks/Chunk_26_50.txt,39,/home/chinmay/ChinmayPersonalProjects/gopdfsuit/bindings/python/cgo/exports.go,195,go_perf_layer_network_calls_dns_lookup_per_request_path,false_positive,"Snippet does not clearly demonstrate the specific rule condition; treated as non-actionable here."
/home/chinmay/ChinmayPersonalProjects/deslop/scripts/chunks/Chunk_26_50.txt,40,/home/chinmay/ChinmayPersonalProjects/gopdfsuit/bindings/python/cgo/exports.go,195,go_perf_layer_resource_pooling_rate_limiter_per_request,false_positive,"Snippet does not clearly demonstrate the specific rule condition; treated as non-actionable here."
/home/chinmay/ChinmayPersonalProjects/deslop/scripts/chunks/Chunk_26_50.txt,41,/home/chinmay/ChinmayPersonalProjects/gopdfsuit/bindings/python/cgo/exports.go,195,go_perf_layer_serialization_json_decoder_without_reuse_for_stream,false_positive,"Snippet does not clearly demonstrate the specific rule condition; treated as non-actionable here."
/home/chinmay/ChinmayPersonalProjects/deslop/scripts/chunks/Chunk_26_50.txt,42,/home/chinmay/ChinmayPersonalProjects/gopdfsuit/bindings/python/cgo/exports.go,195,go_perf_layer_serialization_json_marshal_for_deep_equal,false_positive,"Snippet does not clearly demonstrate the specific rule condition; treated as non-actionable here."
/home/chinmay/ChinmayPersonalProjects/deslop/scripts/chunks/Chunk_26_50.txt,43,/home/chinmay/ChinmayPersonalProjects/gopdfsuit/bindings/python/cgo/exports.go,195,go_perf_layer_serialization_map_any_json_decode_in_hot_path,false_positive,"Snippet does not clearly demonstrate the specific rule condition; treated as non-actionable here."
/home/chinmay/ChinmayPersonalProjects/deslop/scripts/chunks/Chunk_26_50.txt,44,/home/chinmay/ChinmayPersonalProjects/gopdfsuit/bindings/python/cgo/exports.go,195,go_perf_layer_string_handling_regexp_compile_in_request_path,false_positive,"Snippet does not clearly demonstrate the specific rule condition; treated as non-actionable here."
/home/chinmay/ChinmayPersonalProjects/deslop/scripts/chunks/Chunk_26_50.txt,45,/home/chinmay/ChinmayPersonalProjects/gopdfsuit/bindings/python/cgo/exports.go,197,go_perf_layer_error_handling_cost_sentinel_error_allocated_per_call,false_positive,"Snippet does not clearly demonstrate the specific rule condition; treated as non-actionable here."
/home/chinmay/ChinmayPersonalProjects/deslop/scripts/chunks/Chunk_26_50.txt,46,/home/chinmay/ChinmayPersonalProjects/gopdfsuit/bindings/python/cgo/exports.go,197,go_perf_layer_hot_path_optimization_allocation_in_hash_or_less_func,false_positive,"Snippet does not clearly demonstrate the specific rule condition; treated as non-actionable here."
/home/chinmay/ChinmayPersonalProjects/deslop/scripts/chunks/Chunk_26_50.txt,47,/home/chinmay/ChinmayPersonalProjects/gopdfsuit/bindings/python/cgo/exports.go,220,go_perf_layer_memory_allocation_temporary_byte_slice_for_string_write,false_positive,"Snippet does not clearly demonstrate the specific rule condition; treated as non-actionable here."
/home/chinmay/ChinmayPersonalProjects/deslop/scripts/chunks/Chunk_26_50.txt,48,/home/chinmay/ChinmayPersonalProjects/gopdfsuit/bindings/python/cgo/exports.go,220,go_perf_layer_string_handling_byte_string_roundtrip_for_contains,false_positive,"Snippet does not clearly demonstrate the specific rule condition; treated as non-actionable here."
/home/chinmay/ChinmayPersonalProjects/deslop/scripts/chunks/Chunk_26_50.txt,49,/home/chinmay/ChinmayPersonalProjects/gopdfsuit/bindings/python/cgo/exports.go,222,go_perf_layer_caching_json_cache_value_stored_as_string,false_positive,"Snippet does not clearly demonstrate the specific rule condition; treated as non-actionable here."
/home/chinmay/ChinmayPersonalProjects/deslop/scripts/chunks/Chunk_26_50.txt,50,/home/chinmay/ChinmayPersonalProjects/gopdfsuit/bindings/python/cgo/exports.go,222,go_perf_layer_error_handling_cost_error_string_built_before_error_needed,false_positive,"Snippet does not clearly demonstrate the specific rule condition; treated as non-actionable here."
/home/chinmay/ChinmayPersonalProjects/deslop/scripts/chunks/Chunk_51_75.txt,51,/home/chinmay/ChinmayPersonalProjects/gopdfsuit/bindings/python/cgo/exports.go,222,go_perf_layer_logging_overhead_log_payload_serialized_before_sampling,false_positive,"Snippet does not clearly demonstrate the specific rule condition; treated as non-actionable here."
/home/chinmay/ChinmayPersonalProjects/deslop/scripts/chunks/Chunk_51_75.txt,52,/home/chinmay/ChinmayPersonalProjects/gopdfsuit/bindings/python/cgo/exports.go,222,go_perf_layer_network_calls_dns_lookup_per_request_path,false_positive,"Snippet does not clearly demonstrate the specific rule condition; treated as non-actionable here."
/home/chinmay/ChinmayPersonalProjects/deslop/scripts/chunks/Chunk_51_75.txt,53,/home/chinmay/ChinmayPersonalProjects/gopdfsuit/bindings/python/cgo/exports.go,222,go_perf_layer_resource_pooling_rate_limiter_per_request,false_positive,"Snippet does not clearly demonstrate the specific rule condition; treated as non-actionable here."
/home/chinmay/ChinmayPersonalProjects/deslop/scripts/chunks/Chunk_51_75.txt,54,/home/chinmay/ChinmayPersonalProjects/gopdfsuit/bindings/python/cgo/exports.go,222,go_perf_layer_serialization_json_decoder_without_reuse_for_stream,false_positive,"Snippet does not clearly demonstrate the specific rule condition; treated as non-actionable here."
/home/chinmay/ChinmayPersonalProjects/deslop/scripts/chunks/Chunk_51_75.txt,55,/home/chinmay/ChinmayPersonalProjects/gopdfsuit/bindings/python/cgo/exports.go,222,go_perf_layer_serialization_json_marshal_for_deep_equal,false_positive,"Snippet does not clearly demonstrate the specific rule condition; treated as non-actionable here."
/home/chinmay/ChinmayPersonalProjects/deslop/scripts/chunks/Chunk_51_75.txt,56,/home/chinmay/ChinmayPersonalProjects/gopdfsuit/bindings/python/cgo/exports.go,222,go_perf_layer_serialization_map_any_json_decode_in_hot_path,false_positive,"Snippet does not clearly demonstrate the specific rule condition; treated as non-actionable here."
/home/chinmay/ChinmayPersonalProjects/deslop/scripts/chunks/Chunk_51_75.txt,57,/home/chinmay/ChinmayPersonalProjects/gopdfsuit/bindings/python/cgo/exports.go,222,go_perf_layer_string_handling_regexp_compile_in_request_path,false_positive,"Snippet does not clearly demonstrate the specific rule condition; treated as non-actionable here."
/home/chinmay/ChinmayPersonalProjects/deslop/scripts/chunks/Chunk_51_75.txt,58,/home/chinmay/ChinmayPersonalProjects/gopdfsuit/bindings/python/cgo/exports.go,224,go_perf_layer_error_handling_cost_sentinel_error_allocated_per_call,false_positive,"Snippet does not clearly demonstrate the specific rule condition; treated as non-actionable here."
/home/chinmay/ChinmayPersonalProjects/deslop/scripts/chunks/Chunk_51_75.txt,59,/home/chinmay/ChinmayPersonalProjects/gopdfsuit/bindings/python/cgo/exports.go,224,go_perf_layer_hot_path_optimization_allocation_in_hash_or_less_func,false_positive,"Snippet does not clearly demonstrate the specific rule condition; treated as non-actionable here."
/home/chinmay/ChinmayPersonalProjects/deslop/scripts/chunks/Chunk_51_75.txt,60,/home/chinmay/ChinmayPersonalProjects/gopdfsuit/bindings/python/cgo/exports.go,247,go_perf_layer_memory_allocation_temporary_byte_slice_for_string_write,false_positive,"Snippet does not clearly demonstrate the specific rule condition; treated as non-actionable here."
/home/chinmay/ChinmayPersonalProjects/deslop/scripts/chunks/Chunk_51_75.txt,61,/home/chinmay/ChinmayPersonalProjects/gopdfsuit/bindings/python/cgo/exports.go,247,go_perf_layer_string_handling_byte_string_roundtrip_for_contains,false_positive,"Snippet does not clearly demonstrate the specific rule condition; treated as non-actionable here."
/home/chinmay/ChinmayPersonalProjects/deslop/scripts/chunks/Chunk_51_75.txt,62,/home/chinmay/ChinmayPersonalProjects/gopdfsuit/bindings/python/cgo/exports.go,250,go_perf_layer_caching_json_cache_value_stored_as_string,false_positive,"Snippet does not clearly demonstrate the specific rule condition; treated as non-actionable here."
/home/chinmay/ChinmayPersonalProjects/deslop/scripts/chunks/Chunk_51_75.txt,63,/home/chinmay/ChinmayPersonalProjects/gopdfsuit/bindings/python/cgo/exports.go,250,go_perf_layer_error_handling_cost_error_string_built_before_error_needed,false_positive,"Snippet does not clearly demonstrate the specific rule condition; treated as non-actionable here."
/home/chinmay/ChinmayPersonalProjects/deslop/scripts/chunks/Chunk_51_75.txt,64,/home/chinmay/ChinmayPersonalProjects/gopdfsuit/bindings/python/cgo/exports.go,250,go_perf_layer_serialization_json_decoder_without_reuse_for_stream,false_positive,"Snippet does not clearly demonstrate the specific rule condition; treated as non-actionable here."
/home/chinmay/ChinmayPersonalProjects/deslop/scripts/chunks/Chunk_51_75.txt,65,/home/chinmay/ChinmayPersonalProjects/gopdfsuit/bindings/python/cgo/exports.go,250,go_perf_layer_serialization_json_marshal_for_deep_equal,false_positive,"Snippet does not clearly demonstrate the specific rule condition; treated as non-actionable here."
/home/chinmay/ChinmayPersonalProjects/deslop/scripts/chunks/Chunk_51_75.txt,66,/home/chinmay/ChinmayPersonalProjects/gopdfsuit/bindings/python/cgo/exports.go,268,go_perf_layer_memory_allocation_temporary_byte_slice_for_string_write,false_positive,"Snippet does not clearly demonstrate the specific rule condition; treated as non-actionable here."
/home/chinmay/ChinmayPersonalProjects/deslop/scripts/chunks/Chunk_51_75.txt,67,/home/chinmay/ChinmayPersonalProjects/gopdfsuit/bindings/python/cgo/exports.go,268,go_perf_layer_string_handling_byte_string_roundtrip_for_contains,false_positive,"Snippet does not clearly demonstrate the specific rule condition; treated as non-actionable here."
/home/chinmay/ChinmayPersonalProjects/deslop/scripts/chunks/Chunk_51_75.txt,68,/home/chinmay/ChinmayPersonalProjects/gopdfsuit/bindings/python/cgo/exports.go,271,go_perf_layer_error_handling_cost_error_string_built_before_error_needed,false_positive,"Snippet does not clearly demonstrate the specific rule condition; treated as non-actionable here."
/home/chinmay/ChinmayPersonalProjects/deslop/scripts/chunks/Chunk_51_75.txt,69,/home/chinmay/ChinmayPersonalProjects/gopdfsuit/bindings/python/cgo/exports.go,273,go_perf_layer_caching_json_cache_value_stored_as_string,false_positive,"Snippet does not clearly demonstrate the specific rule condition; treated as non-actionable here."
/home/chinmay/ChinmayPersonalProjects/deslop/scripts/chunks/Chunk_51_75.txt,70,/home/chinmay/ChinmayPersonalProjects/gopdfsuit/bindings/python/cgo/exports.go,277,go_perf_layer_serialization_json_decoder_without_reuse_for_stream,false_positive,"Snippet does not clearly demonstrate the specific rule condition; treated as non-actionable here."
/home/chinmay/ChinmayPersonalProjects/deslop/scripts/chunks/Chunk_51_75.txt,71,/home/chinmay/ChinmayPersonalProjects/gopdfsuit/bindings/python/cgo/exports.go,277,go_perf_layer_serialization_json_marshal_for_deep_equal,false_positive,"Snippet does not clearly demonstrate the specific rule condition; treated as non-actionable here."
/home/chinmay/ChinmayPersonalProjects/deslop/scripts/chunks/Chunk_51_75.txt,72,/home/chinmay/ChinmayPersonalProjects/gopdfsuit/bindings/python/cgo/exports.go,295,go_perf_layer_memory_allocation_temporary_byte_slice_for_string_write,false_positive,"Snippet does not clearly demonstrate the specific rule condition; treated as non-actionable here."
/home/chinmay/ChinmayPersonalProjects/deslop/scripts/chunks/Chunk_51_75.txt,73,/home/chinmay/ChinmayPersonalProjects/gopdfsuit/bindings/python/cgo/exports.go,295,go_perf_layer_string_handling_byte_string_roundtrip_for_contains,false_positive,"Snippet does not clearly demonstrate the specific rule condition; treated as non-actionable here."
/home/chinmay/ChinmayPersonalProjects/deslop/scripts/chunks/Chunk_51_75.txt,74,/home/chinmay/ChinmayPersonalProjects/gopdfsuit/bindings/python/cgo/exports.go,298,go_perf_layer_data_structure_choice_small_enum_string_switch_map,false_positive,"Snippet does not clearly demonstrate the specific rule condition; treated as non-actionable here."
/home/chinmay/ChinmayPersonalProjects/deslop/scripts/chunks/Chunk_51_75.txt,75,/home/chinmay/ChinmayPersonalProjects/gopdfsuit/bindings/python/cgo/exports.go,298,go_perf_layer_error_handling_cost_error_string_built_before_error_needed,false_positive,"Snippet does not clearly demonstrate the specific rule condition; treated as non-actionable here."
/home/chinmay/ChinmayPersonalProjects/deslop/scripts/chunks/Chunk_76_100.txt,76,/home/chinmay/ChinmayPersonalProjects/gopdfsuit/bindings/python/cgo/exports.go,300,go_perf_layer_caching_json_cache_value_stored_as_string,false_positive,"Snippet does not clearly demonstrate the specific rule condition; treated as non-actionable here."
/home/chinmay/ChinmayPersonalProjects/deslop/scripts/chunks/Chunk_76_100.txt,77,/home/chinmay/ChinmayPersonalProjects/gopdfsuit/bindings/python/cgo/exports.go,304,go_perf_layer_serialization_json_decoder_without_reuse_for_stream,false_positive,"Snippet does not clearly demonstrate the specific rule condition; treated as non-actionable here."
/home/chinmay/ChinmayPersonalProjects/deslop/scripts/chunks/Chunk_76_100.txt,78,/home/chinmay/ChinmayPersonalProjects/gopdfsuit/bindings/python/cgo/exports.go,304,go_perf_layer_serialization_json_marshal_for_deep_equal,false_positive,"Snippet does not clearly demonstrate the specific rule condition; treated as non-actionable here."
/home/chinmay/ChinmayPersonalProjects/deslop/scripts/chunks/Chunk_76_100.txt,79,/home/chinmay/ChinmayPersonalProjects/gopdfsuit/bindings/python/cgo/exports.go,322,go_perf_layer_memory_allocation_temporary_byte_slice_for_string_write,false_positive,"Snippet does not clearly demonstrate the specific rule condition; treated as non-actionable here."
/home/chinmay/ChinmayPersonalProjects/deslop/scripts/chunks/Chunk_76_100.txt,80,/home/chinmay/ChinmayPersonalProjects/gopdfsuit/bindings/python/cgo/exports.go,322,go_perf_layer_string_handling_byte_string_roundtrip_for_contains,false_positive,"Snippet does not clearly demonstrate the specific rule condition; treated as non-actionable here."
/home/chinmay/ChinmayPersonalProjects/deslop/scripts/chunks/Chunk_76_100.txt,81,/home/chinmay/ChinmayPersonalProjects/gopdfsuit/bindings/python/cgo/exports.go,325,go_perf_layer_caching_json_cache_value_stored_as_string,false_positive,"Snippet does not clearly demonstrate the specific rule condition; treated as non-actionable here."
/home/chinmay/ChinmayPersonalProjects/deslop/scripts/chunks/Chunk_76_100.txt,82,/home/chinmay/ChinmayPersonalProjects/gopdfsuit/bindings/python/cgo/exports.go,325,go_perf_layer_error_handling_cost_error_string_built_before_error_needed,false_positive,"Snippet does not clearly demonstrate the specific rule condition; treated as non-actionable here."
/home/chinmay/ChinmayPersonalProjects/deslop/scripts/chunks/Chunk_76_100.txt,83,/home/chinmay/ChinmayPersonalProjects/gopdfsuit/bindings/python/cgo/exports.go,332,go_perf_layer_serialization_json_decoder_without_reuse_for_stream,false_positive,"Snippet does not clearly demonstrate the specific rule condition; treated as non-actionable here."
/home/chinmay/ChinmayPersonalProjects/deslop/scripts/chunks/Chunk_76_100.txt,84,/home/chinmay/ChinmayPersonalProjects/gopdfsuit/bindings/python/cgo/exports.go,332,go_perf_layer_serialization_json_marshal_for_deep_equal,false_positive,"Snippet does not clearly demonstrate the specific rule condition; treated as non-actionable here."
/home/chinmay/ChinmayPersonalProjects/deslop/scripts/chunks/Chunk_76_100.txt,85,/home/chinmay/ChinmayPersonalProjects/gopdfsuit/bindings/python/cgo/exports.go,350,go_perf_layer_memory_allocation_temporary_byte_slice_for_string_write,false_positive,"Snippet does not clearly demonstrate the specific rule condition; treated as non-actionable here."
/home/chinmay/ChinmayPersonalProjects/deslop/scripts/chunks/Chunk_76_100.txt,86,/home/chinmay/ChinmayPersonalProjects/gopdfsuit/bindings/python/cgo/exports.go,350,go_perf_layer_string_handling_byte_string_roundtrip_for_contains,false_positive,"Snippet does not clearly demonstrate the specific rule condition; treated as non-actionable here."
/home/chinmay/ChinmayPersonalProjects/deslop/scripts/chunks/Chunk_76_100.txt,87,/home/chinmay/ChinmayPersonalProjects/gopdfsuit/bindings/python/cgo/exports.go,353,go_perf_layer_caching_json_cache_value_stored_as_string,false_positive,"Snippet does not clearly demonstrate the specific rule condition; treated as non-actionable here."
/home/chinmay/ChinmayPersonalProjects/deslop/scripts/chunks/Chunk_76_100.txt,88,/home/chinmay/ChinmayPersonalProjects/gopdfsuit/bindings/python/cgo/exports.go,353,go_perf_layer_error_handling_cost_error_string_built_before_error_needed,false_positive,"Snippet does not clearly demonstrate the specific rule condition; treated as non-actionable here."
/home/chinmay/ChinmayPersonalProjects/deslop/scripts/chunks/Chunk_76_100.txt,89,/home/chinmay/ChinmayPersonalProjects/gopdfsuit/bindings/python/cgo/exports.go,353,go_perf_layer_serialization_json_decoder_without_reuse_for_stream,false_positive,"Snippet does not clearly demonstrate the specific rule condition; treated as non-actionable here."
/home/chinmay/ChinmayPersonalProjects/deslop/scripts/chunks/Chunk_76_100.txt,90,/home/chinmay/ChinmayPersonalProjects/gopdfsuit/bindings/python/cgo/exports.go,353,go_perf_layer_serialization_json_marshal_for_deep_equal,false_positive,"Snippet does not clearly demonstrate the specific rule condition; treated as non-actionable here."
/home/chinmay/ChinmayPersonalProjects/deslop/scripts/chunks/Chunk_76_100.txt,91,/home/chinmay/ChinmayPersonalProjects/gopdfsuit/bindings/python/cgo/exports.go,379,go_perf_layer_memory_allocation_temporary_byte_slice_for_string_write,false_positive,"Snippet does not clearly demonstrate the specific rule condition; treated as non-actionable here."
/home/chinmay/ChinmayPersonalProjects/deslop/scripts/chunks/Chunk_76_100.txt,92,/home/chinmay/ChinmayPersonalProjects/gopdfsuit/bindings/python/cgo/exports.go,379,go_perf_layer_string_handling_byte_string_roundtrip_for_contains,false_positive,"Snippet does not clearly demonstrate the specific rule condition; treated as non-actionable here."
/home/chinmay/ChinmayPersonalProjects/deslop/scripts/chunks/Chunk_76_100.txt,93,/home/chinmay/ChinmayPersonalProjects/gopdfsuit/bindings/python/cgo/exports.go,382,go_perf_layer_caching_json_cache_value_stored_as_string,false_positive,"Snippet does not clearly demonstrate the specific rule condition; treated as non-actionable here."
/home/chinmay/ChinmayPersonalProjects/deslop/scripts/chunks/Chunk_76_100.txt,94,/home/chinmay/ChinmayPersonalProjects/gopdfsuit/bindings/python/cgo/exports.go,382,go_perf_layer_error_handling_cost_error_string_built_before_error_needed,false_positive,"Snippet does not clearly demonstrate the specific rule condition; treated as non-actionable here."
/home/chinmay/ChinmayPersonalProjects/deslop/scripts/chunks/Chunk_76_100.txt,95,/home/chinmay/ChinmayPersonalProjects/gopdfsuit/bindings/python/cgo/exports.go,382,go_perf_layer_serialization_json_decoder_without_reuse_for_stream,false_positive,"Snippet does not clearly demonstrate the specific rule condition; treated as non-actionable here."
/home/chinmay/ChinmayPersonalProjects/deslop/scripts/chunks/Chunk_76_100.txt,96,/home/chinmay/ChinmayPersonalProjects/gopdfsuit/bindings/python/cgo/exports.go,382,go_perf_layer_serialization_json_marshal_for_deep_equal,false_positive,"Snippet does not clearly demonstrate the specific rule condition; treated as non-actionable here."
/home/chinmay/ChinmayPersonalProjects/deslop/scripts/chunks/Chunk_76_100.txt,97,/home/chinmay/ChinmayPersonalProjects/gopdfsuit/bindings/python/cgo/exports.go,421,go_perf_layer_network_calls_retry_loop_without_backoff,false_positive,"Snippet does not clearly demonstrate the specific rule condition; treated as non-actionable here."
/home/chinmay/ChinmayPersonalProjects/deslop/scripts/chunks/Chunk_76_100.txt,98,/home/chinmay/ChinmayPersonalProjects/gopdfsuit/bindings/python/pypdfsuit/__init__.py,1,package_root_reexports_large_dependency_tree_by_default,false_positive,"No function/snippet context is available to substantiate this rule hit."
/home/chinmay/ChinmayPersonalProjects/deslop/scripts/chunks/Chunk_76_100.txt,99,/home/chinmay/ChinmayPersonalProjects/gopdfsuit/bindings/python/pypdfsuit/_bindings.py,46,condition_tree_nests_past_two_business_decision_levels,false_positive,"Snippet does not clearly demonstrate the specific rule condition; treated as non-actionable here."
/home/chinmay/ChinmayPersonalProjects/deslop/scripts/chunks/Chunk_76_100.txt,100,/home/chinmay/ChinmayPersonalProjects/gopdfsuit/bindings/python/pypdfsuit/_bindings.py,46,invariant_computation_not_hoisted_out_of_nested_loop,false_positive,"Snippet does not clearly demonstrate the specific rule condition; treated as non-actionable here."
/home/chinmay/ChinmayPersonalProjects/deslop/scripts/chunks/Chunk_101_125.txt,101,/home/chinmay/ChinmayPersonalProjects/gopdfsuit/bindings/python/pypdfsuit/_bindings.py,46,pathlib_path_reconstructed_from_same_base_in_loop,false_positive,"Snippet does not clearly demonstrate the specific rule condition; treated as non-actionable here."
/home/chinmay/ChinmayPersonalProjects/deslop/scripts/chunks/Chunk_101_125.txt,102,/home/chinmay/ChinmayPersonalProjects/gopdfsuit/bindings/python/pypdfsuit/_bindings.py,47,python_perf_layer_database_access_orm_query_inside_loop,false_positive,"Snippet does not clearly demonstrate the specific rule condition; treated as non-actionable here."
/home/chinmay/ChinmayPersonalProjects/deslop/scripts/chunks/Chunk_101_125.txt,103,/home/chinmay/ChinmayPersonalProjects/gopdfsuit/bindings/python/pypdfsuit/_bindings.py,47,python_perf_layer_network_calls_retry_without_backoff_or_jitter,false_positive,"Snippet does not clearly demonstrate the specific rule condition; treated as non-actionable here."
/home/chinmay/ChinmayPersonalProjects/deslop/scripts/chunks/Chunk_101_125.txt,104,/home/chinmay/ChinmayPersonalProjects/gopdfsuit/bindings/python/pypdfsuit/_bindings.py,47,python_perf_layer_serialization_json_dumps_for_equality_or_hash,false_positive,"Snippet does not clearly demonstrate the specific rule condition; treated as non-actionable here."
/home/chinmay/ChinmayPersonalProjects/deslop/scripts/chunks/Chunk_101_125.txt,105,/home/chinmay/ChinmayPersonalProjects/gopdfsuit/bindings/python/pypdfsuit/_bindings.py,49,python_perf_layer_io_operations_path_exists_before_open_race,false_positive,"Snippet does not clearly demonstrate the specific rule condition; treated as non-actionable here."
/home/chinmay/ChinmayPersonalProjects/deslop/scripts/chunks/Chunk_101_125.txt,106,/home/chinmay/ChinmayPersonalProjects/gopdfsuit/bindings/python/pypdfsuit/_bindings.py,49,python_perf_layer_io_operations_small_file_writes_without_buffer,false_positive,"Snippet does not clearly demonstrate the specific rule condition; treated as non-actionable here."
/home/chinmay/ChinmayPersonalProjects/deslop/scripts/chunks/Chunk_101_125.txt,107,/home/chinmay/ChinmayPersonalProjects/gopdfsuit/bindings/python/pypdfsuit/_bindings.py,51,python_perf_layer_string_handling_lowercase_compare_allocates,false_positive,"Snippet does not clearly demonstrate the specific rule condition; treated as non-actionable here."
/home/chinmay/ChinmayPersonalProjects/deslop/scripts/chunks/Chunk_101_125.txt,108,/home/chinmay/ChinmayPersonalProjects/gopdfsuit/bindings/python/pypdfsuit/_bindings.py,58,python_perf_layer_error_handling_cost_error_message_formatted_on_success_path,false_positive,"Snippet does not clearly demonstrate the specific rule condition; treated as non-actionable here."
/home/chinmay/ChinmayPersonalProjects/deslop/scripts/chunks/Chunk_101_125.txt,109,/home/chinmay/ChinmayPersonalProjects/gopdfsuit/bindings/python/pypdfsuit/_bindings.py,58,python_perf_layer_error_handling_cost_raise_from_none_hides_retriable_error_context,false_positive,"Snippet does not clearly demonstrate the specific rule condition; treated as non-actionable here."
/home/chinmay/ChinmayPersonalProjects/deslop/scripts/chunks/Chunk_101_125.txt,110,/home/chinmay/ChinmayPersonalProjects/gopdfsuit/bindings/python/pypdfsuit/_bindings.py,85,python_perf_layer_algorithmic_complexity_full_sort_for_top_n,false_positive,"Snippet does not clearly demonstrate the specific rule condition; treated as non-actionable here."
/home/chinmay/ChinmayPersonalProjects/deslop/scripts/chunks/Chunk_101_125.txt,111,/home/chinmay/ChinmayPersonalProjects/gopdfsuit/bindings/python/pypdfsuit/_bindings.py,156,public_api_missing_type_hints,true_positive,"Public Python API snippet omits complete type annotations."
/home/chinmay/ChinmayPersonalProjects/deslop/scripts/chunks/Chunk_101_125.txt,112,/home/chinmay/ChinmayPersonalProjects/gopdfsuit/bindings/python/pypdfsuit/_bindings.py,164,cache_object_exists_without_size_or_eviction_policy_documentation,false_positive,"Snippet does not clearly demonstrate the specific rule condition; treated as non-actionable here."
/home/chinmay/ChinmayPersonalProjects/deslop/scripts/chunks/Chunk_101_125.txt,113,/home/chinmay/ChinmayPersonalProjects/gopdfsuit/bindings/python/pypdfsuit/_bindings.py,164,public_api_missing_type_hints,true_positive,"Public Python API snippet omits complete type annotations."
/home/chinmay/ChinmayPersonalProjects/deslop/scripts/chunks/Chunk_101_125.txt,114,/home/chinmay/ChinmayPersonalProjects/gopdfsuit/bindings/python/pypdfsuit/_bindings.py,164,variadic_public_api,true_positive,"Public API uses variadic arguments, creating an underspecified external contract."
/home/chinmay/ChinmayPersonalProjects/deslop/scripts/chunks/Chunk_101_125.txt,115,/home/chinmay/ChinmayPersonalProjects/gopdfsuit/bindings/python/pypdfsuit/_bindings.py,173,python_perf_layer_string_handling_bytes_decode_encode_roundtrip,false_positive,"Snippet does not clearly demonstrate the specific rule condition; treated as non-actionable here."
/home/chinmay/ChinmayPersonalProjects/deslop/scripts/chunks/Chunk_101_125.txt,116,/home/chinmay/ChinmayPersonalProjects/gopdfsuit/bindings/python/pypdfsuit/_bindings.py,175,python_perf_layer_error_handling_cost_raise_from_none_hides_retriable_error_context,false_positive,"Snippet does not clearly demonstrate the specific rule condition; treated as non-actionable here."
/home/chinmay/ChinmayPersonalProjects/deslop/scripts/chunks/Chunk_101_125.txt,117,/home/chinmay/ChinmayPersonalProjects/gopdfsuit/bindings/python/pypdfsuit/_bindings.py,186,python_perf_layer_string_handling_lowercase_compare_allocates,false_positive,"Snippet does not clearly demonstrate the specific rule condition; treated as non-actionable here."
/home/chinmay/ChinmayPersonalProjects/deslop/scripts/chunks/Chunk_101_125.txt,118,/home/chinmay/ChinmayPersonalProjects/gopdfsuit/bindings/python/pypdfsuit/_bindings.py,189,python_perf_layer_memory_allocation_deepcopy_before_readonly_transform,false_positive,"Snippet does not clearly demonstrate the specific rule condition; treated as non-actionable here."
/home/chinmay/ChinmayPersonalProjects/deslop/scripts/chunks/Chunk_101_125.txt,119,/home/chinmay/ChinmayPersonalProjects/gopdfsuit/bindings/python/pypdfsuit/_bindings.py,197,cache_object_exists_without_size_or_eviction_policy_documentation,false_positive,"Snippet does not clearly demonstrate the specific rule condition; treated as non-actionable here."
/home/chinmay/ChinmayPersonalProjects/deslop/scripts/chunks/Chunk_101_125.txt,120,/home/chinmay/ChinmayPersonalProjects/gopdfsuit/bindings/python/pypdfsuit/_bindings.py,197,condition_tree_nests_past_two_business_decision_levels,false_positive,"Snippet does not clearly demonstrate the specific rule condition; treated as non-actionable here."
/home/chinmay/ChinmayPersonalProjects/deslop/scripts/chunks/Chunk_101_125.txt,121,/home/chinmay/ChinmayPersonalProjects/gopdfsuit/bindings/python/pypdfsuit/_bindings.py,197,partial_update_mutates_input_before_validation_succeeds,false_positive,"Snippet does not clearly demonstrate the specific rule condition; treated as non-actionable here."
/home/chinmay/ChinmayPersonalProjects/deslop/scripts/chunks/Chunk_101_125.txt,122,/home/chinmay/ChinmayPersonalProjects/gopdfsuit/bindings/python/pypdfsuit/_bindings.py,197,public_api_missing_type_hints,true_positive,"Public Python API snippet omits complete type annotations."
/home/chinmay/ChinmayPersonalProjects/deslop/scripts/chunks/Chunk_101_125.txt,123,/home/chinmay/ChinmayPersonalProjects/gopdfsuit/bindings/python/pypdfsuit/_bindings.py,197,variadic_public_api,true_positive,"Public API uses variadic arguments, creating an underspecified external contract."
/home/chinmay/ChinmayPersonalProjects/deslop/scripts/chunks/Chunk_101_125.txt,124,/home/chinmay/ChinmayPersonalProjects/gopdfsuit/bindings/python/pypdfsuit/_bindings.py,206,python_perf_layer_collection_iteration_enumerate_list_materialized,false_positive,"Snippet does not clearly demonstrate the specific rule condition; treated as non-actionable here."
/home/chinmay/ChinmayPersonalProjects/deslop/scripts/chunks/Chunk_101_125.txt,125,/home/chinmay/ChinmayPersonalProjects/gopdfsuit/bindings/python/pypdfsuit/_bindings.py,206,python_perf_layer_data_structure_choice_list_as_fifo_queue,false_positive,"Snippet does not clearly demonstrate the specific rule condition; treated as non-actionable here."
/home/chinmay/ChinmayPersonalProjects/deslop/scripts/chunks/Chunk_126_150.txt,126,/home/chinmay/ChinmayPersonalProjects/gopdfsuit/bindings/python/pypdfsuit/_bindings.py,206,python_perf_layer_error_handling_cost_multi_error_list_allocated_before_failure,false_positive,"Snippet does not clearly demonstrate the specific rule condition; treated as non-actionable here."
/home/chinmay/ChinmayPersonalProjects/deslop/scripts/chunks/Chunk_126_150.txt,127,/home/chinmay/ChinmayPersonalProjects/gopdfsuit/bindings/python/pypdfsuit/_bindings.py,206,python_perf_layer_memory_allocation_list_append_without_generator_stream,false_positive,"Snippet does not clearly demonstrate the specific rule condition; treated as non-actionable here."
/home/chinmay/ChinmayPersonalProjects/deslop/scripts/chunks/Chunk_126_150.txt,128,/home/chinmay/ChinmayPersonalProjects/gopdfsuit/bindings/python/pypdfsuit/_bindings.py,206,python_perf_layer_string_handling_bytes_decode_encode_roundtrip,false_positive,"Snippet does not clearly demonstrate the specific rule condition; treated as non-actionable here."
/home/chinmay/ChinmayPersonalProjects/deslop/scripts/chunks/Chunk_126_150.txt,129,/home/chinmay/ChinmayPersonalProjects/gopdfsuit/bindings/python/pypdfsuit/_bindings.py,208,python_perf_layer_error_handling_cost_raise_from_none_hides_retriable_error_context,false_positive,"Snippet does not clearly demonstrate the specific rule condition; treated as non-actionable here."
/home/chinmay/ChinmayPersonalProjects/deslop/scripts/chunks/Chunk_126_150.txt,130,/home/chinmay/ChinmayPersonalProjects/gopdfsuit/bindings/python/pypdfsuit/_bindings.py,224,python_perf_layer_network_calls_retry_without_backoff_or_jitter,false_positive,"Snippet does not clearly demonstrate the specific rule condition; treated as non-actionable here."
/home/chinmay/ChinmayPersonalProjects/deslop/scripts/chunks/Chunk_126_150.txt,131,/home/chinmay/ChinmayPersonalProjects/gopdfsuit/bindings/python/pypdfsuit/fill.py,5,sibling_modules_depend_on_private_helpers_from_each_other,false_positive,"No function/snippet context is available to substantiate this rule hit."
/home/chinmay/ChinmayPersonalProjects/deslop/scripts/chunks/Chunk_126_150.txt,132,/home/chinmay/ChinmayPersonalProjects/gopdfsuit/bindings/python/pypdfsuit/fill.py,8,blocking_io_call_executed_per_item_without_batching,false_positive,"Snippet does not clearly demonstrate the specific rule condition; treated as non-actionable here."
/home/chinmay/ChinmayPersonalProjects/deslop/scripts/chunks/Chunk_126_150.txt,133,/home/chinmay/ChinmayPersonalProjects/gopdfsuit/bindings/python/pypdfsuit/fill.py,8,circular_import_hidden_by_function_local_import_on_hot_path,false_positive,"Snippet does not clearly demonstrate the specific rule condition; treated as non-actionable here."
/home/chinmay/ChinmayPersonalProjects/deslop/scripts/chunks/Chunk_126_150.txt,134,/home/chinmay/ChinmayPersonalProjects/gopdfsuit/bindings/python/pypdfsuit/fill.py,8,condition_tree_nests_past_two_business_decision_levels,false_positive,"Snippet does not clearly demonstrate the specific rule condition; treated as non-actionable here."
/home/chinmay/ChinmayPersonalProjects/deslop/scripts/chunks/Chunk_126_150.txt,135,/home/chinmay/ChinmayPersonalProjects/gopdfsuit/bindings/python/pypdfsuit/fill.py,8,eager_full_file_or_stream_read_when_incremental_iteration_suffices,false_positive,"Snippet does not clearly demonstrate the specific rule condition; treated as non-actionable here."
/home/chinmay/ChinmayPersonalProjects/deslop/scripts/chunks/Chunk_126_150.txt,136,/home/chinmay/ChinmayPersonalProjects/gopdfsuit/bindings/python/pypdfsuit/fill.py,8,expensive_work_starts_before_input_validation,false_positive,"Snippet does not clearly demonstrate the specific rule condition; treated as non-actionable here."
/home/chinmay/ChinmayPersonalProjects/deslop/scripts/chunks/Chunk_126_150.txt,137,/home/chinmay/ChinmayPersonalProjects/gopdfsuit/bindings/python/pypdfsuit/fill.py,8,function_local_import_executed_in_frequent_path,false_positive,"Snippet does not clearly demonstrate the specific rule condition; treated as non-actionable here."
/home/chinmay/ChinmayPersonalProjects/deslop/scripts/chunks/Chunk_126_150.txt,138,/home/chinmay/ChinmayPersonalProjects/gopdfsuit/bindings/python/pypdfsuit/fill.py,8,repeated_file_open_for_same_resource_within_single_operation,false_positive,"Snippet does not clearly demonstrate the specific rule condition; treated as non-actionable here."
/home/chinmay/ChinmayPersonalProjects/deslop/scripts/chunks/Chunk_126_150.txt,139,/home/chinmay/ChinmayPersonalProjects/gopdfsuit/bindings/python/pypdfsuit/fill.py,8,repeated_open_read_close_of_same_small_file_in_single_workflow,false_positive,"Snippet does not clearly demonstrate the specific rule condition; treated as non-actionable here."
/home/chinmay/ChinmayPersonalProjects/deslop/scripts/chunks/Chunk_126_150.txt,140,/home/chinmay/ChinmayPersonalProjects/gopdfsuit/bindings/python/pypdfsuit/fill.py,8,repeated_small_writes_without_buffering_or_join,false_positive,"Snippet does not clearly demonstrate the specific rule condition; treated as non-actionable here."
/home/chinmay/ChinmayPersonalProjects/deslop/scripts/chunks/Chunk_126_150.txt,141,/home/chinmay/ChinmayPersonalProjects/gopdfsuit/bindings/python/pypdfsuit/fill.py,8,same_contextmanager_pattern_copied_across_modules,false_positive,"Snippet does not clearly demonstrate the specific rule condition; treated as non-actionable here."
/home/chinmay/ChinmayPersonalProjects/deslop/scripts/chunks/Chunk_126_150.txt,142,/home/chinmay/ChinmayPersonalProjects/gopdfsuit/bindings/python/pypdfsuit/fill.py,10,python_perf_layer_database_access_orm_query_inside_loop,false_positive,"Snippet does not clearly demonstrate the specific rule condition; treated as non-actionable here."
/home/chinmay/ChinmayPersonalProjects/deslop/scripts/chunks/Chunk_126_150.txt,143,/home/chinmay/ChinmayPersonalProjects/gopdfsuit/bindings/python/pypdfsuit/fill.py,10,python_perf_layer_error_handling_cost_raise_from_none_hides_retriable_error_context,false_positive,"Snippet does not clearly demonstrate the specific rule condition; treated as non-actionable here."
/home/chinmay/ChinmayPersonalProjects/deslop/scripts/chunks/Chunk_126_150.txt,144,/home/chinmay/ChinmayPersonalProjects/gopdfsuit/bindings/python/pypdfsuit/fill.py,12,python_perf_layer_algorithmic_complexity_full_sort_for_top_n,false_positive,"Snippet does not clearly demonstrate the specific rule condition; treated as non-actionable here."
/home/chinmay/ChinmayPersonalProjects/deslop/scripts/chunks/Chunk_126_150.txt,145,/home/chinmay/ChinmayPersonalProjects/gopdfsuit/bindings/python/pypdfsuit/fill.py,12,python_perf_layer_collection_iteration_generator_materialized_for_truthiness,false_positive,"Snippet does not clearly demonstrate the specific rule condition; treated as non-actionable here."
/home/chinmay/ChinmayPersonalProjects/deslop/scripts/chunks/Chunk_126_150.txt,146,/home/chinmay/ChinmayPersonalProjects/gopdfsuit/bindings/python/pypdfsuit/fill.py,12,python_perf_layer_network_calls_retry_without_backoff_or_jitter,false_positive,"Snippet does not clearly demonstrate the specific rule condition; treated as non-actionable here."
/home/chinmay/ChinmayPersonalProjects/deslop/scripts/chunks/Chunk_126_150.txt,147,/home/chinmay/ChinmayPersonalProjects/gopdfsuit/bindings/python/pypdfsuit/fill.py,16,python_perf_layer_io_operations_temporary_file_for_bytes_transform,false_positive,"Snippet does not clearly demonstrate the specific rule condition; treated as non-actionable here."
/home/chinmay/ChinmayPersonalProjects/deslop/scripts/chunks/Chunk_126_150.txt,148,/home/chinmay/ChinmayPersonalProjects/gopdfsuit/bindings/python/pypdfsuit/fill.py,23,python_perf_layer_error_handling_cost_error_message_formatted_on_success_path,false_positive,"Snippet does not clearly demonstrate the specific rule condition; treated as non-actionable here."
/home/chinmay/ChinmayPersonalProjects/deslop/scripts/chunks/Chunk_126_150.txt,149,/home/chinmay/ChinmayPersonalProjects/gopdfsuit/bindings/python/pypdfsuit/fill.py,28,python_perf_layer_io_operations_path_exists_before_open_race,false_positive,"Snippet does not clearly demonstrate the specific rule condition; treated as non-actionable here."
/home/chinmay/ChinmayPersonalProjects/deslop/scripts/chunks/Chunk_126_150.txt,150,/home/chinmay/ChinmayPersonalProjects/gopdfsuit/bindings/python/pypdfsuit/fill.py,28,python_perf_layer_io_operations_read_entire_file_for_line_processing,false_positive,"Snippet does not clearly demonstrate the specific rule condition; treated as non-actionable here."
/home/chinmay/ChinmayPersonalProjects/deslop/scripts/chunks/Chunk_151_175.txt,151,/home/chinmay/ChinmayPersonalProjects/gopdfsuit/bindings/python/pypdfsuit/fill.py,28,python_perf_layer_io_operations_small_file_writes_without_buffer,false_positive,"Snippet does not clearly demonstrate the specific rule condition; treated as non-actionable here."
/home/chinmay/ChinmayPersonalProjects/deslop/scripts/chunks/Chunk_151_175.txt,152,/home/chinmay/ChinmayPersonalProjects/gopdfsuit/bindings/python/pypdfsuit/fill.py,29,python_perf_layer_memory_allocation_deepcopy_before_readonly_transform,false_positive,"Snippet does not clearly demonstrate the specific rule condition; treated as non-actionable here."
/home/chinmay/ChinmayPersonalProjects/deslop/scripts/chunks/Chunk_151_175.txt,153,/home/chinmay/ChinmayPersonalProjects/gopdfsuit/bindings/python/pypdfsuit/generator.py,9,sibling_modules_depend_on_private_helpers_from_each_other,false_positive,"No function/snippet context is available to substantiate this rule hit."
/home/chinmay/ChinmayPersonalProjects/deslop/scripts/chunks/Chunk_151_175.txt,154,/home/chinmay/ChinmayPersonalProjects/gopdfsuit/bindings/python/pypdfsuit/generator.py,12,circular_import_hidden_by_function_local_import_on_hot_path,false_positive,"Snippet does not clearly demonstrate the specific rule condition; treated as non-actionable here."
/home/chinmay/ChinmayPersonalProjects/deslop/scripts/chunks/Chunk_151_175.txt,155,/home/chinmay/ChinmayPersonalProjects/gopdfsuit/bindings/python/pypdfsuit/generator.py,12,compression_hashing_or_encoding_performed_before_cheap_reject_checks,false_positive,"Snippet does not clearly demonstrate the specific rule condition; treated as non-actionable here."
/home/chinmay/ChinmayPersonalProjects/deslop/scripts/chunks/Chunk_151_175.txt,156,/home/chinmay/ChinmayPersonalProjects/gopdfsuit/bindings/python/pypdfsuit/generator.py,12,copy_of_mapping_created_only_to_read_values,false_positive,"Snippet does not clearly demonstrate the specific rule condition; treated as non-actionable here."
/home/chinmay/ChinmayPersonalProjects/deslop/scripts/chunks/Chunk_151_175.txt,157,/home/chinmay/ChinmayPersonalProjects/gopdfsuit/bindings/python/pypdfsuit/generator.py,12,full_response_or_export_buffered_before_incremental_consumer_use,false_positive,"Snippet does not clearly demonstrate the specific rule condition; treated as non-actionable here."
/home/chinmay/ChinmayPersonalProjects/deslop/scripts/chunks/Chunk_151_175.txt,158,/home/chinmay/ChinmayPersonalProjects/gopdfsuit/bindings/python/pypdfsuit/generator.py,12,function_local_import_executed_in_frequent_path,false_positive,"Snippet does not clearly demonstrate the specific rule condition; treated as non-actionable here."
/home/chinmay/ChinmayPersonalProjects/deslop/scripts/chunks/Chunk_151_175.txt,159,/home/chinmay/ChinmayPersonalProjects/gopdfsuit/bindings/python/pypdfsuit/generator.py,12,same_contextmanager_pattern_copied_across_modules,false_positive,"Snippet does not clearly demonstrate the specific rule condition; treated as non-actionable here."
/home/chinmay/ChinmayPersonalProjects/deslop/scripts/chunks/Chunk_151_175.txt,160,/home/chinmay/ChinmayPersonalProjects/gopdfsuit/bindings/python/pypdfsuit/generator.py,17,python_perf_layer_data_structure_choice_pandas_object_dtype_for_numeric_hot_columns,false_positive,"Snippet does not clearly demonstrate the specific rule condition; treated as non-actionable here."
/home/chinmay/ChinmayPersonalProjects/deslop/scripts/chunks/Chunk_151_175.txt,161,/home/chinmay/ChinmayPersonalProjects/gopdfsuit/bindings/python/pypdfsuit/generator.py,17,python_perf_layer_error_handling_cost_raise_from_none_hides_retriable_error_context,false_positive,"Snippet does not clearly demonstrate the specific rule condition; treated as non-actionable here."
/home/chinmay/ChinmayPersonalProjects/deslop/scripts/chunks/Chunk_151_175.txt,162,/home/chinmay/ChinmayPersonalProjects/gopdfsuit/bindings/python/pypdfsuit/generator.py,20,python_perf_layer_io_operations_path_exists_before_open_race,false_positive,"Snippet does not clearly demonstrate the specific rule condition; treated as non-actionable here."
/home/chinmay/ChinmayPersonalProjects/deslop/scripts/chunks/Chunk_151_175.txt,163,/home/chinmay/ChinmayPersonalProjects/gopdfsuit/bindings/python/pypdfsuit/generator.py,20,python_perf_layer_io_operations_small_file_writes_without_buffer,false_positive,"Snippet does not clearly demonstrate the specific rule condition; treated as non-actionable here."
/home/chinmay/ChinmayPersonalProjects/deslop/scripts/chunks/Chunk_151_175.txt,164,/home/chinmay/ChinmayPersonalProjects/gopdfsuit/bindings/python/pypdfsuit/generator.py,20,python_perf_layer_io_operations_temporary_file_for_bytes_transform,false_positive,"Snippet does not clearly demonstrate the specific rule condition; treated as non-actionable here."
/home/chinmay/ChinmayPersonalProjects/deslop/scripts/chunks/Chunk_151_175.txt,165,/home/chinmay/ChinmayPersonalProjects/gopdfsuit/bindings/python/pypdfsuit/generator.py,20,python_perf_layer_string_handling_bytes_decode_encode_roundtrip,false_positive,"Snippet does not clearly demonstrate the specific rule condition; treated as non-actionable here."
/home/chinmay/ChinmayPersonalProjects/deslop/scripts/chunks/Chunk_151_175.txt,166,/home/chinmay/ChinmayPersonalProjects/gopdfsuit/bindings/python/pypdfsuit/generator.py,23,python_perf_layer_error_handling_cost_error_message_formatted_on_success_path,false_positive,"Snippet does not clearly demonstrate the specific rule condition; treated as non-actionable here."
/home/chinmay/ChinmayPersonalProjects/deslop/scripts/chunks/Chunk_151_175.txt,167,/home/chinmay/ChinmayPersonalProjects/gopdfsuit/bindings/python/pypdfsuit/generator.py,23,python_perf_layer_error_handling_cost_multi_error_list_allocated_before_failure,false_positive,"Snippet does not clearly demonstrate the specific rule condition; treated as non-actionable here."
/home/chinmay/ChinmayPersonalProjects/deslop/scripts/chunks/Chunk_151_175.txt,168,/home/chinmay/ChinmayPersonalProjects/gopdfsuit/bindings/python/pypdfsuit/generator.py,37,python_perf_layer_caching_unbounded_dict_cache,false_positive,"Snippet does not clearly demonstrate the specific rule condition; treated as non-actionable here."
/home/chinmay/ChinmayPersonalProjects/deslop/scripts/chunks/Chunk_151_175.txt,169,/home/chinmay/ChinmayPersonalProjects/gopdfsuit/bindings/python/pypdfsuit/generator.py,37,python_perf_layer_data_structure_choice_dict_of_dicts_for_fixed_records,false_positive,"Snippet does not clearly demonstrate the specific rule condition; treated as non-actionable here."
/home/chinmay/ChinmayPersonalProjects/deslop/scripts/chunks/Chunk_151_175.txt,170,/home/chinmay/ChinmayPersonalProjects/gopdfsuit/bindings/python/pypdfsuit/generator.py,37,python_perf_layer_serialization_json_dumps_for_equality_or_hash,false_positive,"Snippet does not clearly demonstrate the specific rule condition; treated as non-actionable here."
/home/chinmay/ChinmayPersonalProjects/deslop/scripts/chunks/Chunk_151_175.txt,171,/home/chinmay/ChinmayPersonalProjects/gopdfsuit/bindings/python/pypdfsuit/generator.py,37,python_perf_layer_string_handling_lowercase_compare_allocates,false_positive,"Snippet does not clearly demonstrate the specific rule condition; treated as non-actionable here."
/home/chinmay/ChinmayPersonalProjects/deslop/scripts/chunks/Chunk_151_175.txt,172,/home/chinmay/ChinmayPersonalProjects/gopdfsuit/bindings/python/pypdfsuit/generator.py,43,python_perf_layer_collection_iteration_enumerate_list_materialized,false_positive,"Snippet does not clearly demonstrate the specific rule condition; treated as non-actionable here."
/home/chinmay/ChinmayPersonalProjects/deslop/scripts/chunks/Chunk_151_175.txt,173,/home/chinmay/ChinmayPersonalProjects/gopdfsuit/bindings/python/pypdfsuit/generator.py,43,python_perf_layer_data_structure_choice_list_as_fifo_queue,false_positive,"Snippet does not clearly demonstrate the specific rule condition; treated as non-actionable here."
/home/chinmay/ChinmayPersonalProjects/deslop/scripts/chunks/Chunk_151_175.txt,174,/home/chinmay/ChinmayPersonalProjects/gopdfsuit/bindings/python/pypdfsuit/generator.py,43,python_perf_layer_error_handling_cost_multi_error_list_allocated_before_failure,false_positive,"Snippet does not clearly demonstrate the specific rule condition; treated as non-actionable here."
/home/chinmay/ChinmayPersonalProjects/deslop/scripts/chunks/Chunk_151_175.txt,175,/home/chinmay/ChinmayPersonalProjects/gopdfsuit/bindings/python/pypdfsuit/generator.py,43,python_perf_layer_memory_allocation_list_append_without_generator_stream,false_positive,"Snippet does not clearly demonstrate the specific rule condition; treated as non-actionable here."
/home/chinmay/ChinmayPersonalProjects/deslop/scripts/chunks/Chunk_176_200.txt,176,/home/chinmay/ChinmayPersonalProjects/gopdfsuit/bindings/python/pypdfsuit/generator.py,43,python_perf_layer_network_calls_retry_without_backoff_or_jitter,false_positive,"Snippet does not clearly demonstrate the specific rule condition; treated as non-actionable here."
/home/chinmay/ChinmayPersonalProjects/deslop/scripts/chunks/Chunk_176_200.txt,177,/home/chinmay/ChinmayPersonalProjects/gopdfsuit/bindings/python/pypdfsuit/generator.py,48,python_perf_layer_error_handling_cost_raise_from_none_hides_retriable_error_context,false_positive,"Snippet does not clearly demonstrate the specific rule condition; treated as non-actionable here."
/home/chinmay/ChinmayPersonalProjects/deslop/scripts/chunks/Chunk_176_200.txt,178,/home/chinmay/ChinmayPersonalProjects/gopdfsuit/bindings/python/pypdfsuit/generator.py,52,python_perf_layer_string_handling_bytes_decode_encode_roundtrip,false_positive,"Snippet does not clearly demonstrate the specific rule condition; treated as non-actionable here."
/home/chinmay/ChinmayPersonalProjects/deslop/scripts/chunks/Chunk_176_200.txt,179,/home/chinmay/ChinmayPersonalProjects/gopdfsuit/bindings/python/pypdfsuit/html.py,10,sibling_modules_depend_on_private_helpers_from_each_other,false_positive,"No function/snippet context is available to substantiate this rule hit."
/home/chinmay/ChinmayPersonalProjects/deslop/scripts/chunks/Chunk_176_200.txt,180,/home/chinmay/ChinmayPersonalProjects/gopdfsuit/bindings/python/pypdfsuit/html.py,13,circular_import_hidden_by_function_local_import_on_hot_path,false_positive,"Snippet does not clearly demonstrate the specific rule condition; treated as non-actionable here."
/home/chinmay/ChinmayPersonalProjects/deslop/scripts/chunks/Chunk_176_200.txt,181,/home/chinmay/ChinmayPersonalProjects/gopdfsuit/bindings/python/pypdfsuit/html.py,13,comment_style_tutorial,false_positive,"Snippet does not clearly demonstrate the specific rule condition; treated as non-actionable here."
/home/chinmay/ChinmayPersonalProjects/deslop/scripts/chunks/Chunk_176_200.txt,182,/home/chinmay/ChinmayPersonalProjects/gopdfsuit/bindings/python/pypdfsuit/html.py,13,compression_hashing_or_encoding_performed_before_cheap_reject_checks,false_positive,"Snippet does not clearly demonstrate the specific rule condition; treated as non-actionable here."
/home/chinmay/ChinmayPersonalProjects/deslop/scripts/chunks/Chunk_176_200.txt,183,/home/chinmay/ChinmayPersonalProjects/gopdfsuit/bindings/python/pypdfsuit/html.py,13,copy_of_mapping_created_only_to_read_values,false_positive,"Snippet does not clearly demonstrate the specific rule condition; treated as non-actionable here."
/home/chinmay/ChinmayPersonalProjects/deslop/scripts/chunks/Chunk_176_200.txt,184,/home/chinmay/ChinmayPersonalProjects/gopdfsuit/bindings/python/pypdfsuit/html.py,13,duplicate_validation_pipeline,false_positive,"Snippet does not clearly demonstrate the specific rule condition; treated as non-actionable here."
/home/chinmay/ChinmayPersonalProjects/deslop/scripts/chunks/Chunk_176_200.txt,185,/home/chinmay/ChinmayPersonalProjects/gopdfsuit/bindings/python/pypdfsuit/html.py,13,full_response_or_export_buffered_before_incremental_consumer_use,false_positive,"Snippet does not clearly demonstrate the specific rule condition; treated as non-actionable here."
/home/chinmay/ChinmayPersonalProjects/deslop/scripts/chunks/Chunk_176_200.txt,186,/home/chinmay/ChinmayPersonalProjects/gopdfsuit/bindings/python/pypdfsuit/html.py,13,function_local_import_executed_in_frequent_path,false_positive,"Snippet does not clearly demonstrate the specific rule condition; treated as non-actionable here."
/home/chinmay/ChinmayPersonalProjects/deslop/scripts/chunks/Chunk_176_200.txt,187,/home/chinmay/ChinmayPersonalProjects/gopdfsuit/bindings/python/pypdfsuit/html.py,15,python_perf_layer_algorithmic_complexity_full_sort_for_top_n,false_positive,"Snippet does not clearly demonstrate the specific rule condition; treated as non-actionable here."
/home/chinmay/ChinmayPersonalProjects/deslop/scripts/chunks/Chunk_176_200.txt,188,/home/chinmay/ChinmayPersonalProjects/gopdfsuit/bindings/python/pypdfsuit/html.py,15,python_perf_layer_network_calls_dns_or_url_parse_repeated_per_request,false_positive,"Snippet does not clearly demonstrate the specific rule condition; treated as non-actionable here."
/home/chinmay/ChinmayPersonalProjects/deslop/scripts/chunks/Chunk_176_200.txt,189,/home/chinmay/ChinmayPersonalProjects/gopdfsuit/bindings/python/pypdfsuit/html.py,20,python_perf_layer_caching_per_request_settings_cache_rebuilt,false_positive,"Snippet does not clearly demonstrate the specific rule condition; treated as non-actionable here."
/home/chinmay/ChinmayPersonalProjects/deslop/scripts/chunks/Chunk_176_200.txt,190,/home/chinmay/ChinmayPersonalProjects/gopdfsuit/bindings/python/pypdfsuit/html.py,20,python_perf_layer_error_handling_cost_raise_from_none_hides_retriable_error_context,false_positive,"Snippet does not clearly demonstrate the specific rule condition; treated as non-actionable here."
/home/chinmay/ChinmayPersonalProjects/deslop/scripts/chunks/Chunk_176_200.txt,191,/home/chinmay/ChinmayPersonalProjects/gopdfsuit/bindings/python/pypdfsuit/html.py,20,python_perf_layer_logging_overhead_trace_payload_serialized_unconditionally,false_positive,"Snippet does not clearly demonstrate the specific rule condition; treated as non-actionable here."
/home/chinmay/ChinmayPersonalProjects/deslop/scripts/chunks/Chunk_176_200.txt,192,/home/chinmay/ChinmayPersonalProjects/gopdfsuit/bindings/python/pypdfsuit/html.py,20,python_perf_layer_network_calls_http_session_created_per_call,false_positive,"Snippet does not clearly demonstrate the specific rule condition; treated as non-actionable here."
/home/chinmay/ChinmayPersonalProjects/deslop/scripts/chunks/Chunk_176_200.txt,193,/home/chinmay/ChinmayPersonalProjects/gopdfsuit/bindings/python/pypdfsuit/html.py,20,python_perf_layer_network_calls_tls_context_built_per_request,false_positive,"Snippet does not clearly demonstrate the specific rule condition; treated as non-actionable here."
/home/chinmay/ChinmayPersonalProjects/deslop/scripts/chunks/Chunk_176_200.txt,194,/home/chinmay/ChinmayPersonalProjects/gopdfsuit/bindings/python/pypdfsuit/html.py,20,python_perf_layer_resource_pooling_rate_limiter_created_per_request,false_positive,"Snippet does not clearly demonstrate the specific rule condition; treated as non-actionable here."
/home/chinmay/ChinmayPersonalProjects/deslop/scripts/chunks/Chunk_176_200.txt,195,/home/chinmay/ChinmayPersonalProjects/gopdfsuit/bindings/python/pypdfsuit/html.py,20,python_perf_layer_serialization_pickle_in_request_hot_path,false_positive,"Snippet does not clearly demonstrate the specific rule condition; treated as non-actionable here."
/home/chinmay/ChinmayPersonalProjects/deslop/scripts/chunks/Chunk_176_200.txt,196,/home/chinmay/ChinmayPersonalProjects/gopdfsuit/bindings/python/pypdfsuit/html.py,23,python_perf_layer_string_handling_bytes_decode_encode_roundtrip,false_positive,"Snippet does not clearly demonstrate the specific rule condition; treated as non-actionable here."
/home/chinmay/ChinmayPersonalProjects/deslop/scripts/chunks/Chunk_176_200.txt,197,/home/chinmay/ChinmayPersonalProjects/gopdfsuit/bindings/python/pypdfsuit/html.py,26,python_perf_layer_error_handling_cost_multi_error_list_allocated_before_failure,false_positive,"Snippet does not clearly demonstrate the specific rule condition; treated as non-actionable here."
/home/chinmay/ChinmayPersonalProjects/deslop/scripts/chunks/Chunk_176_200.txt,198,/home/chinmay/ChinmayPersonalProjects/gopdfsuit/bindings/python/pypdfsuit/html.py,27,python_perf_layer_caching_cached_value_immediately_deserialized,false_positive,"Snippet does not clearly demonstrate the specific rule condition; treated as non-actionable here."
/home/chinmay/ChinmayPersonalProjects/deslop/scripts/chunks/Chunk_176_200.txt,199,/home/chinmay/ChinmayPersonalProjects/gopdfsuit/bindings/python/pypdfsuit/html.py,31,python_perf_layer_string_handling_json_string_concat_manual_build,false_positive,"Snippet does not clearly demonstrate the specific rule condition; treated as non-actionable here."
/home/chinmay/ChinmayPersonalProjects/deslop/scripts/chunks/Chunk_176_200.txt,200,/home/chinmay/ChinmayPersonalProjects/gopdfsuit/bindings/python/pypdfsuit/html.py,31,python_perf_layer_string_handling_lowercase_compare_allocates,false_positive,"Snippet does not clearly demonstrate the specific rule condition; treated as non-actionable here."
/home/chinmay/ChinmayPersonalProjects/deslop/scripts/chunks/Chunk_201_225.txt,201,/home/chinmay/ChinmayPersonalProjects/gopdfsuit/bindings/python/pypdfsuit/html.py,31,python_perf_layer_string_handling_regex_compiled_per_call,false_positive,"Snippet does not clearly demonstrate the specific rule condition; treated as non-actionable here."
/home/chinmay/ChinmayPersonalProjects/deslop/scripts/chunks/Chunk_201_225.txt,202,/home/chinmay/ChinmayPersonalProjects/gopdfsuit/bindings/python/pypdfsuit/html.py,33,python_perf_layer_database_access_count_then_fetch_every_page,false_positive,"Snippet does not clearly demonstrate the specific rule condition; treated as non-actionable here."
/home/chinmay/ChinmayPersonalProjects/deslop/scripts/chunks/Chunk_201_225.txt,203,/home/chinmay/ChinmayPersonalProjects/gopdfsuit/bindings/python/pypdfsuit/html.py,40,python_perf_layer_resource_pooling_http_pool_not_reused,false_positive,"Snippet does not clearly demonstrate the specific rule condition; treated as non-actionable here."
/home/chinmay/ChinmayPersonalProjects/deslop/scripts/chunks/Chunk_201_225.txt,204,/home/chinmay/ChinmayPersonalProjects/gopdfsuit/bindings/python/pypdfsuit/html.py,49,python_perf_layer_caching_cache_key_uses_json_dumps_in_hot_path,false_positive,"Snippet does not clearly demonstrate the specific rule condition; treated as non-actionable here."
/home/chinmay/ChinmayPersonalProjects/deslop/scripts/chunks/Chunk_201_225.txt,205,/home/chinmay/ChinmayPersonalProjects/gopdfsuit/bindings/python/pypdfsuit/html.py,49,python_perf_layer_caching_unbounded_dict_cache,false_positive,"Snippet does not clearly demonstrate the specific rule condition; treated as non-actionable here."
/home/chinmay/ChinmayPersonalProjects/deslop/scripts/chunks/Chunk_201_225.txt,206,/home/chinmay/ChinmayPersonalProjects/gopdfsuit/bindings/python/pypdfsuit/html.py,49,python_perf_layer_data_structure_choice_dict_of_dicts_for_fixed_records,false_positive,"Snippet does not clearly demonstrate the specific rule condition; treated as non-actionable here."
/home/chinmay/ChinmayPersonalProjects/deslop/scripts/chunks/Chunk_201_225.txt,207,/home/chinmay/ChinmayPersonalProjects/gopdfsuit/bindings/python/pypdfsuit/html.py,49,python_perf_layer_serialization_json_dumps_for_equality_or_hash,false_positive,"Snippet does not clearly demonstrate the specific rule condition; treated as non-actionable here."
/home/chinmay/ChinmayPersonalProjects/deslop/scripts/chunks/Chunk_201_225.txt,208,/home/chinmay/ChinmayPersonalProjects/gopdfsuit/bindings/python/pypdfsuit/html.py,54,comment_style_tutorial,false_positive,"Snippet does not clearly demonstrate the specific rule condition; treated as non-actionable here."
/home/chinmay/ChinmayPersonalProjects/deslop/scripts/chunks/Chunk_201_225.txt,209,/home/chinmay/ChinmayPersonalProjects/gopdfsuit/bindings/python/pypdfsuit/html.py,54,compression_hashing_or_encoding_performed_before_cheap_reject_checks,false_positive,"Snippet does not clearly demonstrate the specific rule condition; treated as non-actionable here."
/home/chinmay/ChinmayPersonalProjects/deslop/scripts/chunks/Chunk_201_225.txt,210,/home/chinmay/ChinmayPersonalProjects/gopdfsuit/bindings/python/pypdfsuit/html.py,54,copy_of_mapping_created_only_to_read_values,false_positive,"Snippet does not clearly demonstrate the specific rule condition; treated as non-actionable here."
/home/chinmay/ChinmayPersonalProjects/deslop/scripts/chunks/Chunk_201_225.txt,211,/home/chinmay/ChinmayPersonalProjects/gopdfsuit/bindings/python/pypdfsuit/html.py,54,expensive_work_starts_before_input_validation,false_positive,"Snippet does not clearly demonstrate the specific rule condition; treated as non-actionable here."
/home/chinmay/ChinmayPersonalProjects/deslop/scripts/chunks/Chunk_201_225.txt,212,/home/chinmay/ChinmayPersonalProjects/gopdfsuit/bindings/python/pypdfsuit/html.py,54,full_response_or_export_buffered_before_incremental_consumer_use,false_positive,"Snippet does not clearly demonstrate the specific rule condition; treated as non-actionable here."
/home/chinmay/ChinmayPersonalProjects/deslop/scripts/chunks/Chunk_201_225.txt,213,/home/chinmay/ChinmayPersonalProjects/gopdfsuit/bindings/python/pypdfsuit/html.py,54,function_local_import_executed_in_frequent_path,false_positive,"Snippet does not clearly demonstrate the specific rule condition; treated as non-actionable here."
/home/chinmay/ChinmayPersonalProjects/deslop/scripts/chunks/Chunk_201_225.txt,214,/home/chinmay/ChinmayPersonalProjects/gopdfsuit/bindings/python/pypdfsuit/html.py,54,same_contextmanager_pattern_copied_across_modules,false_positive,"Snippet does not clearly demonstrate the specific rule condition; treated as non-actionable here."
/home/chinmay/ChinmayPersonalProjects/deslop/scripts/chunks/Chunk_201_225.txt,215,/home/chinmay/ChinmayPersonalProjects/gopdfsuit/bindings/python/pypdfsuit/html.py,56,python_perf_layer_network_calls_dns_or_url_parse_repeated_per_request,false_positive,"Snippet does not clearly demonstrate the specific rule condition; treated as non-actionable here."
/home/chinmay/ChinmayPersonalProjects/deslop/scripts/chunks/Chunk_201_225.txt,216,/home/chinmay/ChinmayPersonalProjects/gopdfsuit/bindings/python/pypdfsuit/html.py,58,python_perf_layer_string_handling_bytes_decode_encode_roundtrip,false_positive,"Snippet does not clearly demonstrate the specific rule condition; treated as non-actionable here."
/home/chinmay/ChinmayPersonalProjects/deslop/scripts/chunks/Chunk_201_225.txt,217,/home/chinmay/ChinmayPersonalProjects/gopdfsuit/bindings/python/pypdfsuit/html.py,58,python_perf_layer_string_handling_lowercase_compare_allocates,false_positive,"Snippet does not clearly demonstrate the specific rule condition; treated as non-actionable here."
/home/chinmay/ChinmayPersonalProjects/deslop/scripts/chunks/Chunk_201_225.txt,218,/home/chinmay/ChinmayPersonalProjects/gopdfsuit/bindings/python/pypdfsuit/html.py,58,python_perf_layer_string_handling_regex_compiled_per_call,false_positive,"Snippet does not clearly demonstrate the specific rule condition; treated as non-actionable here."
/home/chinmay/ChinmayPersonalProjects/deslop/scripts/chunks/Chunk_201_225.txt,219,/home/chinmay/ChinmayPersonalProjects/gopdfsuit/bindings/python/pypdfsuit/html.py,62,python_perf_layer_caching_per_request_settings_cache_rebuilt,false_positive,"Snippet does not clearly demonstrate the specific rule condition; treated as non-actionable here."
/home/chinmay/ChinmayPersonalProjects/deslop/scripts/chunks/Chunk_201_225.txt,220,/home/chinmay/ChinmayPersonalProjects/gopdfsuit/bindings/python/pypdfsuit/html.py,62,python_perf_layer_error_handling_cost_raise_from_none_hides_retriable_error_context,false_positive,"Snippet does not clearly demonstrate the specific rule condition; treated as non-actionable here."
/home/chinmay/ChinmayPersonalProjects/deslop/scripts/chunks/Chunk_201_225.txt,221,/home/chinmay/ChinmayPersonalProjects/gopdfsuit/bindings/python/pypdfsuit/html.py,62,python_perf_layer_logging_overhead_trace_payload_serialized_unconditionally,false_positive,"Snippet does not clearly demonstrate the specific rule condition; treated as non-actionable here."
/home/chinmay/ChinmayPersonalProjects/deslop/scripts/chunks/Chunk_201_225.txt,222,/home/chinmay/ChinmayPersonalProjects/gopdfsuit/bindings/python/pypdfsuit/html.py,62,python_perf_layer_network_calls_tls_context_built_per_request,false_positive,"Snippet does not clearly demonstrate the specific rule condition; treated as non-actionable here."
/home/chinmay/ChinmayPersonalProjects/deslop/scripts/chunks/Chunk_201_225.txt,223,/home/chinmay/ChinmayPersonalProjects/gopdfsuit/bindings/python/pypdfsuit/html.py,62,python_perf_layer_resource_pooling_rate_limiter_created_per_request,false_positive,"Snippet does not clearly demonstrate the specific rule condition; treated as non-actionable here."
/home/chinmay/ChinmayPersonalProjects/deslop/scripts/chunks/Chunk_201_225.txt,224,/home/chinmay/ChinmayPersonalProjects/gopdfsuit/bindings/python/pypdfsuit/html.py,62,python_perf_layer_serialization_pickle_in_request_hot_path,false_positive,"Snippet does not clearly demonstrate the specific rule condition; treated as non-actionable here."
/home/chinmay/ChinmayPersonalProjects/deslop/scripts/chunks/Chunk_201_225.txt,225,/home/chinmay/ChinmayPersonalProjects/gopdfsuit/bindings/python/pypdfsuit/html.py,65,python_perf_layer_io_operations_temporary_file_for_bytes_transform,false_positive,"Snippet does not clearly demonstrate the specific rule condition; treated as non-actionable here."
/home/chinmay/ChinmayPersonalProjects/deslop/scripts/chunks/Chunk_226_250.txt,226,/home/chinmay/ChinmayPersonalProjects/gopdfsuit/bindings/python/pypdfsuit/html.py,68,python_perf_layer_error_handling_cost_multi_error_list_allocated_before_failure,false_positive,"Snippet does not clearly demonstrate the specific rule condition; treated as non-actionable here."
/home/chinmay/ChinmayPersonalProjects/deslop/scripts/chunks/Chunk_226_250.txt,227,/home/chinmay/ChinmayPersonalProjects/gopdfsuit/bindings/python/pypdfsuit/html.py,69,python_perf_layer_caching_cached_value_immediately_deserialized,false_positive,"Snippet does not clearly demonstrate the specific rule condition; treated as non-actionable here."
/home/chinmay/ChinmayPersonalProjects/deslop/scripts/chunks/Chunk_226_250.txt,228,/home/chinmay/ChinmayPersonalProjects/gopdfsuit/bindings/python/pypdfsuit/html.py,79,file_path_from_user_input_without_normalization_or_anchor_check,false_positive,"Snippet does not clearly demonstrate the specific rule condition; treated as non-actionable here."
/home/chinmay/ChinmayPersonalProjects/deslop/scripts/chunks/Chunk_226_250.txt,229,/home/chinmay/ChinmayPersonalProjects/gopdfsuit/bindings/python/pypdfsuit/html.py,80,python_perf_layer_io_operations_path_exists_before_open_race,false_positive,"Snippet does not clearly demonstrate the specific rule condition; treated as non-actionable here."
/home/chinmay/ChinmayPersonalProjects/deslop/scripts/chunks/Chunk_226_250.txt,230,/home/chinmay/ChinmayPersonalProjects/gopdfsuit/bindings/python/pypdfsuit/html.py,80,python_perf_layer_io_operations_small_file_writes_without_buffer,false_positive,"Snippet does not clearly demonstrate the specific rule condition; treated as non-actionable here."
/home/chinmay/ChinmayPersonalProjects/deslop/scripts/chunks/Chunk_226_250.txt,231,/home/chinmay/ChinmayPersonalProjects/gopdfsuit/bindings/python/pypdfsuit/html.py,87,python_perf_layer_caching_cache_key_uses_json_dumps_in_hot_path,false_positive,"Snippet does not clearly demonstrate the specific rule condition; treated as non-actionable here."
/home/chinmay/ChinmayPersonalProjects/deslop/scripts/chunks/Chunk_226_250.txt,232,/home/chinmay/ChinmayPersonalProjects/gopdfsuit/bindings/python/pypdfsuit/html.py,87,python_perf_layer_caching_unbounded_dict_cache,false_positive,"Snippet does not clearly demonstrate the specific rule condition; treated as non-actionable here."
/home/chinmay/ChinmayPersonalProjects/deslop/scripts/chunks/Chunk_226_250.txt,233,/home/chinmay/ChinmayPersonalProjects/gopdfsuit/bindings/python/pypdfsuit/html.py,87,python_perf_layer_data_structure_choice_dict_of_dicts_for_fixed_records,false_positive,"Snippet does not clearly demonstrate the specific rule condition; treated as non-actionable here."
/home/chinmay/ChinmayPersonalProjects/deslop/scripts/chunks/Chunk_226_250.txt,234,/home/chinmay/ChinmayPersonalProjects/gopdfsuit/bindings/python/pypdfsuit/html.py,87,python_perf_layer_serialization_json_dumps_for_equality_or_hash,false_positive,"Snippet does not clearly demonstrate the specific rule condition; treated as non-actionable here."
/home/chinmay/ChinmayPersonalProjects/deslop/scripts/chunks/Chunk_226_250.txt,235,/home/chinmay/ChinmayPersonalProjects/gopdfsuit/bindings/python/pypdfsuit/merge.py,9,sibling_modules_depend_on_private_helpers_from_each_other,false_positive,"No function/snippet context is available to substantiate this rule hit."
/home/chinmay/ChinmayPersonalProjects/deslop/scripts/chunks/Chunk_226_250.txt,236,/home/chinmay/ChinmayPersonalProjects/gopdfsuit/bindings/python/pypdfsuit/merge.py,12,blocking_io_call_executed_per_item_without_batching,false_positive,"Snippet does not clearly demonstrate the specific rule condition; treated as non-actionable here."
/home/chinmay/ChinmayPersonalProjects/deslop/scripts/chunks/Chunk_226_250.txt,237,/home/chinmay/ChinmayPersonalProjects/gopdfsuit/bindings/python/pypdfsuit/merge.py,12,circular_import_hidden_by_function_local_import_on_hot_path,false_positive,"Snippet does not clearly demonstrate the specific rule condition; treated as non-actionable here."
/home/chinmay/ChinmayPersonalProjects/deslop/scripts/chunks/Chunk_226_250.txt,238,/home/chinmay/ChinmayPersonalProjects/gopdfsuit/bindings/python/pypdfsuit/merge.py,12,eager_full_file_or_stream_read_when_incremental_iteration_suffices,false_positive,"Snippet does not clearly demonstrate the specific rule condition; treated as non-actionable here."
/home/chinmay/ChinmayPersonalProjects/deslop/scripts/chunks/Chunk_226_250.txt,239,/home/chinmay/ChinmayPersonalProjects/gopdfsuit/bindings/python/pypdfsuit/merge.py,12,expensive_work_starts_before_input_validation,false_positive,"Snippet does not clearly demonstrate the specific rule condition; treated as non-actionable here."
/home/chinmay/ChinmayPersonalProjects/deslop/scripts/chunks/Chunk_226_250.txt,240,/home/chinmay/ChinmayPersonalProjects/gopdfsuit/bindings/python/pypdfsuit/merge.py,12,function_local_import_executed_in_frequent_path,false_positive,"Snippet does not clearly demonstrate the specific rule condition; treated as non-actionable here."
/home/chinmay/ChinmayPersonalProjects/deslop/scripts/chunks/Chunk_226_250.txt,241,/home/chinmay/ChinmayPersonalProjects/gopdfsuit/bindings/python/pypdfsuit/merge.py,12,repeated_file_open_for_same_resource_within_single_operation,false_positive,"Snippet does not clearly demonstrate the specific rule condition; treated as non-actionable here."
/home/chinmay/ChinmayPersonalProjects/deslop/scripts/chunks/Chunk_226_250.txt,242,/home/chinmay/ChinmayPersonalProjects/gopdfsuit/bindings/python/pypdfsuit/merge.py,12,repeated_open_read_close_of_same_small_file_in_single_workflow,false_positive,"Snippet does not clearly demonstrate the specific rule condition; treated as non-actionable here."
/home/chinmay/ChinmayPersonalProjects/deslop/scripts/chunks/Chunk_226_250.txt,243,/home/chinmay/ChinmayPersonalProjects/gopdfsuit/bindings/python/pypdfsuit/merge.py,12,same_contextmanager_pattern_copied_across_modules,false_positive,"Snippet does not clearly demonstrate the specific rule condition; treated as non-actionable here."
/home/chinmay/ChinmayPersonalProjects/deslop/scripts/chunks/Chunk_226_250.txt,244,/home/chinmay/ChinmayPersonalProjects/gopdfsuit/bindings/python/pypdfsuit/merge.py,14,python_perf_layer_algorithmic_complexity_full_sort_for_top_n,false_positive,"Snippet does not clearly demonstrate the specific rule condition; treated as non-actionable here."
/home/chinmay/ChinmayPersonalProjects/deslop/scripts/chunks/Chunk_226_250.txt,245,/home/chinmay/ChinmayPersonalProjects/gopdfsuit/bindings/python/pypdfsuit/merge.py,14,python_perf_layer_collection_iteration_multiple_passes_over_same_iterable,false_positive,"Snippet does not clearly demonstrate the specific rule condition; treated as non-actionable here."
/home/chinmay/ChinmayPersonalProjects/deslop/scripts/chunks/Chunk_226_250.txt,246,/home/chinmay/ChinmayPersonalProjects/gopdfsuit/bindings/python/pypdfsuit/merge.py,14,python_perf_layer_error_handling_cost_multi_error_list_allocated_before_failure,false_positive,"Snippet does not clearly demonstrate the specific rule condition; treated as non-actionable here."
/home/chinmay/ChinmayPersonalProjects/deslop/scripts/chunks/Chunk_226_250.txt,247,/home/chinmay/ChinmayPersonalProjects/gopdfsuit/bindings/python/pypdfsuit/merge.py,17,python_perf_layer_collection_iteration_enumerate_list_materialized,false_positive,"Snippet does not clearly demonstrate the specific rule condition; treated as non-actionable here."
/home/chinmay/ChinmayPersonalProjects/deslop/scripts/chunks/Chunk_226_250.txt,248,/home/chinmay/ChinmayPersonalProjects/gopdfsuit/bindings/python/pypdfsuit/merge.py,17,python_perf_layer_data_structure_choice_list_as_fifo_queue,false_positive,"Snippet does not clearly demonstrate the specific rule condition; treated as non-actionable here."
/home/chinmay/ChinmayPersonalProjects/deslop/scripts/chunks/Chunk_226_250.txt,249,/home/chinmay/ChinmayPersonalProjects/gopdfsuit/bindings/python/pypdfsuit/merge.py,17,python_perf_layer_io_operations_path_exists_before_open_race,false_positive,"Snippet does not clearly demonstrate the specific rule condition; treated as non-actionable here."
/home/chinmay/ChinmayPersonalProjects/deslop/scripts/chunks/Chunk_226_250.txt,250,/home/chinmay/ChinmayPersonalProjects/gopdfsuit/bindings/python/pypdfsuit/merge.py,17,python_perf_layer_io_operations_read_entire_file_for_line_processing,false_positive,"Snippet does not clearly demonstrate the specific rule condition; treated as non-actionable here."
/home/chinmay/ChinmayPersonalProjects/deslop/scripts/chunks/Chunk_251_275.txt,251,/home/chinmay/ChinmayPersonalProjects/gopdfsuit/bindings/python/pypdfsuit/merge.py,17,python_perf_layer_io_operations_temporary_file_for_bytes_transform,false_positive,"Snippet does not clearly demonstrate the specific rule condition; treated as non-actionable here."
/home/chinmay/ChinmayPersonalProjects/deslop/scripts/chunks/Chunk_251_275.txt,252,/home/chinmay/ChinmayPersonalProjects/gopdfsuit/bindings/python/pypdfsuit/merge.py,17,python_perf_layer_memory_allocation_list_append_without_generator_stream,false_positive,"Snippet does not clearly demonstrate the specific rule condition; treated as non-actionable here."
/home/chinmay/ChinmayPersonalProjects/deslop/scripts/chunks/Chunk_251_275.txt,253,/home/chinmay/ChinmayPersonalProjects/gopdfsuit/bindings/python/pypdfsuit/merge.py,22,python_perf_layer_error_handling_cost_raise_from_none_hides_retriable_error_context,false_positive,"Snippet does not clearly demonstrate the specific rule condition; treated as non-actionable here."
/home/chinmay/ChinmayPersonalProjects/deslop/scripts/chunks/Chunk_251_275.txt,254,/home/chinmay/ChinmayPersonalProjects/gopdfsuit/bindings/python/pypdfsuit/merge.py,23,python_perf_layer_error_handling_cost_error_message_formatted_on_success_path,false_positive,"Snippet does not clearly demonstrate the specific rule condition; treated as non-actionable here."
/home/chinmay/ChinmayPersonalProjects/deslop/scripts/chunks/Chunk_251_275.txt,255,/home/chinmay/ChinmayPersonalProjects/gopdfsuit/bindings/python/pypdfsuit/merge.py,29,python_perf_layer_memory_allocation_deepcopy_before_readonly_transform,false_positive,"Snippet does not clearly demonstrate the specific rule condition; treated as non-actionable here."
/home/chinmay/ChinmayPersonalProjects/deslop/scripts/chunks/Chunk_251_275.txt,256,/home/chinmay/ChinmayPersonalProjects/gopdfsuit/bindings/python/pypdfsuit/merge.py,39,python_perf_layer_collection_iteration_generator_materialized_for_truthiness,false_positive,"Snippet does not clearly demonstrate the specific rule condition; treated as non-actionable here."
/home/chinmay/ChinmayPersonalProjects/deslop/scripts/chunks/Chunk_251_275.txt,257,/home/chinmay/ChinmayPersonalProjects/gopdfsuit/bindings/python/pypdfsuit/merge.py,43,python_perf_layer_network_calls_retry_without_backoff_or_jitter,false_positive,"Snippet does not clearly demonstrate the specific rule condition; treated as non-actionable here."
/home/chinmay/ChinmayPersonalProjects/deslop/scripts/chunks/Chunk_251_275.txt,258,/home/chinmay/ChinmayPersonalProjects/gopdfsuit/bindings/python/pypdfsuit/merge.py,44,python_perf_layer_resource_pooling_large_buffer_pool_without_cap,false_positive,"Snippet does not clearly demonstrate the specific rule condition; treated as non-actionable here."
/home/chinmay/ChinmayPersonalProjects/deslop/scripts/chunks/Chunk_251_275.txt,259,/home/chinmay/ChinmayPersonalProjects/gopdfsuit/bindings/python/pypdfsuit/redact.py,6,sibling_modules_depend_on_private_helpers_from_each_other,false_positive,"No function/snippet context is available to substantiate this rule hit."
/home/chinmay/ChinmayPersonalProjects/deslop/scripts/chunks/Chunk_251_275.txt,260,/home/chinmay/ChinmayPersonalProjects/gopdfsuit/bindings/python/pypdfsuit/redact.py,8,duplicate_validation_pipeline,false_positive,"Snippet does not clearly demonstrate the specific rule condition; treated as non-actionable here."
/home/chinmay/ChinmayPersonalProjects/deslop/scripts/chunks/Chunk_251_275.txt,261,/home/chinmay/ChinmayPersonalProjects/gopdfsuit/bindings/python/pypdfsuit/redact.py,8,repeated_string_literal,false_positive,"Snippet does not clearly demonstrate the specific rule condition; treated as non-actionable here."
/home/chinmay/ChinmayPersonalProjects/deslop/scripts/chunks/Chunk_251_275.txt,262,/home/chinmay/ChinmayPersonalProjects/gopdfsuit/bindings/python/pypdfsuit/redact.py,16,python_perf_layer_caching_cached_value_immediately_deserialized,false_positive,"Snippet does not clearly demonstrate the specific rule condition; treated as non-actionable here."
/home/chinmay/ChinmayPersonalProjects/deslop/scripts/chunks/Chunk_251_275.txt,263,/home/chinmay/ChinmayPersonalProjects/gopdfsuit/bindings/python/pypdfsuit/redact.py,16,python_perf_layer_caching_unbounded_dict_cache,false_positive,"Snippet does not clearly demonstrate the specific rule condition; treated as non-actionable here."
/home/chinmay/ChinmayPersonalProjects/deslop/scripts/chunks/Chunk_251_275.txt,264,/home/chinmay/ChinmayPersonalProjects/gopdfsuit/bindings/python/pypdfsuit/redact.py,16,python_perf_layer_collection_iteration_enumerate_list_materialized,false_positive,"Snippet does not clearly demonstrate the specific rule condition; treated as non-actionable here."
/home/chinmay/ChinmayPersonalProjects/deslop/scripts/chunks/Chunk_251_275.txt,265,/home/chinmay/ChinmayPersonalProjects/gopdfsuit/bindings/python/pypdfsuit/redact.py,16,python_perf_layer_data_structure_choice_list_as_fifo_queue,false_positive,"Snippet does not clearly demonstrate the specific rule condition; treated as non-actionable here."
/home/chinmay/ChinmayPersonalProjects/deslop/scripts/chunks/Chunk_251_275.txt,266,/home/chinmay/ChinmayPersonalProjects/gopdfsuit/bindings/python/pypdfsuit/redact.py,16,python_perf_layer_error_handling_cost_multi_error_list_allocated_before_failure,false_positive,"Snippet does not clearly demonstrate the specific rule condition; treated as non-actionable here."
/home/chinmay/ChinmayPersonalProjects/deslop/scripts/chunks/Chunk_251_275.txt,267,/home/chinmay/ChinmayPersonalProjects/gopdfsuit/bindings/python/pypdfsuit/redact.py,16,python_perf_layer_error_handling_cost_raise_from_none_hides_retriable_error_context,false_positive,"Snippet does not clearly demonstrate the specific rule condition; treated as non-actionable here."
/home/chinmay/ChinmayPersonalProjects/deslop/scripts/chunks/Chunk_251_275.txt,268,/home/chinmay/ChinmayPersonalProjects/gopdfsuit/bindings/python/pypdfsuit/redact.py,16,python_perf_layer_memory_allocation_list_append_without_generator_stream,false_positive,"Snippet does not clearly demonstrate the specific rule condition; treated as non-actionable here."
/home/chinmay/ChinmayPersonalProjects/deslop/scripts/chunks/Chunk_251_275.txt,269,/home/chinmay/ChinmayPersonalProjects/gopdfsuit/bindings/python/pypdfsuit/redact.py,25,python_perf_layer_collection_iteration_generator_materialized_for_truthiness,false_positive,"Snippet does not clearly demonstrate the specific rule condition; treated as non-actionable here."
/home/chinmay/ChinmayPersonalProjects/deslop/scripts/chunks/Chunk_251_275.txt,270,/home/chinmay/ChinmayPersonalProjects/gopdfsuit/bindings/python/pypdfsuit/redact.py,39,python_perf_layer_caching_cached_value_immediately_deserialized,false_positive,"Snippet does not clearly demonstrate the specific rule condition; treated as non-actionable here."
/home/chinmay/ChinmayPersonalProjects/deslop/scripts/chunks/Chunk_251_275.txt,271,/home/chinmay/ChinmayPersonalProjects/gopdfsuit/bindings/python/pypdfsuit/redact.py,39,python_perf_layer_caching_unbounded_dict_cache,false_positive,"Snippet does not clearly demonstrate the specific rule condition; treated as non-actionable here."
/home/chinmay/ChinmayPersonalProjects/deslop/scripts/chunks/Chunk_251_275.txt,272,/home/chinmay/ChinmayPersonalProjects/gopdfsuit/bindings/python/pypdfsuit/redact.py,39,python_perf_layer_collection_iteration_enumerate_list_materialized,false_positive,"Snippet does not clearly demonstrate the specific rule condition; treated as non-actionable here."
/home/chinmay/ChinmayPersonalProjects/deslop/scripts/chunks/Chunk_251_275.txt,273,/home/chinmay/ChinmayPersonalProjects/gopdfsuit/bindings/python/pypdfsuit/redact.py,39,python_perf_layer_data_structure_choice_list_as_fifo_queue,false_positive,"Snippet does not clearly demonstrate the specific rule condition; treated as non-actionable here."
/home/chinmay/ChinmayPersonalProjects/deslop/scripts/chunks/Chunk_251_275.txt,274,/home/chinmay/ChinmayPersonalProjects/gopdfsuit/bindings/python/pypdfsuit/redact.py,39,python_perf_layer_error_handling_cost_multi_error_list_allocated_before_failure,false_positive,"Snippet does not clearly demonstrate the specific rule condition; treated as non-actionable here."
/home/chinmay/ChinmayPersonalProjects/deslop/scripts/chunks/Chunk_251_275.txt,275,/home/chinmay/ChinmayPersonalProjects/gopdfsuit/bindings/python/pypdfsuit/redact.py,39,python_perf_layer_memory_allocation_list_append_without_generator_stream,false_positive,"Snippet does not clearly demonstrate the specific rule condition; treated as non-actionable here."
/home/chinmay/ChinmayPersonalProjects/deslop/scripts/chunks/Chunk_276_300.txt,276,/home/chinmay/ChinmayPersonalProjects/gopdfsuit/bindings/python/pypdfsuit/redact.py,42,python_perf_layer_error_handling_cost_raise_from_none_hides_retriable_error_context,false_positive,"Snippet does not clearly demonstrate the specific rule condition; treated as non-actionable here."
/home/chinmay/ChinmayPersonalProjects/deslop/scripts/chunks/Chunk_276_300.txt,277,/home/chinmay/ChinmayPersonalProjects/gopdfsuit/bindings/python/pypdfsuit/redact.py,48,python_perf_layer_collection_iteration_generator_materialized_for_truthiness,false_positive,"Snippet does not clearly demonstrate the specific rule condition; treated as non-actionable here."
/home/chinmay/ChinmayPersonalProjects/deslop/scripts/chunks/Chunk_276_300.txt,278,/home/chinmay/ChinmayPersonalProjects/gopdfsuit/bindings/python/pypdfsuit/redact.py,54,compression_hashing_or_encoding_performed_before_cheap_reject_checks,false_positive,"Snippet does not clearly demonstrate the specific rule condition; treated as non-actionable here."
/home/chinmay/ChinmayPersonalProjects/deslop/scripts/chunks/Chunk_276_300.txt,279,/home/chinmay/ChinmayPersonalProjects/gopdfsuit/bindings/python/pypdfsuit/redact.py,54,full_response_or_export_buffered_before_incremental_consumer_use,false_positive,"Snippet does not clearly demonstrate the specific rule condition; treated as non-actionable here."
/home/chinmay/ChinmayPersonalProjects/deslop/scripts/chunks/Chunk_276_300.txt,280,/home/chinmay/ChinmayPersonalProjects/gopdfsuit/bindings/python/pypdfsuit/redact.py,59,python_perf_layer_string_handling_bytes_decode_encode_roundtrip,false_positive,"Snippet does not clearly demonstrate the specific rule condition; treated as non-actionable here."
/home/chinmay/ChinmayPersonalProjects/deslop/scripts/chunks/Chunk_276_300.txt,281,/home/chinmay/ChinmayPersonalProjects/gopdfsuit/bindings/python/pypdfsuit/redact.py,60,python_perf_layer_caching_cached_value_immediately_deserialized,false_positive,"Snippet does not clearly demonstrate the specific rule condition; treated as non-actionable here."
/home/chinmay/ChinmayPersonalProjects/deslop/scripts/chunks/Chunk_276_300.txt,282,/home/chinmay/ChinmayPersonalProjects/gopdfsuit/bindings/python/pypdfsuit/redact.py,60,python_perf_layer_caching_unbounded_dict_cache,false_positive,"Snippet does not clearly demonstrate the specific rule condition; treated as non-actionable here."
/home/chinmay/ChinmayPersonalProjects/deslop/scripts/chunks/Chunk_276_300.txt,283,/home/chinmay/ChinmayPersonalProjects/gopdfsuit/bindings/python/pypdfsuit/redact.py,60,python_perf_layer_collection_iteration_enumerate_list_materialized,false_positive,"Snippet does not clearly demonstrate the specific rule condition; treated as non-actionable here."
/home/chinmay/ChinmayPersonalProjects/deslop/scripts/chunks/Chunk_276_300.txt,284,/home/chinmay/ChinmayPersonalProjects/gopdfsuit/bindings/python/pypdfsuit/redact.py,60,python_perf_layer_data_structure_choice_dict_of_dicts_for_fixed_records,false_positive,"Snippet does not clearly demonstrate the specific rule condition; treated as non-actionable here."
/home/chinmay/ChinmayPersonalProjects/deslop/scripts/chunks/Chunk_276_300.txt,285,/home/chinmay/ChinmayPersonalProjects/gopdfsuit/bindings/python/pypdfsuit/redact.py,60,python_perf_layer_data_structure_choice_list_as_fifo_queue,false_positive,"Snippet does not clearly demonstrate the specific rule condition; treated as non-actionable here."
/home/chinmay/ChinmayPersonalProjects/deslop/scripts/chunks/Chunk_276_300.txt,286,/home/chinmay/ChinmayPersonalProjects/gopdfsuit/bindings/python/pypdfsuit/redact.py,60,python_perf_layer_error_handling_cost_multi_error_list_allocated_before_failure,false_positive,"Snippet does not clearly demonstrate the specific rule condition; treated as non-actionable here."
/home/chinmay/ChinmayPersonalProjects/deslop/scripts/chunks/Chunk_276_300.txt,287,/home/chinmay/ChinmayPersonalProjects/gopdfsuit/bindings/python/pypdfsuit/redact.py,60,python_perf_layer_error_handling_cost_raise_from_none_hides_retriable_error_context,false_positive,"Snippet does not clearly demonstrate the specific rule condition; treated as non-actionable here."
/home/chinmay/ChinmayPersonalProjects/deslop/scripts/chunks/Chunk_276_300.txt,288,/home/chinmay/ChinmayPersonalProjects/gopdfsuit/bindings/python/pypdfsuit/redact.py,60,python_perf_layer_memory_allocation_list_append_without_generator_stream,false_positive,"Snippet does not clearly demonstrate the specific rule condition; treated as non-actionable here."
/home/chinmay/ChinmayPersonalProjects/deslop/scripts/chunks/Chunk_276_300.txt,289,/home/chinmay/ChinmayPersonalProjects/gopdfsuit/bindings/python/pypdfsuit/redact.py,71,python_perf_layer_serialization_json_dumps_for_equality_or_hash,false_positive,"Snippet does not clearly demonstrate the specific rule condition; treated as non-actionable here."
/home/chinmay/ChinmayPersonalProjects/deslop/scripts/chunks/Chunk_276_300.txt,290,/home/chinmay/ChinmayPersonalProjects/gopdfsuit/bindings/python/pypdfsuit/redact.py,77,python_perf_layer_collection_iteration_generator_materialized_for_truthiness,false_positive,"Snippet does not clearly demonstrate the specific rule condition; treated as non-actionable here."
/home/chinmay/ChinmayPersonalProjects/deslop/scripts/chunks/Chunk_276_300.txt,291,/home/chinmay/ChinmayPersonalProjects/gopdfsuit/bindings/python/pypdfsuit/redact.py,81,compression_hashing_or_encoding_performed_before_cheap_reject_checks,false_positive,"Snippet does not clearly demonstrate the specific rule condition; treated as non-actionable here."
/home/chinmay/ChinmayPersonalProjects/deslop/scripts/chunks/Chunk_276_300.txt,292,/home/chinmay/ChinmayPersonalProjects/gopdfsuit/bindings/python/pypdfsuit/redact.py,86,python_perf_layer_string_handling_bytes_decode_encode_roundtrip,false_positive,"Snippet does not clearly demonstrate the specific rule condition; treated as non-actionable here."
/home/chinmay/ChinmayPersonalProjects/deslop/scripts/chunks/Chunk_276_300.txt,293,/home/chinmay/ChinmayPersonalProjects/gopdfsuit/bindings/python/pypdfsuit/redact.py,90,python_perf_layer_caching_cached_value_immediately_deserialized,false_positive,"Snippet does not clearly demonstrate the specific rule condition; treated as non-actionable here."
/home/chinmay/ChinmayPersonalProjects/deslop/scripts/chunks/Chunk_276_300.txt,294,/home/chinmay/ChinmayPersonalProjects/gopdfsuit/bindings/python/pypdfsuit/redact.py,90,python_perf_layer_caching_unbounded_dict_cache,false_positive,"Snippet does not clearly demonstrate the specific rule condition; treated as non-actionable here."
/home/chinmay/ChinmayPersonalProjects/deslop/scripts/chunks/Chunk_276_300.txt,295,/home/chinmay/ChinmayPersonalProjects/gopdfsuit/bindings/python/pypdfsuit/redact.py,90,python_perf_layer_collection_iteration_enumerate_list_materialized,false_positive,"Snippet does not clearly demonstrate the specific rule condition; treated as non-actionable here."
/home/chinmay/ChinmayPersonalProjects/deslop/scripts/chunks/Chunk_276_300.txt,296,/home/chinmay/ChinmayPersonalProjects/gopdfsuit/bindings/python/pypdfsuit/redact.py,90,python_perf_layer_data_structure_choice_list_as_fifo_queue,false_positive,"Snippet does not clearly demonstrate the specific rule condition; treated as non-actionable here."
/home/chinmay/ChinmayPersonalProjects/deslop/scripts/chunks/Chunk_276_300.txt,297,/home/chinmay/ChinmayPersonalProjects/gopdfsuit/bindings/python/pypdfsuit/redact.py,90,python_perf_layer_error_handling_cost_multi_error_list_allocated_before_failure,false_positive,"Snippet does not clearly demonstrate the specific rule condition; treated as non-actionable here."
/home/chinmay/ChinmayPersonalProjects/deslop/scripts/chunks/Chunk_276_300.txt,298,/home/chinmay/ChinmayPersonalProjects/gopdfsuit/bindings/python/pypdfsuit/redact.py,90,python_perf_layer_memory_allocation_list_append_without_generator_stream,false_positive,"Snippet does not clearly demonstrate the specific rule condition; treated as non-actionable here."
/home/chinmay/ChinmayPersonalProjects/deslop/scripts/chunks/Chunk_276_300.txt,299,/home/chinmay/ChinmayPersonalProjects/gopdfsuit/bindings/python/pypdfsuit/redact.py,93,python_perf_layer_error_handling_cost_raise_from_none_hides_retriable_error_context,false_positive,"Snippet does not clearly demonstrate the specific rule condition; treated as non-actionable here."
/home/chinmay/ChinmayPersonalProjects/deslop/scripts/chunks/Chunk_276_300.txt,300,/home/chinmay/ChinmayPersonalProjects/gopdfsuit/bindings/python/pypdfsuit/redact.py,99,python_perf_layer_collection_iteration_generator_materialized_for_truthiness,false_positive,"Snippet does not clearly demonstrate the specific rule condition; treated as non-actionable here."
/home/chinmay/ChinmayPersonalProjects/deslop/scripts/chunks/Chunk_301_325.txt,301,/home/chinmay/ChinmayPersonalProjects/gopdfsuit/bindings/python/pypdfsuit/redact.py,105,compression_hashing_or_encoding_performed_before_cheap_reject_checks,false_positive,"Snippet does not clearly demonstrate the specific rule condition; treated as non-actionable here."
/home/chinmay/ChinmayPersonalProjects/deslop/scripts/chunks/Chunk_301_325.txt,302,/home/chinmay/ChinmayPersonalProjects/gopdfsuit/bindings/python/pypdfsuit/redact.py,105,full_response_or_export_buffered_before_incremental_consumer_use,false_positive,"Snippet does not clearly demonstrate the specific rule condition; treated as non-actionable here."
/home/chinmay/ChinmayPersonalProjects/deslop/scripts/chunks/Chunk_301_325.txt,303,/home/chinmay/ChinmayPersonalProjects/gopdfsuit/bindings/python/pypdfsuit/redact.py,105,generic_class_used_without_type_parameter_application,false_positive,"Snippet does not clearly demonstrate the specific rule condition; treated as non-actionable here."
/home/chinmay/ChinmayPersonalProjects/deslop/scripts/chunks/Chunk_301_325.txt,304,/home/chinmay/ChinmayPersonalProjects/gopdfsuit/bindings/python/pypdfsuit/redact.py,107,python_perf_layer_caching_per_request_settings_cache_rebuilt,false_positive,"Snippet does not clearly demonstrate the specific rule condition; treated as non-actionable here."
/home/chinmay/ChinmayPersonalProjects/deslop/scripts/chunks/Chunk_301_325.txt,305,/home/chinmay/ChinmayPersonalProjects/gopdfsuit/bindings/python/pypdfsuit/redact.py,107,python_perf_layer_logging_overhead_trace_payload_serialized_unconditionally,false_positive,"Snippet does not clearly demonstrate the specific rule condition; treated as non-actionable here."
/home/chinmay/ChinmayPersonalProjects/deslop/scripts/chunks/Chunk_301_325.txt,306,/home/chinmay/ChinmayPersonalProjects/gopdfsuit/bindings/python/pypdfsuit/redact.py,107,python_perf_layer_network_calls_tls_context_built_per_request,false_positive,"Snippet does not clearly demonstrate the specific rule condition; treated as non-actionable here."
/home/chinmay/ChinmayPersonalProjects/deslop/scripts/chunks/Chunk_301_325.txt,307,/home/chinmay/ChinmayPersonalProjects/gopdfsuit/bindings/python/pypdfsuit/redact.py,107,python_perf_layer_serialization_pickle_in_request_hot_path,false_positive,"Snippet does not clearly demonstrate the specific rule condition; treated as non-actionable here."
/home/chinmay/ChinmayPersonalProjects/deslop/scripts/chunks/Chunk_301_325.txt,308,/home/chinmay/ChinmayPersonalProjects/gopdfsuit/bindings/python/pypdfsuit/redact.py,110,python_perf_layer_string_handling_bytes_decode_encode_roundtrip,false_positive,"Snippet does not clearly demonstrate the specific rule condition; treated as non-actionable here."
/home/chinmay/ChinmayPersonalProjects/deslop/scripts/chunks/Chunk_301_325.txt,309,/home/chinmay/ChinmayPersonalProjects/gopdfsuit/bindings/python/pypdfsuit/redact.py,111,python_perf_layer_caching_cache_key_uses_json_dumps_in_hot_path,false_positive,"Snippet does not clearly demonstrate the specific rule condition; treated as non-actionable here."
/home/chinmay/ChinmayPersonalProjects/deslop/scripts/chunks/Chunk_301_325.txt,310,/home/chinmay/ChinmayPersonalProjects/gopdfsuit/bindings/python/pypdfsuit/redact.py,111,python_perf_layer_caching_cached_value_immediately_deserialized,false_positive,"Snippet does not clearly demonstrate the specific rule condition; treated as non-actionable here."
/home/chinmay/ChinmayPersonalProjects/deslop/scripts/chunks/Chunk_301_325.txt,311,/home/chinmay/ChinmayPersonalProjects/gopdfsuit/bindings/python/pypdfsuit/redact.py,111,python_perf_layer_caching_unbounded_dict_cache,false_positive,"Snippet does not clearly demonstrate the specific rule condition; treated as non-actionable here."
/home/chinmay/ChinmayPersonalProjects/deslop/scripts/chunks/Chunk_301_325.txt,312,/home/chinmay/ChinmayPersonalProjects/gopdfsuit/bindings/python/pypdfsuit/redact.py,111,python_perf_layer_data_structure_choice_dict_of_dicts_for_fixed_records,false_positive,"Snippet does not clearly demonstrate the specific rule condition; treated as non-actionable here."
/home/chinmay/ChinmayPersonalProjects/deslop/scripts/chunks/Chunk_301_325.txt,313,/home/chinmay/ChinmayPersonalProjects/gopdfsuit/bindings/python/pypdfsuit/redact.py,111,python_perf_layer_data_structure_choice_list_as_fifo_queue,false_positive,"Snippet does not clearly demonstrate the specific rule condition; treated as non-actionable here."
/home/chinmay/ChinmayPersonalProjects/deslop/scripts/chunks/Chunk_301_325.txt,314,/home/chinmay/ChinmayPersonalProjects/gopdfsuit/bindings/python/pypdfsuit/redact.py,111,python_perf_layer_error_handling_cost_raise_from_none_hides_retriable_error_context,false_positive,"Snippet does not clearly demonstrate the specific rule condition; treated as non-actionable here."
/home/chinmay/ChinmayPersonalProjects/deslop/scripts/chunks/Chunk_301_325.txt,315,/home/chinmay/ChinmayPersonalProjects/gopdfsuit/bindings/python/pypdfsuit/redact.py,112,python_perf_layer_collection_iteration_enumerate_list_materialized,false_positive,"Snippet does not clearly demonstrate the specific rule condition; treated as non-actionable here."
/home/chinmay/ChinmayPersonalProjects/deslop/scripts/chunks/Chunk_301_325.txt,316,/home/chinmay/ChinmayPersonalProjects/gopdfsuit/bindings/python/pypdfsuit/redact.py,112,python_perf_layer_error_handling_cost_multi_error_list_allocated_before_failure,false_positive,"Snippet does not clearly demonstrate the specific rule condition; treated as non-actionable here."
/home/chinmay/ChinmayPersonalProjects/deslop/scripts/chunks/Chunk_301_325.txt,317,/home/chinmay/ChinmayPersonalProjects/gopdfsuit/bindings/python/pypdfsuit/redact.py,112,python_perf_layer_memory_allocation_list_append_without_generator_stream,false_positive,"Snippet does not clearly demonstrate the specific rule condition; treated as non-actionable here."
/home/chinmay/ChinmayPersonalProjects/deslop/scripts/chunks/Chunk_301_325.txt,318,/home/chinmay/ChinmayPersonalProjects/gopdfsuit/bindings/python/pypdfsuit/redact.py,115,python_perf_layer_string_handling_json_string_concat_manual_build,false_positive,"Snippet does not clearly demonstrate the specific rule condition; treated as non-actionable here."
/home/chinmay/ChinmayPersonalProjects/deslop/scripts/chunks/Chunk_301_325.txt,319,/home/chinmay/ChinmayPersonalProjects/gopdfsuit/bindings/python/pypdfsuit/redact.py,115,python_perf_layer_string_handling_regex_compiled_per_call,false_positive,"Snippet does not clearly demonstrate the specific rule condition; treated as non-actionable here."
/home/chinmay/ChinmayPersonalProjects/deslop/scripts/chunks/Chunk_301_325.txt,320,/home/chinmay/ChinmayPersonalProjects/gopdfsuit/bindings/python/pypdfsuit/redact.py,123,python_perf_layer_serialization_json_dumps_for_equality_or_hash,false_positive,"Snippet does not clearly demonstrate the specific rule condition; treated as non-actionable here."
/home/chinmay/ChinmayPersonalProjects/deslop/scripts/chunks/Chunk_301_325.txt,321,/home/chinmay/ChinmayPersonalProjects/gopdfsuit/bindings/python/pypdfsuit/redact.py,129,python_perf_layer_collection_iteration_generator_materialized_for_truthiness,false_positive,"Snippet does not clearly demonstrate the specific rule condition; treated as non-actionable here."
/home/chinmay/ChinmayPersonalProjects/deslop/scripts/chunks/Chunk_301_325.txt,322,/home/chinmay/ChinmayPersonalProjects/gopdfsuit/bindings/python/pypdfsuit/split.py,9,sibling_modules_depend_on_private_helpers_from_each_other,false_positive,"No function/snippet context is available to substantiate this rule hit."
/home/chinmay/ChinmayPersonalProjects/deslop/scripts/chunks/Chunk_301_325.txt,323,/home/chinmay/ChinmayPersonalProjects/gopdfsuit/bindings/python/pypdfsuit/split.py,12,circular_import_hidden_by_function_local_import_on_hot_path,false_positive,"Snippet does not clearly demonstrate the specific rule condition; treated as non-actionable here."
/home/chinmay/ChinmayPersonalProjects/deslop/scripts/chunks/Chunk_301_325.txt,324,/home/chinmay/ChinmayPersonalProjects/gopdfsuit/bindings/python/pypdfsuit/split.py,12,compression_hashing_or_encoding_performed_before_cheap_reject_checks,false_positive,"Snippet does not clearly demonstrate the specific rule condition; treated as non-actionable here."
/home/chinmay/ChinmayPersonalProjects/deslop/scripts/chunks/Chunk_301_325.txt,325,/home/chinmay/ChinmayPersonalProjects/gopdfsuit/bindings/python/pypdfsuit/split.py,12,copy_of_mapping_created_only_to_read_values,false_positive,"Snippet does not clearly demonstrate the specific rule condition; treated as non-actionable here."
/home/chinmay/ChinmayPersonalProjects/deslop/scripts/chunks/Chunk_326_350.txt,326,/home/chinmay/ChinmayPersonalProjects/gopdfsuit/bindings/python/pypdfsuit/split.py,12,eager_full_file_or_stream_read_when_incremental_iteration_suffices,false_positive,"Snippet does not clearly demonstrate the specific rule condition; treated as non-actionable here."
/home/chinmay/ChinmayPersonalProjects/deslop/scripts/chunks/Chunk_326_350.txt,327,/home/chinmay/ChinmayPersonalProjects/gopdfsuit/bindings/python/pypdfsuit/split.py,12,expensive_work_starts_before_input_validation,false_positive,"Snippet does not clearly demonstrate the specific rule condition; treated as non-actionable here."
/home/chinmay/ChinmayPersonalProjects/deslop/scripts/chunks/Chunk_326_350.txt,328,/home/chinmay/ChinmayPersonalProjects/gopdfsuit/bindings/python/pypdfsuit/split.py,12,full_response_or_export_buffered_before_incremental_consumer_use,false_positive,"Snippet does not clearly demonstrate the specific rule condition; treated as non-actionable here."
/home/chinmay/ChinmayPersonalProjects/deslop/scripts/chunks/Chunk_326_350.txt,329,/home/chinmay/ChinmayPersonalProjects/gopdfsuit/bindings/python/pypdfsuit/split.py,12,function_local_import_executed_in_frequent_path,false_positive,"Snippet does not clearly demonstrate the specific rule condition; treated as non-actionable here."
/home/chinmay/ChinmayPersonalProjects/deslop/scripts/chunks/Chunk_326_350.txt,330,/home/chinmay/ChinmayPersonalProjects/gopdfsuit/bindings/python/pypdfsuit/split.py,14,python_perf_layer_algorithmic_complexity_full_sort_for_top_n,false_positive,"Snippet does not clearly demonstrate the specific rule condition; treated as non-actionable here."
/home/chinmay/ChinmayPersonalProjects/deslop/scripts/chunks/Chunk_326_350.txt,331,/home/chinmay/ChinmayPersonalProjects/gopdfsuit/bindings/python/pypdfsuit/split.py,14,python_perf_layer_collection_iteration_multiple_passes_over_same_iterable,false_positive,"Snippet does not clearly demonstrate the specific rule condition; treated as non-actionable here."
/home/chinmay/ChinmayPersonalProjects/deslop/scripts/chunks/Chunk_326_350.txt,332,/home/chinmay/ChinmayPersonalProjects/gopdfsuit/bindings/python/pypdfsuit/split.py,14,python_perf_layer_error_handling_cost_multi_error_list_allocated_before_failure,false_positive,"Snippet does not clearly demonstrate the specific rule condition; treated as non-actionable here."
/home/chinmay/ChinmayPersonalProjects/deslop/scripts/chunks/Chunk_326_350.txt,333,/home/chinmay/ChinmayPersonalProjects/gopdfsuit/bindings/python/pypdfsuit/split.py,17,python_perf_layer_io_operations_path_exists_before_open_race,false_positive,"Snippet does not clearly demonstrate the specific rule condition; treated as non-actionable here."
/home/chinmay/ChinmayPersonalProjects/deslop/scripts/chunks/Chunk_326_350.txt,334,/home/chinmay/ChinmayPersonalProjects/gopdfsuit/bindings/python/pypdfsuit/split.py,17,python_perf_layer_io_operations_read_entire_file_for_line_processing,false_positive,"Snippet does not clearly demonstrate the specific rule condition; treated as non-actionable here."
/home/chinmay/ChinmayPersonalProjects/deslop/scripts/chunks/Chunk_326_350.txt,335,/home/chinmay/ChinmayPersonalProjects/gopdfsuit/bindings/python/pypdfsuit/split.py,17,python_perf_layer_io_operations_small_file_writes_without_buffer,false_positive,"Snippet does not clearly demonstrate the specific rule condition; treated as non-actionable here."
/home/chinmay/ChinmayPersonalProjects/deslop/scripts/chunks/Chunk_326_350.txt,336,/home/chinmay/ChinmayPersonalProjects/gopdfsuit/bindings/python/pypdfsuit/split.py,17,python_perf_layer_io_operations_temporary_file_for_bytes_transform,false_positive,"Snippet does not clearly demonstrate the specific rule condition; treated as non-actionable here."
/home/chinmay/ChinmayPersonalProjects/deslop/scripts/chunks/Chunk_326_350.txt,337,/home/chinmay/ChinmayPersonalProjects/gopdfsuit/bindings/python/pypdfsuit/split.py,17,python_perf_layer_string_handling_bytes_decode_encode_roundtrip,false_positive,"Snippet does not clearly demonstrate the specific rule condition; treated as non-actionable here."
/home/chinmay/ChinmayPersonalProjects/deslop/scripts/chunks/Chunk_326_350.txt,338,/home/chinmay/ChinmayPersonalProjects/gopdfsuit/bindings/python/pypdfsuit/split.py,21,python_perf_layer_collection_iteration_enumerate_list_materialized,false_positive,"Snippet does not clearly demonstrate the specific rule condition; treated as non-actionable here."
/home/chinmay/ChinmayPersonalProjects/deslop/scripts/chunks/Chunk_326_350.txt,339,/home/chinmay/ChinmayPersonalProjects/gopdfsuit/bindings/python/pypdfsuit/split.py,21,python_perf_layer_data_structure_choice_dict_of_dicts_for_fixed_records,false_positive,"Snippet does not clearly demonstrate the specific rule condition; treated as non-actionable here."
/home/chinmay/ChinmayPersonalProjects/deslop/scripts/chunks/Chunk_326_350.txt,340,/home/chinmay/ChinmayPersonalProjects/gopdfsuit/bindings/python/pypdfsuit/split.py,21,python_perf_layer_data_structure_choice_list_as_fifo_queue,false_positive,"Snippet does not clearly demonstrate the specific rule condition; treated as non-actionable here."
/home/chinmay/ChinmayPersonalProjects/deslop/scripts/chunks/Chunk_326_350.txt,341,/home/chinmay/ChinmayPersonalProjects/gopdfsuit/bindings/python/pypdfsuit/split.py,21,python_perf_layer_memory_allocation_list_append_without_generator_stream,false_positive,"Snippet does not clearly demonstrate the specific rule condition; treated as non-actionable here."
/home/chinmay/ChinmayPersonalProjects/deslop/scripts/chunks/Chunk_326_350.txt,342,/home/chinmay/ChinmayPersonalProjects/gopdfsuit/bindings/python/pypdfsuit/split.py,23,python_perf_layer_error_handling_cost_raise_from_none_hides_retriable_error_context,false_positive,"Snippet does not clearly demonstrate the specific rule condition; treated as non-actionable here."
/home/chinmay/ChinmayPersonalProjects/deslop/scripts/chunks/Chunk_326_350.txt,343,/home/chinmay/ChinmayPersonalProjects/gopdfsuit/bindings/python/pypdfsuit/split.py,24,python_perf_layer_error_handling_cost_error_message_formatted_on_success_path,false_positive,"Snippet does not clearly demonstrate the specific rule condition; treated as non-actionable here."
/home/chinmay/ChinmayPersonalProjects/deslop/scripts/chunks/Chunk_326_350.txt,344,/home/chinmay/ChinmayPersonalProjects/gopdfsuit/bindings/python/pypdfsuit/split.py,25,python_perf_layer_caching_cached_value_immediately_deserialized,false_positive,"Snippet does not clearly demonstrate the specific rule condition; treated as non-actionable here."
/home/chinmay/ChinmayPersonalProjects/deslop/scripts/chunks/Chunk_326_350.txt,345,/home/chinmay/ChinmayPersonalProjects/gopdfsuit/bindings/python/pypdfsuit/split.py,30,python_perf_layer_memory_allocation_deepcopy_before_readonly_transform,false_positive,"Snippet does not clearly demonstrate the specific rule condition; treated as non-actionable here."
/home/chinmay/ChinmayPersonalProjects/deslop/scripts/chunks/Chunk_326_350.txt,346,/home/chinmay/ChinmayPersonalProjects/gopdfsuit/bindings/python/pypdfsuit/split.py,42,python_perf_layer_caching_unbounded_dict_cache,false_positive,"Snippet does not clearly demonstrate the specific rule condition; treated as non-actionable here."
/home/chinmay/ChinmayPersonalProjects/deslop/scripts/chunks/Chunk_326_350.txt,347,/home/chinmay/ChinmayPersonalProjects/gopdfsuit/bindings/python/pypdfsuit/split.py,42,python_perf_layer_serialization_json_dumps_for_equality_or_hash,false_positive,"Snippet does not clearly demonstrate the specific rule condition; treated as non-actionable here."
/home/chinmay/ChinmayPersonalProjects/deslop/scripts/chunks/Chunk_326_350.txt,348,/home/chinmay/ChinmayPersonalProjects/gopdfsuit/bindings/python/pypdfsuit/split.py,42,python_perf_layer_string_handling_lowercase_compare_allocates,false_positive,"Snippet does not clearly demonstrate the specific rule condition; treated as non-actionable here."
/home/chinmay/ChinmayPersonalProjects/deslop/scripts/chunks/Chunk_326_350.txt,349,/home/chinmay/ChinmayPersonalProjects/gopdfsuit/bindings/python/pypdfsuit/split.py,47,python_perf_layer_collection_iteration_generator_materialized_for_truthiness,false_positive,"Snippet does not clearly demonstrate the specific rule condition; treated as non-actionable here."
/home/chinmay/ChinmayPersonalProjects/deslop/scripts/chunks/Chunk_326_350.txt,350,/home/chinmay/ChinmayPersonalProjects/gopdfsuit/bindings/python/pypdfsuit/split.py,52,compression_hashing_or_encoding_performed_before_cheap_reject_checks,false_positive,"Snippet does not clearly demonstrate the specific rule condition; treated as non-actionable here."
/home/chinmay/ChinmayPersonalProjects/deslop/scripts/chunks/Chunk_351_375.txt,351,/home/chinmay/ChinmayPersonalProjects/gopdfsuit/bindings/python/pypdfsuit/split.py,52,function_local_import_executed_in_frequent_path,false_positive,"Snippet does not clearly demonstrate the specific rule condition; treated as non-actionable here."
/home/chinmay/ChinmayPersonalProjects/deslop/scripts/chunks/Chunk_351_375.txt,352,/home/chinmay/ChinmayPersonalProjects/gopdfsuit/bindings/python/pypdfsuit/split.py,54,python_perf_layer_collection_iteration_enumerate_list_materialized,false_positive,"Snippet does not clearly demonstrate the specific rule condition; treated as non-actionable here."
/home/chinmay/ChinmayPersonalProjects/deslop/scripts/chunks/Chunk_351_375.txt,353,/home/chinmay/ChinmayPersonalProjects/gopdfsuit/bindings/python/pypdfsuit/split.py,54,python_perf_layer_data_structure_choice_list_as_fifo_queue,false_positive,"Snippet does not clearly demonstrate the specific rule condition; treated as non-actionable here."
/home/chinmay/ChinmayPersonalProjects/deslop/scripts/chunks/Chunk_351_375.txt,354,/home/chinmay/ChinmayPersonalProjects/gopdfsuit/bindings/python/pypdfsuit/split.py,54,python_perf_layer_error_handling_cost_multi_error_list_allocated_before_failure,false_positive,"Snippet does not clearly demonstrate the specific rule condition; treated as non-actionable here."
/home/chinmay/ChinmayPersonalProjects/deslop/scripts/chunks/Chunk_351_375.txt,355,/home/chinmay/ChinmayPersonalProjects/gopdfsuit/bindings/python/pypdfsuit/split.py,54,python_perf_layer_memory_allocation_list_append_without_generator_stream,false_positive,"Snippet does not clearly demonstrate the specific rule condition; treated as non-actionable here."
/home/chinmay/ChinmayPersonalProjects/deslop/scripts/chunks/Chunk_351_375.txt,356,/home/chinmay/ChinmayPersonalProjects/gopdfsuit/bindings/python/pypdfsuit/split.py,54,python_perf_layer_string_handling_bytes_decode_encode_roundtrip,false_positive,"Snippet does not clearly demonstrate the specific rule condition; treated as non-actionable here."
/home/chinmay/ChinmayPersonalProjects/deslop/scripts/chunks/Chunk_351_375.txt,357,/home/chinmay/ChinmayPersonalProjects/gopdfsuit/bindings/python/pypdfsuit/split.py,54,python_perf_layer_string_handling_json_string_concat_manual_build,false_positive,"Snippet does not clearly demonstrate the specific rule condition; treated as non-actionable here."
/home/chinmay/ChinmayPersonalProjects/deslop/scripts/chunks/Chunk_351_375.txt,358,/home/chinmay/ChinmayPersonalProjects/gopdfsuit/bindings/python/pypdfsuit/split.py,58,python_perf_layer_network_calls_retry_without_backoff_or_jitter,false_positive,"Snippet does not clearly demonstrate the specific rule condition; treated as non-actionable here."
/home/chinmay/ChinmayPersonalProjects/deslop/scripts/chunks/Chunk_351_375.txt,359,/home/chinmay/ChinmayPersonalProjects/gopdfsuit/bindings/python/pypdfsuit/split.py,63,python_perf_layer_error_handling_cost_raise_from_none_hides_retriable_error_context,false_positive,"Snippet does not clearly demonstrate the specific rule condition; treated as non-actionable here."
/home/chinmay/ChinmayPersonalProjects/deslop/scripts/chunks/Chunk_351_375.txt,360,/home/chinmay/ChinmayPersonalProjects/gopdfsuit/bindings/python/pypdfsuit/types.py,11,boolean_flag_parameter_controls_unrelated_behaviors,false_positive,"Snippet does not clearly demonstrate the specific rule condition; treated as non-actionable here."
/home/chinmay/ChinmayPersonalProjects/deslop/scripts/chunks/Chunk_351_375.txt,361,/home/chinmay/ChinmayPersonalProjects/gopdfsuit/bindings/python/pypdfsuit/types.py,11,condition_tree_nests_past_two_business_decision_levels,false_positive,"Snippet does not clearly demonstrate the specific rule condition; treated as non-actionable here."
/home/chinmay/ChinmayPersonalProjects/deslop/scripts/chunks/Chunk_351_375.txt,362,/home/chinmay/ChinmayPersonalProjects/gopdfsuit/bindings/python/pypdfsuit/types.py,11,copy_of_mapping_created_only_to_read_values,false_positive,"Snippet does not clearly demonstrate the specific rule condition; treated as non-actionable here."
/home/chinmay/ChinmayPersonalProjects/deslop/scripts/chunks/Chunk_351_375.txt,363,/home/chinmay/ChinmayPersonalProjects/gopdfsuit/bindings/python/pypdfsuit/types.py,11,function_returns_multiple_unlabeled_shape_variants,false_positive,"Snippet does not clearly demonstrate the specific rule condition; treated as non-actionable here."
/home/chinmay/ChinmayPersonalProjects/deslop/scripts/chunks/Chunk_351_375.txt,364,/home/chinmay/ChinmayPersonalProjects/gopdfsuit/bindings/python/pypdfsuit/types.py,11,public_api_returns_none_or_value_without_explicit_optional_contract,false_positive,"Snippet does not clearly demonstrate the specific rule condition; treated as non-actionable here."
/home/chinmay/ChinmayPersonalProjects/deslop/scripts/chunks/Chunk_351_375.txt,365,/home/chinmay/ChinmayPersonalProjects/gopdfsuit/bindings/python/pypdfsuit/types.py,11,recursive_walk_over_untrusted_input_lacks_depth_limit,false_positive,"Snippet does not clearly demonstrate the specific rule condition; treated as non-actionable here."
/home/chinmay/ChinmayPersonalProjects/deslop/scripts/chunks/Chunk_351_375.txt,366,/home/chinmay/ChinmayPersonalProjects/gopdfsuit/bindings/python/pypdfsuit/types.py,11,weak_typing,true_positive,"Snippet relies on weak typing (Any/loosely typed contract) in a public-facing signature."
/home/chinmay/ChinmayPersonalProjects/deslop/scripts/chunks/Chunk_351_375.txt,367,/home/chinmay/ChinmayPersonalProjects/gopdfsuit/bindings/python/pypdfsuit/types.py,12,python_perf_layer_caching_cached_value_immediately_deserialized,false_positive,"Snippet does not clearly demonstrate the specific rule condition; treated as non-actionable here."
/home/chinmay/ChinmayPersonalProjects/deslop/scripts/chunks/Chunk_351_375.txt,368,/home/chinmay/ChinmayPersonalProjects/gopdfsuit/bindings/python/pypdfsuit/types.py,12,python_perf_layer_caching_unbounded_dict_cache,false_positive,"Snippet does not clearly demonstrate the specific rule condition; treated as non-actionable here."
/home/chinmay/ChinmayPersonalProjects/deslop/scripts/chunks/Chunk_351_375.txt,369,/home/chinmay/ChinmayPersonalProjects/gopdfsuit/bindings/python/pypdfsuit/types.py,12,python_perf_layer_data_structure_choice_dict_of_dicts_for_fixed_records,false_positive,"Snippet does not clearly demonstrate the specific rule condition; treated as non-actionable here."
/home/chinmay/ChinmayPersonalProjects/deslop/scripts/chunks/Chunk_351_375.txt,370,/home/chinmay/ChinmayPersonalProjects/gopdfsuit/bindings/python/pypdfsuit/types.py,12,python_perf_layer_data_structure_choice_list_as_fifo_queue,false_positive,"Snippet does not clearly demonstrate the specific rule condition; treated as non-actionable here."
/home/chinmay/ChinmayPersonalProjects/deslop/scripts/chunks/Chunk_351_375.txt,371,/home/chinmay/ChinmayPersonalProjects/gopdfsuit/bindings/python/pypdfsuit/types.py,14,overloaded_dispatch_without_typing_overload_decorator,false_positive,"Snippet does not clearly demonstrate the specific rule condition; treated as non-actionable here."
/home/chinmay/ChinmayPersonalProjects/deslop/scripts/chunks/Chunk_351_375.txt,372,/home/chinmay/ChinmayPersonalProjects/gopdfsuit/bindings/python/pypdfsuit/types.py,14,redundant_return_none,true_positive,"Snippet includes explicit redundant return None behavior."
/home/chinmay/ChinmayPersonalProjects/deslop/scripts/chunks/Chunk_351_375.txt,373,/home/chinmay/ChinmayPersonalProjects/gopdfsuit/bindings/python/pypdfsuit/types.py,15,python_perf_layer_string_handling_lowercase_compare_allocates,false_positive,"Snippet does not clearly demonstrate the specific rule condition; treated as non-actionable here."
/home/chinmay/ChinmayPersonalProjects/deslop/scripts/chunks/Chunk_351_375.txt,374,/home/chinmay/ChinmayPersonalProjects/gopdfsuit/bindings/python/pypdfsuit/types.py,17,python_perf_layer_collection_iteration_enumerate_list_materialized,false_positive,"Snippet does not clearly demonstrate the specific rule condition; treated as non-actionable here."
/home/chinmay/ChinmayPersonalProjects/deslop/scripts/chunks/Chunk_351_375.txt,375,/home/chinmay/ChinmayPersonalProjects/gopdfsuit/bindings/python/pypdfsuit/types.py,17,python_perf_layer_error_handling_cost_multi_error_list_allocated_before_failure,false_positive,"Snippet does not clearly demonstrate the specific rule condition; treated as non-actionable here."
/home/chinmay/ChinmayPersonalProjects/deslop/scripts/chunks/Chunk_376_400.txt,376,/home/chinmay/ChinmayPersonalProjects/gopdfsuit/bindings/python/pypdfsuit/types.py,17,python_perf_layer_memory_allocation_list_append_without_generator_stream,false_positive,"Snippet does not clearly demonstrate the specific rule condition; treated as non-actionable here."
/home/chinmay/ChinmayPersonalProjects/deslop/scripts/chunks/Chunk_376_400.txt,377,/home/chinmay/ChinmayPersonalProjects/gopdfsuit/bindings/python/pypdfsuit/types.py,18,python_perf_layer_io_operations_subprocess_per_item,false_positive,"Snippet does not clearly demonstrate the specific rule condition; treated as non-actionable here."
/home/chinmay/ChinmayPersonalProjects/deslop/scripts/chunks/Chunk_376_400.txt,378,/home/chinmay/ChinmayPersonalProjects/gopdfsuit/bindings/python/pypdfsuit/types.py,18,python_perf_layer_network_calls_retry_without_backoff_or_jitter,false_positive,"Snippet does not clearly demonstrate the specific rule condition; treated as non-actionable here."
/home/chinmay/ChinmayPersonalProjects/deslop/scripts/chunks/Chunk_376_400.txt,379,/home/chinmay/ChinmayPersonalProjects/gopdfsuit/bindings/python/pypdfsuit/types.py,18,recursive_traversal_risk,false_positive,"Snippet does not clearly demonstrate the specific rule condition; treated as non-actionable here."
/home/chinmay/ChinmayPersonalProjects/deslop/scripts/chunks/Chunk_376_400.txt,380,/home/chinmay/ChinmayPersonalProjects/gopdfsuit/bindings/python/pypdfsuit/types.py,20,recursive_traversal_risk,false_positive,"Snippet does not clearly demonstrate the specific rule condition; treated as non-actionable here."
/home/chinmay/ChinmayPersonalProjects/deslop/scripts/chunks/Chunk_376_400.txt,381,/home/chinmay/ChinmayPersonalProjects/gopdfsuit/bindings/python/pypdfsuit/types.py,29,recursive_traversal_risk,false_positive,"Snippet does not clearly demonstrate the specific rule condition; treated as non-actionable here."
/home/chinmay/ChinmayPersonalProjects/deslop/scripts/chunks/Chunk_376_400.txt,382,/home/chinmay/ChinmayPersonalProjects/gopdfsuit/bindings/python/pypdfsuit/types.py,34,repeated_string_literal,false_positive,"Snippet does not clearly demonstrate the specific rule condition; treated as non-actionable here."
/home/chinmay/ChinmayPersonalProjects/deslop/scripts/chunks/Chunk_376_400.txt,383,/home/chinmay/ChinmayPersonalProjects/gopdfsuit/bindings/python/pypdfsuit/types.py,35,python_perf_layer_algorithmic_complexity_full_sort_for_top_n,false_positive,"Snippet does not clearly demonstrate the specific rule condition; treated as non-actionable here."
/home/chinmay/ChinmayPersonalProjects/deslop/scripts/chunks/Chunk_376_400.txt,384,/home/chinmay/ChinmayPersonalProjects/gopdfsuit/bindings/python/pypdfsuit/types.py,35,python_perf_layer_lazy_loading_feature_flag_data_loaded_before_needed,false_positive,"Snippet does not clearly demonstrate the specific rule condition; treated as non-actionable here."
/home/chinmay/ChinmayPersonalProjects/deslop/scripts/chunks/Chunk_376_400.txt,385,/home/chinmay/ChinmayPersonalProjects/gopdfsuit/bindings/python/pypdfsuit/types.py,38,python_perf_layer_database_access_count_then_fetch_every_page,false_positive,"Snippet does not clearly demonstrate the specific rule condition; treated as non-actionable here."
/home/chinmay/ChinmayPersonalProjects/deslop/scripts/chunks/Chunk_376_400.txt,386,/home/chinmay/ChinmayPersonalProjects/gopdfsuit/bindings/python/pypdfsuit/types.py,62,python_perf_layer_garbage_collection_cleanup_file_handle_closed_by_gc,false_positive,"Snippet does not clearly demonstrate the specific rule condition; treated as non-actionable here."
/home/chinmay/ChinmayPersonalProjects/deslop/scripts/chunks/Chunk_376_400.txt,387,/home/chinmay/ChinmayPersonalProjects/gopdfsuit/bindings/python/pypdfsuit/types.py,68,python_perf_layer_io_operations_small_file_writes_without_buffer,false_positive,"Snippet does not clearly demonstrate the specific rule condition; treated as non-actionable here."
/home/chinmay/ChinmayPersonalProjects/deslop/scripts/chunks/Chunk_376_400.txt,388,/home/chinmay/ChinmayPersonalProjects/gopdfsuit/bindings/python/pypdfsuit/types.py,82,python_perf_layer_runtime_configuration_debug_mode_enabled_in_perf_sensitive_path,false_positive,"Snippet does not clearly demonstrate the specific rule condition; treated as non-actionable here."
/home/chinmay/ChinmayPersonalProjects/deslop/scripts/chunks/Chunk_376_400.txt,389,/home/chinmay/ChinmayPersonalProjects/gopdfsuit/bindings/python/pypdfsuit/types.py,89,option_bag_model,false_positive,"No function/snippet context is available to substantiate this rule hit."
/home/chinmay/ChinmayPersonalProjects/deslop/scripts/chunks/Chunk_376_400.txt,390,/home/chinmay/ChinmayPersonalProjects/gopdfsuit/bindings/python/pypdfsuit/types.py,104,copy_of_mapping_created_only_to_read_values,false_positive,"Snippet does not clearly demonstrate the specific rule condition; treated as non-actionable here."
/home/chinmay/ChinmayPersonalProjects/deslop/scripts/chunks/Chunk_376_400.txt,391,/home/chinmay/ChinmayPersonalProjects/gopdfsuit/bindings/python/pypdfsuit/types.py,104,weak_typing,true_positive,"Snippet relies on weak typing (Any/loosely typed contract) in a public-facing signature."
/home/chinmay/ChinmayPersonalProjects/deslop/scripts/chunks/Chunk_376_400.txt,392,/home/chinmay/ChinmayPersonalProjects/gopdfsuit/bindings/python/pypdfsuit/types.py,105,python_perf_layer_caching_unbounded_dict_cache,false_positive,"Snippet does not clearly demonstrate the specific rule condition; treated as non-actionable here."
/home/chinmay/ChinmayPersonalProjects/deslop/scripts/chunks/Chunk_376_400.txt,393,/home/chinmay/ChinmayPersonalProjects/gopdfsuit/bindings/python/pypdfsuit/types.py,105,python_perf_layer_data_structure_choice_dict_of_dicts_for_fixed_records,false_positive,"Snippet does not clearly demonstrate the specific rule condition; treated as non-actionable here."
/home/chinmay/ChinmayPersonalProjects/deslop/scripts/chunks/Chunk_376_400.txt,394,/home/chinmay/ChinmayPersonalProjects/gopdfsuit/bindings/python/pypdfsuit/types.py,105,python_perf_layer_string_handling_lowercase_compare_allocates,false_positive,"Snippet does not clearly demonstrate the specific rule condition; treated as non-actionable here."
/home/chinmay/ChinmayPersonalProjects/deslop/scripts/chunks/Chunk_376_400.txt,395,/home/chinmay/ChinmayPersonalProjects/gopdfsuit/bindings/python/pypdfsuit/types.py,109,option_bag_model,false_positive,"No function/snippet context is available to substantiate this rule hit."
/home/chinmay/ChinmayPersonalProjects/deslop/scripts/chunks/Chunk_376_400.txt,396,/home/chinmay/ChinmayPersonalProjects/gopdfsuit/bindings/python/pypdfsuit/types.py,120,copy_of_mapping_created_only_to_read_values,false_positive,"Snippet does not clearly demonstrate the specific rule condition; treated as non-actionable here."
/home/chinmay/ChinmayPersonalProjects/deslop/scripts/chunks/Chunk_376_400.txt,397,/home/chinmay/ChinmayPersonalProjects/gopdfsuit/bindings/python/pypdfsuit/types.py,120,weak_typing,true_positive,"Snippet relies on weak typing (Any/loosely typed contract) in a public-facing signature."
/home/chinmay/ChinmayPersonalProjects/deslop/scripts/chunks/Chunk_376_400.txt,398,/home/chinmay/ChinmayPersonalProjects/gopdfsuit/bindings/python/pypdfsuit/types.py,121,python_perf_layer_caching_unbounded_dict_cache,false_positive,"Snippet does not clearly demonstrate the specific rule condition; treated as non-actionable here."
/home/chinmay/ChinmayPersonalProjects/deslop/scripts/chunks/Chunk_376_400.txt,399,/home/chinmay/ChinmayPersonalProjects/gopdfsuit/bindings/python/pypdfsuit/types.py,121,python_perf_layer_data_structure_choice_dict_of_dicts_for_fixed_records,false_positive,"Snippet does not clearly demonstrate the specific rule condition; treated as non-actionable here."
/home/chinmay/ChinmayPersonalProjects/deslop/scripts/chunks/Chunk_376_400.txt,400,/home/chinmay/ChinmayPersonalProjects/gopdfsuit/bindings/python/pypdfsuit/types.py,121,python_perf_layer_string_handling_lowercase_compare_allocates,false_positive,"Snippet does not clearly demonstrate the specific rule condition; treated as non-actionable here."
/home/chinmay/ChinmayPersonalProjects/deslop/scripts/chunks/Chunk_401_425.txt,401,/home/chinmay/ChinmayPersonalProjects/gopdfsuit/bindings/python/pypdfsuit/types.py,125,option_bag_model,false_positive,"No function/snippet context is available to substantiate this rule hit."
/home/chinmay/ChinmayPersonalProjects/deslop/scripts/chunks/Chunk_401_425.txt,402,/home/chinmay/ChinmayPersonalProjects/gopdfsuit/bindings/python/pypdfsuit/types.py,143,copy_of_mapping_created_only_to_read_values,false_positive,"Snippet does not clearly demonstrate the specific rule condition; treated as non-actionable here."
/home/chinmay/ChinmayPersonalProjects/deslop/scripts/chunks/Chunk_401_425.txt,403,/home/chinmay/ChinmayPersonalProjects/gopdfsuit/bindings/python/pypdfsuit/types.py,143,weak_typing,true_positive,"Snippet relies on weak typing (Any/loosely typed contract) in a public-facing signature."
/home/chinmay/ChinmayPersonalProjects/deslop/scripts/chunks/Chunk_401_425.txt,404,/home/chinmay/ChinmayPersonalProjects/gopdfsuit/bindings/python/pypdfsuit/types.py,144,python_perf_layer_caching_unbounded_dict_cache,false_positive,"Snippet does not clearly demonstrate the specific rule condition; treated as non-actionable here."
/home/chinmay/ChinmayPersonalProjects/deslop/scripts/chunks/Chunk_401_425.txt,405,/home/chinmay/ChinmayPersonalProjects/gopdfsuit/bindings/python/pypdfsuit/types.py,144,python_perf_layer_data_structure_choice_dict_of_dicts_for_fixed_records,false_positive,"Snippet does not clearly demonstrate the specific rule condition; treated as non-actionable here."
/home/chinmay/ChinmayPersonalProjects/deslop/scripts/chunks/Chunk_401_425.txt,406,/home/chinmay/ChinmayPersonalProjects/gopdfsuit/bindings/python/pypdfsuit/types.py,144,python_perf_layer_string_handling_lowercase_compare_allocates,false_positive,"Snippet does not clearly demonstrate the specific rule condition; treated as non-actionable here."
/home/chinmay/ChinmayPersonalProjects/deslop/scripts/chunks/Chunk_401_425.txt,407,/home/chinmay/ChinmayPersonalProjects/gopdfsuit/bindings/python/pypdfsuit/types.py,155,copy_of_mapping_created_only_to_read_values,false_positive,"Snippet does not clearly demonstrate the specific rule condition; treated as non-actionable here."
/home/chinmay/ChinmayPersonalProjects/deslop/scripts/chunks/Chunk_401_425.txt,408,/home/chinmay/ChinmayPersonalProjects/gopdfsuit/bindings/python/pypdfsuit/types.py,155,weak_typing,true_positive,"Snippet relies on weak typing (Any/loosely typed contract) in a public-facing signature."
/home/chinmay/ChinmayPersonalProjects/deslop/scripts/chunks/Chunk_401_425.txt,409,/home/chinmay/ChinmayPersonalProjects/gopdfsuit/bindings/python/pypdfsuit/types.py,156,python_perf_layer_caching_unbounded_dict_cache,false_positive,"Snippet does not clearly demonstrate the specific rule condition; treated as non-actionable here."
/home/chinmay/ChinmayPersonalProjects/deslop/scripts/chunks/Chunk_401_425.txt,410,/home/chinmay/ChinmayPersonalProjects/gopdfsuit/bindings/python/pypdfsuit/types.py,156,python_perf_layer_data_structure_choice_dict_of_dicts_for_fixed_records,false_positive,"Snippet does not clearly demonstrate the specific rule condition; treated as non-actionable here."
/home/chinmay/ChinmayPersonalProjects/deslop/scripts/chunks/Chunk_401_425.txt,411,/home/chinmay/ChinmayPersonalProjects/gopdfsuit/bindings/python/pypdfsuit/types.py,156,python_perf_layer_string_handling_lowercase_compare_allocates,false_positive,"Snippet does not clearly demonstrate the specific rule condition; treated as non-actionable here."
/home/chinmay/ChinmayPersonalProjects/deslop/scripts/chunks/Chunk_401_425.txt,412,/home/chinmay/ChinmayPersonalProjects/gopdfsuit/bindings/python/pypdfsuit/types.py,170,copy_of_mapping_created_only_to_read_values,false_positive,"Snippet does not clearly demonstrate the specific rule condition; treated as non-actionable here."
/home/chinmay/ChinmayPersonalProjects/deslop/scripts/chunks/Chunk_401_425.txt,413,/home/chinmay/ChinmayPersonalProjects/gopdfsuit/bindings/python/pypdfsuit/types.py,170,weak_typing,true_positive,"Snippet relies on weak typing (Any/loosely typed contract) in a public-facing signature."
/home/chinmay/ChinmayPersonalProjects/deslop/scripts/chunks/Chunk_401_425.txt,414,/home/chinmay/ChinmayPersonalProjects/gopdfsuit/bindings/python/pypdfsuit/types.py,171,python_perf_layer_caching_unbounded_dict_cache,false_positive,"Snippet does not clearly demonstrate the specific rule condition; treated as non-actionable here."
/home/chinmay/ChinmayPersonalProjects/deslop/scripts/chunks/Chunk_401_425.txt,415,/home/chinmay/ChinmayPersonalProjects/gopdfsuit/bindings/python/pypdfsuit/types.py,171,python_perf_layer_data_structure_choice_dict_of_dicts_for_fixed_records,false_positive,"Snippet does not clearly demonstrate the specific rule condition; treated as non-actionable here."
/home/chinmay/ChinmayPersonalProjects/deslop/scripts/chunks/Chunk_401_425.txt,416,/home/chinmay/ChinmayPersonalProjects/gopdfsuit/bindings/python/pypdfsuit/types.py,171,python_perf_layer_string_handling_lowercase_compare_allocates,false_positive,"Snippet does not clearly demonstrate the specific rule condition; treated as non-actionable here."
/home/chinmay/ChinmayPersonalProjects/deslop/scripts/chunks/Chunk_401_425.txt,417,/home/chinmay/ChinmayPersonalProjects/gopdfsuit/bindings/python/pypdfsuit/types.py,175,option_bag_model,false_positive,"No function/snippet context is available to substantiate this rule hit."
/home/chinmay/ChinmayPersonalProjects/deslop/scripts/chunks/Chunk_401_425.txt,418,/home/chinmay/ChinmayPersonalProjects/gopdfsuit/bindings/python/pypdfsuit/types.py,192,copy_of_mapping_created_only_to_read_values,false_positive,"Snippet does not clearly demonstrate the specific rule condition; treated as non-actionable here."
/home/chinmay/ChinmayPersonalProjects/deslop/scripts/chunks/Chunk_401_425.txt,419,/home/chinmay/ChinmayPersonalProjects/gopdfsuit/bindings/python/pypdfsuit/types.py,192,weak_typing,true_positive,"Snippet relies on weak typing (Any/loosely typed contract) in a public-facing signature."
/home/chinmay/ChinmayPersonalProjects/deslop/scripts/chunks/Chunk_401_425.txt,420,/home/chinmay/ChinmayPersonalProjects/gopdfsuit/bindings/python/pypdfsuit/types.py,193,python_perf_layer_caching_unbounded_dict_cache,false_positive,"Snippet does not clearly demonstrate the specific rule condition; treated as non-actionable here."
/home/chinmay/ChinmayPersonalProjects/deslop/scripts/chunks/Chunk_401_425.txt,421,/home/chinmay/ChinmayPersonalProjects/gopdfsuit/bindings/python/pypdfsuit/types.py,193,python_perf_layer_data_structure_choice_dict_of_dicts_for_fixed_records,false_positive,"Snippet does not clearly demonstrate the specific rule condition; treated as non-actionable here."
/home/chinmay/ChinmayPersonalProjects/deslop/scripts/chunks/Chunk_401_425.txt,422,/home/chinmay/ChinmayPersonalProjects/gopdfsuit/bindings/python/pypdfsuit/types.py,193,python_perf_layer_string_handling_lowercase_compare_allocates,false_positive,"Snippet does not clearly demonstrate the specific rule condition; treated as non-actionable here."
/home/chinmay/ChinmayPersonalProjects/deslop/scripts/chunks/Chunk_401_425.txt,423,/home/chinmay/ChinmayPersonalProjects/gopdfsuit/bindings/python/pypdfsuit/types.py,206,copy_of_mapping_created_only_to_read_values,false_positive,"Snippet does not clearly demonstrate the specific rule condition; treated as non-actionable here."
/home/chinmay/ChinmayPersonalProjects/deslop/scripts/chunks/Chunk_401_425.txt,424,/home/chinmay/ChinmayPersonalProjects/gopdfsuit/bindings/python/pypdfsuit/types.py,206,weak_typing,true_positive,"Snippet relies on weak typing (Any/loosely typed contract) in a public-facing signature."
/home/chinmay/ChinmayPersonalProjects/deslop/scripts/chunks/Chunk_401_425.txt,425,/home/chinmay/ChinmayPersonalProjects/gopdfsuit/bindings/python/pypdfsuit/types.py,207,python_perf_layer_caching_unbounded_dict_cache,false_positive,"Snippet does not clearly demonstrate the specific rule condition; treated as non-actionable here."
/home/chinmay/ChinmayPersonalProjects/deslop/scripts/chunks/Chunk_426_450.txt,426,/home/chinmay/ChinmayPersonalProjects/gopdfsuit/bindings/python/pypdfsuit/types.py,207,python_perf_layer_data_structure_choice_dict_of_dicts_for_fixed_records,false_positive,"Snippet does not clearly demonstrate the specific rule condition; treated as non-actionable here."
/home/chinmay/ChinmayPersonalProjects/deslop/scripts/chunks/Chunk_426_450.txt,427,/home/chinmay/ChinmayPersonalProjects/gopdfsuit/bindings/python/pypdfsuit/types.py,207,python_perf_layer_string_handling_lowercase_compare_allocates,false_positive,"Snippet does not clearly demonstrate the specific rule condition; treated as non-actionable here."
/home/chinmay/ChinmayPersonalProjects/deslop/scripts/chunks/Chunk_426_450.txt,428,/home/chinmay/ChinmayPersonalProjects/gopdfsuit/bindings/python/pypdfsuit/types.py,221,copy_of_mapping_created_only_to_read_values,false_positive,"Snippet does not clearly demonstrate the specific rule condition; treated as non-actionable here."
/home/chinmay/ChinmayPersonalProjects/deslop/scripts/chunks/Chunk_426_450.txt,429,/home/chinmay/ChinmayPersonalProjects/gopdfsuit/bindings/python/pypdfsuit/types.py,221,weak_typing,true_positive,"Snippet relies on weak typing (Any/loosely typed contract) in a public-facing signature."
/home/chinmay/ChinmayPersonalProjects/deslop/scripts/chunks/Chunk_426_450.txt,430,/home/chinmay/ChinmayPersonalProjects/gopdfsuit/bindings/python/pypdfsuit/types.py,222,python_perf_layer_caching_unbounded_dict_cache,false_positive,"Snippet does not clearly demonstrate the specific rule condition; treated as non-actionable here."
/home/chinmay/ChinmayPersonalProjects/deslop/scripts/chunks/Chunk_426_450.txt,431,/home/chinmay/ChinmayPersonalProjects/gopdfsuit/bindings/python/pypdfsuit/types.py,222,python_perf_layer_data_structure_choice_dict_of_dicts_for_fixed_records,false_positive,"Snippet does not clearly demonstrate the specific rule condition; treated as non-actionable here."
/home/chinmay/ChinmayPersonalProjects/deslop/scripts/chunks/Chunk_426_450.txt,432,/home/chinmay/ChinmayPersonalProjects/gopdfsuit/bindings/python/pypdfsuit/types.py,222,python_perf_layer_string_handling_lowercase_compare_allocates,false_positive,"Snippet does not clearly demonstrate the specific rule condition; treated as non-actionable here."
/home/chinmay/ChinmayPersonalProjects/deslop/scripts/chunks/Chunk_426_450.txt,433,/home/chinmay/ChinmayPersonalProjects/gopdfsuit/bindings/python/pypdfsuit/types.py,226,option_bag_model,false_positive,"No function/snippet context is available to substantiate this rule hit."
/home/chinmay/ChinmayPersonalProjects/deslop/scripts/chunks/Chunk_426_450.txt,434,/home/chinmay/ChinmayPersonalProjects/gopdfsuit/bindings/python/pypdfsuit/types.py,243,public_any_type_leak,true_positive,"Public API contract exposes Any-style typing instead of concrete types."
/home/chinmay/ChinmayPersonalProjects/deslop/scripts/chunks/Chunk_426_450.txt,435,/home/chinmay/ChinmayPersonalProjects/gopdfsuit/bindings/python/pypdfsuit/types.py,243,python_public_api_any_contract,true_positive,"Public API contract exposes Any-style typing instead of concrete types."
/home/chinmay/ChinmayPersonalProjects/deslop/scripts/chunks/Chunk_426_450.txt,436,/home/chinmay/ChinmayPersonalProjects/gopdfsuit/bindings/python/pypdfsuit/types.py,243,weak_typing,true_positive,"Snippet relies on weak typing (Any/loosely typed contract) in a public-facing signature."
/home/chinmay/ChinmayPersonalProjects/deslop/scripts/chunks/Chunk_426_450.txt,437,/home/chinmay/ChinmayPersonalProjects/gopdfsuit/bindings/python/pypdfsuit/types.py,244,python_perf_layer_caching_unbounded_dict_cache,false_positive,"Snippet does not clearly demonstrate the specific rule condition; treated as non-actionable here."
/home/chinmay/ChinmayPersonalProjects/deslop/scripts/chunks/Chunk_426_450.txt,438,/home/chinmay/ChinmayPersonalProjects/gopdfsuit/bindings/python/pypdfsuit/types.py,244,python_perf_layer_data_structure_choice_dict_of_dicts_for_fixed_records,false_positive,"Snippet does not clearly demonstrate the specific rule condition; treated as non-actionable here."
/home/chinmay/ChinmayPersonalProjects/deslop/scripts/chunks/Chunk_426_450.txt,439,/home/chinmay/ChinmayPersonalProjects/gopdfsuit/bindings/python/pypdfsuit/types.py,244,python_perf_layer_string_handling_lowercase_compare_allocates,false_positive,"Snippet does not clearly demonstrate the specific rule condition; treated as non-actionable here."
/home/chinmay/ChinmayPersonalProjects/deslop/scripts/chunks/Chunk_426_450.txt,440,/home/chinmay/ChinmayPersonalProjects/gopdfsuit/bindings/python/pypdfsuit/types.py,245,python_perf_layer_network_calls_retry_without_backoff_or_jitter,false_positive,"Snippet does not clearly demonstrate the specific rule condition; treated as non-actionable here."
/home/chinmay/ChinmayPersonalProjects/deslop/scripts/chunks/Chunk_426_450.txt,441,/home/chinmay/ChinmayPersonalProjects/gopdfsuit/bindings/python/pypdfsuit/types.py,257,copy_of_mapping_created_only_to_read_values,false_positive,"Snippet does not clearly demonstrate the specific rule condition; treated as non-actionable here."
/home/chinmay/ChinmayPersonalProjects/deslop/scripts/chunks/Chunk_426_450.txt,442,/home/chinmay/ChinmayPersonalProjects/gopdfsuit/bindings/python/pypdfsuit/types.py,257,python_public_api_any_contract,true_positive,"Public API contract exposes Any-style typing instead of concrete types."
/home/chinmay/ChinmayPersonalProjects/deslop/scripts/chunks/Chunk_426_450.txt,443,/home/chinmay/ChinmayPersonalProjects/gopdfsuit/bindings/python/pypdfsuit/types.py,257,weak_typing,true_positive,"Snippet relies on weak typing (Any/loosely typed contract) in a public-facing signature."
/home/chinmay/ChinmayPersonalProjects/deslop/scripts/chunks/Chunk_426_450.txt,444,/home/chinmay/ChinmayPersonalProjects/gopdfsuit/bindings/python/pypdfsuit/types.py,258,python_perf_layer_caching_unbounded_dict_cache,false_positive,"Snippet does not clearly demonstrate the specific rule condition; treated as non-actionable here."
/home/chinmay/ChinmayPersonalProjects/deslop/scripts/chunks/Chunk_426_450.txt,445,/home/chinmay/ChinmayPersonalProjects/gopdfsuit/bindings/python/pypdfsuit/types.py,258,python_perf_layer_data_structure_choice_dict_of_dicts_for_fixed_records,false_positive,"Snippet does not clearly demonstrate the specific rule condition; treated as non-actionable here."
/home/chinmay/ChinmayPersonalProjects/deslop/scripts/chunks/Chunk_426_450.txt,446,/home/chinmay/ChinmayPersonalProjects/gopdfsuit/bindings/python/pypdfsuit/types.py,258,python_perf_layer_database_access_row_by_row_bulk_insert,false_positive,"Snippet does not clearly demonstrate the specific rule condition; treated as non-actionable here."
/home/chinmay/ChinmayPersonalProjects/deslop/scripts/chunks/Chunk_426_450.txt,447,/home/chinmay/ChinmayPersonalProjects/gopdfsuit/bindings/python/pypdfsuit/types.py,258,python_perf_layer_network_calls_retry_without_backoff_or_jitter,false_positive,"Snippet does not clearly demonstrate the specific rule condition; treated as non-actionable here."
/home/chinmay/ChinmayPersonalProjects/deslop/scripts/chunks/Chunk_426_450.txt,448,/home/chinmay/ChinmayPersonalProjects/gopdfsuit/bindings/python/pypdfsuit/types.py,258,python_perf_layer_string_handling_lowercase_compare_allocates,false_positive,"Snippet does not clearly demonstrate the specific rule condition; treated as non-actionable here."
/home/chinmay/ChinmayPersonalProjects/deslop/scripts/chunks/Chunk_426_450.txt,449,/home/chinmay/ChinmayPersonalProjects/gopdfsuit/bindings/python/pypdfsuit/types.py,262,option_bag_model,false_positive,"No function/snippet context is available to substantiate this rule hit."
/home/chinmay/ChinmayPersonalProjects/deslop/scripts/chunks/Chunk_426_450.txt,450,/home/chinmay/ChinmayPersonalProjects/gopdfsuit/bindings/python/pypdfsuit/types.py,272,comment_required_to_explain_opaque_branching_that_code_could_express,false_positive,"Snippet does not clearly demonstrate the specific rule condition; treated as non-actionable here."
/home/chinmay/ChinmayPersonalProjects/deslop/scripts/chunks/Chunk_451_475.txt,451,/home/chinmay/ChinmayPersonalProjects/gopdfsuit/bindings/python/pypdfsuit/types.py,272,condition_tree_nests_past_two_business_decision_levels,false_positive,"Snippet does not clearly demonstrate the specific rule condition; treated as non-actionable here."
/home/chinmay/ChinmayPersonalProjects/deslop/scripts/chunks/Chunk_451_475.txt,452,/home/chinmay/ChinmayPersonalProjects/gopdfsuit/bindings/python/pypdfsuit/types.py,272,copy_of_mapping_created_only_to_read_values,false_positive,"Snippet does not clearly demonstrate the specific rule condition; treated as non-actionable here."
/home/chinmay/ChinmayPersonalProjects/deslop/scripts/chunks/Chunk_451_475.txt,453,/home/chinmay/ChinmayPersonalProjects/gopdfsuit/bindings/python/pypdfsuit/types.py,272,public_any_type_leak,true_positive,"Public API contract exposes Any-style typing instead of concrete types."
/home/chinmay/ChinmayPersonalProjects/deslop/scripts/chunks/Chunk_451_475.txt,454,/home/chinmay/ChinmayPersonalProjects/gopdfsuit/bindings/python/pypdfsuit/types.py,272,python_public_api_any_contract,true_positive,"Public API contract exposes Any-style typing instead of concrete types."
/home/chinmay/ChinmayPersonalProjects/deslop/scripts/chunks/Chunk_451_475.txt,455,/home/chinmay/ChinmayPersonalProjects/gopdfsuit/bindings/python/pypdfsuit/types.py,272,weak_typing,true_positive,"Snippet relies on weak typing (Any/loosely typed contract) in a public-facing signature."
/home/chinmay/ChinmayPersonalProjects/deslop/scripts/chunks/Chunk_451_475.txt,456,/home/chinmay/ChinmayPersonalProjects/gopdfsuit/bindings/python/pypdfsuit/types.py,275,python_perf_layer_caching_unbounded_dict_cache,false_positive,"Snippet does not clearly demonstrate the specific rule condition; treated as non-actionable here."
/home/chinmay/ChinmayPersonalProjects/deslop/scripts/chunks/Chunk_451_475.txt,457,/home/chinmay/ChinmayPersonalProjects/gopdfsuit/bindings/python/pypdfsuit/types.py,275,python_perf_layer_data_structure_choice_dict_of_dicts_for_fixed_records,false_positive,"Snippet does not clearly demonstrate the specific rule condition; treated as non-actionable here."
/home/chinmay/ChinmayPersonalProjects/deslop/scripts/chunks/Chunk_451_475.txt,458,/home/chinmay/ChinmayPersonalProjects/gopdfsuit/bindings/python/pypdfsuit/types.py,275,python_perf_layer_database_access_row_by_row_bulk_insert,false_positive,"Snippet does not clearly demonstrate the specific rule condition; treated as non-actionable here."
/home/chinmay/ChinmayPersonalProjects/deslop/scripts/chunks/Chunk_451_475.txt,459,/home/chinmay/ChinmayPersonalProjects/gopdfsuit/bindings/python/pypdfsuit/types.py,275,python_perf_layer_network_calls_retry_without_backoff_or_jitter,false_positive,"Snippet does not clearly demonstrate the specific rule condition; treated as non-actionable here."
/home/chinmay/ChinmayPersonalProjects/deslop/scripts/chunks/Chunk_451_475.txt,460,/home/chinmay/ChinmayPersonalProjects/gopdfsuit/bindings/python/pypdfsuit/types.py,275,python_perf_layer_string_handling_lowercase_compare_allocates,false_positive,"Snippet does not clearly demonstrate the specific rule condition; treated as non-actionable here."
/home/chinmay/ChinmayPersonalProjects/deslop/scripts/chunks/Chunk_451_475.txt,461,/home/chinmay/ChinmayPersonalProjects/gopdfsuit/bindings/python/pypdfsuit/types.py,294,public_any_type_leak,true_positive,"Public API contract exposes Any-style typing instead of concrete types."
/home/chinmay/ChinmayPersonalProjects/deslop/scripts/chunks/Chunk_451_475.txt,462,/home/chinmay/ChinmayPersonalProjects/gopdfsuit/bindings/python/pypdfsuit/types.py,294,python_public_api_any_contract,true_positive,"Public API contract exposes Any-style typing instead of concrete types."
/home/chinmay/ChinmayPersonalProjects/deslop/scripts/chunks/Chunk_451_475.txt,463,/home/chinmay/ChinmayPersonalProjects/gopdfsuit/bindings/python/pypdfsuit/types.py,294,weak_typing,true_positive,"Snippet relies on weak typing (Any/loosely typed contract) in a public-facing signature."
/home/chinmay/ChinmayPersonalProjects/deslop/scripts/chunks/Chunk_451_475.txt,464,/home/chinmay/ChinmayPersonalProjects/gopdfsuit/bindings/python/pypdfsuit/types.py,308,comment_required_to_explain_opaque_branching_that_code_could_express,false_positive,"Snippet does not clearly demonstrate the specific rule condition; treated as non-actionable here."
/home/chinmay/ChinmayPersonalProjects/deslop/scripts/chunks/Chunk_451_475.txt,465,/home/chinmay/ChinmayPersonalProjects/gopdfsuit/bindings/python/pypdfsuit/types.py,308,condition_tree_nests_past_two_business_decision_levels,false_positive,"Snippet does not clearly demonstrate the specific rule condition; treated as non-actionable here."
/home/chinmay/ChinmayPersonalProjects/deslop/scripts/chunks/Chunk_451_475.txt,466,/home/chinmay/ChinmayPersonalProjects/gopdfsuit/bindings/python/pypdfsuit/types.py,308,copy_of_mapping_created_only_to_read_values,false_positive,"Snippet does not clearly demonstrate the specific rule condition; treated as non-actionable here."
/home/chinmay/ChinmayPersonalProjects/deslop/scripts/chunks/Chunk_451_475.txt,467,/home/chinmay/ChinmayPersonalProjects/gopdfsuit/bindings/python/pypdfsuit/types.py,308,public_any_type_leak,true_positive,"Public API contract exposes Any-style typing instead of concrete types."
/home/chinmay/ChinmayPersonalProjects/deslop/scripts/chunks/Chunk_451_475.txt,468,/home/chinmay/ChinmayPersonalProjects/gopdfsuit/bindings/python/pypdfsuit/types.py,308,python_public_api_any_contract,true_positive,"Public API contract exposes Any-style typing instead of concrete types."
/home/chinmay/ChinmayPersonalProjects/deslop/scripts/chunks/Chunk_451_475.txt,469,/home/chinmay/ChinmayPersonalProjects/gopdfsuit/bindings/python/pypdfsuit/types.py,308,weak_typing,true_positive,"Snippet relies on weak typing (Any/loosely typed contract) in a public-facing signature."
/home/chinmay/ChinmayPersonalProjects/deslop/scripts/chunks/Chunk_451_475.txt,470,/home/chinmay/ChinmayPersonalProjects/gopdfsuit/bindings/python/pypdfsuit/types.py,313,python_perf_layer_caching_unbounded_dict_cache,false_positive,"Snippet does not clearly demonstrate the specific rule condition; treated as non-actionable here."
/home/chinmay/ChinmayPersonalProjects/deslop/scripts/chunks/Chunk_451_475.txt,471,/home/chinmay/ChinmayPersonalProjects/gopdfsuit/bindings/python/pypdfsuit/types.py,313,python_perf_layer_data_structure_choice_dict_of_dicts_for_fixed_records,false_positive,"Snippet does not clearly demonstrate the specific rule condition; treated as non-actionable here."
/home/chinmay/ChinmayPersonalProjects/deslop/scripts/chunks/Chunk_451_475.txt,472,/home/chinmay/ChinmayPersonalProjects/gopdfsuit/bindings/python/pypdfsuit/types.py,313,python_perf_layer_garbage_collection_cleanup_lru_cache_on_unbounded_argument_space,false_positive,"Snippet does not clearly demonstrate the specific rule condition; treated as non-actionable here."
/home/chinmay/ChinmayPersonalProjects/deslop/scripts/chunks/Chunk_451_475.txt,473,/home/chinmay/ChinmayPersonalProjects/gopdfsuit/bindings/python/pypdfsuit/types.py,313,python_perf_layer_string_handling_lowercase_compare_allocates,false_positive,"Snippet does not clearly demonstrate the specific rule condition; treated as non-actionable here."
/home/chinmay/ChinmayPersonalProjects/deslop/scripts/chunks/Chunk_451_475.txt,474,/home/chinmay/ChinmayPersonalProjects/gopdfsuit/bindings/python/pypdfsuit/types.py,329,copy_of_mapping_created_only_to_read_values,false_positive,"Snippet does not clearly demonstrate the specific rule condition; treated as non-actionable here."
/home/chinmay/ChinmayPersonalProjects/deslop/scripts/chunks/Chunk_451_475.txt,475,/home/chinmay/ChinmayPersonalProjects/gopdfsuit/bindings/python/pypdfsuit/types.py,329,public_any_type_leak,true_positive,"Public API contract exposes Any-style typing instead of concrete types."
/home/chinmay/ChinmayPersonalProjects/deslop/scripts/chunks/Chunk_476_500.txt,476,/home/chinmay/ChinmayPersonalProjects/gopdfsuit/bindings/python/pypdfsuit/types.py,329,python_public_api_any_contract,true_positive,"Public API contract exposes Any-style typing instead of concrete types."
/home/chinmay/ChinmayPersonalProjects/deslop/scripts/chunks/Chunk_476_500.txt,477,/home/chinmay/ChinmayPersonalProjects/gopdfsuit/bindings/python/pypdfsuit/types.py,329,weak_typing,true_positive,"Snippet relies on weak typing (Any/loosely typed contract) in a public-facing signature."
/home/chinmay/ChinmayPersonalProjects/deslop/scripts/chunks/Chunk_476_500.txt,478,/home/chinmay/ChinmayPersonalProjects/gopdfsuit/bindings/python/pypdfsuit/types.py,332,python_perf_layer_caching_unbounded_dict_cache,false_positive,"Snippet does not clearly demonstrate the specific rule condition; treated as non-actionable here."
/home/chinmay/ChinmayPersonalProjects/deslop/scripts/chunks/Chunk_476_500.txt,479,/home/chinmay/ChinmayPersonalProjects/gopdfsuit/bindings/python/pypdfsuit/types.py,332,python_perf_layer_data_structure_choice_dict_of_dicts_for_fixed_records,false_positive,"Snippet does not clearly demonstrate the specific rule condition; treated as non-actionable here."
/home/chinmay/ChinmayPersonalProjects/deslop/scripts/chunks/Chunk_476_500.txt,480,/home/chinmay/ChinmayPersonalProjects/gopdfsuit/bindings/python/pypdfsuit/types.py,332,python_perf_layer_database_access_row_by_row_bulk_insert,false_positive,"Snippet does not clearly demonstrate the specific rule condition; treated as non-actionable here."
/home/chinmay/ChinmayPersonalProjects/deslop/scripts/chunks/Chunk_476_500.txt,481,/home/chinmay/ChinmayPersonalProjects/gopdfsuit/bindings/python/pypdfsuit/types.py,332,python_perf_layer_network_calls_retry_without_backoff_or_jitter,false_positive,"Snippet does not clearly demonstrate the specific rule condition; treated as non-actionable here."
/home/chinmay/ChinmayPersonalProjects/deslop/scripts/chunks/Chunk_476_500.txt,482,/home/chinmay/ChinmayPersonalProjects/gopdfsuit/bindings/python/pypdfsuit/types.py,332,python_perf_layer_string_handling_lowercase_compare_allocates,false_positive,"Snippet does not clearly demonstrate the specific rule condition; treated as non-actionable here."
/home/chinmay/ChinmayPersonalProjects/deslop/scripts/chunks/Chunk_476_500.txt,483,/home/chinmay/ChinmayPersonalProjects/gopdfsuit/bindings/python/pypdfsuit/types.py,340,option_bag_model,false_positive,"No function/snippet context is available to substantiate this rule hit."
/home/chinmay/ChinmayPersonalProjects/deslop/scripts/chunks/Chunk_476_500.txt,484,/home/chinmay/ChinmayPersonalProjects/gopdfsuit/bindings/python/pypdfsuit/types.py,350,comment_required_to_explain_opaque_branching_that_code_could_express,false_positive,"Snippet does not clearly demonstrate the specific rule condition; treated as non-actionable here."
/home/chinmay/ChinmayPersonalProjects/deslop/scripts/chunks/Chunk_476_500.txt,485,/home/chinmay/ChinmayPersonalProjects/gopdfsuit/bindings/python/pypdfsuit/types.py,350,condition_tree_nests_past_two_business_decision_levels,false_positive,"Snippet does not clearly demonstrate the specific rule condition; treated as non-actionable here."
/home/chinmay/ChinmayPersonalProjects/deslop/scripts/chunks/Chunk_476_500.txt,486,/home/chinmay/ChinmayPersonalProjects/gopdfsuit/bindings/python/pypdfsuit/types.py,350,copy_of_mapping_created_only_to_read_values,false_positive,"Snippet does not clearly demonstrate the specific rule condition; treated as non-actionable here."
/home/chinmay/ChinmayPersonalProjects/deslop/scripts/chunks/Chunk_476_500.txt,487,/home/chinmay/ChinmayPersonalProjects/gopdfsuit/bindings/python/pypdfsuit/types.py,350,public_any_type_leak,true_positive,"Public API contract exposes Any-style typing instead of concrete types."
/home/chinmay/ChinmayPersonalProjects/deslop/scripts/chunks/Chunk_476_500.txt,488,/home/chinmay/ChinmayPersonalProjects/gopdfsuit/bindings/python/pypdfsuit/types.py,350,python_public_api_any_contract,true_positive,"Public API contract exposes Any-style typing instead of concrete types."
/home/chinmay/ChinmayPersonalProjects/deslop/scripts/chunks/Chunk_476_500.txt,489,/home/chinmay/ChinmayPersonalProjects/gopdfsuit/bindings/python/pypdfsuit/types.py,350,weak_typing,true_positive,"Snippet relies on weak typing (Any/loosely typed contract) in a public-facing signature."
/home/chinmay/ChinmayPersonalProjects/deslop/scripts/chunks/Chunk_476_500.txt,490,/home/chinmay/ChinmayPersonalProjects/gopdfsuit/bindings/python/pypdfsuit/types.py,353,python_perf_layer_caching_unbounded_dict_cache,false_positive,"Snippet does not clearly demonstrate the specific rule condition; treated as non-actionable here."
/home/chinmay/ChinmayPersonalProjects/deslop/scripts/chunks/Chunk_476_500.txt,491,/home/chinmay/ChinmayPersonalProjects/gopdfsuit/bindings/python/pypdfsuit/types.py,353,python_perf_layer_data_structure_choice_dict_of_dicts_for_fixed_records,false_positive,"Snippet does not clearly demonstrate the specific rule condition; treated as non-actionable here."
/home/chinmay/ChinmayPersonalProjects/deslop/scripts/chunks/Chunk_476_500.txt,492,/home/chinmay/ChinmayPersonalProjects/gopdfsuit/bindings/python/pypdfsuit/types.py,353,python_perf_layer_string_handling_lowercase_compare_allocates,false_positive,"Snippet does not clearly demonstrate the specific rule condition; treated as non-actionable here."
/home/chinmay/ChinmayPersonalProjects/deslop/scripts/chunks/Chunk_476_500.txt,493,/home/chinmay/ChinmayPersonalProjects/gopdfsuit/bindings/python/pypdfsuit/types.py,371,public_any_type_leak,true_positive,"Public API contract exposes Any-style typing instead of concrete types."
/home/chinmay/ChinmayPersonalProjects/deslop/scripts/chunks/Chunk_476_500.txt,494,/home/chinmay/ChinmayPersonalProjects/gopdfsuit/bindings/python/pypdfsuit/types.py,371,python_public_api_any_contract,true_positive,"Public API contract exposes Any-style typing instead of concrete types."
/home/chinmay/ChinmayPersonalProjects/deslop/scripts/chunks/Chunk_476_500.txt,495,/home/chinmay/ChinmayPersonalProjects/gopdfsuit/bindings/python/pypdfsuit/types.py,371,weak_typing,true_positive,"Snippet relies on weak typing (Any/loosely typed contract) in a public-facing signature."
/home/chinmay/ChinmayPersonalProjects/deslop/scripts/chunks/Chunk_476_500.txt,496,/home/chinmay/ChinmayPersonalProjects/gopdfsuit/bindings/python/pypdfsuit/types.py,379,option_bag_model,false_positive,"No function/snippet context is available to substantiate this rule hit."
/home/chinmay/ChinmayPersonalProjects/deslop/scripts/chunks/Chunk_476_500.txt,497,/home/chinmay/ChinmayPersonalProjects/gopdfsuit/bindings/python/pypdfsuit/types.py,391,comment_required_to_explain_opaque_branching_that_code_could_express,false_positive,"Snippet does not clearly demonstrate the specific rule condition; treated as non-actionable here."
/home/chinmay/ChinmayPersonalProjects/deslop/scripts/chunks/Chunk_476_500.txt,498,/home/chinmay/ChinmayPersonalProjects/gopdfsuit/bindings/python/pypdfsuit/types.py,391,condition_tree_nests_past_two_business_decision_levels,false_positive,"Snippet does not clearly demonstrate the specific rule condition; treated as non-actionable here."
/home/chinmay/ChinmayPersonalProjects/deslop/scripts/chunks/Chunk_476_500.txt,499,/home/chinmay/ChinmayPersonalProjects/gopdfsuit/bindings/python/pypdfsuit/types.py,391,copy_of_mapping_created_only_to_read_values,false_positive,"Snippet does not clearly demonstrate the specific rule condition; treated as non-actionable here."
/home/chinmay/ChinmayPersonalProjects/deslop/scripts/chunks/Chunk_476_500.txt,500,/home/chinmay/ChinmayPersonalProjects/gopdfsuit/bindings/python/pypdfsuit/types.py,391,public_any_type_leak,true_positive,"Public API contract exposes Any-style typing instead of concrete types."
/home/chinmay/ChinmayPersonalProjects/deslop/scripts/chunks/Chunk_501_525.txt,501,/home/chinmay/ChinmayPersonalProjects/gopdfsuit/bindings/python/pypdfsuit/types.py,391,python_public_api_any_contract,true_positive,"Public API contract exposes Any-style typing instead of concrete types."
/home/chinmay/ChinmayPersonalProjects/deslop/scripts/chunks/Chunk_501_525.txt,502,/home/chinmay/ChinmayPersonalProjects/gopdfsuit/bindings/python/pypdfsuit/types.py,391,weak_typing,true_positive,"Snippet relies on weak typing (Any/loosely typed contract) in a public-facing signature."
/home/chinmay/ChinmayPersonalProjects/deslop/scripts/chunks/Chunk_501_525.txt,503,/home/chinmay/ChinmayPersonalProjects/gopdfsuit/bindings/python/pypdfsuit/types.py,393,python_perf_layer_caching_unbounded_dict_cache,false_positive,"Snippet does not clearly demonstrate the specific rule condition; treated as non-actionable here."
/home/chinmay/ChinmayPersonalProjects/deslop/scripts/chunks/Chunk_501_525.txt,504,/home/chinmay/ChinmayPersonalProjects/gopdfsuit/bindings/python/pypdfsuit/types.py,393,python_perf_layer_data_structure_choice_dict_of_dicts_for_fixed_records,false_positive,"Snippet does not clearly demonstrate the specific rule condition; treated as non-actionable here."
/home/chinmay/ChinmayPersonalProjects/deslop/scripts/chunks/Chunk_501_525.txt,505,/home/chinmay/ChinmayPersonalProjects/gopdfsuit/bindings/python/pypdfsuit/types.py,393,python_perf_layer_garbage_collection_cleanup_lru_cache_on_unbounded_argument_space,false_positive,"Snippet does not clearly demonstrate the specific rule condition; treated as non-actionable here."
/home/chinmay/ChinmayPersonalProjects/deslop/scripts/chunks/Chunk_501_525.txt,506,/home/chinmay/ChinmayPersonalProjects/gopdfsuit/bindings/python/pypdfsuit/types.py,393,python_perf_layer_string_handling_lowercase_compare_allocates,false_positive,"Snippet does not clearly demonstrate the specific rule condition; treated as non-actionable here."
/home/chinmay/ChinmayPersonalProjects/deslop/scripts/chunks/Chunk_501_525.txt,507,/home/chinmay/ChinmayPersonalProjects/gopdfsuit/bindings/python/pypdfsuit/types.py,397,python_perf_layer_network_calls_retry_without_backoff_or_jitter,false_positive,"Snippet does not clearly demonstrate the specific rule condition; treated as non-actionable here."
/home/chinmay/ChinmayPersonalProjects/deslop/scripts/chunks/Chunk_501_525.txt,508,/home/chinmay/ChinmayPersonalProjects/gopdfsuit/bindings/python/pypdfsuit/types.py,420,copy_of_mapping_created_only_to_read_values,false_positive,"Snippet does not clearly demonstrate the specific rule condition; treated as non-actionable here."
/home/chinmay/ChinmayPersonalProjects/deslop/scripts/chunks/Chunk_501_525.txt,509,/home/chinmay/ChinmayPersonalProjects/gopdfsuit/bindings/python/pypdfsuit/types.py,420,weak_typing,true_positive,"Snippet relies on weak typing (Any/loosely typed contract) in a public-facing signature."
/home/chinmay/ChinmayPersonalProjects/deslop/scripts/chunks/Chunk_501_525.txt,510,/home/chinmay/ChinmayPersonalProjects/gopdfsuit/bindings/python/pypdfsuit/types.py,421,python_perf_layer_caching_unbounded_dict_cache,false_positive,"Snippet does not clearly demonstrate the specific rule condition; treated as non-actionable here."
/home/chinmay/ChinmayPersonalProjects/deslop/scripts/chunks/Chunk_501_525.txt,511,/home/chinmay/ChinmayPersonalProjects/gopdfsuit/bindings/python/pypdfsuit/types.py,421,python_perf_layer_data_structure_choice_dict_of_dicts_for_fixed_records,false_positive,"Snippet does not clearly demonstrate the specific rule condition; treated as non-actionable here."
/home/chinmay/ChinmayPersonalProjects/deslop/scripts/chunks/Chunk_501_525.txt,512,/home/chinmay/ChinmayPersonalProjects/gopdfsuit/bindings/python/pypdfsuit/types.py,421,python_perf_layer_string_handling_lowercase_compare_allocates,false_positive,"Snippet does not clearly demonstrate the specific rule condition; treated as non-actionable here."
/home/chinmay/ChinmayPersonalProjects/deslop/scripts/chunks/Chunk_501_525.txt,513,/home/chinmay/ChinmayPersonalProjects/gopdfsuit/bindings/python/pypdfsuit/types.py,425,option_bag_model,false_positive,"No function/snippet context is available to substantiate this rule hit."
/home/chinmay/ChinmayPersonalProjects/deslop/scripts/chunks/Chunk_501_525.txt,514,/home/chinmay/ChinmayPersonalProjects/gopdfsuit/bindings/python/pypdfsuit/types.py,442,copy_of_mapping_created_only_to_read_values,false_positive,"Snippet does not clearly demonstrate the specific rule condition; treated as non-actionable here."
/home/chinmay/ChinmayPersonalProjects/deslop/scripts/chunks/Chunk_501_525.txt,515,/home/chinmay/ChinmayPersonalProjects/gopdfsuit/bindings/python/pypdfsuit/types.py,442,weak_typing,true_positive,"Snippet relies on weak typing (Any/loosely typed contract) in a public-facing signature."
/home/chinmay/ChinmayPersonalProjects/deslop/scripts/chunks/Chunk_501_525.txt,516,/home/chinmay/ChinmayPersonalProjects/gopdfsuit/bindings/python/pypdfsuit/types.py,443,python_perf_layer_caching_unbounded_dict_cache,false_positive,"Snippet does not clearly demonstrate the specific rule condition; treated as non-actionable here."
/home/chinmay/ChinmayPersonalProjects/deslop/scripts/chunks/Chunk_501_525.txt,517,/home/chinmay/ChinmayPersonalProjects/gopdfsuit/bindings/python/pypdfsuit/types.py,443,python_perf_layer_data_structure_choice_dict_of_dicts_for_fixed_records,false_positive,"Snippet does not clearly demonstrate the specific rule condition; treated as non-actionable here."
/home/chinmay/ChinmayPersonalProjects/deslop/scripts/chunks/Chunk_501_525.txt,518,/home/chinmay/ChinmayPersonalProjects/gopdfsuit/bindings/python/pypdfsuit/types.py,443,python_perf_layer_string_handling_lowercase_compare_allocates,false_positive,"Snippet does not clearly demonstrate the specific rule condition; treated as non-actionable here."
/home/chinmay/ChinmayPersonalProjects/deslop/scripts/chunks/Chunk_501_525.txt,519,/home/chinmay/ChinmayPersonalProjects/gopdfsuit/bindings/python/pypdfsuit/types.py,447,option_bag_model,false_positive,"No function/snippet context is available to substantiate this rule hit."
/home/chinmay/ChinmayPersonalProjects/deslop/scripts/chunks/Chunk_501_525.txt,520,/home/chinmay/ChinmayPersonalProjects/gopdfsuit/bindings/python/pypdfsuit/types.py,464,copy_of_mapping_created_only_to_read_values,false_positive,"Snippet does not clearly demonstrate the specific rule condition; treated as non-actionable here."
/home/chinmay/ChinmayPersonalProjects/deslop/scripts/chunks/Chunk_501_525.txt,521,/home/chinmay/ChinmayPersonalProjects/gopdfsuit/bindings/python/pypdfsuit/types.py,464,weak_typing,true_positive,"Snippet relies on weak typing (Any/loosely typed contract) in a public-facing signature."
/home/chinmay/ChinmayPersonalProjects/deslop/scripts/chunks/Chunk_501_525.txt,522,/home/chinmay/ChinmayPersonalProjects/gopdfsuit/bindings/python/pypdfsuit/types.py,465,python_perf_layer_caching_unbounded_dict_cache,false_positive,"Snippet does not clearly demonstrate the specific rule condition; treated as non-actionable here."
/home/chinmay/ChinmayPersonalProjects/deslop/scripts/chunks/Chunk_501_525.txt,523,/home/chinmay/ChinmayPersonalProjects/gopdfsuit/bindings/python/pypdfsuit/types.py,465,python_perf_layer_data_structure_choice_dict_of_dicts_for_fixed_records,false_positive,"Snippet does not clearly demonstrate the specific rule condition; treated as non-actionable here."
/home/chinmay/ChinmayPersonalProjects/deslop/scripts/chunks/Chunk_501_525.txt,524,/home/chinmay/ChinmayPersonalProjects/gopdfsuit/bindings/python/pypdfsuit/types.py,465,python_perf_layer_string_handling_lowercase_compare_allocates,false_positive,"Snippet does not clearly demonstrate the specific rule condition; treated as non-actionable here."
/home/chinmay/ChinmayPersonalProjects/deslop/scripts/chunks/Chunk_501_525.txt,525,/home/chinmay/ChinmayPersonalProjects/gopdfsuit/bindings/python/pypdfsuit/types.py,476,public_any_type_leak,true_positive,"Public API contract exposes Any-style typing instead of concrete types."
/home/chinmay/ChinmayPersonalProjects/deslop/scripts/chunks/Chunk_526_550.txt,526,/home/chinmay/ChinmayPersonalProjects/gopdfsuit/bindings/python/pypdfsuit/types.py,476,python_public_api_any_contract,true_positive,"Public API contract exposes Any-style typing instead of concrete types."
/home/chinmay/ChinmayPersonalProjects/deslop/scripts/chunks/Chunk_526_550.txt,527,/home/chinmay/ChinmayPersonalProjects/gopdfsuit/bindings/python/pypdfsuit/types.py,476,weak_typing,true_positive,"Snippet relies on weak typing (Any/loosely typed contract) in a public-facing signature."
/home/chinmay/ChinmayPersonalProjects/deslop/scripts/chunks/Chunk_526_550.txt,528,/home/chinmay/ChinmayPersonalProjects/gopdfsuit/bindings/python/pypdfsuit/types.py,477,python_perf_layer_caching_unbounded_dict_cache,false_positive,"Snippet does not clearly demonstrate the specific rule condition; treated as non-actionable here."
/home/chinmay/ChinmayPersonalProjects/deslop/scripts/chunks/Chunk_526_550.txt,529,/home/chinmay/ChinmayPersonalProjects/gopdfsuit/bindings/python/pypdfsuit/types.py,477,python_perf_layer_data_structure_choice_dict_of_dicts_for_fixed_records,false_positive,"Snippet does not clearly demonstrate the specific rule condition; treated as non-actionable here."
/home/chinmay/ChinmayPersonalProjects/deslop/scripts/chunks/Chunk_526_550.txt,530,/home/chinmay/ChinmayPersonalProjects/gopdfsuit/bindings/python/pypdfsuit/types.py,481,python_perf_layer_network_calls_retry_without_backoff_or_jitter,false_positive,"Snippet does not clearly demonstrate the specific rule condition; treated as non-actionable here."
/home/chinmay/ChinmayPersonalProjects/deslop/scripts/chunks/Chunk_526_550.txt,531,/home/chinmay/ChinmayPersonalProjects/gopdfsuit/bindings/python/pypdfsuit/types.py,482,python_perf_layer_io_operations_small_file_writes_without_buffer,false_positive,"Snippet does not clearly demonstrate the specific rule condition; treated as non-actionable here."
/home/chinmay/ChinmayPersonalProjects/deslop/scripts/chunks/Chunk_526_550.txt,532,/home/chinmay/ChinmayPersonalProjects/gopdfsuit/bindings/python/setup.py,5,public_api_missing_type_hints,true_positive,"Public Python API snippet omits complete type annotations."
/home/chinmay/ChinmayPersonalProjects/deslop/scripts/chunks/Chunk_526_550.txt,533,/home/chinmay/ChinmayPersonalProjects/gopdfsuit/bindings/python/tests/conftest.py,26,expensive_work_starts_before_input_validation,false_positive,"Snippet does not clearly demonstrate the specific rule condition; treated as non-actionable here."
/home/chinmay/ChinmayPersonalProjects/deslop/scripts/chunks/Chunk_526_550.txt,534,/home/chinmay/ChinmayPersonalProjects/gopdfsuit/bindings/python/tests/conftest.py,26,public_api_missing_type_hints,true_positive,"Public Python API snippet omits complete type annotations."
/home/chinmay/ChinmayPersonalProjects/deslop/scripts/chunks/Chunk_526_550.txt,535,/home/chinmay/ChinmayPersonalProjects/gopdfsuit/bindings/python/tests/conftest.py,49,public_api_missing_type_hints,true_positive,"Public Python API snippet omits complete type annotations."
/home/chinmay/ChinmayPersonalProjects/deslop/scripts/chunks/Chunk_526_550.txt,536,/home/chinmay/ChinmayPersonalProjects/gopdfsuit/bindings/python/tests/conftest.py,55,public_api_missing_type_hints,true_positive,"Public Python API snippet omits complete type annotations."
/home/chinmay/ChinmayPersonalProjects/deslop/scripts/chunks/Chunk_526_550.txt,537,/home/chinmay/ChinmayPersonalProjects/gopdfsuit/bindings/python/tests/test_fill.py,7,sibling_modules_depend_on_private_helpers_from_each_other,false_positive,"No function/snippet context is available to substantiate this rule hit."
/home/chinmay/ChinmayPersonalProjects/deslop/scripts/chunks/Chunk_526_550.txt,538,/home/chinmay/ChinmayPersonalProjects/gopdfsuit/bindings/python/tests/test_fill.py,13,test_imports_private_production_module,false_positive,"Provided snippet does not show private-module import evidence; test body alone is insufficient."
/home/chinmay/ChinmayPersonalProjects/deslop/scripts/chunks/Chunk_526_550.txt,539,/home/chinmay/ChinmayPersonalProjects/gopdfsuit/bindings/python/tests/test_fill.py,25,test_imports_private_production_module,false_positive,"Provided snippet does not show private-module import evidence; test body alone is insufficient."
/home/chinmay/ChinmayPersonalProjects/deslop/scripts/chunks/Chunk_526_550.txt,540,/home/chinmay/ChinmayPersonalProjects/gopdfsuit/bindings/python/tests/test_generator.py,24,happy_path_only_test,true_positive,"Test snippet validates success path only and lacks explicit negative-path assertions."
/home/chinmay/ChinmayPersonalProjects/deslop/scripts/chunks/Chunk_526_550.txt,541,/home/chinmay/ChinmayPersonalProjects/gopdfsuit/bindings/python/tests/test_generator.py,41,happy_path_only_test,true_positive,"Test snippet validates success path only and lacks explicit negative-path assertions."
/home/chinmay/ChinmayPersonalProjects/deslop/scripts/chunks/Chunk_526_550.txt,542,/home/chinmay/ChinmayPersonalProjects/gopdfsuit/bindings/python/tests/test_generator.py,92,happy_path_only_test,true_positive,"Test snippet validates success path only and lacks explicit negative-path assertions."
/home/chinmay/ChinmayPersonalProjects/deslop/scripts/chunks/Chunk_526_550.txt,543,/home/chinmay/ChinmayPersonalProjects/gopdfsuit/bindings/python/tests/test_generator.py,110,happy_path_only_test,true_positive,"Test snippet validates success path only and lacks explicit negative-path assertions."
/home/chinmay/ChinmayPersonalProjects/deslop/scripts/chunks/Chunk_526_550.txt,544,/home/chinmay/ChinmayPersonalProjects/gopdfsuit/bindings/python/tests/test_generator.py,127,happy_path_only_test,true_positive,"Test snippet validates success path only and lacks explicit negative-path assertions."
/home/chinmay/ChinmayPersonalProjects/deslop/scripts/chunks/Chunk_526_550.txt,545,/home/chinmay/ChinmayPersonalProjects/gopdfsuit/bindings/python/tests/test_generator.py,143,happy_path_only_test,true_positive,"Test snippet validates success path only and lacks explicit negative-path assertions."
/home/chinmay/ChinmayPersonalProjects/deslop/scripts/chunks/Chunk_526_550.txt,546,/home/chinmay/ChinmayPersonalProjects/gopdfsuit/bindings/python/tests/test_generator.py,166,happy_path_only_test,true_positive,"Test snippet validates success path only and lacks explicit negative-path assertions."
/home/chinmay/ChinmayPersonalProjects/deslop/scripts/chunks/Chunk_526_550.txt,547,/home/chinmay/ChinmayPersonalProjects/gopdfsuit/bindings/python/tests/test_html.py,15,sibling_modules_depend_on_private_helpers_from_each_other,false_positive,"No function/snippet context is available to substantiate this rule hit."
/home/chinmay/ChinmayPersonalProjects/deslop/scripts/chunks/Chunk_526_550.txt,548,/home/chinmay/ChinmayPersonalProjects/gopdfsuit/bindings/python/tests/test_html.py,28,test_imports_private_production_module,false_positive,"Provided snippet does not show private-module import evidence; test body alone is insufficient."
/home/chinmay/ChinmayPersonalProjects/deslop/scripts/chunks/Chunk_526_550.txt,549,/home/chinmay/ChinmayPersonalProjects/gopdfsuit/bindings/python/tests/test_html.py,35,happy_path_only_test,true_positive,"Test snippet validates success path only and lacks explicit negative-path assertions."
/home/chinmay/ChinmayPersonalProjects/deslop/scripts/chunks/Chunk_526_550.txt,550,/home/chinmay/ChinmayPersonalProjects/gopdfsuit/bindings/python/tests/test_html.py,35,test_imports_private_production_module,false_positive,"Provided snippet does not show private-module import evidence; test body alone is insufficient."
/home/chinmay/ChinmayPersonalProjects/deslop/scripts/chunks/Chunk_551_575.txt,551,/home/chinmay/ChinmayPersonalProjects/gopdfsuit/bindings/python/tests/test_html.py,49,happy_path_only_test,true_positive,"Test snippet validates success path only and lacks explicit negative-path assertions."
/home/chinmay/ChinmayPersonalProjects/deslop/scripts/chunks/Chunk_551_575.txt,552,/home/chinmay/ChinmayPersonalProjects/gopdfsuit/bindings/python/tests/test_html.py,49,test_imports_private_production_module,false_positive,"Provided snippet does not show private-module import evidence; test body alone is insufficient."
/home/chinmay/ChinmayPersonalProjects/deslop/scripts/chunks/Chunk_551_575.txt,553,/home/chinmay/ChinmayPersonalProjects/gopdfsuit/bindings/python/tests/test_html.py,69,test_imports_private_production_module,false_positive,"Provided snippet does not show private-module import evidence; test body alone is insufficient."
/home/chinmay/ChinmayPersonalProjects/deslop/scripts/chunks/Chunk_551_575.txt,554,/home/chinmay/ChinmayPersonalProjects/gopdfsuit/bindings/python/tests/test_html.py,76,happy_path_only_test,true_positive,"Test snippet validates success path only and lacks explicit negative-path assertions."
/home/chinmay/ChinmayPersonalProjects/deslop/scripts/chunks/Chunk_551_575.txt,555,/home/chinmay/ChinmayPersonalProjects/gopdfsuit/bindings/python/tests/test_html.py,76,test_imports_private_production_module,false_positive,"Provided snippet does not show private-module import evidence; test body alone is insufficient."
/home/chinmay/ChinmayPersonalProjects/deslop/scripts/chunks/Chunk_551_575.txt,556,/home/chinmay/ChinmayPersonalProjects/gopdfsuit/bindings/python/tests/test_html.py,92,happy_path_only_test,true_positive,"Test snippet validates success path only and lacks explicit negative-path assertions."
/home/chinmay/ChinmayPersonalProjects/deslop/scripts/chunks/Chunk_551_575.txt,557,/home/chinmay/ChinmayPersonalProjects/gopdfsuit/bindings/python/tests/test_html.py,92,test_imports_private_production_module,false_positive,"Provided snippet does not show private-module import evidence; test body alone is insufficient."
/home/chinmay/ChinmayPersonalProjects/deslop/scripts/chunks/Chunk_551_575.txt,558,/home/chinmay/ChinmayPersonalProjects/gopdfsuit/bindings/python/tests/test_integration.py,27,sibling_modules_depend_on_private_helpers_from_each_other,false_positive,"No function/snippet context is available to substantiate this rule hit."
/home/chinmay/ChinmayPersonalProjects/deslop/scripts/chunks/Chunk_551_575.txt,559,/home/chinmay/ChinmayPersonalProjects/gopdfsuit/bindings/python/tests/test_integration.py,45,public_api_returns_none_or_value_without_explicit_optional_contract,false_positive,"Snippet does not clearly demonstrate the specific rule condition; treated as non-actionable here."
/home/chinmay/ChinmayPersonalProjects/deslop/scripts/chunks/Chunk_551_575.txt,560,/home/chinmay/ChinmayPersonalProjects/gopdfsuit/bindings/python/tests/test_integration.py,45,test_imports_private_production_module,false_positive,"Provided snippet does not show private-module import evidence; test body alone is insufficient."
/home/chinmay/ChinmayPersonalProjects/deslop/scripts/chunks/Chunk_551_575.txt,561,/home/chinmay/ChinmayPersonalProjects/gopdfsuit/bindings/python/tests/test_integration.py,49,redundant_return_none,true_positive,"Snippet includes explicit redundant return None behavior."
/home/chinmay/ChinmayPersonalProjects/deslop/scripts/chunks/Chunk_551_575.txt,562,/home/chinmay/ChinmayPersonalProjects/gopdfsuit/bindings/python/tests/test_integration.py,52,compression_hashing_or_encoding_performed_before_cheap_reject_checks,false_positive,"Snippet does not clearly demonstrate the specific rule condition; treated as non-actionable here."
/home/chinmay/ChinmayPersonalProjects/deslop/scripts/chunks/Chunk_551_575.txt,563,/home/chinmay/ChinmayPersonalProjects/gopdfsuit/bindings/python/tests/test_integration.py,52,full_response_or_export_buffered_before_incremental_consumer_use,false_positive,"Snippet does not clearly demonstrate the specific rule condition; treated as non-actionable here."
/home/chinmay/ChinmayPersonalProjects/deslop/scripts/chunks/Chunk_551_575.txt,564,/home/chinmay/ChinmayPersonalProjects/gopdfsuit/bindings/python/tests/test_integration.py,52,generic_class_used_without_type_parameter_application,false_positive,"Snippet does not clearly demonstrate the specific rule condition; treated as non-actionable here."
/home/chinmay/ChinmayPersonalProjects/deslop/scripts/chunks/Chunk_551_575.txt,565,/home/chinmay/ChinmayPersonalProjects/gopdfsuit/bindings/python/tests/test_integration.py,52,test_imports_private_production_module,false_positive,"Provided snippet does not show private-module import evidence; test body alone is insufficient."
/home/chinmay/ChinmayPersonalProjects/deslop/scripts/chunks/Chunk_551_575.txt,566,/home/chinmay/ChinmayPersonalProjects/gopdfsuit/bindings/python/tests/test_integration.py,59,circular_import_hidden_by_function_local_import_on_hot_path,false_positive,"Snippet does not clearly demonstrate the specific rule condition; treated as non-actionable here."
/home/chinmay/ChinmayPersonalProjects/deslop/scripts/chunks/Chunk_551_575.txt,567,/home/chinmay/ChinmayPersonalProjects/gopdfsuit/bindings/python/tests/test_integration.py,59,function_local_import_executed_in_frequent_path,false_positive,"Snippet does not clearly demonstrate the specific rule condition; treated as non-actionable here."
/home/chinmay/ChinmayPersonalProjects/deslop/scripts/chunks/Chunk_551_575.txt,568,/home/chinmay/ChinmayPersonalProjects/gopdfsuit/bindings/python/tests/test_integration.py,59,test_imports_private_production_module,false_positive,"Provided snippet does not show private-module import evidence; test body alone is insufficient."
/home/chinmay/ChinmayPersonalProjects/deslop/scripts/chunks/Chunk_551_575.txt,569,/home/chinmay/ChinmayPersonalProjects/gopdfsuit/bindings/python/tests/test_integration.py,82,test_imports_private_production_module,false_positive,"Provided snippet does not show private-module import evidence; test body alone is insufficient."
/home/chinmay/ChinmayPersonalProjects/deslop/scripts/chunks/Chunk_551_575.txt,570,/home/chinmay/ChinmayPersonalProjects/gopdfsuit/bindings/python/tests/test_integration.py,109,test_imports_private_production_module,false_positive,"Provided snippet does not show private-module import evidence; test body alone is insufficient."
/home/chinmay/ChinmayPersonalProjects/deslop/scripts/chunks/Chunk_551_575.txt,571,/home/chinmay/ChinmayPersonalProjects/gopdfsuit/bindings/python/tests/test_integration.py,137,test_imports_private_production_module,false_positive,"Provided snippet does not show private-module import evidence; test body alone is insufficient."
/home/chinmay/ChinmayPersonalProjects/deslop/scripts/chunks/Chunk_551_575.txt,572,/home/chinmay/ChinmayPersonalProjects/gopdfsuit/bindings/python/tests/test_integration.py,165,happy_path_only_test,true_positive,"Test snippet validates success path only and lacks explicit negative-path assertions."
/home/chinmay/ChinmayPersonalProjects/deslop/scripts/chunks/Chunk_551_575.txt,573,/home/chinmay/ChinmayPersonalProjects/gopdfsuit/bindings/python/tests/test_integration.py,165,test_imports_private_production_module,false_positive,"Provided snippet does not show private-module import evidence; test body alone is insufficient."
/home/chinmay/ChinmayPersonalProjects/deslop/scripts/chunks/Chunk_551_575.txt,574,/home/chinmay/ChinmayPersonalProjects/gopdfsuit/bindings/python/tests/test_integration.py,185,happy_path_only_test,true_positive,"Test snippet validates success path only and lacks explicit negative-path assertions."
/home/chinmay/ChinmayPersonalProjects/deslop/scripts/chunks/Chunk_551_575.txt,575,/home/chinmay/ChinmayPersonalProjects/gopdfsuit/bindings/python/tests/test_integration.py,185,test_imports_private_production_module,false_positive,"Provided snippet does not show private-module import evidence; test body alone is insufficient."
/home/chinmay/ChinmayPersonalProjects/deslop/scripts/chunks/Chunk_576_600.txt,576,/home/chinmay/ChinmayPersonalProjects/gopdfsuit/bindings/python/tests/test_integration.py,207,test_imports_private_production_module,false_positive,"Provided snippet does not show private-module import evidence; test body alone is insufficient."
/home/chinmay/ChinmayPersonalProjects/deslop/scripts/chunks/Chunk_576_600.txt,577,/home/chinmay/ChinmayPersonalProjects/gopdfsuit/bindings/python/tests/test_integration.py,214,test_compares_float_with_equality_operator,true_positive,"Test snippet compares floating-point values using direct equality."
/home/chinmay/ChinmayPersonalProjects/deslop/scripts/chunks/Chunk_576_600.txt,578,/home/chinmay/ChinmayPersonalProjects/gopdfsuit/bindings/python/tests/test_integration.py,225,test_imports_private_production_module,false_positive,"Provided snippet does not show private-module import evidence; test body alone is insufficient."
/home/chinmay/ChinmayPersonalProjects/deslop/scripts/chunks/Chunk_576_600.txt,579,/home/chinmay/ChinmayPersonalProjects/gopdfsuit/bindings/python/tests/test_integration.py,232,test_compares_float_with_equality_operator,true_positive,"Test snippet compares floating-point values using direct equality."
/home/chinmay/ChinmayPersonalProjects/deslop/scripts/chunks/Chunk_576_600.txt,580,/home/chinmay/ChinmayPersonalProjects/gopdfsuit/bindings/python/tests/test_integration.py,243,test_imports_private_production_module,false_positive,"Provided snippet does not show private-module import evidence; test body alone is insufficient."
/home/chinmay/ChinmayPersonalProjects/deslop/scripts/chunks/Chunk_576_600.txt,581,/home/chinmay/ChinmayPersonalProjects/gopdfsuit/bindings/python/tests/test_integration.py,254,test_compares_float_with_equality_operator,true_positive,"Test snippet compares floating-point values using direct equality."
/home/chinmay/ChinmayPersonalProjects/deslop/scripts/chunks/Chunk_576_600.txt,582,/home/chinmay/ChinmayPersonalProjects/gopdfsuit/bindings/python/tests/test_integration.py,267,test_imports_private_production_module,false_positive,"Provided snippet does not show private-module import evidence; test body alone is insufficient."
/home/chinmay/ChinmayPersonalProjects/deslop/scripts/chunks/Chunk_576_600.txt,583,/home/chinmay/ChinmayPersonalProjects/gopdfsuit/bindings/python/tests/test_integration.py,289,test_imports_private_production_module,false_positive,"Provided snippet does not show private-module import evidence; test body alone is insufficient."
/home/chinmay/ChinmayPersonalProjects/deslop/scripts/chunks/Chunk_576_600.txt,584,/home/chinmay/ChinmayPersonalProjects/gopdfsuit/bindings/python/tests/test_merge.py,13,sibling_modules_depend_on_private_helpers_from_each_other,false_positive,"No function/snippet context is available to substantiate this rule hit."
/home/chinmay/ChinmayPersonalProjects/deslop/scripts/chunks/Chunk_576_600.txt,585,/home/chinmay/ChinmayPersonalProjects/gopdfsuit/bindings/python/tests/test_merge.py,16,test_imports_private_production_module,false_positive,"Provided snippet does not show private-module import evidence; test body alone is insufficient."
/home/chinmay/ChinmayPersonalProjects/deslop/scripts/chunks/Chunk_576_600.txt,586,/home/chinmay/ChinmayPersonalProjects/gopdfsuit/bindings/python/tests/test_merge.py,32,happy_path_only_test,true_positive,"Test snippet validates success path only and lacks explicit negative-path assertions."
/home/chinmay/ChinmayPersonalProjects/deslop/scripts/chunks/Chunk_576_600.txt,587,/home/chinmay/ChinmayPersonalProjects/gopdfsuit/bindings/python/tests/test_merge.py,32,test_imports_private_production_module,false_positive,"Provided snippet does not show private-module import evidence; test body alone is insufficient."
/home/chinmay/ChinmayPersonalProjects/deslop/scripts/chunks/Chunk_576_600.txt,588,/home/chinmay/ChinmayPersonalProjects/gopdfsuit/bindings/python/tests/test_merge.py,43,happy_path_only_test,true_positive,"Test snippet validates success path only and lacks explicit negative-path assertions."
/home/chinmay/ChinmayPersonalProjects/deslop/scripts/chunks/Chunk_576_600.txt,589,/home/chinmay/ChinmayPersonalProjects/gopdfsuit/bindings/python/tests/test_merge.py,43,test_imports_private_production_module,false_positive,"Provided snippet does not show private-module import evidence; test body alone is insufficient."
/home/chinmay/ChinmayPersonalProjects/deslop/scripts/chunks/Chunk_576_600.txt,590,/home/chinmay/ChinmayPersonalProjects/gopdfsuit/bindings/python/tests/test_merge.py,52,happy_path_only_test,true_positive,"Test snippet validates success path only and lacks explicit negative-path assertions."
/home/chinmay/ChinmayPersonalProjects/deslop/scripts/chunks/Chunk_576_600.txt,591,/home/chinmay/ChinmayPersonalProjects/gopdfsuit/bindings/python/tests/test_merge.py,52,test_imports_private_production_module,false_positive,"Provided snippet does not show private-module import evidence; test body alone is insufficient."
/home/chinmay/ChinmayPersonalProjects/deslop/scripts/chunks/Chunk_576_600.txt,592,/home/chinmay/ChinmayPersonalProjects/gopdfsuit/bindings/python/tests/test_merge.py,61,test_imports_private_production_module,false_positive,"Provided snippet does not show private-module import evidence; test body alone is insufficient."
/home/chinmay/ChinmayPersonalProjects/deslop/scripts/chunks/Chunk_576_600.txt,593,/home/chinmay/ChinmayPersonalProjects/gopdfsuit/bindings/python/tests/test_redact_financial_report.py,18,happy_path_only_test,true_positive,"Test snippet validates success path only and lacks explicit negative-path assertions."
/home/chinmay/ChinmayPersonalProjects/deslop/scripts/chunks/Chunk_576_600.txt,594,/home/chinmay/ChinmayPersonalProjects/gopdfsuit/bindings/python/tests/test_redact_financial_report.py,41,happy_path_only_test,true_positive,"Test snippet validates success path only and lacks explicit negative-path assertions."
/home/chinmay/ChinmayPersonalProjects/deslop/scripts/chunks/Chunk_576_600.txt,595,/home/chinmay/ChinmayPersonalProjects/gopdfsuit/bindings/python/tests/test_split.py,16,sibling_modules_depend_on_private_helpers_from_each_other,false_positive,"No function/snippet context is available to substantiate this rule hit."
/home/chinmay/ChinmayPersonalProjects/deslop/scripts/chunks/Chunk_576_600.txt,596,/home/chinmay/ChinmayPersonalProjects/gopdfsuit/bindings/python/tests/test_split.py,19,test_imports_private_production_module,false_positive,"Provided snippet does not show private-module import evidence; test body alone is insufficient."
/home/chinmay/ChinmayPersonalProjects/deslop/scripts/chunks/Chunk_576_600.txt,597,/home/chinmay/ChinmayPersonalProjects/gopdfsuit/bindings/python/tests/test_split.py,32,test_imports_private_production_module,false_positive,"Provided snippet does not show private-module import evidence; test body alone is insufficient."
/home/chinmay/ChinmayPersonalProjects/deslop/scripts/chunks/Chunk_576_600.txt,598,/home/chinmay/ChinmayPersonalProjects/gopdfsuit/bindings/python/tests/test_split.py,41,happy_path_only_test,true_positive,"Test snippet validates success path only and lacks explicit negative-path assertions."
/home/chinmay/ChinmayPersonalProjects/deslop/scripts/chunks/Chunk_576_600.txt,599,/home/chinmay/ChinmayPersonalProjects/gopdfsuit/bindings/python/tests/test_split.py,41,test_imports_private_production_module,false_positive,"Provided snippet does not show private-module import evidence; test body alone is insufficient."
/home/chinmay/ChinmayPersonalProjects/deslop/scripts/chunks/Chunk_576_600.txt,600,/home/chinmay/ChinmayPersonalProjects/gopdfsuit/bindings/python/tests/test_split.py,46,happy_path_only_test,true_positive,"Test snippet validates success path only and lacks explicit negative-path assertions."
/home/chinmay/ChinmayPersonalProjects/deslop/scripts/chunks/Chunk_601_625.txt,601,/home/chinmay/ChinmayPersonalProjects/gopdfsuit/bindings/python/tests/test_split.py,46,test_imports_private_production_module,false_positive,"Provided snippet does not show private-module import evidence; test body alone is insufficient."
/home/chinmay/ChinmayPersonalProjects/deslop/scripts/chunks/Chunk_601_625.txt,602,/home/chinmay/ChinmayPersonalProjects/gopdfsuit/bindings/python/tests/test_split.py,51,happy_path_only_test,true_positive,"Test snippet validates success path only and lacks explicit negative-path assertions."
/home/chinmay/ChinmayPersonalProjects/deslop/scripts/chunks/Chunk_601_625.txt,603,/home/chinmay/ChinmayPersonalProjects/gopdfsuit/bindings/python/tests/test_split.py,51,test_imports_private_production_module,false_positive,"Provided snippet does not show private-module import evidence; test body alone is insufficient."
/home/chinmay/ChinmayPersonalProjects/deslop/scripts/chunks/Chunk_601_625.txt,604,/home/chinmay/ChinmayPersonalProjects/gopdfsuit/bindings/python/tests/test_split.py,56,happy_path_only_test,true_positive,"Test snippet validates success path only and lacks explicit negative-path assertions."
/home/chinmay/ChinmayPersonalProjects/deslop/scripts/chunks/Chunk_601_625.txt,605,/home/chinmay/ChinmayPersonalProjects/gopdfsuit/bindings/python/tests/test_split.py,56,test_imports_private_production_module,false_positive,"Provided snippet does not show private-module import evidence; test body alone is insufficient."
/home/chinmay/ChinmayPersonalProjects/deslop/scripts/chunks/Chunk_601_625.txt,606,/home/chinmay/ChinmayPersonalProjects/gopdfsuit/bindings/python/tests/test_split.py,61,happy_path_only_test,true_positive,"Test snippet validates success path only and lacks explicit negative-path assertions."
/home/chinmay/ChinmayPersonalProjects/deslop/scripts/chunks/Chunk_601_625.txt,607,/home/chinmay/ChinmayPersonalProjects/gopdfsuit/bindings/python/tests/test_split.py,61,test_imports_private_production_module,false_positive,"Provided snippet does not show private-module import evidence; test body alone is insufficient."
/home/chinmay/ChinmayPersonalProjects/deslop/scripts/chunks/Chunk_601_625.txt,608,/home/chinmay/ChinmayPersonalProjects/gopdfsuit/bindings/python/tests/test_split.py,66,test_imports_private_production_module,false_positive,"Provided snippet does not show private-module import evidence; test body alone is insufficient."
/home/chinmay/ChinmayPersonalProjects/deslop/scripts/chunks/Chunk_601_625.txt,609,/home/chinmay/ChinmayPersonalProjects/gopdfsuit/bindings/python/tests/test_split.py,71,test_imports_private_production_module,false_positive,"Provided snippet does not show private-module import evidence; test body alone is insufficient."
/home/chinmay/ChinmayPersonalProjects/deslop/scripts/chunks/Chunk_601_625.txt,610,/home/chinmay/ChinmayPersonalProjects/gopdfsuit/bindings/python/tests/test_split.py,80,happy_path_only_test,true_positive,"Test snippet validates success path only and lacks explicit negative-path assertions."
/home/chinmay/ChinmayPersonalProjects/deslop/scripts/chunks/Chunk_601_625.txt,611,/home/chinmay/ChinmayPersonalProjects/gopdfsuit/bindings/python/tests/test_split.py,80,test_imports_private_production_module,false_positive,"Provided snippet does not show private-module import evidence; test body alone is insufficient."
/home/chinmay/ChinmayPersonalProjects/deslop/scripts/chunks/Chunk_601_625.txt,612,/home/chinmay/ChinmayPersonalProjects/gopdfsuit/bindings/python/tests/test_split.py,91,happy_path_only_test,true_positive,"Test snippet validates success path only and lacks explicit negative-path assertions."
/home/chinmay/ChinmayPersonalProjects/deslop/scripts/chunks/Chunk_601_625.txt,613,/home/chinmay/ChinmayPersonalProjects/gopdfsuit/bindings/python/tests/test_split.py,91,test_imports_private_production_module,false_positive,"Provided snippet does not show private-module import evidence; test body alone is insufficient."
/home/chinmay/ChinmayPersonalProjects/deslop/scripts/chunks/Chunk_601_625.txt,614,/home/chinmay/ChinmayPersonalProjects/gopdfsuit/bindings/python/tests/test_split.py,103,happy_path_only_test,true_positive,"Test snippet validates success path only and lacks explicit negative-path assertions."
/home/chinmay/ChinmayPersonalProjects/deslop/scripts/chunks/Chunk_601_625.txt,615,/home/chinmay/ChinmayPersonalProjects/gopdfsuit/bindings/python/tests/test_split.py,103,test_imports_private_production_module,false_positive,"Provided snippet does not show private-module import evidence; test body alone is insufficient."
/home/chinmay/ChinmayPersonalProjects/deslop/scripts/chunks/Chunk_601_625.txt,616,/home/chinmay/ChinmayPersonalProjects/gopdfsuit/bindings/python/tests/test_split.py,114,test_imports_private_production_module,false_positive,"Provided snippet does not show private-module import evidence; test body alone is insufficient."
/home/chinmay/ChinmayPersonalProjects/deslop/scripts/chunks/Chunk_601_625.txt,617,/home/chinmay/ChinmayPersonalProjects/gopdfsuit/cmd/gopdfsuit/main.go,20,operational_command_handlers_reuse_http_services_without_adapter,false_positive,"Snippet does not clearly demonstrate the specific rule condition; treated as non-actionable here."
/home/chinmay/ChinmayPersonalProjects/deslop/scripts/chunks/Chunk_601_625.txt,618,/home/chinmay/ChinmayPersonalProjects/gopdfsuit/cmd/gopdfsuit/main.go,21,go_perf_layer_profiling_benchmarking_benchmark_includes_setup_in_loop,false_positive,"Snippet does not clearly demonstrate the specific rule condition; treated as non-actionable here."
/home/chinmay/ChinmayPersonalProjects/deslop/scripts/chunks/Chunk_601_625.txt,619,/home/chinmay/ChinmayPersonalProjects/gopdfsuit/cmd/gopdfsuit/main.go,21,go_perf_layer_profiling_benchmarking_benchmark_missing_allocs_report,false_positive,"Snippet does not clearly demonstrate the specific rule condition; treated as non-actionable here."
/home/chinmay/ChinmayPersonalProjects/deslop/scripts/chunks/Chunk_601_625.txt,620,/home/chinmay/ChinmayPersonalProjects/gopdfsuit/cmd/gopdfsuit/main.go,21,go_perf_layer_runtime_configuration_race_detector_assumed_in_benchmark_numbers,false_positive,"Snippet does not clearly demonstrate the specific rule condition; treated as non-actionable here."
/home/chinmay/ChinmayPersonalProjects/deslop/scripts/chunks/Chunk_601_625.txt,621,/home/chinmay/ChinmayPersonalProjects/gopdfsuit/cmd/gopdfsuit/main.go,21,go_perf_layer_string_handling_regexp_compile_in_request_path,false_positive,"Snippet does not clearly demonstrate the specific rule condition; treated as non-actionable here."
/home/chinmay/ChinmayPersonalProjects/deslop/scripts/chunks/Chunk_601_625.txt,622,/home/chinmay/ChinmayPersonalProjects/gopdfsuit/cmd/gopdfsuit/main.go,22,feature_flag_lookup_without_config_abstraction,false_positive,"Snippet does not clearly demonstrate the specific rule condition; treated as non-actionable here."
/home/chinmay/ChinmayPersonalProjects/deslop/scripts/chunks/Chunk_601_625.txt,623,/home/chinmay/ChinmayPersonalProjects/gopdfsuit/cmd/gopdfsuit/main.go,22,go_perf_layer_caching_per_request_config_cache_rebuild,false_positive,"Snippet does not clearly demonstrate the specific rule condition; treated as non-actionable here."
/home/chinmay/ChinmayPersonalProjects/deslop/scripts/chunks/Chunk_601_625.txt,624,/home/chinmay/ChinmayPersonalProjects/gopdfsuit/cmd/gopdfsuit/main.go,22,go_perf_layer_lazy_loading_eager_load_optional_config,false_positive,"Snippet does not clearly demonstrate the specific rule condition; treated as non-actionable here."
/home/chinmay/ChinmayPersonalProjects/deslop/scripts/chunks/Chunk_601_625.txt,625,/home/chinmay/ChinmayPersonalProjects/gopdfsuit/cmd/gopdfsuit/main.go,22,go_perf_layer_network_calls_tls_config_built_per_request,false_positive,"Snippet does not clearly demonstrate the specific rule condition; treated as non-actionable here."
/home/chinmay/ChinmayPersonalProjects/deslop/scripts/chunks/Chunk_626_650.txt,626,/home/chinmay/ChinmayPersonalProjects/gopdfsuit/cmd/gopdfsuit/main.go,22,go_perf_layer_runtime_configuration_reflection_config_loaded_per_call,false_positive,"Snippet does not clearly demonstrate the specific rule condition; treated as non-actionable here."
/home/chinmay/ChinmayPersonalProjects/deslop/scripts/chunks/Chunk_626_650.txt,627,/home/chinmay/ChinmayPersonalProjects/gopdfsuit/cmd/gopdfsuit/main.go,23,go_perf_layer_error_handling_cost_panic_recover_for_control_flow,false_positive,"Snippet does not clearly demonstrate the specific rule condition; treated as non-actionable here."
/home/chinmay/ChinmayPersonalProjects/deslop/scripts/chunks/Chunk_626_650.txt,628,/home/chinmay/ChinmayPersonalProjects/gopdfsuit/cmd/gopdfsuit/main.go,23,go_perf_layer_error_handling_cost_sentinel_error_allocated_per_call,false_positive,"Snippet does not clearly demonstrate the specific rule condition; treated as non-actionable here."
/home/chinmay/ChinmayPersonalProjects/deslop/scripts/chunks/Chunk_626_650.txt,629,/home/chinmay/ChinmayPersonalProjects/gopdfsuit/cmd/gopdfsuit/main.go,23,temp_file_predictable_name,false_positive,"Snippet does not clearly demonstrate the specific rule condition; treated as non-actionable here."
/home/chinmay/ChinmayPersonalProjects/deslop/scripts/chunks/Chunk_626_650.txt,630,/home/chinmay/ChinmayPersonalProjects/gopdfsuit/cmd/gopdfsuit/main.go,25,go_perf_layer_io_operations_stat_before_open_without_branch,false_positive,"Snippet does not clearly demonstrate the specific rule condition; treated as non-actionable here."
/home/chinmay/ChinmayPersonalProjects/deslop/scripts/chunks/Chunk_626_650.txt,631,/home/chinmay/ChinmayPersonalProjects/gopdfsuit/cmd/gopdfsuit/main.go,25,go_perf_layer_logging_overhead_log_payload_serialized_before_sampling,false_positive,"Snippet does not clearly demonstrate the specific rule condition; treated as non-actionable here."
/home/chinmay/ChinmayPersonalProjects/deslop/scripts/chunks/Chunk_626_650.txt,632,/home/chinmay/ChinmayPersonalProjects/gopdfsuit/cmd/gopdfsuit/main.go,25,go_perf_layer_logging_overhead_logger_with_fields_per_request,false_positive,"Snippet does not clearly demonstrate the specific rule condition; treated as non-actionable here."
/home/chinmay/ChinmayPersonalProjects/deslop/scripts/chunks/Chunk_626_650.txt,633,/home/chinmay/ChinmayPersonalProjects/gopdfsuit/cmd/gopdfsuit/main.go,25,go_perf_layer_logging_overhead_per_record_debug_log_in_batch,false_positive,"Snippet does not clearly demonstrate the specific rule condition; treated as non-actionable here."
/home/chinmay/ChinmayPersonalProjects/deslop/scripts/chunks/Chunk_626_650.txt,634,/home/chinmay/ChinmayPersonalProjects/gopdfsuit/cmd/gopdfsuit/main.go,27,go_perf_layer_hot_path_optimization_allocation_in_hash_or_less_func,false_positive,"Snippet does not clearly demonstrate the specific rule condition; treated as non-actionable here."
/home/chinmay/ChinmayPersonalProjects/deslop/scripts/chunks/Chunk_626_650.txt,635,/home/chinmay/ChinmayPersonalProjects/gopdfsuit/cmd/gopdfsuit/main.go,42,go_perf_layer_caching_cache_miss_does_duplicate_work,false_positive,"Snippet does not clearly demonstrate the specific rule condition; treated as non-actionable here."
/home/chinmay/ChinmayPersonalProjects/deslop/scripts/chunks/Chunk_626_650.txt,636,/home/chinmay/ChinmayPersonalProjects/gopdfsuit/cmd/gopdfsuit/main.go,43,goroutine_without_coordination,false_positive,"Snippet does not clearly demonstrate the specific rule condition; treated as non-actionable here."
/home/chinmay/ChinmayPersonalProjects/deslop/scripts/chunks/Chunk_626_650.txt,637,/home/chinmay/ChinmayPersonalProjects/gopdfsuit/cmd/gopdfsuit/main.go,48,go_perf_layer_async_concurrency_context_timeout_allocated_per_inner_call,false_positive,"Snippet does not clearly demonstrate the specific rule condition; treated as non-actionable here."
/home/chinmay/ChinmayPersonalProjects/deslop/scripts/chunks/Chunk_626_650.txt,638,/home/chinmay/ChinmayPersonalProjects/gopdfsuit/cmd/gopdfsuit/main.go,48,go_perf_layer_memory_allocation_closure_capture_allocates_in_loop,false_positive,"Snippet does not clearly demonstrate the specific rule condition; treated as non-actionable here."
/home/chinmay/ChinmayPersonalProjects/deslop/scripts/chunks/Chunk_626_650.txt,639,/home/chinmay/ChinmayPersonalProjects/gopdfsuit/cmd/gopdfsuit/main.go,49,go_perf_layer_async_concurrency_mutex_held_during_slow_call,false_positive,"Snippet does not clearly demonstrate the specific rule condition; treated as non-actionable here."
/home/chinmay/ChinmayPersonalProjects/deslop/scripts/chunks/Chunk_626_650.txt,640,/home/chinmay/ChinmayPersonalProjects/gopdfsuit/cmd/gopdfsuit/main.go,49,go_perf_layer_network_calls_dns_lookup_per_request_path,false_positive,"Snippet does not clearly demonstrate the specific rule condition; treated as non-actionable here."
/home/chinmay/ChinmayPersonalProjects/deslop/scripts/chunks/Chunk_626_650.txt,641,/home/chinmay/ChinmayPersonalProjects/gopdfsuit/cmd/gopdfsuit/main.go,49,go_perf_layer_network_calls_http_client_created_per_call,false_positive,"Snippet does not clearly demonstrate the specific rule condition; treated as non-actionable here."
/home/chinmay/ChinmayPersonalProjects/deslop/scripts/chunks/Chunk_626_650.txt,642,/home/chinmay/ChinmayPersonalProjects/gopdfsuit/cmd/gopdfsuit/main.go,49,go_perf_layer_network_calls_retry_loop_without_backoff,false_positive,"Snippet does not clearly demonstrate the specific rule condition; treated as non-actionable here."
/home/chinmay/ChinmayPersonalProjects/deslop/scripts/chunks/Chunk_626_650.txt,643,/home/chinmay/ChinmayPersonalProjects/gopdfsuit/cmd/gopdfsuit/main.go,49,go_perf_layer_resource_pooling_rate_limiter_per_request,false_positive,"Snippet does not clearly demonstrate the specific rule condition; treated as non-actionable here."
/home/chinmay/ChinmayPersonalProjects/deslop/scripts/chunks/Chunk_626_650.txt,644,/home/chinmay/ChinmayPersonalProjects/gopdfsuit/cmd/gopdfsuit/main.go,69,go_perf_layer_collection_iteration_len_called_after_materializing_channel,false_positive,"Snippet does not clearly demonstrate the specific rule condition; treated as non-actionable here."
/home/chinmay/ChinmayPersonalProjects/deslop/scripts/chunks/Chunk_626_650.txt,645,/home/chinmay/ChinmayPersonalProjects/gopdfsuit/cmd/gopdfsuit/main.go,69,go_perf_layer_hot_path_optimization_invariant_parse_inside_handler,false_positive,"Snippet does not clearly demonstrate the specific rule condition; treated as non-actionable here."
/home/chinmay/ChinmayPersonalProjects/deslop/scripts/chunks/Chunk_626_650.txt,646,/home/chinmay/ChinmayPersonalProjects/gopdfsuit/cmd/gopdfsuit/main.go,92,goroutine_for_sync_work,false_positive,"Snippet does not clearly demonstrate the specific rule condition; treated as non-actionable here."
/home/chinmay/ChinmayPersonalProjects/deslop/scripts/chunks/Chunk_626_650.txt,647,/home/chinmay/ChinmayPersonalProjects/gopdfsuit/cmd/gopdfsuit/main.go,92,goroutine_without_coordination,false_positive,"Snippet does not clearly demonstrate the specific rule condition; treated as non-actionable here."
/home/chinmay/ChinmayPersonalProjects/deslop/scripts/chunks/Chunk_626_650.txt,648,/home/chinmay/ChinmayPersonalProjects/gopdfsuit/cmd/gopdfsuit/main.go,93,panic_on_error,false_positive,"Snippet does not clearly demonstrate the specific rule condition; treated as non-actionable here."
/home/chinmay/ChinmayPersonalProjects/deslop/scripts/chunks/Chunk_626_650.txt,649,/home/chinmay/ChinmayPersonalProjects/gopdfsuit/internal/benchmarktemplates/runner.go,24,go_perf_layer_async_concurrency_context_timeout_allocated_per_inner_call,false_positive,"Snippet does not clearly demonstrate the specific rule condition; treated as non-actionable here."
/home/chinmay/ChinmayPersonalProjects/deslop/scripts/chunks/Chunk_626_650.txt,650,/home/chinmay/ChinmayPersonalProjects/gopdfsuit/internal/benchmarktemplates/runner.go,27,go_perf_layer_network_calls_retry_loop_without_backoff,false_positive,"Snippet does not clearly demonstrate the specific rule condition; treated as non-actionable here."
/home/chinmay/ChinmayPersonalProjects/deslop/scripts/chunks/Chunk_651_675.txt,651,/home/chinmay/ChinmayPersonalProjects/gopdfsuit/internal/benchmarktemplates/runner.go,28,go_perf_layer_async_concurrency_channel_buffer_too_small_for_known_burst,false_positive,"Snippet does not clearly demonstrate the specific rule condition; treated as non-actionable here."
/home/chinmay/ChinmayPersonalProjects/deslop/scripts/chunks/Chunk_651_675.txt,652,/home/chinmay/ChinmayPersonalProjects/gopdfsuit/internal/benchmarktemplates/runner.go,28,go_perf_layer_database_access_query_inside_loop_without_batching,false_positive,"Snippet does not clearly demonstrate the specific rule condition; treated as non-actionable here."
/home/chinmay/ChinmayPersonalProjects/deslop/scripts/chunks/Chunk_651_675.txt,653,/home/chinmay/ChinmayPersonalProjects/gopdfsuit/internal/benchmarktemplates/runner.go,28,go_perf_layer_database_access_select_star_on_hot_query,false_positive,"Snippet does not clearly demonstrate the specific rule condition; treated as non-actionable here."
/home/chinmay/ChinmayPersonalProjects/deslop/scripts/chunks/Chunk_651_675.txt,654,/home/chinmay/ChinmayPersonalProjects/gopdfsuit/internal/benchmarktemplates/runner.go,33,go_perf_layer_io_operations_stat_before_open_without_branch,false_positive,"Snippet does not clearly demonstrate the specific rule condition; treated as non-actionable here."
/home/chinmay/ChinmayPersonalProjects/deslop/scripts/chunks/Chunk_651_675.txt,655,/home/chinmay/ChinmayPersonalProjects/gopdfsuit/internal/benchmarktemplates/runner.go,45,go_perf_layer_error_handling_cost_multierror_append_for_success_path,false_positive,"Snippet does not clearly demonstrate the specific rule condition; treated as non-actionable here."
/home/chinmay/ChinmayPersonalProjects/deslop/scripts/chunks/Chunk_651_675.txt,656,/home/chinmay/ChinmayPersonalProjects/gopdfsuit/internal/benchmarktemplates/runner.go,45,go_perf_layer_error_handling_cost_sentinel_error_allocated_per_call,false_positive,"Snippet does not clearly demonstrate the specific rule condition; treated as non-actionable here."
/home/chinmay/ChinmayPersonalProjects/deslop/scripts/chunks/Chunk_651_675.txt,657,/home/chinmay/ChinmayPersonalProjects/gopdfsuit/internal/benchmarktemplates/runner.go,46,go_perf_layer_algorithmic_complexity_quadratic_append_filter_pipeline,false_positive,"Snippet does not clearly demonstrate the specific rule condition; treated as non-actionable here."
/home/chinmay/ChinmayPersonalProjects/deslop/scripts/chunks/Chunk_651_675.txt,658,/home/chinmay/ChinmayPersonalProjects/gopdfsuit/internal/benchmarktemplates/runner.go,50,go_perf_layer_profiling_benchmarking_benchmark_missing_allocs_report,false_positive,"Snippet does not clearly demonstrate the specific rule condition; treated as non-actionable here."
/home/chinmay/ChinmayPersonalProjects/deslop/scripts/chunks/Chunk_651_675.txt,659,/home/chinmay/ChinmayPersonalProjects/gopdfsuit/internal/benchmarktemplates/runner.go,51,go_perf_layer_io_operations_scanner_used_for_large_token_stream,false_positive,"Snippet does not clearly demonstrate the specific rule condition; treated as non-actionable here."
/home/chinmay/ChinmayPersonalProjects/deslop/scripts/chunks/Chunk_651_675.txt,660,/home/chinmay/ChinmayPersonalProjects/gopdfsuit/internal/benchmarktemplates/runner.go,54,go_perf_layer_async_concurrency_channel_buffer_too_small_for_known_burst,false_positive,"Snippet does not clearly demonstrate the specific rule condition; treated as non-actionable here."
/home/chinmay/ChinmayPersonalProjects/deslop/scripts/chunks/Chunk_651_675.txt,661,/home/chinmay/ChinmayPersonalProjects/gopdfsuit/internal/benchmarktemplates/runner.go,54,go_perf_layer_async_concurrency_context_timeout_allocated_per_inner_call,false_positive,"Snippet does not clearly demonstrate the specific rule condition; treated as non-actionable here."
/home/chinmay/ChinmayPersonalProjects/deslop/scripts/chunks/Chunk_651_675.txt,662,/home/chinmay/ChinmayPersonalProjects/gopdfsuit/internal/benchmarktemplates/runner.go,55,go_perf_layer_algorithmic_complexity_repeated_nested_slice_scans,false_positive,"Snippet does not clearly demonstrate the specific rule condition; treated as non-actionable here."
/home/chinmay/ChinmayPersonalProjects/deslop/scripts/chunks/Chunk_651_675.txt,663,/home/chinmay/ChinmayPersonalProjects/gopdfsuit/internal/benchmarktemplates/runner.go,55,go_perf_layer_collection_iteration_copy_slice_before_readonly_range,false_positive,"Snippet does not clearly demonstrate the specific rule condition; treated as non-actionable here."
/home/chinmay/ChinmayPersonalProjects/deslop/scripts/chunks/Chunk_651_675.txt,664,/home/chinmay/ChinmayPersonalProjects/gopdfsuit/internal/benchmarktemplates/runner.go,60,go_perf_layer_collection_iteration_len_called_after_materializing_channel,false_positive,"Snippet does not clearly demonstrate the specific rule condition; treated as non-actionable here."
/home/chinmay/ChinmayPersonalProjects/deslop/scripts/chunks/Chunk_651_675.txt,665,/home/chinmay/ChinmayPersonalProjects/gopdfsuit/internal/benchmarktemplates/runner.go,60,go_perf_layer_hot_path_optimization_allocation_in_hash_or_less_func,false_positive,"Snippet does not clearly demonstrate the specific rule condition; treated as non-actionable here."
/home/chinmay/ChinmayPersonalProjects/deslop/scripts/chunks/Chunk_651_675.txt,666,/home/chinmay/ChinmayPersonalProjects/gopdfsuit/internal/benchmarktemplates/runner.go,60,go_perf_layer_memory_allocation_append_without_known_capacity,false_positive,"Snippet does not clearly demonstrate the specific rule condition; treated as non-actionable here."
/home/chinmay/ChinmayPersonalProjects/deslop/scripts/chunks/Chunk_651_675.txt,667,/home/chinmay/ChinmayPersonalProjects/gopdfsuit/internal/benchmarktemplates/runner.go,62,waitgroup_fanout_without_errgroup_on_error_path,false_positive,"Snippet does not clearly demonstrate the specific rule condition; treated as non-actionable here."
/home/chinmay/ChinmayPersonalProjects/deslop/scripts/chunks/Chunk_651_675.txt,668,/home/chinmay/ChinmayPersonalProjects/gopdfsuit/internal/benchmarktemplates/runner.go,66,go_perf_layer_hot_path_optimization_defer_for_simple_unlock_in_hot_loop,false_positive,"Snippet does not clearly demonstrate the specific rule condition; treated as non-actionable here."
/home/chinmay/ChinmayPersonalProjects/deslop/scripts/chunks/Chunk_651_675.txt,669,/home/chinmay/ChinmayPersonalProjects/gopdfsuit/internal/benchmarktemplates/runner.go,66,go_perf_layer_hot_path_optimization_time_now_called_many_times_per_item,false_positive,"Snippet does not clearly demonstrate the specific rule condition; treated as non-actionable here."
/home/chinmay/ChinmayPersonalProjects/deslop/scripts/chunks/Chunk_651_675.txt,670,/home/chinmay/ChinmayPersonalProjects/gopdfsuit/internal/benchmarktemplates/runner.go,67,go_perf_layer_collection_iteration_manual_index_loop_without_bounds_need,false_positive,"Snippet does not clearly demonstrate the specific rule condition; treated as non-actionable here."
/home/chinmay/ChinmayPersonalProjects/deslop/scripts/chunks/Chunk_651_675.txt,671,/home/chinmay/ChinmayPersonalProjects/gopdfsuit/internal/benchmarktemplates/runner.go,67,go_perf_layer_network_calls_retry_loop_without_backoff,false_positive,"Snippet does not clearly demonstrate the specific rule condition; treated as non-actionable here."
/home/chinmay/ChinmayPersonalProjects/deslop/scripts/chunks/Chunk_651_675.txt,672,/home/chinmay/ChinmayPersonalProjects/gopdfsuit/internal/benchmarktemplates/runner.go,75,go_perf_layer_resource_pooling_rate_limiter_per_request,false_positive,"Snippet does not clearly demonstrate the specific rule condition; treated as non-actionable here."
/home/chinmay/ChinmayPersonalProjects/deslop/scripts/chunks/Chunk_651_675.txt,673,/home/chinmay/ChinmayPersonalProjects/gopdfsuit/internal/benchmarktemplates/runner.go,77,mutex_in_loop,false_positive,"Snippet does not clearly demonstrate the specific rule condition; treated as non-actionable here."
/home/chinmay/ChinmayPersonalProjects/deslop/scripts/chunks/Chunk_651_675.txt,674,/home/chinmay/ChinmayPersonalProjects/gopdfsuit/internal/benchmarktemplates/runner.go,78,shared_slice_append_race,false_positive,"Snippet does not clearly demonstrate the specific rule condition; treated as non-actionable here."
/home/chinmay/ChinmayPersonalProjects/deslop/scripts/chunks/Chunk_651_675.txt,675,/home/chinmay/ChinmayPersonalProjects/gopdfsuit/internal/benchmarktemplates/runner.go,120,go_perf_layer_profiling_benchmarking_benchmark_missing_allocs_report,false_positive,"Snippet does not clearly demonstrate the specific rule condition; treated as non-actionable here."
/home/chinmay/ChinmayPersonalProjects/deslop/scripts/chunks/Chunk_676_700.txt,676,/home/chinmay/ChinmayPersonalProjects/gopdfsuit/internal/benchmarktemplates/zerodha_retail.go,22,go_perf_layer_async_concurrency_context_timeout_allocated_per_inner_call,false_positive,"Snippet does not clearly demonstrate the specific rule condition; treated as non-actionable here."
/home/chinmay/ChinmayPersonalProjects/deslop/scripts/chunks/Chunk_676_700.txt,677,/home/chinmay/ChinmayPersonalProjects/gopdfsuit/internal/benchmarktemplates/zerodha_retail.go,27,full_dataset_load,true_positive,"Snippet shows full payload/file materialization in memory instead of a streaming path."
/home/chinmay/ChinmayPersonalProjects/deslop/scripts/chunks/Chunk_676_700.txt,678,/home/chinmay/ChinmayPersonalProjects/gopdfsuit/internal/benchmarktemplates/zerodha_retail.go,35,go_perf_layer_collection_iteration_copy_slice_before_readonly_range,false_positive,"Snippet does not clearly demonstrate the specific rule condition; treated as non-actionable here."
/home/chinmay/ChinmayPersonalProjects/deslop/scripts/chunks/Chunk_676_700.txt,679,/home/chinmay/ChinmayPersonalProjects/gopdfsuit/internal/benchmarktemplates/zerodha_retail.go,35,go_perf_layer_string_handling_string_lower_for_case_insensitive_compare,false_positive,"Snippet does not clearly demonstrate the specific rule condition; treated as non-actionable here."
/home/chinmay/ChinmayPersonalProjects/deslop/scripts/chunks/Chunk_676_700.txt,680,/home/chinmay/ChinmayPersonalProjects/gopdfsuit/internal/benchmarktemplates/zerodha_retail.go,40,go_perf_layer_memory_allocation_temporary_byte_slice_for_string_write,false_positive,"Snippet does not clearly demonstrate the specific rule condition; treated as non-actionable here."
/home/chinmay/ChinmayPersonalProjects/deslop/scripts/chunks/Chunk_676_700.txt,681,/home/chinmay/ChinmayPersonalProjects/gopdfsuit/internal/benchmarktemplates/zerodha_retail.go,42,go_perf_layer_network_calls_retry_loop_without_backoff,false_positive,"Snippet does not clearly demonstrate the specific rule condition; treated as non-actionable here."
/home/chinmay/ChinmayPersonalProjects/deslop/scripts/chunks/Chunk_676_700.txt,682,/home/chinmay/ChinmayPersonalProjects/gopdfsuit/internal/benchmarktemplates/zerodha_retail.go,43,stable_value_normalization_in_inner_loop,false_positive,"Snippet does not clearly demonstrate the specific rule condition; treated as non-actionable here."
/home/chinmay/ChinmayPersonalProjects/deslop/scripts/chunks/Chunk_676_700.txt,683,/home/chinmay/ChinmayPersonalProjects/gopdfsuit/internal/benchmarktemplates/zerodha_retail.go,47,string_concat_in_loop,false_positive,"Snippet does not clearly demonstrate the specific rule condition; treated as non-actionable here."
/home/chinmay/ChinmayPersonalProjects/deslop/scripts/chunks/Chunk_676_700.txt,684,/home/chinmay/ChinmayPersonalProjects/gopdfsuit/internal/benchmarktemplates/zerodha_retail.go,54,go_perf_layer_collection_iteration_copy_slice_before_readonly_range,false_positive,"Snippet does not clearly demonstrate the specific rule condition; treated as non-actionable here."
/home/chinmay/ChinmayPersonalProjects/deslop/scripts/chunks/Chunk_676_700.txt,685,/home/chinmay/ChinmayPersonalProjects/gopdfsuit/internal/benchmarktemplates/zerodha_retail.go,235,go_perf_layer_profiling_benchmarking_benchmark_missing_allocs_report,false_positive,"Snippet does not clearly demonstrate the specific rule condition; treated as non-actionable here."
/home/chinmay/ChinmayPersonalProjects/deslop/scripts/chunks/Chunk_676_700.txt,686,/home/chinmay/ChinmayPersonalProjects/gopdfsuit/internal/benchmarktemplates/zerodha_retail.go,235,go_perf_layer_string_handling_fmt_sprintf_for_simple_concat,false_positive,"Snippet does not clearly demonstrate the specific rule condition; treated as non-actionable here."
/home/chinmay/ChinmayPersonalProjects/deslop/scripts/chunks/Chunk_676_700.txt,687,/home/chinmay/ChinmayPersonalProjects/gopdfsuit/internal/benchmarktemplates/zerodha_retail.go,235,go_perf_layer_string_handling_string_lower_for_case_insensitive_compare,false_positive,"Snippet does not clearly demonstrate the specific rule condition; treated as non-actionable here."
/home/chinmay/ChinmayPersonalProjects/deslop/scripts/chunks/Chunk_676_700.txt,688,/home/chinmay/ChinmayPersonalProjects/gopdfsuit/internal/handlers/handlers.go,34,feature_flag_lookup_without_config_abstraction,false_positive,"Snippet does not clearly demonstrate the specific rule condition; treated as non-actionable here."
/home/chinmay/ChinmayPersonalProjects/deslop/scripts/chunks/Chunk_676_700.txt,689,/home/chinmay/ChinmayPersonalProjects/gopdfsuit/internal/handlers/handlers.go,38,go_perf_layer_network_calls_retry_loop_without_backoff,false_positive,"Snippet does not clearly demonstrate the specific rule condition; treated as non-actionable here."
/home/chinmay/ChinmayPersonalProjects/deslop/scripts/chunks/Chunk_676_700.txt,690,/home/chinmay/ChinmayPersonalProjects/gopdfsuit/internal/handlers/handlers.go,38,go_perf_layer_string_handling_byte_string_roundtrip_for_contains,false_positive,"Snippet does not clearly demonstrate the specific rule condition; treated as non-actionable here."
/home/chinmay/ChinmayPersonalProjects/deslop/scripts/chunks/Chunk_676_700.txt,691,/home/chinmay/ChinmayPersonalProjects/gopdfsuit/internal/handlers/handlers.go,40,go_perf_layer_string_handling_string_lower_for_case_insensitive_compare,false_positive,"Snippet does not clearly demonstrate the specific rule condition; treated as non-actionable here."
/home/chinmay/ChinmayPersonalProjects/deslop/scripts/chunks/Chunk_676_700.txt,692,/home/chinmay/ChinmayPersonalProjects/gopdfsuit/internal/handlers/handlers.go,43,go_perf_layer_io_operations_stat_before_open_without_branch,false_positive,"Snippet does not clearly demonstrate the specific rule condition; treated as non-actionable here."
/home/chinmay/ChinmayPersonalProjects/deslop/scripts/chunks/Chunk_676_700.txt,693,/home/chinmay/ChinmayPersonalProjects/gopdfsuit/internal/handlers/handlers.go,87,route_setup_scattered_without_router_package,false_positive,"Snippet does not clearly demonstrate the specific rule condition; treated as non-actionable here."
/home/chinmay/ChinmayPersonalProjects/deslop/scripts/chunks/Chunk_676_700.txt,694,/home/chinmay/ChinmayPersonalProjects/gopdfsuit/internal/handlers/handlers.go,88,go_perf_layer_runtime_configuration_debug_build_tags_in_hot_binary,false_positive,"Snippet does not clearly demonstrate the specific rule condition; treated as non-actionable here."
/home/chinmay/ChinmayPersonalProjects/deslop/scripts/chunks/Chunk_676_700.txt,695,/home/chinmay/ChinmayPersonalProjects/gopdfsuit/internal/handlers/handlers.go,89,go_perf_layer_database_access_count_query_before_paged_fetch,false_positive,"Snippet does not clearly demonstrate the specific rule condition; treated as non-actionable here."
/home/chinmay/ChinmayPersonalProjects/deslop/scripts/chunks/Chunk_676_700.txt,696,/home/chinmay/ChinmayPersonalProjects/gopdfsuit/internal/handlers/handlers.go,89,go_perf_layer_database_access_query_inside_loop_without_batching,false_positive,"Snippet does not clearly demonstrate the specific rule condition; treated as non-actionable here."
/home/chinmay/ChinmayPersonalProjects/deslop/scripts/chunks/Chunk_676_700.txt,697,/home/chinmay/ChinmayPersonalProjects/gopdfsuit/internal/handlers/handlers.go,92,go_perf_layer_caching_per_request_config_cache_rebuild,false_positive,"Snippet does not clearly demonstrate the specific rule condition; treated as non-actionable here."
/home/chinmay/ChinmayPersonalProjects/deslop/scripts/chunks/Chunk_676_700.txt,698,/home/chinmay/ChinmayPersonalProjects/gopdfsuit/internal/handlers/handlers.go,92,go_perf_layer_io_operations_stat_before_open_without_branch,false_positive,"Snippet does not clearly demonstrate the specific rule condition; treated as non-actionable here."
/home/chinmay/ChinmayPersonalProjects/deslop/scripts/chunks/Chunk_676_700.txt,699,/home/chinmay/ChinmayPersonalProjects/gopdfsuit/internal/handlers/handlers.go,92,go_perf_layer_lazy_loading_eager_load_optional_config,false_positive,"Snippet does not clearly demonstrate the specific rule condition; treated as non-actionable here."
/home/chinmay/ChinmayPersonalProjects/deslop/scripts/chunks/Chunk_676_700.txt,700,/home/chinmay/ChinmayPersonalProjects/gopdfsuit/internal/handlers/handlers.go,92,go_perf_layer_network_calls_tls_config_built_per_request,false_positive,"Snippet does not clearly demonstrate the specific rule condition; treated as non-actionable here."
/home/chinmay/ChinmayPersonalProjects/deslop/scripts/chunks/Chunk_701_725.txt,701,/home/chinmay/ChinmayPersonalProjects/gopdfsuit/internal/handlers/handlers.go,93,go_perf_layer_string_handling_regexp_compile_in_request_path,false_positive,"Snippet does not clearly demonstrate the specific rule condition; treated as non-actionable here."
/home/chinmay/ChinmayPersonalProjects/deslop/scripts/chunks/Chunk_701_725.txt,702,/home/chinmay/ChinmayPersonalProjects/gopdfsuit/internal/handlers/handlers.go,94,go_perf_layer_collection_iteration_manual_index_loop_without_bounds_need,false_positive,"Snippet does not clearly demonstrate the specific rule condition; treated as non-actionable here."
/home/chinmay/ChinmayPersonalProjects/deslop/scripts/chunks/Chunk_701_725.txt,703,/home/chinmay/ChinmayPersonalProjects/gopdfsuit/internal/handlers/handlers.go,94,go_perf_layer_hot_path_optimization_allocation_in_hash_or_less_func,false_positive,"Snippet does not clearly demonstrate the specific rule condition; treated as non-actionable here."
/home/chinmay/ChinmayPersonalProjects/deslop/scripts/chunks/Chunk_701_725.txt,704,/home/chinmay/ChinmayPersonalProjects/gopdfsuit/internal/handlers/handlers.go,94,go_perf_layer_hot_path_optimization_invariant_parse_inside_handler,false_positive,"Snippet does not clearly demonstrate the specific rule condition; treated as non-actionable here."
/home/chinmay/ChinmayPersonalProjects/deslop/scripts/chunks/Chunk_701_725.txt,705,/home/chinmay/ChinmayPersonalProjects/gopdfsuit/internal/handlers/handlers.go,94,go_perf_layer_network_calls_retry_loop_without_backoff,false_positive,"Snippet does not clearly demonstrate the specific rule condition; treated as non-actionable here."
/home/chinmay/ChinmayPersonalProjects/deslop/scripts/chunks/Chunk_701_725.txt,706,/home/chinmay/ChinmayPersonalProjects/gopdfsuit/internal/handlers/handlers.go,96,go_perf_layer_profiling_benchmarking_pprof_endpoint_enabled_without_sampling_plan,false_positive,"Snippet does not clearly demonstrate the specific rule condition; treated as non-actionable here."
/home/chinmay/ChinmayPersonalProjects/deslop/scripts/chunks/Chunk_701_725.txt,707,/home/chinmay/ChinmayPersonalProjects/gopdfsuit/internal/handlers/handlers.go,98,route_setup_scattered_without_router_package,false_positive,"Snippet does not clearly demonstrate the specific rule condition; treated as non-actionable here."
/home/chinmay/ChinmayPersonalProjects/deslop/scripts/chunks/Chunk_701_725.txt,708,/home/chinmay/ChinmayPersonalProjects/gopdfsuit/internal/handlers/handlers.go,101,go_perf_layer_network_calls_dns_lookup_per_request_path,false_positive,"Snippet does not clearly demonstrate the specific rule condition; treated as non-actionable here."
/home/chinmay/ChinmayPersonalProjects/deslop/scripts/chunks/Chunk_701_725.txt,709,/home/chinmay/ChinmayPersonalProjects/gopdfsuit/internal/handlers/handlers.go,101,go_perf_layer_resource_pooling_rate_limiter_per_request,false_positive,"Snippet does not clearly demonstrate the specific rule condition; treated as non-actionable here."
/home/chinmay/ChinmayPersonalProjects/deslop/scripts/chunks/Chunk_701_725.txt,710,/home/chinmay/ChinmayPersonalProjects/gopdfsuit/internal/handlers/handlers.go,102,gin_route_registration_anonymous_function_overuse,false_positive,"Snippet does not clearly demonstrate the specific rule condition; treated as non-actionable here."
/home/chinmay/ChinmayPersonalProjects/deslop/scripts/chunks/Chunk_701_725.txt,711,/home/chinmay/ChinmayPersonalProjects/gopdfsuit/internal/handlers/handlers.go,106,go_perf_layer_garbage_collection_cleanup_response_body_not_drained_for_reuse,false_positive,"Snippet does not clearly demonstrate the specific rule condition; treated as non-actionable here."
/home/chinmay/ChinmayPersonalProjects/deslop/scripts/chunks/Chunk_701_725.txt,712,/home/chinmay/ChinmayPersonalProjects/gopdfsuit/internal/handlers/handlers.go,111,gin_route_paths_repeated_as_raw_strings,false_positive,"Snippet does not clearly demonstrate the specific rule condition; treated as non-actionable here."
/home/chinmay/ChinmayPersonalProjects/deslop/scripts/chunks/Chunk_701_725.txt,713,/home/chinmay/ChinmayPersonalProjects/gopdfsuit/internal/handlers/handlers.go,127,admin_or_debug_endpoint_registration_mixed_into_public_router_setup,false_positive,"Snippet does not clearly demonstrate the specific rule condition; treated as non-actionable here."
/home/chinmay/ChinmayPersonalProjects/deslop/scripts/chunks/Chunk_701_725.txt,714,/home/chinmay/ChinmayPersonalProjects/gopdfsuit/internal/handlers/handlers.go,127,debug_endpoint_in_production,false_positive,"Snippet does not clearly demonstrate the specific rule condition; treated as non-actionable here."
/home/chinmay/ChinmayPersonalProjects/deslop/scripts/chunks/Chunk_701_725.txt,715,/home/chinmay/ChinmayPersonalProjects/gopdfsuit/internal/handlers/handlers.go,132,go_perf_layer_error_handling_cost_errors_wrap_in_tight_loop,false_positive,"Snippet does not clearly demonstrate the specific rule condition; treated as non-actionable here."
/home/chinmay/ChinmayPersonalProjects/deslop/scripts/chunks/Chunk_701_725.txt,716,/home/chinmay/ChinmayPersonalProjects/gopdfsuit/internal/handlers/handlers.go,132,go_perf_layer_error_handling_cost_sentinel_error_allocated_per_call,false_positive,"Snippet does not clearly demonstrate the specific rule condition; treated as non-actionable here."
/home/chinmay/ChinmayPersonalProjects/deslop/scripts/chunks/Chunk_701_725.txt,717,/home/chinmay/ChinmayPersonalProjects/gopdfsuit/internal/handlers/handlers.go,132,go_perf_layer_serialization_json_decoder_without_reuse_for_stream,false_positive,"Snippet does not clearly demonstrate the specific rule condition; treated as non-actionable here."
/home/chinmay/ChinmayPersonalProjects/deslop/scripts/chunks/Chunk_701_725.txt,718,/home/chinmay/ChinmayPersonalProjects/gopdfsuit/internal/handlers/handlers.go,145,go_perf_layer_async_concurrency_goroutine_per_item_without_worker_limit,false_positive,"Snippet does not clearly demonstrate the specific rule condition; treated as non-actionable here."
/home/chinmay/ChinmayPersonalProjects/deslop/scripts/chunks/Chunk_701_725.txt,719,/home/chinmay/ChinmayPersonalProjects/gopdfsuit/internal/handlers/handlers.go,162,gin_handler_mixes_html_json_and_file_responses,false_positive,"Snippet does not clearly demonstrate the specific rule condition; treated as non-actionable here."
/home/chinmay/ChinmayPersonalProjects/deslop/scripts/chunks/Chunk_701_725.txt,720,/home/chinmay/ChinmayPersonalProjects/gopdfsuit/internal/handlers/handlers.go,162,gin_handler_returns_multiple_response_shapes,true_positive,"Single handler returns multiple response shapes across branches (e.g., JSON error vs binary/file success)."
/home/chinmay/ChinmayPersonalProjects/deslop/scripts/chunks/Chunk_701_725.txt,721,/home/chinmay/ChinmayPersonalProjects/gopdfsuit/internal/handlers/handlers.go,162,same_domain_error_mapped_to_multiple_statuses,false_positive,"Snippet does not clearly demonstrate the specific rule condition; treated as non-actionable here."
/home/chinmay/ChinmayPersonalProjects/deslop/scripts/chunks/Chunk_701_725.txt,722,/home/chinmay/ChinmayPersonalProjects/gopdfsuit/internal/handlers/handlers.go,164,filepath_join_with_user_path,false_positive,"Snippet does not clearly demonstrate the specific rule condition; treated as non-actionable here."
/home/chinmay/ChinmayPersonalProjects/deslop/scripts/chunks/Chunk_701_725.txt,723,/home/chinmay/ChinmayPersonalProjects/gopdfsuit/internal/handlers/handlers.go,164,go_perf_layer_io_operations_stat_before_open_without_branch,false_positive,"Snippet does not clearly demonstrate the specific rule condition; treated as non-actionable here."
/home/chinmay/ChinmayPersonalProjects/deslop/scripts/chunks/Chunk_701_725.txt,724,/home/chinmay/ChinmayPersonalProjects/gopdfsuit/internal/handlers/handlers.go,167,go_perf_layer_error_handling_cost_error_string_built_before_error_needed,false_positive,"Snippet does not clearly demonstrate the specific rule condition; treated as non-actionable here."
/home/chinmay/ChinmayPersonalProjects/deslop/scripts/chunks/Chunk_701_725.txt,725,/home/chinmay/ChinmayPersonalProjects/gopdfsuit/internal/handlers/handlers.go,168,go_perf_layer_serialization_json_decoder_without_reuse_for_stream,false_positive,"Snippet does not clearly demonstrate the specific rule condition; treated as non-actionable here."
/home/chinmay/ChinmayPersonalProjects/deslop/scripts/chunks/Chunk_726_750.txt,726,/home/chinmay/ChinmayPersonalProjects/gopdfsuit/internal/handlers/handlers.go,178,gin_handler_mixes_html_json_and_file_responses,false_positive,"Snippet does not clearly demonstrate the specific rule condition; treated as non-actionable here."
/home/chinmay/ChinmayPersonalProjects/deslop/scripts/chunks/Chunk_726_750.txt,727,/home/chinmay/ChinmayPersonalProjects/gopdfsuit/internal/handlers/handlers.go,178,gin_handler_returns_multiple_response_shapes,true_positive,"Single handler returns multiple response shapes across branches (e.g., JSON error vs binary/file success)."
/home/chinmay/ChinmayPersonalProjects/deslop/scripts/chunks/Chunk_726_750.txt,728,/home/chinmay/ChinmayPersonalProjects/gopdfsuit/internal/handlers/handlers.go,179,go_perf_layer_database_access_query_inside_loop_without_batching,false_positive,"Snippet does not clearly demonstrate the specific rule condition; treated as non-actionable here."
/home/chinmay/ChinmayPersonalProjects/deslop/scripts/chunks/Chunk_726_750.txt,729,/home/chinmay/ChinmayPersonalProjects/gopdfsuit/internal/handlers/handlers.go,179,go_perf_layer_io_operations_stat_before_open_without_branch,false_positive,"Snippet does not clearly demonstrate the specific rule condition; treated as non-actionable here."
/home/chinmay/ChinmayPersonalProjects/deslop/scripts/chunks/Chunk_726_750.txt,730,/home/chinmay/ChinmayPersonalProjects/gopdfsuit/internal/handlers/handlers.go,180,go_perf_layer_serialization_json_marshal_for_deep_equal,false_positive,"Snippet does not clearly demonstrate the specific rule condition; treated as non-actionable here."
/home/chinmay/ChinmayPersonalProjects/deslop/scripts/chunks/Chunk_726_750.txt,731,/home/chinmay/ChinmayPersonalProjects/gopdfsuit/internal/handlers/handlers.go,180,validation_logic_duplicated_across_handlers,false_positive,"Snippet does not clearly demonstrate the specific rule condition; treated as non-actionable here."
/home/chinmay/ChinmayPersonalProjects/deslop/scripts/chunks/Chunk_726_750.txt,732,/home/chinmay/ChinmayPersonalProjects/gopdfsuit/internal/handlers/handlers.go,181,go_perf_layer_logging_overhead_log_payload_serialized_before_sampling,false_positive,"Snippet does not clearly demonstrate the specific rule condition; treated as non-actionable here."
/home/chinmay/ChinmayPersonalProjects/deslop/scripts/chunks/Chunk_726_750.txt,733,/home/chinmay/ChinmayPersonalProjects/gopdfsuit/internal/handlers/handlers.go,181,go_perf_layer_network_calls_dns_lookup_per_request_path,false_positive,"Snippet does not clearly demonstrate the specific rule condition; treated as non-actionable here."
/home/chinmay/ChinmayPersonalProjects/deslop/scripts/chunks/Chunk_726_750.txt,734,/home/chinmay/ChinmayPersonalProjects/gopdfsuit/internal/handlers/handlers.go,181,go_perf_layer_network_calls_retry_loop_without_backoff,false_positive,"Snippet does not clearly demonstrate the specific rule condition; treated as non-actionable here."
/home/chinmay/ChinmayPersonalProjects/deslop/scripts/chunks/Chunk_726_750.txt,735,/home/chinmay/ChinmayPersonalProjects/gopdfsuit/internal/handlers/handlers.go,181,go_perf_layer_resource_pooling_rate_limiter_per_request,false_positive,"Snippet does not clearly demonstrate the specific rule condition; treated as non-actionable here."
/home/chinmay/ChinmayPersonalProjects/deslop/scripts/chunks/Chunk_726_750.txt,736,/home/chinmay/ChinmayPersonalProjects/gopdfsuit/internal/handlers/handlers.go,181,go_perf_layer_serialization_json_decoder_without_reuse_for_stream,false_positive,"Snippet does not clearly demonstrate the specific rule condition; treated as non-actionable here."
/home/chinmay/ChinmayPersonalProjects/deslop/scripts/chunks/Chunk_726_750.txt,737,/home/chinmay/ChinmayPersonalProjects/gopdfsuit/internal/handlers/handlers.go,181,go_perf_layer_serialization_map_any_json_decode_in_hot_path,false_positive,"Snippet does not clearly demonstrate the specific rule condition; treated as non-actionable here."
/home/chinmay/ChinmayPersonalProjects/deslop/scripts/chunks/Chunk_726_750.txt,738,/home/chinmay/ChinmayPersonalProjects/gopdfsuit/internal/handlers/handlers.go,181,go_perf_layer_string_handling_regexp_compile_in_request_path,false_positive,"Snippet does not clearly demonstrate the specific rule condition; treated as non-actionable here."
/home/chinmay/ChinmayPersonalProjects/deslop/scripts/chunks/Chunk_726_750.txt,739,/home/chinmay/ChinmayPersonalProjects/gopdfsuit/internal/handlers/handlers.go,195,filepath_join_with_user_path,false_positive,"Snippet does not clearly demonstrate the specific rule condition; treated as non-actionable here."
/home/chinmay/ChinmayPersonalProjects/deslop/scripts/chunks/Chunk_726_750.txt,740,/home/chinmay/ChinmayPersonalProjects/gopdfsuit/internal/handlers/handlers.go,198,file_or_template_read_per_request,false_positive,"Snippet does not clearly demonstrate the specific rule condition; treated as non-actionable here."
/home/chinmay/ChinmayPersonalProjects/deslop/scripts/chunks/Chunk_726_750.txt,741,/home/chinmay/ChinmayPersonalProjects/gopdfsuit/internal/handlers/handlers.go,198,full_dataset_load,true_positive,"Snippet shows full payload/file materialization in memory instead of a streaming path."
/home/chinmay/ChinmayPersonalProjects/deslop/scripts/chunks/Chunk_726_750.txt,742,/home/chinmay/ChinmayPersonalProjects/gopdfsuit/internal/handlers/handlers.go,207,error_detail_leaked_to_client,true_positive,"Snippet returns detailed err.Error() text in client-facing JSON responses."
/home/chinmay/ChinmayPersonalProjects/deslop/scripts/chunks/Chunk_726_750.txt,743,/home/chinmay/ChinmayPersonalProjects/gopdfsuit/internal/handlers/handlers.go,207,handler_switches_on_error_strings,false_positive,"Snippet does not clearly demonstrate the specific rule condition; treated as non-actionable here."
/home/chinmay/ChinmayPersonalProjects/deslop/scripts/chunks/Chunk_726_750.txt,744,/home/chinmay/ChinmayPersonalProjects/gopdfsuit/internal/handlers/handlers.go,207,raw_db_error_exposed_to_client,false_positive,"Snippet shows generic request/file errors, not direct SQL/GORM error text exposure."
/home/chinmay/ChinmayPersonalProjects/deslop/scripts/chunks/Chunk_726_750.txt,745,/home/chinmay/ChinmayPersonalProjects/gopdfsuit/internal/handlers/handlers.go,213,servefile_via_readfile_then_c_data,false_positive,"Snippet does not clearly demonstrate the specific rule condition; treated as non-actionable here."
/home/chinmay/ChinmayPersonalProjects/deslop/scripts/chunks/Chunk_726_750.txt,746,/home/chinmay/ChinmayPersonalProjects/gopdfsuit/internal/handlers/handlers.go,221,go_perf_layer_io_operations_stat_before_open_without_branch,false_positive,"Snippet does not clearly demonstrate the specific rule condition; treated as non-actionable here."
/home/chinmay/ChinmayPersonalProjects/deslop/scripts/chunks/Chunk_726_750.txt,747,/home/chinmay/ChinmayPersonalProjects/gopdfsuit/internal/handlers/handlers.go,221,go_perf_layer_serialization_json_decoder_without_reuse_for_stream,false_positive,"Snippet does not clearly demonstrate the specific rule condition; treated as non-actionable here."
/home/chinmay/ChinmayPersonalProjects/deslop/scripts/chunks/Chunk_726_750.txt,748,/home/chinmay/ChinmayPersonalProjects/gopdfsuit/internal/handlers/handlers.go,228,go_perf_layer_error_handling_cost_error_string_built_before_error_needed,false_positive,"Snippet does not clearly demonstrate the specific rule condition; treated as non-actionable here."
/home/chinmay/ChinmayPersonalProjects/deslop/scripts/chunks/Chunk_726_750.txt,749,/home/chinmay/ChinmayPersonalProjects/gopdfsuit/internal/handlers/handlers.go,228,go_perf_layer_io_operations_readall_on_known_large_file,false_positive,"Snippet does not clearly demonstrate the specific rule condition; treated as non-actionable here."
/home/chinmay/ChinmayPersonalProjects/deslop/scripts/chunks/Chunk_726_750.txt,750,/home/chinmay/ChinmayPersonalProjects/gopdfsuit/internal/handlers/handlers.go,228,go_perf_layer_io_operations_stat_before_open_without_branch,false_positive,"Snippet does not clearly demonstrate the specific rule condition; treated as non-actionable here."
/home/chinmay/ChinmayPersonalProjects/deslop/scripts/chunks/Chunk_751_775.txt,751,/home/chinmay/ChinmayPersonalProjects/gopdfsuit/internal/handlers/handlers.go,230,go_perf_layer_algorithmic_complexity_per_request_topk_full_sort,false_positive,"Snippet does not clearly demonstrate the specific rule condition; treated as non-actionable here."
/home/chinmay/ChinmayPersonalProjects/deslop/scripts/chunks/Chunk_751_775.txt,752,/home/chinmay/ChinmayPersonalProjects/gopdfsuit/internal/handlers/handlers.go,230,go_perf_layer_caching_json_cache_value_stored_as_string,false_positive,"Snippet does not clearly demonstrate the specific rule condition; treated as non-actionable here."
/home/chinmay/ChinmayPersonalProjects/deslop/scripts/chunks/Chunk_751_775.txt,753,/home/chinmay/ChinmayPersonalProjects/gopdfsuit/internal/handlers/handlers.go,230,go_perf_layer_network_calls_dns_lookup_per_request_path,false_positive,"Snippet does not clearly demonstrate the specific rule condition; treated as non-actionable here."
/home/chinmay/ChinmayPersonalProjects/deslop/scripts/chunks/Chunk_751_775.txt,754,/home/chinmay/ChinmayPersonalProjects/gopdfsuit/internal/handlers/handlers.go,230,go_perf_layer_resource_pooling_rate_limiter_per_request,false_positive,"Snippet does not clearly demonstrate the specific rule condition; treated as non-actionable here."
/home/chinmay/ChinmayPersonalProjects/deslop/scripts/chunks/Chunk_751_775.txt,755,/home/chinmay/ChinmayPersonalProjects/gopdfsuit/internal/handlers/handlers.go,230,go_perf_layer_serialization_json_decoder_without_reuse_for_stream,false_positive,"Snippet does not clearly demonstrate the specific rule condition; treated as non-actionable here."
/home/chinmay/ChinmayPersonalProjects/deslop/scripts/chunks/Chunk_751_775.txt,756,/home/chinmay/ChinmayPersonalProjects/gopdfsuit/internal/handlers/handlers.go,230,go_perf_layer_string_handling_regexp_compile_in_request_path,false_positive,"Snippet does not clearly demonstrate the specific rule condition; treated as non-actionable here."
/home/chinmay/ChinmayPersonalProjects/deslop/scripts/chunks/Chunk_751_775.txt,757,/home/chinmay/ChinmayPersonalProjects/gopdfsuit/internal/handlers/handlers.go,235,go_perf_layer_collection_iteration_len_called_after_materializing_channel,false_positive,"Snippet does not clearly demonstrate the specific rule condition; treated as non-actionable here."
/home/chinmay/ChinmayPersonalProjects/deslop/scripts/chunks/Chunk_751_775.txt,758,/home/chinmay/ChinmayPersonalProjects/gopdfsuit/internal/handlers/handlers.go,235,go_perf_layer_string_handling_string_lower_for_case_insensitive_compare,false_positive,"Snippet does not clearly demonstrate the specific rule condition; treated as non-actionable here."
/home/chinmay/ChinmayPersonalProjects/deslop/scripts/chunks/Chunk_751_775.txt,759,/home/chinmay/ChinmayPersonalProjects/gopdfsuit/internal/handlers/handlers.go,244,error_detail_leaked_to_client,true_positive,"Snippet returns detailed err.Error() text in client-facing JSON responses."
/home/chinmay/ChinmayPersonalProjects/deslop/scripts/chunks/Chunk_751_775.txt,760,/home/chinmay/ChinmayPersonalProjects/gopdfsuit/internal/handlers/handlers.go,244,handler_switches_on_error_strings,false_positive,"Snippet does not clearly demonstrate the specific rule condition; treated as non-actionable here."
/home/chinmay/ChinmayPersonalProjects/deslop/scripts/chunks/Chunk_751_775.txt,761,/home/chinmay/ChinmayPersonalProjects/gopdfsuit/internal/handlers/handlers.go,244,raw_db_error_exposed_to_client,false_positive,"Snippet shows generic request/file errors, not direct SQL/GORM error text exposure."
/home/chinmay/ChinmayPersonalProjects/deslop/scripts/chunks/Chunk_751_775.txt,762,/home/chinmay/ChinmayPersonalProjects/gopdfsuit/internal/handlers/handlers.go,251,formfile_open_readall_whole_upload,true_positive,"Handler opens uploaded form files and fully materializes content via io.ReadAll."
/home/chinmay/ChinmayPersonalProjects/deslop/scripts/chunks/Chunk_751_775.txt,763,/home/chinmay/ChinmayPersonalProjects/gopdfsuit/internal/handlers/handlers.go,251,full_dataset_load,true_positive,"Snippet shows full payload/file materialization in memory instead of a streaming path."
/home/chinmay/ChinmayPersonalProjects/deslop/scripts/chunks/Chunk_751_775.txt,764,/home/chinmay/ChinmayPersonalProjects/gopdfsuit/internal/handlers/handlers.go,253,error_detail_leaked_to_client,true_positive,"Snippet returns detailed err.Error() text in client-facing JSON responses."
/home/chinmay/ChinmayPersonalProjects/deslop/scripts/chunks/Chunk_751_775.txt,765,/home/chinmay/ChinmayPersonalProjects/gopdfsuit/internal/handlers/handlers.go,261,error_detail_leaked_to_client,true_positive,"Snippet returns detailed err.Error() text in client-facing JSON responses."
/home/chinmay/ChinmayPersonalProjects/deslop/scripts/chunks/Chunk_751_775.txt,766,/home/chinmay/ChinmayPersonalProjects/gopdfsuit/internal/handlers/handlers.go,271,gin_handler_mixes_html_json_and_file_responses,false_positive,"Snippet does not clearly demonstrate the specific rule condition; treated as non-actionable here."
/home/chinmay/ChinmayPersonalProjects/deslop/scripts/chunks/Chunk_751_775.txt,767,/home/chinmay/ChinmayPersonalProjects/gopdfsuit/internal/handlers/handlers.go,271,gin_handler_returns_multiple_response_shapes,true_positive,"Single handler returns multiple response shapes across branches (e.g., JSON error vs binary/file success)."
/home/chinmay/ChinmayPersonalProjects/deslop/scripts/chunks/Chunk_751_775.txt,768,/home/chinmay/ChinmayPersonalProjects/gopdfsuit/internal/handlers/handlers.go,272,go_perf_layer_network_calls_retry_loop_without_backoff,false_positive,"Snippet does not clearly demonstrate the specific rule condition; treated as non-actionable here."
/home/chinmay/ChinmayPersonalProjects/deslop/scripts/chunks/Chunk_751_775.txt,769,/home/chinmay/ChinmayPersonalProjects/gopdfsuit/internal/handlers/handlers.go,272,go_perf_layer_serialization_json_decoder_without_reuse_for_stream,false_positive,"Snippet does not clearly demonstrate the specific rule condition; treated as non-actionable here."
/home/chinmay/ChinmayPersonalProjects/deslop/scripts/chunks/Chunk_751_775.txt,770,/home/chinmay/ChinmayPersonalProjects/gopdfsuit/internal/handlers/handlers.go,272,go_perf_layer_serialization_json_marshal_for_deep_equal,false_positive,"Snippet does not clearly demonstrate the specific rule condition; treated as non-actionable here."
/home/chinmay/ChinmayPersonalProjects/deslop/scripts/chunks/Chunk_751_775.txt,771,/home/chinmay/ChinmayPersonalProjects/gopdfsuit/internal/handlers/handlers.go,272,go_perf_layer_serialization_map_any_json_decode_in_hot_path,false_positive,"Snippet does not clearly demonstrate the specific rule condition; treated as non-actionable here."
/home/chinmay/ChinmayPersonalProjects/deslop/scripts/chunks/Chunk_751_775.txt,772,/home/chinmay/ChinmayPersonalProjects/gopdfsuit/internal/handlers/handlers.go,276,error_detail_leaked_to_client,true_positive,"Snippet returns detailed err.Error() text in client-facing JSON responses."
/home/chinmay/ChinmayPersonalProjects/deslop/scripts/chunks/Chunk_751_775.txt,773,/home/chinmay/ChinmayPersonalProjects/gopdfsuit/internal/handlers/handlers.go,276,go_perf_layer_io_operations_stat_before_open_without_branch,false_positive,"Snippet does not clearly demonstrate the specific rule condition; treated as non-actionable here."
/home/chinmay/ChinmayPersonalProjects/deslop/scripts/chunks/Chunk_751_775.txt,774,/home/chinmay/ChinmayPersonalProjects/gopdfsuit/internal/handlers/handlers.go,276,go_perf_layer_logging_overhead_log_payload_serialized_before_sampling,false_positive,"Snippet does not clearly demonstrate the specific rule condition; treated as non-actionable here."
/home/chinmay/ChinmayPersonalProjects/deslop/scripts/chunks/Chunk_751_775.txt,775,/home/chinmay/ChinmayPersonalProjects/gopdfsuit/internal/handlers/handlers.go,276,go_perf_layer_network_calls_dns_lookup_per_request_path,false_positive,"Snippet does not clearly demonstrate the specific rule condition; treated as non-actionable here."
/home/chinmay/ChinmayPersonalProjects/deslop/scripts/chunks/Chunk_776_800.txt,776,/home/chinmay/ChinmayPersonalProjects/gopdfsuit/internal/handlers/handlers.go,276,go_perf_layer_resource_pooling_rate_limiter_per_request,false_positive,"Snippet does not clearly demonstrate the specific rule condition; treated as non-actionable here."
/home/chinmay/ChinmayPersonalProjects/deslop/scripts/chunks/Chunk_776_800.txt,777,/home/chinmay/ChinmayPersonalProjects/gopdfsuit/internal/handlers/handlers.go,276,go_perf_layer_string_handling_regexp_compile_in_request_path,false_positive,"Snippet does not clearly demonstrate the specific rule condition; treated as non-actionable here."
/home/chinmay/ChinmayPersonalProjects/deslop/scripts/chunks/Chunk_776_800.txt,778,/home/chinmay/ChinmayPersonalProjects/gopdfsuit/internal/handlers/handlers.go,276,handler_switches_on_error_strings,false_positive,"Snippet does not clearly demonstrate the specific rule condition; treated as non-actionable here."
/home/chinmay/ChinmayPersonalProjects/deslop/scripts/chunks/Chunk_776_800.txt,779,/home/chinmay/ChinmayPersonalProjects/gopdfsuit/internal/handlers/handlers.go,276,raw_db_error_exposed_to_client,false_positive,"Snippet shows generic request/file errors, not direct SQL/GORM error text exposure."
/home/chinmay/ChinmayPersonalProjects/deslop/scripts/chunks/Chunk_776_800.txt,780,/home/chinmay/ChinmayPersonalProjects/gopdfsuit/internal/handlers/handlers.go,281,error_detail_leaked_to_client,true_positive,"Snippet returns detailed err.Error() text in client-facing JSON responses."
/home/chinmay/ChinmayPersonalProjects/deslop/scripts/chunks/Chunk_776_800.txt,781,/home/chinmay/ChinmayPersonalProjects/gopdfsuit/internal/handlers/handlers.go,287,error_detail_leaked_to_client,true_positive,"Snippet returns detailed err.Error() text in client-facing JSON responses."
/home/chinmay/ChinmayPersonalProjects/deslop/scripts/chunks/Chunk_776_800.txt,782,/home/chinmay/ChinmayPersonalProjects/gopdfsuit/internal/handlers/handlers.go,298,gin_handler_mixes_html_json_and_file_responses,false_positive,"Snippet does not clearly demonstrate the specific rule condition; treated as non-actionable here."
/home/chinmay/ChinmayPersonalProjects/deslop/scripts/chunks/Chunk_776_800.txt,783,/home/chinmay/ChinmayPersonalProjects/gopdfsuit/internal/handlers/handlers.go,298,gin_handler_returns_multiple_response_shapes,true_positive,"Single handler returns multiple response shapes across branches (e.g., JSON error vs binary/file success)."
/home/chinmay/ChinmayPersonalProjects/deslop/scripts/chunks/Chunk_776_800.txt,784,/home/chinmay/ChinmayPersonalProjects/gopdfsuit/internal/handlers/handlers.go,299,go_perf_layer_io_operations_stat_before_open_without_branch,false_positive,"Snippet does not clearly demonstrate the specific rule condition; treated as non-actionable here."
/home/chinmay/ChinmayPersonalProjects/deslop/scripts/chunks/Chunk_776_800.txt,785,/home/chinmay/ChinmayPersonalProjects/gopdfsuit/internal/handlers/handlers.go,300,go_perf_layer_algorithmic_complexity_per_request_topk_full_sort,false_positive,"Snippet does not clearly demonstrate the specific rule condition; treated as non-actionable here."
/home/chinmay/ChinmayPersonalProjects/deslop/scripts/chunks/Chunk_776_800.txt,786,/home/chinmay/ChinmayPersonalProjects/gopdfsuit/internal/handlers/handlers.go,300,go_perf_layer_logging_overhead_logger_with_fields_per_request,false_positive,"Snippet does not clearly demonstrate the specific rule condition; treated as non-actionable here."
/home/chinmay/ChinmayPersonalProjects/deslop/scripts/chunks/Chunk_776_800.txt,787,/home/chinmay/ChinmayPersonalProjects/gopdfsuit/internal/handlers/handlers.go,300,go_perf_layer_network_calls_dns_lookup_per_request_path,false_positive,"Snippet does not clearly demonstrate the specific rule condition; treated as non-actionable here."
/home/chinmay/ChinmayPersonalProjects/deslop/scripts/chunks/Chunk_776_800.txt,788,/home/chinmay/ChinmayPersonalProjects/gopdfsuit/internal/handlers/handlers.go,300,go_perf_layer_resource_pooling_rate_limiter_per_request,false_positive,"Snippet does not clearly demonstrate the specific rule condition; treated as non-actionable here."
/home/chinmay/ChinmayPersonalProjects/deslop/scripts/chunks/Chunk_776_800.txt,789,/home/chinmay/ChinmayPersonalProjects/gopdfsuit/internal/handlers/handlers.go,300,go_perf_layer_string_handling_regexp_compile_in_request_path,false_positive,"Snippet does not clearly demonstrate the specific rule condition; treated as non-actionable here."
/home/chinmay/ChinmayPersonalProjects/deslop/scripts/chunks/Chunk_776_800.txt,790,/home/chinmay/ChinmayPersonalProjects/gopdfsuit/internal/handlers/handlers.go,301,go_perf_layer_collection_iteration_copy_slice_before_readonly_range,false_positive,"Snippet does not clearly demonstrate the specific rule condition; treated as non-actionable here."
/home/chinmay/ChinmayPersonalProjects/deslop/scripts/chunks/Chunk_776_800.txt,791,/home/chinmay/ChinmayPersonalProjects/gopdfsuit/internal/handlers/handlers.go,301,go_perf_layer_memory_allocation_temporary_byte_slice_for_string_write,false_positive,"Snippet does not clearly demonstrate the specific rule condition; treated as non-actionable here."
/home/chinmay/ChinmayPersonalProjects/deslop/scripts/chunks/Chunk_776_800.txt,792,/home/chinmay/ChinmayPersonalProjects/gopdfsuit/internal/handlers/handlers.go,303,go_perf_layer_hot_path_optimization_allocation_in_hash_or_less_func,false_positive,"Snippet does not clearly demonstrate the specific rule condition; treated as non-actionable here."
/home/chinmay/ChinmayPersonalProjects/deslop/scripts/chunks/Chunk_776_800.txt,793,/home/chinmay/ChinmayPersonalProjects/gopdfsuit/internal/handlers/handlers.go,304,go_perf_layer_garbage_collection_cleanup_response_body_not_drained_for_reuse,false_positive,"Snippet does not clearly demonstrate the specific rule condition; treated as non-actionable here."
/home/chinmay/ChinmayPersonalProjects/deslop/scripts/chunks/Chunk_776_800.txt,794,/home/chinmay/ChinmayPersonalProjects/gopdfsuit/internal/handlers/handlers.go,306,go_perf_layer_error_handling_cost_sentinel_error_allocated_per_call,false_positive,"Snippet does not clearly demonstrate the specific rule condition; treated as non-actionable here."
/home/chinmay/ChinmayPersonalProjects/deslop/scripts/chunks/Chunk_776_800.txt,795,/home/chinmay/ChinmayPersonalProjects/gopdfsuit/internal/handlers/handlers.go,308,go_perf_layer_serialization_json_marshal_for_deep_equal,false_positive,"Snippet does not clearly demonstrate the specific rule condition; treated as non-actionable here."
/home/chinmay/ChinmayPersonalProjects/deslop/scripts/chunks/Chunk_776_800.txt,796,/home/chinmay/ChinmayPersonalProjects/gopdfsuit/internal/handlers/handlers.go,328,http_response_body_not_closed,false_positive,"Shown code does not acquire an outbound HTTP response object requiring resp.Body.Close()."
/home/chinmay/ChinmayPersonalProjects/deslop/scripts/chunks/Chunk_776_800.txt,797,/home/chinmay/ChinmayPersonalProjects/gopdfsuit/internal/handlers/handlers.go,333,http_response_body_not_closed,false_positive,"Shown code does not acquire an outbound HTTP response object requiring resp.Body.Close()."
/home/chinmay/ChinmayPersonalProjects/deslop/scripts/chunks/Chunk_776_800.txt,798,/home/chinmay/ChinmayPersonalProjects/gopdfsuit/internal/handlers/handlers.go,339,go_perf_layer_serialization_json_decoder_without_reuse_for_stream,false_positive,"Snippet does not clearly demonstrate the specific rule condition; treated as non-actionable here."
/home/chinmay/ChinmayPersonalProjects/deslop/scripts/chunks/Chunk_776_800.txt,799,/home/chinmay/ChinmayPersonalProjects/gopdfsuit/internal/handlers/handlers.go,345,error_detail_leaked_to_client,true_positive,"Snippet returns detailed err.Error() text in client-facing JSON responses."
/home/chinmay/ChinmayPersonalProjects/deslop/scripts/chunks/Chunk_776_800.txt,800,/home/chinmay/ChinmayPersonalProjects/gopdfsuit/internal/handlers/handlers.go,345,handler_switches_on_error_strings,false_positive,"Snippet does not clearly demonstrate the specific rule condition; treated as non-actionable here."
/home/chinmay/ChinmayPersonalProjects/deslop/scripts/chunks/Chunk_801_825.txt,801,/home/chinmay/ChinmayPersonalProjects/gopdfsuit/internal/handlers/handlers.go,345,raw_db_error_exposed_to_client,false_positive,"Snippet shows generic request/file errors, not direct SQL/GORM error text exposure."
/home/chinmay/ChinmayPersonalProjects/deslop/scripts/chunks/Chunk_801_825.txt,802,/home/chinmay/ChinmayPersonalProjects/gopdfsuit/internal/handlers/handlers.go,356,gin_handler_mixes_html_json_and_file_responses,false_positive,"Snippet does not clearly demonstrate the specific rule condition; treated as non-actionable here."
/home/chinmay/ChinmayPersonalProjects/deslop/scripts/chunks/Chunk_801_825.txt,803,/home/chinmay/ChinmayPersonalProjects/gopdfsuit/internal/handlers/handlers.go,356,gin_handler_returns_multiple_response_shapes,true_positive,"Single handler returns multiple response shapes across branches (e.g., JSON error vs binary/file success)."
/home/chinmay/ChinmayPersonalProjects/deslop/scripts/chunks/Chunk_801_825.txt,804,/home/chinmay/ChinmayPersonalProjects/gopdfsuit/internal/handlers/handlers.go,357,go_perf_layer_algorithmic_complexity_per_request_topk_full_sort,false_positive,"Snippet does not clearly demonstrate the specific rule condition; treated as non-actionable here."
/home/chinmay/ChinmayPersonalProjects/deslop/scripts/chunks/Chunk_801_825.txt,805,/home/chinmay/ChinmayPersonalProjects/gopdfsuit/internal/handlers/handlers.go,357,go_perf_layer_collection_iteration_copy_slice_before_readonly_range,false_positive,"Snippet does not clearly demonstrate the specific rule condition; treated as non-actionable here."
/home/chinmay/ChinmayPersonalProjects/deslop/scripts/chunks/Chunk_801_825.txt,806,/home/chinmay/ChinmayPersonalProjects/gopdfsuit/internal/handlers/handlers.go,357,go_perf_layer_collection_iteration_manual_index_loop_without_bounds_need,false_positive,"Snippet does not clearly demonstrate the specific rule condition; treated as non-actionable here."
/home/chinmay/ChinmayPersonalProjects/deslop/scripts/chunks/Chunk_801_825.txt,807,/home/chinmay/ChinmayPersonalProjects/gopdfsuit/internal/handlers/handlers.go,357,go_perf_layer_database_access_query_inside_loop_without_batching,false_positive,"Snippet does not clearly demonstrate the specific rule condition; treated as non-actionable here."
/home/chinmay/ChinmayPersonalProjects/deslop/scripts/chunks/Chunk_801_825.txt,808,/home/chinmay/ChinmayPersonalProjects/gopdfsuit/internal/handlers/handlers.go,357,go_perf_layer_error_handling_cost_errors_wrap_in_tight_loop,false_positive,"Snippet does not clearly demonstrate the specific rule condition; treated as non-actionable here."
/home/chinmay/ChinmayPersonalProjects/deslop/scripts/chunks/Chunk_801_825.txt,809,/home/chinmay/ChinmayPersonalProjects/gopdfsuit/internal/handlers/handlers.go,357,go_perf_layer_hot_path_optimization_invariant_parse_inside_handler,false_positive,"Snippet does not clearly demonstrate the specific rule condition; treated as non-actionable here."
/home/chinmay/ChinmayPersonalProjects/deslop/scripts/chunks/Chunk_801_825.txt,810,/home/chinmay/ChinmayPersonalProjects/gopdfsuit/internal/handlers/handlers.go,357,go_perf_layer_io_operations_readall_on_known_large_file,false_positive,"Snippet does not clearly demonstrate the specific rule condition; treated as non-actionable here."
/home/chinmay/ChinmayPersonalProjects/deslop/scripts/chunks/Chunk_801_825.txt,811,/home/chinmay/ChinmayPersonalProjects/gopdfsuit/internal/handlers/handlers.go,357,go_perf_layer_io_operations_scanner_used_for_large_token_stream,false_positive,"Snippet does not clearly demonstrate the specific rule condition; treated as non-actionable here."
/home/chinmay/ChinmayPersonalProjects/deslop/scripts/chunks/Chunk_801_825.txt,812,/home/chinmay/ChinmayPersonalProjects/gopdfsuit/internal/handlers/handlers.go,357,go_perf_layer_io_operations_stat_before_open_without_branch,false_positive,"Snippet does not clearly demonstrate the specific rule condition; treated as non-actionable here."
/home/chinmay/ChinmayPersonalProjects/deslop/scripts/chunks/Chunk_801_825.txt,813,/home/chinmay/ChinmayPersonalProjects/gopdfsuit/internal/handlers/handlers.go,357,go_perf_layer_io_operations_temporary_file_for_stream_transform,false_positive,"Snippet does not clearly demonstrate the specific rule condition; treated as non-actionable here."
/home/chinmay/ChinmayPersonalProjects/deslop/scripts/chunks/Chunk_801_825.txt,814,/home/chinmay/ChinmayPersonalProjects/gopdfsuit/internal/handlers/handlers.go,357,go_perf_layer_network_calls_dns_lookup_per_request_path,false_positive,"Snippet does not clearly demonstrate the specific rule condition; treated as non-actionable here."
/home/chinmay/ChinmayPersonalProjects/deslop/scripts/chunks/Chunk_801_825.txt,815,/home/chinmay/ChinmayPersonalProjects/gopdfsuit/internal/handlers/handlers.go,357,go_perf_layer_network_calls_retry_loop_without_backoff,false_positive,"Snippet does not clearly demonstrate the specific rule condition; treated as non-actionable here."
/home/chinmay/ChinmayPersonalProjects/deslop/scripts/chunks/Chunk_801_825.txt,816,/home/chinmay/ChinmayPersonalProjects/gopdfsuit/internal/handlers/handlers.go,357,go_perf_layer_resource_pooling_rate_limiter_per_request,false_positive,"Snippet does not clearly demonstrate the specific rule condition; treated as non-actionable here."
/home/chinmay/ChinmayPersonalProjects/deslop/scripts/chunks/Chunk_801_825.txt,817,/home/chinmay/ChinmayPersonalProjects/gopdfsuit/internal/handlers/handlers.go,357,go_perf_layer_string_handling_regexp_compile_in_request_path,false_positive,"Snippet does not clearly demonstrate the specific rule condition; treated as non-actionable here."
/home/chinmay/ChinmayPersonalProjects/deslop/scripts/chunks/Chunk_801_825.txt,818,/home/chinmay/ChinmayPersonalProjects/gopdfsuit/internal/handlers/handlers.go,360,error_detail_leaked_to_client,true_positive,"Snippet returns detailed err.Error() text in client-facing JSON responses."
/home/chinmay/ChinmayPersonalProjects/deslop/scripts/chunks/Chunk_801_825.txt,819,/home/chinmay/ChinmayPersonalProjects/gopdfsuit/internal/handlers/handlers.go,360,go_perf_layer_serialization_json_decoder_without_reuse_for_stream,false_positive,"Snippet does not clearly demonstrate the specific rule condition; treated as non-actionable here."
/home/chinmay/ChinmayPersonalProjects/deslop/scripts/chunks/Chunk_801_825.txt,820,/home/chinmay/ChinmayPersonalProjects/gopdfsuit/internal/handlers/handlers.go,360,go_perf_layer_serialization_json_marshal_for_deep_equal,false_positive,"Snippet does not clearly demonstrate the specific rule condition; treated as non-actionable here."
/home/chinmay/ChinmayPersonalProjects/deslop/scripts/chunks/Chunk_801_825.txt,821,/home/chinmay/ChinmayPersonalProjects/gopdfsuit/internal/handlers/handlers.go,360,handler_switches_on_error_strings,false_positive,"Snippet does not clearly demonstrate the specific rule condition; treated as non-actionable here."
/home/chinmay/ChinmayPersonalProjects/deslop/scripts/chunks/Chunk_801_825.txt,822,/home/chinmay/ChinmayPersonalProjects/gopdfsuit/internal/handlers/handlers.go,360,raw_db_error_exposed_to_client,false_positive,"Snippet shows generic request/file errors, not direct SQL/GORM error text exposure."
/home/chinmay/ChinmayPersonalProjects/deslop/scripts/chunks/Chunk_801_825.txt,823,/home/chinmay/ChinmayPersonalProjects/gopdfsuit/internal/handlers/handlers.go,365,go_perf_layer_collection_iteration_len_called_after_materializing_channel,false_positive,"Snippet does not clearly demonstrate the specific rule condition; treated as non-actionable here."
/home/chinmay/ChinmayPersonalProjects/deslop/scripts/chunks/Chunk_801_825.txt,824,/home/chinmay/ChinmayPersonalProjects/gopdfsuit/internal/handlers/handlers.go,370,go_perf_layer_garbage_collection_cleanup_large_slice_retained_after_truncate,false_positive,"Snippet does not clearly demonstrate the specific rule condition; treated as non-actionable here."
/home/chinmay/ChinmayPersonalProjects/deslop/scripts/chunks/Chunk_801_825.txt,825,/home/chinmay/ChinmayPersonalProjects/gopdfsuit/internal/handlers/handlers.go,370,go_perf_layer_memory_allocation_temporary_byte_slice_for_string_write,false_positive,"Snippet does not clearly demonstrate the specific rule condition; treated as non-actionable here."
/home/chinmay/ChinmayPersonalProjects/deslop/scripts/chunks/Chunk_826_850.txt,826,/home/chinmay/ChinmayPersonalProjects/gopdfsuit/internal/handlers/handlers.go,376,error_detail_leaked_to_client,true_positive,"Snippet returns detailed err.Error() text in client-facing JSON responses."
/home/chinmay/ChinmayPersonalProjects/deslop/scripts/chunks/Chunk_826_850.txt,827,/home/chinmay/ChinmayPersonalProjects/gopdfsuit/internal/handlers/handlers.go,376,repeated_c_json_inside_stream_loop,false_positive,"Snippet does not clearly demonstrate the specific rule condition; treated as non-actionable here."
/home/chinmay/ChinmayPersonalProjects/deslop/scripts/chunks/Chunk_826_850.txt,828,/home/chinmay/ChinmayPersonalProjects/gopdfsuit/internal/handlers/handlers.go,379,full_dataset_load,true_positive,"Snippet shows full payload/file materialization in memory instead of a streaming path."
/home/chinmay/ChinmayPersonalProjects/deslop/scripts/chunks/Chunk_826_850.txt,829,/home/chinmay/ChinmayPersonalProjects/gopdfsuit/internal/handlers/handlers.go,382,error_detail_leaked_to_client,true_positive,"Snippet returns detailed err.Error() text in client-facing JSON responses."
/home/chinmay/ChinmayPersonalProjects/deslop/scripts/chunks/Chunk_826_850.txt,830,/home/chinmay/ChinmayPersonalProjects/gopdfsuit/internal/handlers/handlers.go,382,repeated_c_json_inside_stream_loop,false_positive,"Snippet does not clearly demonstrate the specific rule condition; treated as non-actionable here."
/home/chinmay/ChinmayPersonalProjects/deslop/scripts/chunks/Chunk_826_850.txt,831,/home/chinmay/ChinmayPersonalProjects/gopdfsuit/internal/handlers/handlers.go,385,go_perf_layer_memory_allocation_append_without_known_capacity,false_positive,"Snippet does not clearly demonstrate the specific rule condition; treated as non-actionable here."
/home/chinmay/ChinmayPersonalProjects/deslop/scripts/chunks/Chunk_826_850.txt,832,/home/chinmay/ChinmayPersonalProjects/gopdfsuit/internal/handlers/handlers.go,385,slice_append_without_prealloc_known_bound,false_positive,"Snippet does not clearly demonstrate the specific rule condition; treated as non-actionable here."
/home/chinmay/ChinmayPersonalProjects/deslop/scripts/chunks/Chunk_826_850.txt,833,/home/chinmay/ChinmayPersonalProjects/gopdfsuit/internal/handlers/handlers.go,385,slice_grow_without_cap_hint,false_positive,"Snippet does not clearly demonstrate the specific rule condition; treated as non-actionable here."
/home/chinmay/ChinmayPersonalProjects/deslop/scripts/chunks/Chunk_826_850.txt,834,/home/chinmay/ChinmayPersonalProjects/gopdfsuit/internal/handlers/handlers.go,390,error_detail_leaked_to_client,true_positive,"Snippet returns detailed err.Error() text in client-facing JSON responses."
/home/chinmay/ChinmayPersonalProjects/deslop/scripts/chunks/Chunk_826_850.txt,835,/home/chinmay/ChinmayPersonalProjects/gopdfsuit/internal/handlers/handlers.go,401,gin_handler_mixes_html_json_and_file_responses,false_positive,"Snippet does not clearly demonstrate the specific rule condition; treated as non-actionable here."
/home/chinmay/ChinmayPersonalProjects/deslop/scripts/chunks/Chunk_826_850.txt,836,/home/chinmay/ChinmayPersonalProjects/gopdfsuit/internal/handlers/handlers.go,401,gin_handler_returns_multiple_response_shapes,true_positive,"Single handler returns multiple response shapes across branches (e.g., JSON error vs binary/file success)."
/home/chinmay/ChinmayPersonalProjects/deslop/scripts/chunks/Chunk_826_850.txt,837,/home/chinmay/ChinmayPersonalProjects/gopdfsuit/internal/handlers/handlers.go,402,go_perf_layer_collection_iteration_copy_slice_before_readonly_range,false_positive,"Snippet does not clearly demonstrate the specific rule condition; treated as non-actionable here."
/home/chinmay/ChinmayPersonalProjects/deslop/scripts/chunks/Chunk_826_850.txt,838,/home/chinmay/ChinmayPersonalProjects/gopdfsuit/internal/handlers/handlers.go,402,go_perf_layer_io_operations_readall_on_known_large_file,false_positive,"Snippet does not clearly demonstrate the specific rule condition; treated as non-actionable here."
/home/chinmay/ChinmayPersonalProjects/deslop/scripts/chunks/Chunk_826_850.txt,839,/home/chinmay/ChinmayPersonalProjects/gopdfsuit/internal/handlers/handlers.go,402,go_perf_layer_io_operations_scanner_used_for_large_token_stream,false_positive,"Snippet does not clearly demonstrate the specific rule condition; treated as non-actionable here."
/home/chinmay/ChinmayPersonalProjects/deslop/scripts/chunks/Chunk_826_850.txt,840,/home/chinmay/ChinmayPersonalProjects/gopdfsuit/internal/handlers/handlers.go,402,go_perf_layer_io_operations_small_writes_without_bufio_writer,false_positive,"Snippet does not clearly demonstrate the specific rule condition; treated as non-actionable here."
/home/chinmay/ChinmayPersonalProjects/deslop/scripts/chunks/Chunk_826_850.txt,841,/home/chinmay/ChinmayPersonalProjects/gopdfsuit/internal/handlers/handlers.go,402,go_perf_layer_io_operations_stat_before_open_without_branch,false_positive,"Snippet does not clearly demonstrate the specific rule condition; treated as non-actionable here."
/home/chinmay/ChinmayPersonalProjects/deslop/scripts/chunks/Chunk_826_850.txt,842,/home/chinmay/ChinmayPersonalProjects/gopdfsuit/internal/handlers/handlers.go,402,go_perf_layer_io_operations_temporary_file_for_stream_transform,false_positive,"Snippet does not clearly demonstrate the specific rule condition; treated as non-actionable here."
/home/chinmay/ChinmayPersonalProjects/deslop/scripts/chunks/Chunk_826_850.txt,843,/home/chinmay/ChinmayPersonalProjects/gopdfsuit/internal/handlers/handlers.go,402,go_perf_layer_lazy_loading_eager_load_optional_config,false_positive,"Snippet does not clearly demonstrate the specific rule condition; treated as non-actionable here."
/home/chinmay/ChinmayPersonalProjects/deslop/scripts/chunks/Chunk_826_850.txt,844,/home/chinmay/ChinmayPersonalProjects/gopdfsuit/internal/handlers/handlers.go,403,go_perf_layer_algorithmic_complexity_per_request_topk_full_sort,false_positive,"Snippet does not clearly demonstrate the specific rule condition; treated as non-actionable here."
/home/chinmay/ChinmayPersonalProjects/deslop/scripts/chunks/Chunk_826_850.txt,845,/home/chinmay/ChinmayPersonalProjects/gopdfsuit/internal/handlers/handlers.go,403,go_perf_layer_error_handling_cost_error_string_built_before_error_needed,false_positive,"Snippet does not clearly demonstrate the specific rule condition; treated as non-actionable here."
/home/chinmay/ChinmayPersonalProjects/deslop/scripts/chunks/Chunk_826_850.txt,846,/home/chinmay/ChinmayPersonalProjects/gopdfsuit/internal/handlers/handlers.go,403,go_perf_layer_network_calls_dns_lookup_per_request_path,false_positive,"Snippet does not clearly demonstrate the specific rule condition; treated as non-actionable here."
/home/chinmay/ChinmayPersonalProjects/deslop/scripts/chunks/Chunk_826_850.txt,847,/home/chinmay/ChinmayPersonalProjects/gopdfsuit/internal/handlers/handlers.go,403,go_perf_layer_network_calls_retry_loop_without_backoff,false_positive,"Snippet does not clearly demonstrate the specific rule condition; treated as non-actionable here."
/home/chinmay/ChinmayPersonalProjects/deslop/scripts/chunks/Chunk_826_850.txt,848,/home/chinmay/ChinmayPersonalProjects/gopdfsuit/internal/handlers/handlers.go,403,go_perf_layer_resource_pooling_rate_limiter_per_request,false_positive,"Snippet does not clearly demonstrate the specific rule condition; treated as non-actionable here."
/home/chinmay/ChinmayPersonalProjects/deslop/scripts/chunks/Chunk_826_850.txt,849,/home/chinmay/ChinmayPersonalProjects/gopdfsuit/internal/handlers/handlers.go,403,go_perf_layer_serialization_gzip_writer_created_per_small_payload,false_positive,"Snippet does not clearly demonstrate the specific rule condition; treated as non-actionable here."
/home/chinmay/ChinmayPersonalProjects/deslop/scripts/chunks/Chunk_826_850.txt,850,/home/chinmay/ChinmayPersonalProjects/gopdfsuit/internal/handlers/handlers.go,403,go_perf_layer_string_handling_regexp_compile_in_request_path,false_positive,"Snippet does not clearly demonstrate the specific rule condition; treated as non-actionable here."
/home/chinmay/ChinmayPersonalProjects/deslop/scripts/chunks/Chunk_851_875.txt,851,/home/chinmay/ChinmayPersonalProjects/gopdfsuit/internal/handlers/handlers.go,405,error_detail_leaked_to_client,true_positive,"Snippet returns detailed err.Error() text in client-facing JSON responses."
/home/chinmay/ChinmayPersonalProjects/deslop/scripts/chunks/Chunk_851_875.txt,852,/home/chinmay/ChinmayPersonalProjects/gopdfsuit/internal/handlers/handlers.go,405,go_perf_layer_caching_json_cache_value_stored_as_string,false_positive,"Snippet does not clearly demonstrate the specific rule condition; treated as non-actionable here."
/home/chinmay/ChinmayPersonalProjects/deslop/scripts/chunks/Chunk_851_875.txt,853,/home/chinmay/ChinmayPersonalProjects/gopdfsuit/internal/handlers/handlers.go,405,go_perf_layer_framework_performance_template_execute_to_string_then_write,false_positive,"Snippet does not clearly demonstrate the specific rule condition; treated as non-actionable here."
/home/chinmay/ChinmayPersonalProjects/deslop/scripts/chunks/Chunk_851_875.txt,854,/home/chinmay/ChinmayPersonalProjects/gopdfsuit/internal/handlers/handlers.go,405,go_perf_layer_serialization_json_decoder_without_reuse_for_stream,false_positive,"Snippet does not clearly demonstrate the specific rule condition; treated as non-actionable here."
/home/chinmay/ChinmayPersonalProjects/deslop/scripts/chunks/Chunk_851_875.txt,855,/home/chinmay/ChinmayPersonalProjects/gopdfsuit/internal/handlers/handlers.go,405,go_perf_layer_serialization_json_marshal_for_deep_equal,false_positive,"Snippet does not clearly demonstrate the specific rule condition; treated as non-actionable here."
/home/chinmay/ChinmayPersonalProjects/deslop/scripts/chunks/Chunk_851_875.txt,856,/home/chinmay/ChinmayPersonalProjects/gopdfsuit/internal/handlers/handlers.go,405,handler_switches_on_error_strings,false_positive,"Snippet does not clearly demonstrate the specific rule condition; treated as non-actionable here."
/home/chinmay/ChinmayPersonalProjects/deslop/scripts/chunks/Chunk_851_875.txt,857,/home/chinmay/ChinmayPersonalProjects/gopdfsuit/internal/handlers/handlers.go,405,raw_db_error_exposed_to_client,false_positive,"Snippet shows generic request/file errors, not direct SQL/GORM error text exposure."
/home/chinmay/ChinmayPersonalProjects/deslop/scripts/chunks/Chunk_851_875.txt,858,/home/chinmay/ChinmayPersonalProjects/gopdfsuit/internal/handlers/handlers.go,409,go_perf_layer_garbage_collection_cleanup_large_slice_retained_after_truncate,false_positive,"Snippet does not clearly demonstrate the specific rule condition; treated as non-actionable here."
/home/chinmay/ChinmayPersonalProjects/deslop/scripts/chunks/Chunk_851_875.txt,859,/home/chinmay/ChinmayPersonalProjects/gopdfsuit/internal/handlers/handlers.go,409,go_perf_layer_garbage_collection_cleanup_sync_pool_stores_large_unbounded_buffers,false_positive,"Snippet does not clearly demonstrate the specific rule condition; treated as non-actionable here."
/home/chinmay/ChinmayPersonalProjects/deslop/scripts/chunks/Chunk_851_875.txt,860,/home/chinmay/ChinmayPersonalProjects/gopdfsuit/internal/handlers/handlers.go,411,formfile_open_readall_whole_upload,true_positive,"Handler opens uploaded form files and fully materializes content via io.ReadAll."
/home/chinmay/ChinmayPersonalProjects/deslop/scripts/chunks/Chunk_851_875.txt,861,/home/chinmay/ChinmayPersonalProjects/gopdfsuit/internal/handlers/handlers.go,411,full_dataset_load,true_positive,"Snippet shows full payload/file materialization in memory instead of a streaming path."
/home/chinmay/ChinmayPersonalProjects/deslop/scripts/chunks/Chunk_851_875.txt,862,/home/chinmay/ChinmayPersonalProjects/gopdfsuit/internal/handlers/handlers.go,411,go_perf_layer_collection_iteration_len_called_after_materializing_channel,false_positive,"Snippet does not clearly demonstrate the specific rule condition; treated as non-actionable here."
/home/chinmay/ChinmayPersonalProjects/deslop/scripts/chunks/Chunk_851_875.txt,863,/home/chinmay/ChinmayPersonalProjects/gopdfsuit/internal/handlers/handlers.go,411,go_perf_layer_memory_allocation_bytes_buffer_allocated_per_record,false_positive,"Snippet does not clearly demonstrate the specific rule condition; treated as non-actionable here."
/home/chinmay/ChinmayPersonalProjects/deslop/scripts/chunks/Chunk_851_875.txt,864,/home/chinmay/ChinmayPersonalProjects/gopdfsuit/internal/handlers/handlers.go,411,go_perf_layer_memory_allocation_temporary_byte_slice_for_string_write,false_positive,"Snippet does not clearly demonstrate the specific rule condition; treated as non-actionable here."
/home/chinmay/ChinmayPersonalProjects/deslop/scripts/chunks/Chunk_851_875.txt,865,/home/chinmay/ChinmayPersonalProjects/gopdfsuit/internal/handlers/handlers.go,411,go_perf_layer_string_handling_byte_string_roundtrip_for_contains,false_positive,"Snippet does not clearly demonstrate the specific rule condition; treated as non-actionable here."
/home/chinmay/ChinmayPersonalProjects/deslop/scripts/chunks/Chunk_851_875.txt,866,/home/chinmay/ChinmayPersonalProjects/gopdfsuit/internal/handlers/handlers.go,413,error_detail_leaked_to_client,true_positive,"Snippet returns detailed err.Error() text in client-facing JSON responses."
/home/chinmay/ChinmayPersonalProjects/deslop/scripts/chunks/Chunk_851_875.txt,867,/home/chinmay/ChinmayPersonalProjects/gopdfsuit/internal/handlers/handlers.go,417,go_perf_layer_string_handling_fmt_sprintf_for_simple_concat,false_positive,"Snippet does not clearly demonstrate the specific rule condition; treated as non-actionable here."
/home/chinmay/ChinmayPersonalProjects/deslop/scripts/chunks/Chunk_851_875.txt,868,/home/chinmay/ChinmayPersonalProjects/gopdfsuit/internal/handlers/handlers.go,417,go_perf_layer_string_handling_string_lower_for_case_insensitive_compare,false_positive,"Snippet does not clearly demonstrate the specific rule condition; treated as non-actionable here."
/home/chinmay/ChinmayPersonalProjects/deslop/scripts/chunks/Chunk_851_875.txt,869,/home/chinmay/ChinmayPersonalProjects/gopdfsuit/internal/handlers/handlers.go,417,go_perf_layer_string_handling_strings_join_single_element_loop,false_positive,"Snippet does not clearly demonstrate the specific rule condition; treated as non-actionable here."
/home/chinmay/ChinmayPersonalProjects/deslop/scripts/chunks/Chunk_851_875.txt,870,/home/chinmay/ChinmayPersonalProjects/gopdfsuit/internal/handlers/handlers.go,418,http_response_body_not_closed,false_positive,"Shown code does not acquire an outbound HTTP response object requiring resp.Body.Close()."
/home/chinmay/ChinmayPersonalProjects/deslop/scripts/chunks/Chunk_851_875.txt,871,/home/chinmay/ChinmayPersonalProjects/gopdfsuit/internal/handlers/handlers.go,420,http_response_body_not_closed,false_positive,"Shown code does not acquire an outbound HTTP response object requiring resp.Body.Close()."
/home/chinmay/ChinmayPersonalProjects/deslop/scripts/chunks/Chunk_851_875.txt,872,/home/chinmay/ChinmayPersonalProjects/gopdfsuit/internal/handlers/handlers.go,426,go_perf_layer_hot_path_optimization_invariant_parse_inside_handler,false_positive,"Snippet does not clearly demonstrate the specific rule condition; treated as non-actionable here."
/home/chinmay/ChinmayPersonalProjects/deslop/scripts/chunks/Chunk_851_875.txt,873,/home/chinmay/ChinmayPersonalProjects/gopdfsuit/internal/handlers/handlers.go,429,error_detail_leaked_to_client,true_positive,"Snippet returns detailed err.Error() text in client-facing JSON responses."
/home/chinmay/ChinmayPersonalProjects/deslop/scripts/chunks/Chunk_851_875.txt,874,/home/chinmay/ChinmayPersonalProjects/gopdfsuit/internal/handlers/handlers.go,440,error_detail_leaked_to_client,true_positive,"Snippet returns detailed err.Error() text in client-facing JSON responses."
/home/chinmay/ChinmayPersonalProjects/deslop/scripts/chunks/Chunk_851_875.txt,875,/home/chinmay/ChinmayPersonalProjects/gopdfsuit/internal/handlers/handlers.go,453,bytes_buffer_without_grow_known_bound,false_positive,"Snippet does not clearly demonstrate the specific rule condition; treated as non-actionable here."
/home/chinmay/ChinmayPersonalProjects/deslop/scripts/chunks/Chunk_876_900.txt,876,/home/chinmay/ChinmayPersonalProjects/gopdfsuit/internal/handlers/handlers.go,456,fmt_hot_path,false_positive,"Snippet does not clearly demonstrate the specific rule condition; treated as non-actionable here."
/home/chinmay/ChinmayPersonalProjects/deslop/scripts/chunks/Chunk_876_900.txt,877,/home/chinmay/ChinmayPersonalProjects/gopdfsuit/internal/handlers/handlers.go,460,error_detail_leaked_to_client,true_positive,"Snippet returns detailed err.Error() text in client-facing JSON responses."
/home/chinmay/ChinmayPersonalProjects/deslop/scripts/chunks/Chunk_876_900.txt,878,/home/chinmay/ChinmayPersonalProjects/gopdfsuit/internal/handlers/handlers.go,460,repeated_c_json_inside_stream_loop,false_positive,"Snippet does not clearly demonstrate the specific rule condition; treated as non-actionable here."
/home/chinmay/ChinmayPersonalProjects/deslop/scripts/chunks/Chunk_876_900.txt,879,/home/chinmay/ChinmayPersonalProjects/gopdfsuit/internal/handlers/handlers.go,465,error_detail_leaked_to_client,true_positive,"Snippet returns detailed err.Error() text in client-facing JSON responses."
/home/chinmay/ChinmayPersonalProjects/deslop/scripts/chunks/Chunk_876_900.txt,880,/home/chinmay/ChinmayPersonalProjects/gopdfsuit/internal/handlers/handlers.go,465,repeated_c_json_inside_stream_loop,false_positive,"Snippet does not clearly demonstrate the specific rule condition; treated as non-actionable here."
/home/chinmay/ChinmayPersonalProjects/deslop/scripts/chunks/Chunk_876_900.txt,881,/home/chinmay/ChinmayPersonalProjects/gopdfsuit/internal/handlers/handlers.go,478,gin_handler_mixes_html_json_and_file_responses,false_positive,"Snippet does not clearly demonstrate the specific rule condition; treated as non-actionable here."
/home/chinmay/ChinmayPersonalProjects/deslop/scripts/chunks/Chunk_876_900.txt,882,/home/chinmay/ChinmayPersonalProjects/gopdfsuit/internal/handlers/handlers.go,478,gin_handler_returns_multiple_response_shapes,true_positive,"Single handler returns multiple response shapes across branches (e.g., JSON error vs binary/file success)."
/home/chinmay/ChinmayPersonalProjects/deslop/scripts/chunks/Chunk_876_900.txt,883,/home/chinmay/ChinmayPersonalProjects/gopdfsuit/internal/handlers/handlers.go,479,go_perf_layer_logging_overhead_log_payload_serialized_before_sampling,false_positive,"Snippet does not clearly demonstrate the specific rule condition; treated as non-actionable here."
/home/chinmay/ChinmayPersonalProjects/deslop/scripts/chunks/Chunk_876_900.txt,884,/home/chinmay/ChinmayPersonalProjects/gopdfsuit/internal/handlers/handlers.go,479,go_perf_layer_logging_overhead_logger_with_fields_per_request,false_positive,"Snippet does not clearly demonstrate the specific rule condition; treated as non-actionable here."
/home/chinmay/ChinmayPersonalProjects/deslop/scripts/chunks/Chunk_876_900.txt,885,/home/chinmay/ChinmayPersonalProjects/gopdfsuit/internal/handlers/handlers.go,479,go_perf_layer_network_calls_dns_lookup_per_request_path,false_positive,"Snippet does not clearly demonstrate the specific rule condition; treated as non-actionable here."
/home/chinmay/ChinmayPersonalProjects/deslop/scripts/chunks/Chunk_876_900.txt,886,/home/chinmay/ChinmayPersonalProjects/gopdfsuit/internal/handlers/handlers.go,479,go_perf_layer_network_calls_http_client_created_per_call,false_positive,"Snippet does not clearly demonstrate the specific rule condition; treated as non-actionable here."
/home/chinmay/ChinmayPersonalProjects/deslop/scripts/chunks/Chunk_876_900.txt,887,/home/chinmay/ChinmayPersonalProjects/gopdfsuit/internal/handlers/handlers.go,479,go_perf_layer_resource_pooling_rate_limiter_per_request,false_positive,"Snippet does not clearly demonstrate the specific rule condition; treated as non-actionable here."
/home/chinmay/ChinmayPersonalProjects/deslop/scripts/chunks/Chunk_876_900.txt,888,/home/chinmay/ChinmayPersonalProjects/gopdfsuit/internal/handlers/handlers.go,479,go_perf_layer_string_handling_regexp_compile_in_request_path,false_positive,"Snippet does not clearly demonstrate the specific rule condition; treated as non-actionable here."
/home/chinmay/ChinmayPersonalProjects/deslop/scripts/chunks/Chunk_876_900.txt,889,/home/chinmay/ChinmayPersonalProjects/gopdfsuit/internal/handlers/handlers.go,479,log_printf_for_production,true_positive,"Production-path snippet includes printf-style logging calls."
/home/chinmay/ChinmayPersonalProjects/deslop/scripts/chunks/Chunk_876_900.txt,890,/home/chinmay/ChinmayPersonalProjects/gopdfsuit/internal/handlers/handlers.go,482,go_perf_layer_error_handling_cost_sentinel_error_allocated_per_call,false_positive,"Snippet does not clearly demonstrate the specific rule condition; treated as non-actionable here."
/home/chinmay/ChinmayPersonalProjects/deslop/scripts/chunks/Chunk_876_900.txt,891,/home/chinmay/ChinmayPersonalProjects/gopdfsuit/internal/handlers/handlers.go,484,error_detail_leaked_to_client,true_positive,"Snippet returns detailed err.Error() text in client-facing JSON responses."
/home/chinmay/ChinmayPersonalProjects/deslop/scripts/chunks/Chunk_876_900.txt,892,/home/chinmay/ChinmayPersonalProjects/gopdfsuit/internal/handlers/handlers.go,484,go_perf_layer_io_operations_stat_before_open_without_branch,false_positive,"Snippet does not clearly demonstrate the specific rule condition; treated as non-actionable here."
/home/chinmay/ChinmayPersonalProjects/deslop/scripts/chunks/Chunk_876_900.txt,893,/home/chinmay/ChinmayPersonalProjects/gopdfsuit/internal/handlers/handlers.go,484,go_perf_layer_serialization_json_decoder_without_reuse_for_stream,false_positive,"Snippet does not clearly demonstrate the specific rule condition; treated as non-actionable here."
/home/chinmay/ChinmayPersonalProjects/deslop/scripts/chunks/Chunk_876_900.txt,894,/home/chinmay/ChinmayPersonalProjects/gopdfsuit/internal/handlers/handlers.go,484,go_perf_layer_serialization_json_marshal_for_deep_equal,false_positive,"Snippet does not clearly demonstrate the specific rule condition; treated as non-actionable here."
/home/chinmay/ChinmayPersonalProjects/deslop/scripts/chunks/Chunk_876_900.txt,895,/home/chinmay/ChinmayPersonalProjects/gopdfsuit/internal/handlers/handlers.go,484,go_perf_layer_serialization_map_any_json_decode_in_hot_path,false_positive,"Snippet does not clearly demonstrate the specific rule condition; treated as non-actionable here."
/home/chinmay/ChinmayPersonalProjects/deslop/scripts/chunks/Chunk_876_900.txt,896,/home/chinmay/ChinmayPersonalProjects/gopdfsuit/internal/handlers/handlers.go,484,handler_switches_on_error_strings,false_positive,"Snippet does not clearly demonstrate the specific rule condition; treated as non-actionable here."
/home/chinmay/ChinmayPersonalProjects/deslop/scripts/chunks/Chunk_876_900.txt,897,/home/chinmay/ChinmayPersonalProjects/gopdfsuit/internal/handlers/handlers.go,484,raw_db_error_exposed_to_client,false_positive,"Snippet shows generic request/file errors, not direct SQL/GORM error text exposure."
/home/chinmay/ChinmayPersonalProjects/deslop/scripts/chunks/Chunk_876_900.txt,898,/home/chinmay/ChinmayPersonalProjects/gopdfsuit/internal/handlers/handlers.go,489,log_printf_for_production,true_positive,"Production-path snippet includes printf-style logging calls."
/home/chinmay/ChinmayPersonalProjects/deslop/scripts/chunks/Chunk_876_900.txt,899,/home/chinmay/ChinmayPersonalProjects/gopdfsuit/internal/handlers/handlers.go,490,error_detail_leaked_to_client,true_positive,"Snippet returns detailed err.Error() text in client-facing JSON responses."
/home/chinmay/ChinmayPersonalProjects/deslop/scripts/chunks/Chunk_876_900.txt,900,/home/chinmay/ChinmayPersonalProjects/gopdfsuit/internal/handlers/handlers.go,494,go_perf_layer_hot_path_optimization_invariant_parse_inside_handler,false_positive,"Snippet does not clearly demonstrate the specific rule condition; treated as non-actionable here."
/home/chinmay/ChinmayPersonalProjects/deslop/scripts/chunks/Chunk_901_925.txt,901,/home/chinmay/ChinmayPersonalProjects/gopdfsuit/internal/handlers/handlers.go,494,log_printf_for_production,true_positive,"Production-path snippet includes printf-style logging calls."
/home/chinmay/ChinmayPersonalProjects/deslop/scripts/chunks/Chunk_901_925.txt,902,/home/chinmay/ChinmayPersonalProjects/gopdfsuit/internal/handlers/handlers.go,519,log_printf_for_production,true_positive,"Production-path snippet includes printf-style logging calls."
/home/chinmay/ChinmayPersonalProjects/deslop/scripts/chunks/Chunk_901_925.txt,903,/home/chinmay/ChinmayPersonalProjects/gopdfsuit/internal/handlers/handlers.go,523,log_printf_for_production,true_positive,"Production-path snippet includes printf-style logging calls."
/home/chinmay/ChinmayPersonalProjects/deslop/scripts/chunks/Chunk_901_925.txt,904,/home/chinmay/ChinmayPersonalProjects/gopdfsuit/internal/handlers/handlers.go,524,error_detail_leaked_to_client,true_positive,"Snippet returns detailed err.Error() text in client-facing JSON responses."
/home/chinmay/ChinmayPersonalProjects/deslop/scripts/chunks/Chunk_901_925.txt,905,/home/chinmay/ChinmayPersonalProjects/gopdfsuit/internal/handlers/handlers.go,528,log_printf_for_production,true_positive,"Production-path snippet includes printf-style logging calls."
/home/chinmay/ChinmayPersonalProjects/deslop/scripts/chunks/Chunk_901_925.txt,906,/home/chinmay/ChinmayPersonalProjects/gopdfsuit/internal/handlers/handlers.go,536,gin_handler_mixes_html_json_and_file_responses,false_positive,"Snippet does not clearly demonstrate the specific rule condition; treated as non-actionable here."
/home/chinmay/ChinmayPersonalProjects/deslop/scripts/chunks/Chunk_901_925.txt,907,/home/chinmay/ChinmayPersonalProjects/gopdfsuit/internal/handlers/handlers.go,536,gin_handler_returns_multiple_response_shapes,true_positive,"Single handler returns multiple response shapes across branches (e.g., JSON error vs binary/file success)."
/home/chinmay/ChinmayPersonalProjects/deslop/scripts/chunks/Chunk_901_925.txt,908,/home/chinmay/ChinmayPersonalProjects/gopdfsuit/internal/handlers/handlers.go,537,go_perf_layer_logging_overhead_log_payload_serialized_before_sampling,false_positive,"Snippet does not clearly demonstrate the specific rule condition; treated as non-actionable here."
/home/chinmay/ChinmayPersonalProjects/deslop/scripts/chunks/Chunk_901_925.txt,909,/home/chinmay/ChinmayPersonalProjects/gopdfsuit/internal/handlers/handlers.go,537,go_perf_layer_logging_overhead_logger_with_fields_per_request,false_positive,"Snippet does not clearly demonstrate the specific rule condition; treated as non-actionable here."
/home/chinmay/ChinmayPersonalProjects/deslop/scripts/chunks/Chunk_901_925.txt,910,/home/chinmay/ChinmayPersonalProjects/gopdfsuit/internal/handlers/handlers.go,537,go_perf_layer_network_calls_dns_lookup_per_request_path,false_positive,"Snippet does not clearly demonstrate the specific rule condition; treated as non-actionable here."
/home/chinmay/ChinmayPersonalProjects/deslop/scripts/chunks/Chunk_901_925.txt,911,/home/chinmay/ChinmayPersonalProjects/gopdfsuit/internal/handlers/handlers.go,537,go_perf_layer_network_calls_http_client_created_per_call,false_positive,"Snippet does not clearly demonstrate the specific rule condition; treated as non-actionable here."
/home/chinmay/ChinmayPersonalProjects/deslop/scripts/chunks/Chunk_901_925.txt,912,/home/chinmay/ChinmayPersonalProjects/gopdfsuit/internal/handlers/handlers.go,537,go_perf_layer_resource_pooling_rate_limiter_per_request,false_positive,"Snippet does not clearly demonstrate the specific rule condition; treated as non-actionable here."
/home/chinmay/ChinmayPersonalProjects/deslop/scripts/chunks/Chunk_901_925.txt,913,/home/chinmay/ChinmayPersonalProjects/gopdfsuit/internal/handlers/handlers.go,537,go_perf_layer_string_handling_regexp_compile_in_request_path,false_positive,"Snippet does not clearly demonstrate the specific rule condition; treated as non-actionable here."
/home/chinmay/ChinmayPersonalProjects/deslop/scripts/chunks/Chunk_901_925.txt,914,/home/chinmay/ChinmayPersonalProjects/gopdfsuit/internal/handlers/handlers.go,537,log_printf_for_production,true_positive,"Production-path snippet includes printf-style logging calls."
/home/chinmay/ChinmayPersonalProjects/deslop/scripts/chunks/Chunk_901_925.txt,915,/home/chinmay/ChinmayPersonalProjects/gopdfsuit/internal/handlers/handlers.go,540,go_perf_layer_error_handling_cost_error_string_built_before_error_needed,false_positive,"Snippet does not clearly demonstrate the specific rule condition; treated as non-actionable here."
/home/chinmay/ChinmayPersonalProjects/deslop/scripts/chunks/Chunk_901_925.txt,916,/home/chinmay/ChinmayPersonalProjects/gopdfsuit/internal/handlers/handlers.go,540,go_perf_layer_error_handling_cost_sentinel_error_allocated_per_call,false_positive,"Snippet does not clearly demonstrate the specific rule condition; treated as non-actionable here."
/home/chinmay/ChinmayPersonalProjects/deslop/scripts/chunks/Chunk_901_925.txt,917,/home/chinmay/ChinmayPersonalProjects/gopdfsuit/internal/handlers/handlers.go,542,error_detail_leaked_to_client,true_positive,"Snippet returns detailed err.Error() text in client-facing JSON responses."
/home/chinmay/ChinmayPersonalProjects/deslop/scripts/chunks/Chunk_901_925.txt,918,/home/chinmay/ChinmayPersonalProjects/gopdfsuit/internal/handlers/handlers.go,542,go_perf_layer_caching_json_cache_value_stored_as_string,false_positive,"Snippet does not clearly demonstrate the specific rule condition; treated as non-actionable here."
/home/chinmay/ChinmayPersonalProjects/deslop/scripts/chunks/Chunk_901_925.txt,919,/home/chinmay/ChinmayPersonalProjects/gopdfsuit/internal/handlers/handlers.go,542,go_perf_layer_io_operations_stat_before_open_without_branch,false_positive,"Snippet does not clearly demonstrate the specific rule condition; treated as non-actionable here."
/home/chinmay/ChinmayPersonalProjects/deslop/scripts/chunks/Chunk_901_925.txt,920,/home/chinmay/ChinmayPersonalProjects/gopdfsuit/internal/handlers/handlers.go,542,go_perf_layer_serialization_json_decoder_without_reuse_for_stream,false_positive,"Snippet does not clearly demonstrate the specific rule condition; treated as non-actionable here."
/home/chinmay/ChinmayPersonalProjects/deslop/scripts/chunks/Chunk_901_925.txt,921,/home/chinmay/ChinmayPersonalProjects/gopdfsuit/internal/handlers/handlers.go,542,go_perf_layer_serialization_json_marshal_for_deep_equal,false_positive,"Snippet does not clearly demonstrate the specific rule condition; treated as non-actionable here."
/home/chinmay/ChinmayPersonalProjects/deslop/scripts/chunks/Chunk_901_925.txt,922,/home/chinmay/ChinmayPersonalProjects/gopdfsuit/internal/handlers/handlers.go,542,go_perf_layer_serialization_map_any_json_decode_in_hot_path,false_positive,"Snippet does not clearly demonstrate the specific rule condition; treated as non-actionable here."
/home/chinmay/ChinmayPersonalProjects/deslop/scripts/chunks/Chunk_901_925.txt,923,/home/chinmay/ChinmayPersonalProjects/gopdfsuit/internal/handlers/handlers.go,542,handler_switches_on_error_strings,false_positive,"Snippet does not clearly demonstrate the specific rule condition; treated as non-actionable here."
/home/chinmay/ChinmayPersonalProjects/deslop/scripts/chunks/Chunk_901_925.txt,924,/home/chinmay/ChinmayPersonalProjects/gopdfsuit/internal/handlers/handlers.go,542,raw_db_error_exposed_to_client,false_positive,"Snippet shows generic request/file errors, not direct SQL/GORM error text exposure."
/home/chinmay/ChinmayPersonalProjects/deslop/scripts/chunks/Chunk_901_925.txt,925,/home/chinmay/ChinmayPersonalProjects/gopdfsuit/internal/handlers/handlers.go,547,log_printf_for_production,true_positive,"Production-path snippet includes printf-style logging calls."
/home/chinmay/ChinmayPersonalProjects/deslop/scripts/chunks/Chunk_926_950.txt,926,/home/chinmay/ChinmayPersonalProjects/gopdfsuit/internal/handlers/handlers.go,548,error_detail_leaked_to_client,true_positive,"Snippet returns detailed err.Error() text in client-facing JSON responses."
/home/chinmay/ChinmayPersonalProjects/deslop/scripts/chunks/Chunk_926_950.txt,927,/home/chinmay/ChinmayPersonalProjects/gopdfsuit/internal/handlers/handlers.go,552,go_perf_layer_hot_path_optimization_invariant_parse_inside_handler,false_positive,"Snippet does not clearly demonstrate the specific rule condition; treated as non-actionable here."
/home/chinmay/ChinmayPersonalProjects/deslop/scripts/chunks/Chunk_926_950.txt,928,/home/chinmay/ChinmayPersonalProjects/gopdfsuit/internal/handlers/handlers.go,552,go_perf_layer_string_handling_byte_string_roundtrip_for_contains,false_positive,"Snippet does not clearly demonstrate the specific rule condition; treated as non-actionable here."
/home/chinmay/ChinmayPersonalProjects/deslop/scripts/chunks/Chunk_926_950.txt,929,/home/chinmay/ChinmayPersonalProjects/gopdfsuit/internal/handlers/handlers.go,552,go_perf_layer_string_handling_fmt_sprintf_for_simple_concat,false_positive,"Snippet does not clearly demonstrate the specific rule condition; treated as non-actionable here."
/home/chinmay/ChinmayPersonalProjects/deslop/scripts/chunks/Chunk_926_950.txt,930,/home/chinmay/ChinmayPersonalProjects/gopdfsuit/internal/handlers/handlers.go,552,go_perf_layer_string_handling_string_lower_for_case_insensitive_compare,false_positive,"Snippet does not clearly demonstrate the specific rule condition; treated as non-actionable here."
/home/chinmay/ChinmayPersonalProjects/deslop/scripts/chunks/Chunk_926_950.txt,931,/home/chinmay/ChinmayPersonalProjects/gopdfsuit/internal/handlers/handlers.go,552,log_printf_for_production,true_positive,"Production-path snippet includes printf-style logging calls."
/home/chinmay/ChinmayPersonalProjects/deslop/scripts/chunks/Chunk_926_950.txt,932,/home/chinmay/ChinmayPersonalProjects/gopdfsuit/internal/handlers/handlers.go,554,go_perf_layer_data_structure_choice_small_enum_string_switch_map,false_positive,"Snippet does not clearly demonstrate the specific rule condition; treated as non-actionable here."
/home/chinmay/ChinmayPersonalProjects/deslop/scripts/chunks/Chunk_926_950.txt,933,/home/chinmay/ChinmayPersonalProjects/gopdfsuit/internal/handlers/handlers.go,565,log_printf_for_production,true_positive,"Production-path snippet includes printf-style logging calls."
/home/chinmay/ChinmayPersonalProjects/deslop/scripts/chunks/Chunk_926_950.txt,934,/home/chinmay/ChinmayPersonalProjects/gopdfsuit/internal/handlers/handlers.go,567,go_perf_layer_memory_allocation_temporary_byte_slice_for_string_write,false_positive,"Snippet does not clearly demonstrate the specific rule condition; treated as non-actionable here."
/home/chinmay/ChinmayPersonalProjects/deslop/scripts/chunks/Chunk_926_950.txt,935,/home/chinmay/ChinmayPersonalProjects/gopdfsuit/internal/handlers/handlers.go,569,log_printf_for_production,true_positive,"Production-path snippet includes printf-style logging calls."
/home/chinmay/ChinmayPersonalProjects/deslop/scripts/chunks/Chunk_926_950.txt,936,/home/chinmay/ChinmayPersonalProjects/gopdfsuit/internal/handlers/handlers.go,570,error_detail_leaked_to_client,true_positive,"Snippet returns detailed err.Error() text in client-facing JSON responses."
/home/chinmay/ChinmayPersonalProjects/deslop/scripts/chunks/Chunk_926_950.txt,937,/home/chinmay/ChinmayPersonalProjects/gopdfsuit/internal/handlers/handlers.go,574,log_printf_for_production,true_positive,"Production-path snippet includes printf-style logging calls."
/home/chinmay/ChinmayPersonalProjects/deslop/scripts/chunks/Chunk_926_950.txt,938,/home/chinmay/ChinmayPersonalProjects/gopdfsuit/internal/handlers/redact.go,16,go_perf_layer_caching_json_cache_value_stored_as_string,false_positive,"Snippet does not clearly demonstrate the specific rule condition; treated as non-actionable here."
/home/chinmay/ChinmayPersonalProjects/deslop/scripts/chunks/Chunk_926_950.txt,939,/home/chinmay/ChinmayPersonalProjects/gopdfsuit/internal/handlers/redact.go,16,go_perf_layer_data_structure_choice_map_string_bool_for_membership,false_positive,"Snippet does not clearly demonstrate the specific rule condition; treated as non-actionable here."
/home/chinmay/ChinmayPersonalProjects/deslop/scripts/chunks/Chunk_926_950.txt,940,/home/chinmay/ChinmayPersonalProjects/gopdfsuit/internal/handlers/redact.go,16,go_perf_layer_data_structure_choice_small_enum_string_switch_map,false_positive,"Snippet does not clearly demonstrate the specific rule condition; treated as non-actionable here."
/home/chinmay/ChinmayPersonalProjects/deslop/scripts/chunks/Chunk_926_950.txt,941,/home/chinmay/ChinmayPersonalProjects/gopdfsuit/internal/handlers/redact.go,16,go_perf_layer_memory_allocation_temporary_byte_slice_for_string_write,false_positive,"Snippet does not clearly demonstrate the specific rule condition; treated as non-actionable here."
/home/chinmay/ChinmayPersonalProjects/deslop/scripts/chunks/Chunk_926_950.txt,942,/home/chinmay/ChinmayPersonalProjects/gopdfsuit/internal/handlers/redact.go,16,go_perf_layer_string_handling_string_lower_for_case_insensitive_compare,false_positive,"Snippet does not clearly demonstrate the specific rule condition; treated as non-actionable here."
/home/chinmay/ChinmayPersonalProjects/deslop/scripts/chunks/Chunk_926_950.txt,943,/home/chinmay/ChinmayPersonalProjects/gopdfsuit/internal/handlers/redact.go,20,go_perf_layer_caching_cache_key_built_with_fmt,false_positive,"Snippet does not clearly demonstrate the specific rule condition; treated as non-actionable here."
/home/chinmay/ChinmayPersonalProjects/deslop/scripts/chunks/Chunk_926_950.txt,944,/home/chinmay/ChinmayPersonalProjects/gopdfsuit/internal/handlers/redact.go,20,go_perf_layer_caching_unbounded_cache_map,false_positive,"Snippet does not clearly demonstrate the specific rule condition; treated as non-actionable here."
/home/chinmay/ChinmayPersonalProjects/deslop/scripts/chunks/Chunk_926_950.txt,945,/home/chinmay/ChinmayPersonalProjects/gopdfsuit/internal/handlers/redact.go,20,go_perf_layer_collection_iteration_range_over_map_for_deterministic_first,false_positive,"Snippet does not clearly demonstrate the specific rule condition; treated as non-actionable here."
/home/chinmay/ChinmayPersonalProjects/deslop/scripts/chunks/Chunk_926_950.txt,946,/home/chinmay/ChinmayPersonalProjects/gopdfsuit/internal/handlers/redact.go,20,go_perf_layer_data_structure_choice_interface_map_for_typed_values,false_positive,"Snippet does not clearly demonstrate the specific rule condition; treated as non-actionable here."
/home/chinmay/ChinmayPersonalProjects/deslop/scripts/chunks/Chunk_926_950.txt,947,/home/chinmay/ChinmayPersonalProjects/gopdfsuit/internal/handlers/redact.go,20,go_perf_layer_database_access_rows_scan_into_map_per_row,false_positive,"Snippet does not clearly demonstrate the specific rule condition; treated as non-actionable here."
/home/chinmay/ChinmayPersonalProjects/deslop/scripts/chunks/Chunk_926_950.txt,948,/home/chinmay/ChinmayPersonalProjects/gopdfsuit/internal/handlers/redact.go,20,go_perf_layer_memory_allocation_map_recreated_for_static_lookup,false_positive,"Snippet does not clearly demonstrate the specific rule condition; treated as non-actionable here."
/home/chinmay/ChinmayPersonalProjects/deslop/scripts/chunks/Chunk_926_950.txt,949,/home/chinmay/ChinmayPersonalProjects/gopdfsuit/internal/handlers/redact.go,21,go_perf_layer_collection_iteration_copy_slice_before_readonly_range,false_positive,"Snippet does not clearly demonstrate the specific rule condition; treated as non-actionable here."
/home/chinmay/ChinmayPersonalProjects/deslop/scripts/chunks/Chunk_926_950.txt,950,/home/chinmay/ChinmayPersonalProjects/gopdfsuit/internal/handlers/redact.go,22,go_perf_layer_network_calls_retry_loop_without_backoff,false_positive,"Snippet does not clearly demonstrate the specific rule condition; treated as non-actionable here."
/home/chinmay/ChinmayPersonalProjects/deslop/scripts/chunks/Chunk_951_975.txt,951,/home/chinmay/ChinmayPersonalProjects/gopdfsuit/internal/handlers/redact.go,23,stable_value_normalization_in_inner_loop,false_positive,"Snippet does not clearly demonstrate the specific rule condition; treated as non-actionable here."
/home/chinmay/ChinmayPersonalProjects/deslop/scripts/chunks/Chunk_951_975.txt,952,/home/chinmay/ChinmayPersonalProjects/gopdfsuit/internal/handlers/redact.go,28,map_lookup_double_access,false_positive,"Snippet does not clearly demonstrate the specific rule condition; treated as non-actionable here."
/home/chinmay/ChinmayPersonalProjects/deslop/scripts/chunks/Chunk_951_975.txt,953,/home/chinmay/ChinmayPersonalProjects/gopdfsuit/internal/handlers/redact.go,38,go_perf_layer_algorithmic_complexity_quadratic_append_filter_pipeline,false_positive,"Snippet does not clearly demonstrate the specific rule condition; treated as non-actionable here."
/home/chinmay/ChinmayPersonalProjects/deslop/scripts/chunks/Chunk_951_975.txt,954,/home/chinmay/ChinmayPersonalProjects/gopdfsuit/internal/handlers/redact.go,38,go_perf_layer_string_handling_string_lower_for_case_insensitive_compare,false_positive,"Snippet does not clearly demonstrate the specific rule condition; treated as non-actionable here."
/home/chinmay/ChinmayPersonalProjects/deslop/scripts/chunks/Chunk_951_975.txt,955,/home/chinmay/ChinmayPersonalProjects/gopdfsuit/internal/handlers/redact.go,41,go_perf_layer_caching_cache_key_built_with_fmt,false_positive,"Snippet does not clearly demonstrate the specific rule condition; treated as non-actionable here."
/home/chinmay/ChinmayPersonalProjects/deslop/scripts/chunks/Chunk_951_975.txt,956,/home/chinmay/ChinmayPersonalProjects/gopdfsuit/internal/handlers/redact.go,41,go_perf_layer_caching_json_cache_value_stored_as_string,false_positive,"Snippet does not clearly demonstrate the specific rule condition; treated as non-actionable here."
/home/chinmay/ChinmayPersonalProjects/deslop/scripts/chunks/Chunk_951_975.txt,957,/home/chinmay/ChinmayPersonalProjects/gopdfsuit/internal/handlers/redact.go,41,go_perf_layer_caching_unbounded_cache_map,false_positive,"Snippet does not clearly demonstrate the specific rule condition; treated as non-actionable here."
/home/chinmay/ChinmayPersonalProjects/deslop/scripts/chunks/Chunk_951_975.txt,958,/home/chinmay/ChinmayPersonalProjects/gopdfsuit/internal/handlers/redact.go,41,go_perf_layer_collection_iteration_range_over_map_for_deterministic_first,false_positive,"Snippet does not clearly demonstrate the specific rule condition; treated as non-actionable here."
/home/chinmay/ChinmayPersonalProjects/deslop/scripts/chunks/Chunk_951_975.txt,959,/home/chinmay/ChinmayPersonalProjects/gopdfsuit/internal/handlers/redact.go,41,go_perf_layer_data_structure_choice_interface_map_for_typed_values,false_positive,"Snippet does not clearly demonstrate the specific rule condition; treated as non-actionable here."
/home/chinmay/ChinmayPersonalProjects/deslop/scripts/chunks/Chunk_951_975.txt,960,/home/chinmay/ChinmayPersonalProjects/gopdfsuit/internal/handlers/redact.go,41,go_perf_layer_data_structure_choice_map_string_bool_for_membership,false_positive,"Snippet does not clearly demonstrate the specific rule condition; treated as non-actionable here."
/home/chinmay/ChinmayPersonalProjects/deslop/scripts/chunks/Chunk_951_975.txt,961,/home/chinmay/ChinmayPersonalProjects/gopdfsuit/internal/handlers/redact.go,41,go_perf_layer_data_structure_choice_small_enum_string_switch_map,false_positive,"Snippet does not clearly demonstrate the specific rule condition; treated as non-actionable here."
/home/chinmay/ChinmayPersonalProjects/deslop/scripts/chunks/Chunk_951_975.txt,962,/home/chinmay/ChinmayPersonalProjects/gopdfsuit/internal/handlers/redact.go,41,go_perf_layer_database_access_rows_scan_into_map_per_row,false_positive,"Snippet does not clearly demonstrate the specific rule condition; treated as non-actionable here."
/home/chinmay/ChinmayPersonalProjects/deslop/scripts/chunks/Chunk_951_975.txt,963,/home/chinmay/ChinmayPersonalProjects/gopdfsuit/internal/handlers/redact.go,41,go_perf_layer_memory_allocation_map_recreated_for_static_lookup,false_positive,"Snippet does not clearly demonstrate the specific rule condition; treated as non-actionable here."
/home/chinmay/ChinmayPersonalProjects/deslop/scripts/chunks/Chunk_951_975.txt,964,/home/chinmay/ChinmayPersonalProjects/gopdfsuit/internal/handlers/redact.go,41,go_perf_layer_memory_allocation_temporary_byte_slice_for_string_write,false_positive,"Snippet does not clearly demonstrate the specific rule condition; treated as non-actionable here."
/home/chinmay/ChinmayPersonalProjects/deslop/scripts/chunks/Chunk_951_975.txt,965,/home/chinmay/ChinmayPersonalProjects/gopdfsuit/internal/handlers/redact.go,42,go_perf_layer_algorithmic_complexity_repeated_nested_slice_scans,false_positive,"Snippet does not clearly demonstrate the specific rule condition; treated as non-actionable here."
/home/chinmay/ChinmayPersonalProjects/deslop/scripts/chunks/Chunk_951_975.txt,966,/home/chinmay/ChinmayPersonalProjects/gopdfsuit/internal/handlers/redact.go,42,go_perf_layer_collection_iteration_copy_slice_before_readonly_range,false_positive,"Snippet does not clearly demonstrate the specific rule condition; treated as non-actionable here."
/home/chinmay/ChinmayPersonalProjects/deslop/scripts/chunks/Chunk_951_975.txt,967,/home/chinmay/ChinmayPersonalProjects/gopdfsuit/internal/handlers/redact.go,42,go_perf_layer_database_access_query_inside_loop_without_batching,false_positive,"Snippet does not clearly demonstrate the specific rule condition; treated as non-actionable here."
/home/chinmay/ChinmayPersonalProjects/deslop/scripts/chunks/Chunk_951_975.txt,968,/home/chinmay/ChinmayPersonalProjects/gopdfsuit/internal/handlers/redact.go,43,go_perf_layer_network_calls_retry_loop_without_backoff,false_positive,"Snippet does not clearly demonstrate the specific rule condition; treated as non-actionable here."
/home/chinmay/ChinmayPersonalProjects/deslop/scripts/chunks/Chunk_951_975.txt,969,/home/chinmay/ChinmayPersonalProjects/gopdfsuit/internal/handlers/redact.go,45,stable_value_normalization_in_inner_loop,false_positive,"Snippet does not clearly demonstrate the specific rule condition; treated as non-actionable here."
/home/chinmay/ChinmayPersonalProjects/deslop/scripts/chunks/Chunk_951_975.txt,970,/home/chinmay/ChinmayPersonalProjects/gopdfsuit/internal/handlers/redact.go,46,map_lookup_double_access,false_positive,"Snippet does not clearly demonstrate the specific rule condition; treated as non-actionable here."
/home/chinmay/ChinmayPersonalProjects/deslop/scripts/chunks/Chunk_951_975.txt,971,/home/chinmay/ChinmayPersonalProjects/gopdfsuit/internal/handlers/redact.go,57,same_domain_error_mapped_to_multiple_statuses,false_positive,"Snippet does not clearly demonstrate the specific rule condition; treated as non-actionable here."
/home/chinmay/ChinmayPersonalProjects/deslop/scripts/chunks/Chunk_951_975.txt,972,/home/chinmay/ChinmayPersonalProjects/gopdfsuit/internal/handlers/redact.go,58,go_perf_layer_io_operations_readall_on_known_large_file,false_positive,"Snippet does not clearly demonstrate the specific rule condition; treated as non-actionable here."
/home/chinmay/ChinmayPersonalProjects/deslop/scripts/chunks/Chunk_951_975.txt,973,/home/chinmay/ChinmayPersonalProjects/gopdfsuit/internal/handlers/redact.go,58,go_perf_layer_io_operations_scanner_used_for_large_token_stream,false_positive,"Snippet does not clearly demonstrate the specific rule condition; treated as non-actionable here."
/home/chinmay/ChinmayPersonalProjects/deslop/scripts/chunks/Chunk_951_975.txt,974,/home/chinmay/ChinmayPersonalProjects/gopdfsuit/internal/handlers/redact.go,58,go_perf_layer_io_operations_stat_before_open_without_branch,false_positive,"Snippet does not clearly demonstrate the specific rule condition; treated as non-actionable here."
/home/chinmay/ChinmayPersonalProjects/deslop/scripts/chunks/Chunk_951_975.txt,975,/home/chinmay/ChinmayPersonalProjects/gopdfsuit/internal/handlers/redact.go,60,go_perf_layer_algorithmic_complexity_per_request_topk_full_sort,false_positive,"Snippet does not clearly demonstrate the specific rule condition; treated as non-actionable here."
/home/chinmay/ChinmayPersonalProjects/deslop/scripts/chunks/Chunk_976_1000.txt,976,/home/chinmay/ChinmayPersonalProjects/gopdfsuit/internal/handlers/redact.go,60,go_perf_layer_network_calls_dns_lookup_per_request_path,false_positive,"Snippet does not clearly demonstrate the specific rule condition; treated as non-actionable here."
/home/chinmay/ChinmayPersonalProjects/deslop/scripts/chunks/Chunk_976_1000.txt,977,/home/chinmay/ChinmayPersonalProjects/gopdfsuit/internal/handlers/redact.go,60,go_perf_layer_network_calls_retry_loop_without_backoff,false_positive,"Snippet does not clearly demonstrate the specific rule condition; treated as non-actionable here."
/home/chinmay/ChinmayPersonalProjects/deslop/scripts/chunks/Chunk_976_1000.txt,978,/home/chinmay/ChinmayPersonalProjects/gopdfsuit/internal/handlers/redact.go,60,go_perf_layer_resource_pooling_rate_limiter_per_request,false_positive,"Snippet does not clearly demonstrate the specific rule condition; treated as non-actionable here."
/home/chinmay/ChinmayPersonalProjects/deslop/scripts/chunks/Chunk_976_1000.txt,979,/home/chinmay/ChinmayPersonalProjects/gopdfsuit/internal/handlers/redact.go,60,go_perf_layer_serialization_json_decoder_without_reuse_for_stream,false_positive,"Snippet does not clearly demonstrate the specific rule condition; treated as non-actionable here."
/home/chinmay/ChinmayPersonalProjects/deslop/scripts/chunks/Chunk_976_1000.txt,980,/home/chinmay/ChinmayPersonalProjects/gopdfsuit/internal/handlers/redact.go,60,go_perf_layer_serialization_json_marshal_for_deep_equal,false_positive,"Snippet does not clearly demonstrate the specific rule condition; treated as non-actionable here."
/home/chinmay/ChinmayPersonalProjects/deslop/scripts/chunks/Chunk_976_1000.txt,981,/home/chinmay/ChinmayPersonalProjects/gopdfsuit/internal/handlers/redact.go,60,go_perf_layer_string_handling_regexp_compile_in_request_path,false_positive,"Snippet does not clearly demonstrate the specific rule condition; treated as non-actionable here."
/home/chinmay/ChinmayPersonalProjects/deslop/scripts/chunks/Chunk_976_1000.txt,982,/home/chinmay/ChinmayPersonalProjects/gopdfsuit/internal/handlers/redact.go,71,formfile_open_readall_whole_upload,true_positive,"Handler opens uploaded form files and fully materializes content via io.ReadAll."
/home/chinmay/ChinmayPersonalProjects/deslop/scripts/chunks/Chunk_976_1000.txt,983,/home/chinmay/ChinmayPersonalProjects/gopdfsuit/internal/handlers/redact.go,71,full_dataset_load,true_positive,"Snippet shows full payload/file materialization in memory instead of a streaming path."
/home/chinmay/ChinmayPersonalProjects/deslop/scripts/chunks/Chunk_976_1000.txt,984,/home/chinmay/ChinmayPersonalProjects/gopdfsuit/internal/handlers/redact.go,71,go_perf_layer_collection_iteration_len_called_after_materializing_channel,false_positive,"Snippet does not clearly demonstrate the specific rule condition; treated as non-actionable here."
/home/chinmay/ChinmayPersonalProjects/deslop/scripts/chunks/Chunk_976_1000.txt,985,/home/chinmay/ChinmayPersonalProjects/gopdfsuit/internal/handlers/redact.go,76,validation_logic_duplicated_across_handlers,false_positive,"Snippet does not clearly demonstrate the specific rule condition; treated as non-actionable here."
/home/chinmay/ChinmayPersonalProjects/deslop/scripts/chunks/Chunk_976_1000.txt,986,/home/chinmay/ChinmayPersonalProjects/gopdfsuit/internal/handlers/redact.go,83,error_detail_leaked_to_client,true_positive,"Snippet returns detailed err.Error() text in client-facing JSON responses."
/home/chinmay/ChinmayPersonalProjects/deslop/scripts/chunks/Chunk_976_1000.txt,987,/home/chinmay/ChinmayPersonalProjects/gopdfsuit/internal/handlers/redact.go,83,handler_switches_on_error_strings,false_positive,"Snippet does not clearly demonstrate the specific rule condition; treated as non-actionable here."
/home/chinmay/ChinmayPersonalProjects/deslop/scripts/chunks/Chunk_976_1000.txt,988,/home/chinmay/ChinmayPersonalProjects/gopdfsuit/internal/handlers/redact.go,83,raw_db_error_exposed_to_client,false_positive,"Snippet shows generic request/file errors, not direct SQL/GORM error text exposure."
/home/chinmay/ChinmayPersonalProjects/deslop/scripts/chunks/Chunk_976_1000.txt,989,/home/chinmay/ChinmayPersonalProjects/gopdfsuit/internal/handlers/redact.go,88,error_detail_leaked_to_client,true_positive,"Snippet returns detailed err.Error() text in client-facing JSON responses."
/home/chinmay/ChinmayPersonalProjects/deslop/scripts/chunks/Chunk_976_1000.txt,990,/home/chinmay/ChinmayPersonalProjects/gopdfsuit/internal/handlers/redact.go,97,go_perf_layer_io_operations_readall_on_known_large_file,false_positive,"Snippet does not clearly demonstrate the specific rule condition; treated as non-actionable here."
/home/chinmay/ChinmayPersonalProjects/deslop/scripts/chunks/Chunk_976_1000.txt,991,/home/chinmay/ChinmayPersonalProjects/gopdfsuit/internal/handlers/redact.go,97,go_perf_layer_io_operations_stat_before_open_without_branch,false_positive,"Snippet does not clearly demonstrate the specific rule condition; treated as non-actionable here."
/home/chinmay/ChinmayPersonalProjects/deslop/scripts/chunks/Chunk_976_1000.txt,992,/home/chinmay/ChinmayPersonalProjects/gopdfsuit/internal/handlers/redact.go,99,go_perf_layer_algorithmic_complexity_per_request_topk_full_sort,false_positive,"Snippet does not clearly demonstrate the specific rule condition; treated as non-actionable here."
/home/chinmay/ChinmayPersonalProjects/deslop/scripts/chunks/Chunk_976_1000.txt,993,/home/chinmay/ChinmayPersonalProjects/gopdfsuit/internal/handlers/redact.go,99,go_perf_layer_network_calls_dns_lookup_per_request_path,false_positive,"Snippet does not clearly demonstrate the specific rule condition; treated as non-actionable here."
/home/chinmay/ChinmayPersonalProjects/deslop/scripts/chunks/Chunk_976_1000.txt,994,/home/chinmay/ChinmayPersonalProjects/gopdfsuit/internal/handlers/redact.go,99,go_perf_layer_resource_pooling_rate_limiter_per_request,false_positive,"Snippet does not clearly demonstrate the specific rule condition; treated as non-actionable here."
/home/chinmay/ChinmayPersonalProjects/deslop/scripts/chunks/Chunk_976_1000.txt,995,/home/chinmay/ChinmayPersonalProjects/gopdfsuit/internal/handlers/redact.go,99,go_perf_layer_serialization_json_decoder_without_reuse_for_stream,false_positive,"Snippet does not clearly demonstrate the specific rule condition; treated as non-actionable here."
/home/chinmay/ChinmayPersonalProjects/deslop/scripts/chunks/Chunk_976_1000.txt,996,/home/chinmay/ChinmayPersonalProjects/gopdfsuit/internal/handlers/redact.go,99,go_perf_layer_serialization_json_marshal_for_deep_equal,false_positive,"Snippet does not clearly demonstrate the specific rule condition; treated as non-actionable here."
/home/chinmay/ChinmayPersonalProjects/deslop/scripts/chunks/Chunk_976_1000.txt,997,/home/chinmay/ChinmayPersonalProjects/gopdfsuit/internal/handlers/redact.go,99,go_perf_layer_string_handling_regexp_compile_in_request_path,false_positive,"Snippet does not clearly demonstrate the specific rule condition; treated as non-actionable here."
/home/chinmay/ChinmayPersonalProjects/deslop/scripts/chunks/Chunk_976_1000.txt,998,/home/chinmay/ChinmayPersonalProjects/gopdfsuit/internal/handlers/redact.go,110,formfile_open_readall_whole_upload,true_positive,"Handler opens uploaded form files and fully materializes content via io.ReadAll."
/home/chinmay/ChinmayPersonalProjects/deslop/scripts/chunks/Chunk_976_1000.txt,999,/home/chinmay/ChinmayPersonalProjects/gopdfsuit/internal/handlers/redact.go,110,full_dataset_load,true_positive,"Snippet shows full payload/file materialization in memory instead of a streaming path."
/home/chinmay/ChinmayPersonalProjects/deslop/scripts/chunks/Chunk_976_1000.txt,1000,/home/chinmay/ChinmayPersonalProjects/gopdfsuit/internal/handlers/redact.go,110,go_perf_layer_collection_iteration_len_called_after_materializing_channel,false_positive,"Snippet does not clearly demonstrate the specific rule condition; treated as non-actionable here."
