chunk_file_path,subchunk_number,source_file_path,source_line,rule_id,decision,rationale
/home/chinmay/ChinmayPersonalProjects/deslop/scripts/chunks/Chunk_1001_1025.txt,1001,/home/chinmay/ChinmayPersonalProjects/gopdfsuit/internal/handlers/redact.go,122,error_detail_leaked_to_client,true_positive,Handler returns err.Error text to client which can expose internal failure details.
/home/chinmay/ChinmayPersonalProjects/deslop/scripts/chunks/Chunk_1001_1025.txt,1002,/home/chinmay/ChinmayPersonalProjects/gopdfsuit/internal/handlers/redact.go,122,handler_switches_on_error_strings,false_positive,Handler does not branch on specific err.Error string values.
/home/chinmay/ChinmayPersonalProjects/deslop/scripts/chunks/Chunk_1001_1025.txt,1003,/home/chinmay/ChinmayPersonalProjects/gopdfsuit/internal/handlers/redact.go,122,raw_db_error_exposed_to_client,false_positive,Snippet exposes generic processing errors but not SQL or ORM database errors.
/home/chinmay/ChinmayPersonalProjects/deslop/scripts/chunks/Chunk_1001_1025.txt,1004,/home/chinmay/ChinmayPersonalProjects/gopdfsuit/internal/handlers/redact.go,127,error_detail_leaked_to_client,true_positive,Handler returns err.Error text to client which can expose internal failure details.
/home/chinmay/ChinmayPersonalProjects/deslop/scripts/chunks/Chunk_1001_1025.txt,1005,/home/chinmay/ChinmayPersonalProjects/gopdfsuit/internal/handlers/redact.go,136,go_perf_layer_io_operations_readall_on_known_large_file,false_positive,Performance heuristic lacks runtime evidence in snippet and is not clearly actionable.
/home/chinmay/ChinmayPersonalProjects/deslop/scripts/chunks/Chunk_1001_1025.txt,1006,/home/chinmay/ChinmayPersonalProjects/gopdfsuit/internal/handlers/redact.go,136,go_perf_layer_io_operations_stat_before_open_without_branch,false_positive,Performance heuristic lacks runtime evidence in snippet and is not clearly actionable.
/home/chinmay/ChinmayPersonalProjects/deslop/scripts/chunks/Chunk_1001_1025.txt,1007,/home/chinmay/ChinmayPersonalProjects/gopdfsuit/internal/handlers/redact.go,138,go_perf_layer_algorithmic_complexity_per_request_topk_full_sort,false_positive,Performance heuristic lacks runtime evidence in snippet and is not clearly actionable.
/home/chinmay/ChinmayPersonalProjects/deslop/scripts/chunks/Chunk_1001_1025.txt,1008,/home/chinmay/ChinmayPersonalProjects/gopdfsuit/internal/handlers/redact.go,138,go_perf_layer_network_calls_dns_lookup_per_request_path,false_positive,Performance heuristic lacks runtime evidence in snippet and is not clearly actionable.
/home/chinmay/ChinmayPersonalProjects/deslop/scripts/chunks/Chunk_1001_1025.txt,1009,/home/chinmay/ChinmayPersonalProjects/gopdfsuit/internal/handlers/redact.go,138,go_perf_layer_resource_pooling_rate_limiter_per_request,false_positive,Performance heuristic lacks runtime evidence in snippet and is not clearly actionable.
/home/chinmay/ChinmayPersonalProjects/deslop/scripts/chunks/Chunk_1001_1025.txt,1010,/home/chinmay/ChinmayPersonalProjects/gopdfsuit/internal/handlers/redact.go,138,go_perf_layer_serialization_json_decoder_without_reuse_for_stream,false_positive,Performance heuristic lacks runtime evidence in snippet and is not clearly actionable.
/home/chinmay/ChinmayPersonalProjects/deslop/scripts/chunks/Chunk_1001_1025.txt,1011,/home/chinmay/ChinmayPersonalProjects/gopdfsuit/internal/handlers/redact.go,138,go_perf_layer_serialization_json_marshal_for_deep_equal,false_positive,Performance heuristic lacks runtime evidence in snippet and is not clearly actionable.
/home/chinmay/ChinmayPersonalProjects/deslop/scripts/chunks/Chunk_1001_1025.txt,1012,/home/chinmay/ChinmayPersonalProjects/gopdfsuit/internal/handlers/redact.go,138,go_perf_layer_string_handling_regexp_compile_in_request_path,false_positive,Performance heuristic lacks runtime evidence in snippet and is not clearly actionable.
/home/chinmay/ChinmayPersonalProjects/deslop/scripts/chunks/Chunk_1001_1025.txt,1013,/home/chinmay/ChinmayPersonalProjects/gopdfsuit/internal/handlers/redact.go,142,http_response_body_not_closed,false_positive,No outbound HTTP response object is present in snippet so this appears to be a mismatched hit.
/home/chinmay/ChinmayPersonalProjects/deslop/scripts/chunks/Chunk_1001_1025.txt,1014,/home/chinmay/ChinmayPersonalProjects/gopdfsuit/internal/handlers/redact.go,160,formfile_open_readall_whole_upload,true_positive,Handler opens uploaded file and materializes entire body with io.ReadAll causing unbounded memory risk.
/home/chinmay/ChinmayPersonalProjects/deslop/scripts/chunks/Chunk_1001_1025.txt,1015,/home/chinmay/ChinmayPersonalProjects/gopdfsuit/internal/handlers/redact.go,160,full_dataset_load,false_positive,Pattern is advisory or context dependent and snippet does not prove a concrete defect.
/home/chinmay/ChinmayPersonalProjects/deslop/scripts/chunks/Chunk_1001_1025.txt,1016,/home/chinmay/ChinmayPersonalProjects/gopdfsuit/internal/handlers/redact.go,160,go_perf_layer_collection_iteration_len_called_after_materializing_channel,false_positive,Performance heuristic lacks runtime evidence in snippet and is not clearly actionable.
/home/chinmay/ChinmayPersonalProjects/deslop/scripts/chunks/Chunk_1001_1025.txt,1017,/home/chinmay/ChinmayPersonalProjects/gopdfsuit/internal/handlers/redact.go,172,error_detail_leaked_to_client,true_positive,Handler returns err.Error text to client which can expose internal failure details.
/home/chinmay/ChinmayPersonalProjects/deslop/scripts/chunks/Chunk_1001_1025.txt,1018,/home/chinmay/ChinmayPersonalProjects/gopdfsuit/internal/handlers/redact.go,172,handler_switches_on_error_strings,false_positive,Handler does not branch on specific err.Error string values.
/home/chinmay/ChinmayPersonalProjects/deslop/scripts/chunks/Chunk_1001_1025.txt,1019,/home/chinmay/ChinmayPersonalProjects/gopdfsuit/internal/handlers/redact.go,172,raw_db_error_exposed_to_client,false_positive,Snippet exposes generic processing errors but not SQL or ORM database errors.
/home/chinmay/ChinmayPersonalProjects/deslop/scripts/chunks/Chunk_1001_1025.txt,1020,/home/chinmay/ChinmayPersonalProjects/gopdfsuit/internal/handlers/redact.go,177,error_detail_leaked_to_client,true_positive,Handler returns err.Error text to client which can expose internal failure details.
/home/chinmay/ChinmayPersonalProjects/deslop/scripts/chunks/Chunk_1001_1025.txt,1021,/home/chinmay/ChinmayPersonalProjects/gopdfsuit/internal/handlers/redact.go,185,gin_handler_mixes_html_json_and_file_responses,false_positive,Info level handler style guidance and snippet does not indicate functional defect.
/home/chinmay/ChinmayPersonalProjects/deslop/scripts/chunks/Chunk_1001_1025.txt,1022,/home/chinmay/ChinmayPersonalProjects/gopdfsuit/internal/handlers/redact.go,185,gin_handler_returns_multiple_response_shapes,false_positive,Info level handler style guidance and snippet does not indicate functional defect.
/home/chinmay/ChinmayPersonalProjects/deslop/scripts/chunks/Chunk_1001_1025.txt,1023,/home/chinmay/ChinmayPersonalProjects/gopdfsuit/internal/handlers/redact.go,186,go_perf_layer_error_handling_cost_error_string_built_before_error_needed,false_positive,Performance heuristic lacks runtime evidence in snippet and is not clearly actionable.
/home/chinmay/ChinmayPersonalProjects/deslop/scripts/chunks/Chunk_1001_1025.txt,1024,/home/chinmay/ChinmayPersonalProjects/gopdfsuit/internal/handlers/redact.go,186,go_perf_layer_error_handling_cost_sentinel_error_allocated_per_call,false_positive,Performance heuristic lacks runtime evidence in snippet and is not clearly actionable.
/home/chinmay/ChinmayPersonalProjects/deslop/scripts/chunks/Chunk_1001_1025.txt,1025,/home/chinmay/ChinmayPersonalProjects/gopdfsuit/internal/handlers/redact.go,186,go_perf_layer_io_operations_readall_on_known_large_file,false_positive,Performance heuristic lacks runtime evidence in snippet and is not clearly actionable.
/home/chinmay/ChinmayPersonalProjects/deslop/scripts/chunks/Chunk_1026_1050.txt,1026,/home/chinmay/ChinmayPersonalProjects/gopdfsuit/internal/handlers/redact.go,186,go_perf_layer_io_operations_scanner_used_for_large_token_stream,false_positive,Performance heuristic lacks runtime evidence in snippet and is not clearly actionable.
/home/chinmay/ChinmayPersonalProjects/deslop/scripts/chunks/Chunk_1026_1050.txt,1027,/home/chinmay/ChinmayPersonalProjects/gopdfsuit/internal/handlers/redact.go,186,go_perf_layer_io_operations_stat_before_open_without_branch,false_positive,Performance heuristic lacks runtime evidence in snippet and is not clearly actionable.
/home/chinmay/ChinmayPersonalProjects/deslop/scripts/chunks/Chunk_1026_1050.txt,1028,/home/chinmay/ChinmayPersonalProjects/gopdfsuit/internal/handlers/redact.go,187,go_perf_layer_algorithmic_complexity_quadratic_append_filter_pipeline,false_positive,Performance heuristic lacks runtime evidence in snippet and is not clearly actionable.
/home/chinmay/ChinmayPersonalProjects/deslop/scripts/chunks/Chunk_1026_1050.txt,1029,/home/chinmay/ChinmayPersonalProjects/gopdfsuit/internal/handlers/redact.go,188,go_perf_layer_algorithmic_complexity_per_request_topk_full_sort,false_positive,Performance heuristic lacks runtime evidence in snippet and is not clearly actionable.
/home/chinmay/ChinmayPersonalProjects/deslop/scripts/chunks/Chunk_1026_1050.txt,1030,/home/chinmay/ChinmayPersonalProjects/gopdfsuit/internal/handlers/redact.go,188,go_perf_layer_caching_json_cache_value_stored_as_string,false_positive,Performance heuristic lacks runtime evidence in snippet and is not clearly actionable.
/home/chinmay/ChinmayPersonalProjects/deslop/scripts/chunks/Chunk_1026_1050.txt,1031,/home/chinmay/ChinmayPersonalProjects/gopdfsuit/internal/handlers/redact.go,188,go_perf_layer_caching_per_request_config_cache_rebuild,false_positive,Performance heuristic lacks runtime evidence in snippet and is not clearly actionable.
/home/chinmay/ChinmayPersonalProjects/deslop/scripts/chunks/Chunk_1026_1050.txt,1032,/home/chinmay/ChinmayPersonalProjects/gopdfsuit/internal/handlers/redact.go,188,go_perf_layer_logging_overhead_log_payload_serialized_before_sampling,false_positive,Performance heuristic lacks runtime evidence in snippet and is not clearly actionable.
/home/chinmay/ChinmayPersonalProjects/deslop/scripts/chunks/Chunk_1026_1050.txt,1033,/home/chinmay/ChinmayPersonalProjects/gopdfsuit/internal/handlers/redact.go,188,go_perf_layer_network_calls_dns_lookup_per_request_path,false_positive,Performance heuristic lacks runtime evidence in snippet and is not clearly actionable.
/home/chinmay/ChinmayPersonalProjects/deslop/scripts/chunks/Chunk_1026_1050.txt,1034,/home/chinmay/ChinmayPersonalProjects/gopdfsuit/internal/handlers/redact.go,188,go_perf_layer_network_calls_retry_loop_without_backoff,false_positive,Performance heuristic lacks runtime evidence in snippet and is not clearly actionable.
/home/chinmay/ChinmayPersonalProjects/deslop/scripts/chunks/Chunk_1026_1050.txt,1035,/home/chinmay/ChinmayPersonalProjects/gopdfsuit/internal/handlers/redact.go,188,go_perf_layer_network_calls_tls_config_built_per_request,false_positive,Performance heuristic lacks runtime evidence in snippet and is not clearly actionable.
/home/chinmay/ChinmayPersonalProjects/deslop/scripts/chunks/Chunk_1026_1050.txt,1036,/home/chinmay/ChinmayPersonalProjects/gopdfsuit/internal/handlers/redact.go,188,go_perf_layer_resource_pooling_rate_limiter_per_request,false_positive,Performance heuristic lacks runtime evidence in snippet and is not clearly actionable.
/home/chinmay/ChinmayPersonalProjects/deslop/scripts/chunks/Chunk_1026_1050.txt,1037,/home/chinmay/ChinmayPersonalProjects/gopdfsuit/internal/handlers/redact.go,188,go_perf_layer_serialization_json_decoder_without_reuse_for_stream,false_positive,Performance heuristic lacks runtime evidence in snippet and is not clearly actionable.
/home/chinmay/ChinmayPersonalProjects/deslop/scripts/chunks/Chunk_1026_1050.txt,1038,/home/chinmay/ChinmayPersonalProjects/gopdfsuit/internal/handlers/redact.go,188,go_perf_layer_serialization_json_marshal_for_deep_equal,false_positive,Performance heuristic lacks runtime evidence in snippet and is not clearly actionable.
/home/chinmay/ChinmayPersonalProjects/deslop/scripts/chunks/Chunk_1026_1050.txt,1039,/home/chinmay/ChinmayPersonalProjects/gopdfsuit/internal/handlers/redact.go,188,go_perf_layer_serialization_map_any_json_decode_in_hot_path,false_positive,Performance heuristic lacks runtime evidence in snippet and is not clearly actionable.
/home/chinmay/ChinmayPersonalProjects/deslop/scripts/chunks/Chunk_1026_1050.txt,1040,/home/chinmay/ChinmayPersonalProjects/gopdfsuit/internal/handlers/redact.go,188,go_perf_layer_string_handling_regexp_compile_in_request_path,false_positive,Performance heuristic lacks runtime evidence in snippet and is not clearly actionable.
/home/chinmay/ChinmayPersonalProjects/deslop/scripts/chunks/Chunk_1026_1050.txt,1041,/home/chinmay/ChinmayPersonalProjects/gopdfsuit/internal/handlers/redact.go,193,go_perf_layer_memory_allocation_temporary_byte_slice_for_string_write,false_positive,Performance heuristic lacks runtime evidence in snippet and is not clearly actionable.
/home/chinmay/ChinmayPersonalProjects/deslop/scripts/chunks/Chunk_1026_1050.txt,1042,/home/chinmay/ChinmayPersonalProjects/gopdfsuit/internal/handlers/redact.go,193,go_perf_layer_string_handling_byte_string_roundtrip_for_contains,false_positive,Performance heuristic lacks runtime evidence in snippet and is not clearly actionable.
/home/chinmay/ChinmayPersonalProjects/deslop/scripts/chunks/Chunk_1026_1050.txt,1043,/home/chinmay/ChinmayPersonalProjects/gopdfsuit/internal/handlers/redact.go,193,go_perf_layer_string_handling_string_lower_for_case_insensitive_compare,false_positive,Performance heuristic lacks runtime evidence in snippet and is not clearly actionable.
/home/chinmay/ChinmayPersonalProjects/deslop/scripts/chunks/Chunk_1026_1050.txt,1044,/home/chinmay/ChinmayPersonalProjects/gopdfsuit/internal/handlers/redact.go,196,http_response_body_not_closed,false_positive,No outbound HTTP response object is present in snippet so this appears to be a mismatched hit.
/home/chinmay/ChinmayPersonalProjects/deslop/scripts/chunks/Chunk_1026_1050.txt,1045,/home/chinmay/ChinmayPersonalProjects/gopdfsuit/internal/handlers/redact.go,198,go_perf_layer_algorithmic_complexity_repeated_nested_slice_scans,false_positive,Performance heuristic lacks runtime evidence in snippet and is not clearly actionable.
/home/chinmay/ChinmayPersonalProjects/deslop/scripts/chunks/Chunk_1026_1050.txt,1046,/home/chinmay/ChinmayPersonalProjects/gopdfsuit/internal/handlers/redact.go,198,go_perf_layer_collection_iteration_copy_slice_before_readonly_range,false_positive,Performance heuristic lacks runtime evidence in snippet and is not clearly actionable.
/home/chinmay/ChinmayPersonalProjects/deslop/scripts/chunks/Chunk_1026_1050.txt,1047,/home/chinmay/ChinmayPersonalProjects/gopdfsuit/internal/handlers/redact.go,198,go_perf_layer_data_structure_choice_slice_queue_pop_front,false_positive,Performance heuristic lacks runtime evidence in snippet and is not clearly actionable.
/home/chinmay/ChinmayPersonalProjects/deslop/scripts/chunks/Chunk_1026_1050.txt,1048,/home/chinmay/ChinmayPersonalProjects/gopdfsuit/internal/handlers/redact.go,198,go_perf_layer_garbage_collection_cleanup_large_slice_retained_after_truncate,false_positive,Performance heuristic lacks runtime evidence in snippet and is not clearly actionable.
/home/chinmay/ChinmayPersonalProjects/deslop/scripts/chunks/Chunk_1026_1050.txt,1049,/home/chinmay/ChinmayPersonalProjects/gopdfsuit/internal/handlers/redact.go,198,go_perf_layer_hot_path_optimization_allocation_in_hash_or_less_func,false_positive,Performance heuristic lacks runtime evidence in snippet and is not clearly actionable.
/home/chinmay/ChinmayPersonalProjects/deslop/scripts/chunks/Chunk_1026_1050.txt,1050,/home/chinmay/ChinmayPersonalProjects/gopdfsuit/internal/handlers/redact.go,204,http_response_body_not_closed,false_positive,No outbound HTTP response object is present in snippet so this appears to be a mismatched hit.
/home/chinmay/ChinmayPersonalProjects/deslop/scripts/chunks/Chunk_1051_1075.txt,1051,/home/chinmay/ChinmayPersonalProjects/gopdfsuit/internal/handlers/redact.go,212,go_perf_layer_collection_iteration_len_called_after_materializing_channel,false_positive,Performance heuristic lacks runtime evidence in snippet and is not clearly actionable.
/home/chinmay/ChinmayPersonalProjects/deslop/scripts/chunks/Chunk_1051_1075.txt,1052,/home/chinmay/ChinmayPersonalProjects/gopdfsuit/internal/handlers/redact.go,212,go_perf_layer_hot_path_optimization_defer_for_simple_unlock_in_hot_loop,false_positive,Performance heuristic lacks runtime evidence in snippet and is not clearly actionable.
/home/chinmay/ChinmayPersonalProjects/deslop/scripts/chunks/Chunk_1051_1075.txt,1053,/home/chinmay/ChinmayPersonalProjects/gopdfsuit/internal/handlers/redact.go,212,go_perf_layer_hot_path_optimization_invariant_parse_inside_handler,false_positive,Performance heuristic lacks runtime evidence in snippet and is not clearly actionable.
/home/chinmay/ChinmayPersonalProjects/deslop/scripts/chunks/Chunk_1051_1075.txt,1054,/home/chinmay/ChinmayPersonalProjects/gopdfsuit/internal/handlers/redact.go,212,go_perf_layer_hot_path_optimization_reflection_on_hot_path,false_positive,Performance heuristic lacks runtime evidence in snippet and is not clearly actionable.
/home/chinmay/ChinmayPersonalProjects/deslop/scripts/chunks/Chunk_1051_1075.txt,1055,/home/chinmay/ChinmayPersonalProjects/gopdfsuit/internal/handlers/redact.go,217,go_perf_layer_database_access_query_inside_loop_without_batching,false_positive,Performance heuristic lacks runtime evidence in snippet and is not clearly actionable.
/home/chinmay/ChinmayPersonalProjects/deslop/scripts/chunks/Chunk_1051_1075.txt,1056,/home/chinmay/ChinmayPersonalProjects/gopdfsuit/internal/handlers/redact.go,217,go_perf_layer_database_access_select_star_on_hot_query,false_positive,Performance heuristic lacks runtime evidence in snippet and is not clearly actionable.
/home/chinmay/ChinmayPersonalProjects/deslop/scripts/chunks/Chunk_1051_1075.txt,1057,/home/chinmay/ChinmayPersonalProjects/gopdfsuit/internal/handlers/redact.go,217,go_perf_layer_memory_allocation_bytes_buffer_allocated_per_record,false_positive,Performance heuristic lacks runtime evidence in snippet and is not clearly actionable.
/home/chinmay/ChinmayPersonalProjects/deslop/scripts/chunks/Chunk_1051_1075.txt,1058,/home/chinmay/ChinmayPersonalProjects/gopdfsuit/internal/handlers/redact.go,222,http_response_body_not_closed,false_positive,No outbound HTTP response object is present in snippet so this appears to be a mismatched hit.
/home/chinmay/ChinmayPersonalProjects/deslop/scripts/chunks/Chunk_1051_1075.txt,1059,/home/chinmay/ChinmayPersonalProjects/gopdfsuit/internal/handlers/redact.go,224,go_perf_layer_lazy_loading_eager_load_optional_config,false_positive,Performance heuristic lacks runtime evidence in snippet and is not clearly actionable.
/home/chinmay/ChinmayPersonalProjects/deslop/scripts/chunks/Chunk_1051_1075.txt,1060,/home/chinmay/ChinmayPersonalProjects/gopdfsuit/internal/handlers/redact.go,234,http_response_body_not_closed,false_positive,No outbound HTTP response object is present in snippet so this appears to be a mismatched hit.
/home/chinmay/ChinmayPersonalProjects/deslop/scripts/chunks/Chunk_1051_1075.txt,1061,/home/chinmay/ChinmayPersonalProjects/gopdfsuit/internal/handlers/redact.go,235,gin_handler_uses_action_param_switch_for_many_use_cases,false_positive,Info level handler style guidance and snippet does not indicate functional defect.
/home/chinmay/ChinmayPersonalProjects/deslop/scripts/chunks/Chunk_1051_1075.txt,1062,/home/chinmay/ChinmayPersonalProjects/gopdfsuit/internal/handlers/redact.go,245,http_response_body_not_closed,false_positive,No outbound HTTP response object is present in snippet so this appears to be a mismatched hit.
/home/chinmay/ChinmayPersonalProjects/deslop/scripts/chunks/Chunk_1051_1075.txt,1063,/home/chinmay/ChinmayPersonalProjects/gopdfsuit/internal/handlers/redact.go,265,formfile_open_readall_whole_upload,true_positive,Handler opens uploaded file and materializes entire body with io.ReadAll causing unbounded memory risk.
/home/chinmay/ChinmayPersonalProjects/deslop/scripts/chunks/Chunk_1051_1075.txt,1064,/home/chinmay/ChinmayPersonalProjects/gopdfsuit/internal/handlers/redact.go,265,full_dataset_load,false_positive,Pattern is advisory or context dependent and snippet does not prove a concrete defect.
/home/chinmay/ChinmayPersonalProjects/deslop/scripts/chunks/Chunk_1051_1075.txt,1065,/home/chinmay/ChinmayPersonalProjects/gopdfsuit/internal/handlers/redact.go,277,error_detail_leaked_to_client,true_positive,Handler returns err.Error text to client which can expose internal failure details.
/home/chinmay/ChinmayPersonalProjects/deslop/scripts/chunks/Chunk_1051_1075.txt,1066,/home/chinmay/ChinmayPersonalProjects/gopdfsuit/internal/handlers/redact.go,277,handler_switches_on_error_strings,false_positive,Handler does not branch on specific err.Error string values.
/home/chinmay/ChinmayPersonalProjects/deslop/scripts/chunks/Chunk_1051_1075.txt,1067,/home/chinmay/ChinmayPersonalProjects/gopdfsuit/internal/handlers/redact.go,277,raw_db_error_exposed_to_client,false_positive,Snippet exposes generic processing errors but not SQL or ORM database errors.
/home/chinmay/ChinmayPersonalProjects/deslop/scripts/chunks/Chunk_1051_1075.txt,1068,/home/chinmay/ChinmayPersonalProjects/gopdfsuit/internal/handlers/redact.go,282,error_detail_leaked_to_client,true_positive,Handler returns err.Error text to client which can expose internal failure details.
/home/chinmay/ChinmayPersonalProjects/deslop/scripts/chunks/Chunk_1051_1075.txt,1069,/home/chinmay/ChinmayPersonalProjects/gopdfsuit/internal/handlers/redact.go,290,json_marshaled_manually_then_c_data,false_positive,Snippet marshals report into response header then returns PDF bytes not manual JSON response body.
/home/chinmay/ChinmayPersonalProjects/deslop/scripts/chunks/Chunk_1051_1075.txt,1070,/home/chinmay/ChinmayPersonalProjects/gopdfsuit/internal/handlers/redact.go,290,no_streaming_for_large_export_handler,false_positive,Endpoint returns generated PDF payload and snippet alone does not prove avoidable streaming defect.
/home/chinmay/ChinmayPersonalProjects/deslop/scripts/chunks/Chunk_1051_1075.txt,1071,/home/chinmay/ChinmayPersonalProjects/gopdfsuit/internal/handlers/redact.go,295,go_perf_layer_error_handling_cost_error_string_built_before_error_needed,false_positive,Performance heuristic lacks runtime evidence in snippet and is not clearly actionable.
/home/chinmay/ChinmayPersonalProjects/deslop/scripts/chunks/Chunk_1051_1075.txt,1072,/home/chinmay/ChinmayPersonalProjects/gopdfsuit/internal/handlers/redact.go,295,go_perf_layer_io_operations_readall_on_known_large_file,false_positive,Performance heuristic lacks runtime evidence in snippet and is not clearly actionable.
/home/chinmay/ChinmayPersonalProjects/deslop/scripts/chunks/Chunk_1051_1075.txt,1073,/home/chinmay/ChinmayPersonalProjects/gopdfsuit/internal/handlers/redact.go,295,go_perf_layer_io_operations_stat_before_open_without_branch,false_positive,Performance heuristic lacks runtime evidence in snippet and is not clearly actionable.
/home/chinmay/ChinmayPersonalProjects/deslop/scripts/chunks/Chunk_1051_1075.txt,1074,/home/chinmay/ChinmayPersonalProjects/gopdfsuit/internal/handlers/redact.go,297,go_perf_layer_algorithmic_complexity_per_request_topk_full_sort,false_positive,Performance heuristic lacks runtime evidence in snippet and is not clearly actionable.
/home/chinmay/ChinmayPersonalProjects/deslop/scripts/chunks/Chunk_1051_1075.txt,1075,/home/chinmay/ChinmayPersonalProjects/gopdfsuit/internal/handlers/redact.go,297,go_perf_layer_caching_json_cache_value_stored_as_string,false_positive,Performance heuristic lacks runtime evidence in snippet and is not clearly actionable.
/home/chinmay/ChinmayPersonalProjects/deslop/scripts/chunks/Chunk_1076_1100.txt,1076,/home/chinmay/ChinmayPersonalProjects/gopdfsuit/internal/handlers/redact.go,297,go_perf_layer_logging_overhead_log_payload_serialized_before_sampling,false_positive,Performance heuristic lacks runtime evidence in snippet and is not clearly actionable.
/home/chinmay/ChinmayPersonalProjects/deslop/scripts/chunks/Chunk_1076_1100.txt,1077,/home/chinmay/ChinmayPersonalProjects/gopdfsuit/internal/handlers/redact.go,297,go_perf_layer_network_calls_dns_lookup_per_request_path,false_positive,Performance heuristic lacks runtime evidence in snippet and is not clearly actionable.
/home/chinmay/ChinmayPersonalProjects/deslop/scripts/chunks/Chunk_1076_1100.txt,1078,/home/chinmay/ChinmayPersonalProjects/gopdfsuit/internal/handlers/redact.go,297,go_perf_layer_resource_pooling_rate_limiter_per_request,false_positive,Performance heuristic lacks runtime evidence in snippet and is not clearly actionable.
/home/chinmay/ChinmayPersonalProjects/deslop/scripts/chunks/Chunk_1076_1100.txt,1079,/home/chinmay/ChinmayPersonalProjects/gopdfsuit/internal/handlers/redact.go,297,go_perf_layer_serialization_json_decoder_without_reuse_for_stream,false_positive,Performance heuristic lacks runtime evidence in snippet and is not clearly actionable.
/home/chinmay/ChinmayPersonalProjects/deslop/scripts/chunks/Chunk_1076_1100.txt,1080,/home/chinmay/ChinmayPersonalProjects/gopdfsuit/internal/handlers/redact.go,297,go_perf_layer_serialization_json_marshal_for_deep_equal,false_positive,Performance heuristic lacks runtime evidence in snippet and is not clearly actionable.
/home/chinmay/ChinmayPersonalProjects/deslop/scripts/chunks/Chunk_1076_1100.txt,1081,/home/chinmay/ChinmayPersonalProjects/gopdfsuit/internal/handlers/redact.go,297,go_perf_layer_serialization_map_any_json_decode_in_hot_path,false_positive,Performance heuristic lacks runtime evidence in snippet and is not clearly actionable.
/home/chinmay/ChinmayPersonalProjects/deslop/scripts/chunks/Chunk_1076_1100.txt,1082,/home/chinmay/ChinmayPersonalProjects/gopdfsuit/internal/handlers/redact.go,297,go_perf_layer_string_handling_regexp_compile_in_request_path,false_positive,Performance heuristic lacks runtime evidence in snippet and is not clearly actionable.
/home/chinmay/ChinmayPersonalProjects/deslop/scripts/chunks/Chunk_1076_1100.txt,1083,/home/chinmay/ChinmayPersonalProjects/gopdfsuit/internal/handlers/redact.go,301,go_perf_layer_collection_iteration_copy_slice_before_readonly_range,false_positive,Performance heuristic lacks runtime evidence in snippet and is not clearly actionable.
/home/chinmay/ChinmayPersonalProjects/deslop/scripts/chunks/Chunk_1076_1100.txt,1084,/home/chinmay/ChinmayPersonalProjects/gopdfsuit/internal/handlers/redact.go,301,go_perf_layer_garbage_collection_cleanup_large_slice_retained_after_truncate,false_positive,Performance heuristic lacks runtime evidence in snippet and is not clearly actionable.
/home/chinmay/ChinmayPersonalProjects/deslop/scripts/chunks/Chunk_1076_1100.txt,1085,/home/chinmay/ChinmayPersonalProjects/gopdfsuit/internal/handlers/redact.go,301,go_perf_layer_memory_allocation_temporary_byte_slice_for_string_write,false_positive,Performance heuristic lacks runtime evidence in snippet and is not clearly actionable.
/home/chinmay/ChinmayPersonalProjects/deslop/scripts/chunks/Chunk_1076_1100.txt,1086,/home/chinmay/ChinmayPersonalProjects/gopdfsuit/internal/handlers/redact.go,301,go_perf_layer_string_handling_byte_string_roundtrip_for_contains,false_positive,Performance heuristic lacks runtime evidence in snippet and is not clearly actionable.
/home/chinmay/ChinmayPersonalProjects/deslop/scripts/chunks/Chunk_1076_1100.txt,1087,/home/chinmay/ChinmayPersonalProjects/gopdfsuit/internal/handlers/redact.go,301,go_perf_layer_string_handling_string_lower_for_case_insensitive_compare,false_positive,Performance heuristic lacks runtime evidence in snippet and is not clearly actionable.
/home/chinmay/ChinmayPersonalProjects/deslop/scripts/chunks/Chunk_1076_1100.txt,1088,/home/chinmay/ChinmayPersonalProjects/gopdfsuit/internal/handlers/redact.go,302,http_response_body_not_closed,false_positive,No outbound HTTP response object is present in snippet so this appears to be a mismatched hit.
/home/chinmay/ChinmayPersonalProjects/deslop/scripts/chunks/Chunk_1076_1100.txt,1089,/home/chinmay/ChinmayPersonalProjects/gopdfsuit/internal/handlers/redact.go,304,go_perf_layer_hot_path_optimization_allocation_in_hash_or_less_func,false_positive,Performance heuristic lacks runtime evidence in snippet and is not clearly actionable.
/home/chinmay/ChinmayPersonalProjects/deslop/scripts/chunks/Chunk_1076_1100.txt,1090,/home/chinmay/ChinmayPersonalProjects/gopdfsuit/internal/handlers/redact.go,309,go_perf_layer_collection_iteration_len_called_after_materializing_channel,false_positive,Performance heuristic lacks runtime evidence in snippet and is not clearly actionable.
/home/chinmay/ChinmayPersonalProjects/deslop/scripts/chunks/Chunk_1076_1100.txt,1091,/home/chinmay/ChinmayPersonalProjects/gopdfsuit/internal/handlers/redact.go,310,http_response_body_not_closed,false_positive,No outbound HTTP response object is present in snippet so this appears to be a mismatched hit.
/home/chinmay/ChinmayPersonalProjects/deslop/scripts/chunks/Chunk_1076_1100.txt,1092,/home/chinmay/ChinmayPersonalProjects/gopdfsuit/internal/handlers/redact.go,312,go_perf_layer_hot_path_optimization_invariant_parse_inside_handler,false_positive,Performance heuristic lacks runtime evidence in snippet and is not clearly actionable.
/home/chinmay/ChinmayPersonalProjects/deslop/scripts/chunks/Chunk_1076_1100.txt,1093,/home/chinmay/ChinmayPersonalProjects/gopdfsuit/internal/handlers/redact.go,330,formfile_open_readall_whole_upload,true_positive,Handler opens uploaded file and materializes entire body with io.ReadAll causing unbounded memory risk.
/home/chinmay/ChinmayPersonalProjects/deslop/scripts/chunks/Chunk_1076_1100.txt,1094,/home/chinmay/ChinmayPersonalProjects/gopdfsuit/internal/handlers/redact.go,330,full_dataset_load,false_positive,Pattern is advisory or context dependent and snippet does not prove a concrete defect.
/home/chinmay/ChinmayPersonalProjects/deslop/scripts/chunks/Chunk_1076_1100.txt,1095,/home/chinmay/ChinmayPersonalProjects/gopdfsuit/internal/handlers/redact.go,342,error_detail_leaked_to_client,true_positive,Handler returns err.Error text to client which can expose internal failure details.
/home/chinmay/ChinmayPersonalProjects/deslop/scripts/chunks/Chunk_1076_1100.txt,1096,/home/chinmay/ChinmayPersonalProjects/gopdfsuit/internal/handlers/redact.go,342,handler_switches_on_error_strings,false_positive,Handler does not branch on specific err.Error string values.
/home/chinmay/ChinmayPersonalProjects/deslop/scripts/chunks/Chunk_1076_1100.txt,1097,/home/chinmay/ChinmayPersonalProjects/gopdfsuit/internal/handlers/redact.go,342,raw_db_error_exposed_to_client,false_positive,Snippet exposes generic processing errors but not SQL or ORM database errors.
/home/chinmay/ChinmayPersonalProjects/deslop/scripts/chunks/Chunk_1076_1100.txt,1098,/home/chinmay/ChinmayPersonalProjects/gopdfsuit/internal/handlers/redact.go,347,error_detail_leaked_to_client,true_positive,Handler returns err.Error text to client which can expose internal failure details.
/home/chinmay/ChinmayPersonalProjects/deslop/scripts/chunks/Chunk_1076_1100.txt,1099,/home/chinmay/ChinmayPersonalProjects/gopdfsuit/internal/handlers/redact_handler_test.go,16,route_registration_tests_duplicate_full_bootstrap_per_file,false_positive,Pattern is advisory or context dependent and snippet does not prove a concrete defect.
/home/chinmay/ChinmayPersonalProjects/deslop/scripts/chunks/Chunk_1076_1100.txt,1100,/home/chinmay/ChinmayPersonalProjects/gopdfsuit/internal/handlers/redact_handler_test.go,16,shared_integration_test_setup_not_centralized_under_test_support,false_positive,Pattern is advisory or context dependent and snippet does not prove a concrete defect.
/home/chinmay/ChinmayPersonalProjects/deslop/scripts/chunks/Chunk_1101_1125.txt,1101,/home/chinmay/ChinmayPersonalProjects/gopdfsuit/internal/handlers/redact_handler_test.go,22,full_dataset_load,false_positive,Pattern is advisory or context dependent and snippet does not prove a concrete defect.
/home/chinmay/ChinmayPersonalProjects/deslop/scripts/chunks/Chunk_1101_1125.txt,1102,/home/chinmay/ChinmayPersonalProjects/gopdfsuit/internal/middleware/auth.go,20,go_perf_layer_caching_unbounded_cache_map,false_positive,Performance heuristic lacks runtime evidence in snippet and is not clearly actionable.
/home/chinmay/ChinmayPersonalProjects/deslop/scripts/chunks/Chunk_1101_1125.txt,1103,/home/chinmay/ChinmayPersonalProjects/gopdfsuit/internal/middleware/auth.go,26,go_perf_layer_framework_performance_template_execute_to_string_then_write,false_positive,Performance heuristic lacks runtime evidence in snippet and is not clearly actionable.
/home/chinmay/ChinmayPersonalProjects/deslop/scripts/chunks/Chunk_1101_1125.txt,1104,/home/chinmay/ChinmayPersonalProjects/gopdfsuit/internal/middleware/auth.go,33,go_perf_layer_caching_per_request_config_cache_rebuild,false_positive,Performance heuristic lacks runtime evidence in snippet and is not clearly actionable.
/home/chinmay/ChinmayPersonalProjects/deslop/scripts/chunks/Chunk_1101_1125.txt,1105,/home/chinmay/ChinmayPersonalProjects/gopdfsuit/internal/middleware/auth.go,33,go_perf_layer_io_operations_scanner_used_for_large_token_stream,false_positive,Performance heuristic lacks runtime evidence in snippet and is not clearly actionable.
/home/chinmay/ChinmayPersonalProjects/deslop/scripts/chunks/Chunk_1101_1125.txt,1106,/home/chinmay/ChinmayPersonalProjects/gopdfsuit/internal/middleware/auth.go,33,go_perf_layer_network_calls_dns_lookup_per_request_path,false_positive,Performance heuristic lacks runtime evidence in snippet and is not clearly actionable.
/home/chinmay/ChinmayPersonalProjects/deslop/scripts/chunks/Chunk_1101_1125.txt,1107,/home/chinmay/ChinmayPersonalProjects/gopdfsuit/internal/middleware/auth.go,33,go_perf_layer_network_calls_retry_loop_without_backoff,false_positive,Performance heuristic lacks runtime evidence in snippet and is not clearly actionable.
/home/chinmay/ChinmayPersonalProjects/deslop/scripts/chunks/Chunk_1101_1125.txt,1108,/home/chinmay/ChinmayPersonalProjects/gopdfsuit/internal/middleware/auth.go,33,go_perf_layer_network_calls_tls_config_built_per_request,false_positive,Performance heuristic lacks runtime evidence in snippet and is not clearly actionable.
/home/chinmay/ChinmayPersonalProjects/deslop/scripts/chunks/Chunk_1101_1125.txt,1109,/home/chinmay/ChinmayPersonalProjects/gopdfsuit/internal/middleware/auth.go,33,go_perf_layer_resource_pooling_rate_limiter_per_request,false_positive,Performance heuristic lacks runtime evidence in snippet and is not clearly actionable.
/home/chinmay/ChinmayPersonalProjects/deslop/scripts/chunks/Chunk_1101_1125.txt,1110,/home/chinmay/ChinmayPersonalProjects/gopdfsuit/internal/middleware/auth.go,33,go_perf_layer_string_handling_regexp_compile_in_request_path,false_positive,Performance heuristic lacks runtime evidence in snippet and is not clearly actionable.
/home/chinmay/ChinmayPersonalProjects/deslop/scripts/chunks/Chunk_1101_1125.txt,1111,/home/chinmay/ChinmayPersonalProjects/gopdfsuit/internal/middleware/auth.go,34,go_perf_layer_resource_pooling_http_transport_per_service_method,false_positive,Performance heuristic lacks runtime evidence in snippet and is not clearly actionable.
/home/chinmay/ChinmayPersonalProjects/deslop/scripts/chunks/Chunk_1101_1125.txt,1112,/home/chinmay/ChinmayPersonalProjects/gopdfsuit/internal/middleware/auth.go,34,go_perf_layer_serialization_json_marshal_for_deep_equal,false_positive,Performance heuristic lacks runtime evidence in snippet and is not clearly actionable.
/home/chinmay/ChinmayPersonalProjects/deslop/scripts/chunks/Chunk_1101_1125.txt,1113,/home/chinmay/ChinmayPersonalProjects/gopdfsuit/internal/middleware/auth.go,34,go_perf_layer_string_handling_string_lower_for_case_insensitive_compare,false_positive,Performance heuristic lacks runtime evidence in snippet and is not clearly actionable.
/home/chinmay/ChinmayPersonalProjects/deslop/scripts/chunks/Chunk_1101_1125.txt,1114,/home/chinmay/ChinmayPersonalProjects/gopdfsuit/internal/middleware/auth.go,42,go_perf_layer_caching_json_cache_value_stored_as_string,false_positive,Performance heuristic lacks runtime evidence in snippet and is not clearly actionable.
/home/chinmay/ChinmayPersonalProjects/deslop/scripts/chunks/Chunk_1101_1125.txt,1115,/home/chinmay/ChinmayPersonalProjects/gopdfsuit/internal/middleware/auth.go,42,go_perf_layer_io_operations_stat_before_open_without_branch,false_positive,Performance heuristic lacks runtime evidence in snippet and is not clearly actionable.
/home/chinmay/ChinmayPersonalProjects/deslop/scripts/chunks/Chunk_1101_1125.txt,1116,/home/chinmay/ChinmayPersonalProjects/gopdfsuit/internal/middleware/auth.go,42,go_perf_layer_serialization_json_decoder_without_reuse_for_stream,false_positive,Performance heuristic lacks runtime evidence in snippet and is not clearly actionable.
/home/chinmay/ChinmayPersonalProjects/deslop/scripts/chunks/Chunk_1101_1125.txt,1117,/home/chinmay/ChinmayPersonalProjects/gopdfsuit/internal/middleware/auth.go,42,middleware_writes_business_response_payloads,false_positive,Middleware writes auth error responses only and not domain success payloads.
/home/chinmay/ChinmayPersonalProjects/deslop/scripts/chunks/Chunk_1101_1125.txt,1118,/home/chinmay/ChinmayPersonalProjects/gopdfsuit/internal/middleware/auth.go,43,go_perf_layer_error_handling_cost_error_string_built_before_error_needed,false_positive,Performance heuristic lacks runtime evidence in snippet and is not clearly actionable.
/home/chinmay/ChinmayPersonalProjects/deslop/scripts/chunks/Chunk_1101_1125.txt,1119,/home/chinmay/ChinmayPersonalProjects/gopdfsuit/internal/middleware/auth.go,62,go_perf_layer_lazy_loading_eager_load_optional_config,false_positive,Performance heuristic lacks runtime evidence in snippet and is not clearly actionable.
/home/chinmay/ChinmayPersonalProjects/deslop/scripts/chunks/Chunk_1101_1125.txt,1120,/home/chinmay/ChinmayPersonalProjects/gopdfsuit/internal/middleware/auth.go,63,feature_flag_lookup_without_config_abstraction,false_positive,Snippet reads environment configuration values rather than feature flag service checks.
/home/chinmay/ChinmayPersonalProjects/deslop/scripts/chunks/Chunk_1101_1125.txt,1121,/home/chinmay/ChinmayPersonalProjects/gopdfsuit/internal/middleware/auth.go,106,go_perf_layer_string_handling_string_lower_for_case_insensitive_compare,false_positive,Performance heuristic lacks runtime evidence in snippet and is not clearly actionable.
/home/chinmay/ChinmayPersonalProjects/deslop/scripts/chunks/Chunk_1101_1125.txt,1122,/home/chinmay/ChinmayPersonalProjects/gopdfsuit/internal/middleware/auth.go,119,feature_flag_lookup_without_config_abstraction,false_positive,Snippet reads environment configuration values rather than feature flag service checks.
/home/chinmay/ChinmayPersonalProjects/deslop/scripts/chunks/Chunk_1101_1125.txt,1123,/home/chinmay/ChinmayPersonalProjects/gopdfsuit/internal/middleware/auth.go,119,go_perf_layer_lazy_loading_eager_load_optional_config,false_positive,Performance heuristic lacks runtime evidence in snippet and is not clearly actionable.
/home/chinmay/ChinmayPersonalProjects/deslop/scripts/chunks/Chunk_1101_1125.txt,1124,/home/chinmay/ChinmayPersonalProjects/gopdfsuit/internal/middleware/auth.go,143,auth_or_tenant_extraction_duplicated_across_handlers,false_positive,Shared helper centralizes extraction so duplication is not demonstrated in snippet.
/home/chinmay/ChinmayPersonalProjects/deslop/scripts/chunks/Chunk_1101_1125.txt,1125,/home/chinmay/ChinmayPersonalProjects/gopdfsuit/internal/middleware/auth.go,143,go_perf_layer_garbage_collection_cleanup_response_body_not_drained_for_reuse,false_positive,Performance heuristic lacks runtime evidence in snippet and is not clearly actionable.
/home/chinmay/ChinmayPersonalProjects/deslop/scripts/chunks/Chunk_1126_1150.txt,1126,/home/chinmay/ChinmayPersonalProjects/gopdfsuit/internal/middleware/auth.go,143,request_context_value_extraction_duplicated_across_handlers,false_positive,Shared helper centralizes extraction so duplication is not demonstrated in snippet.
/home/chinmay/ChinmayPersonalProjects/deslop/scripts/chunks/Chunk_1126_1150.txt,1127,/home/chinmay/ChinmayPersonalProjects/gopdfsuit/internal/middleware/auth.go,152,weak_typing,false_positive,map[string]interface{} is intentional for dynamic auth claim payload assembly.
/home/chinmay/ChinmayPersonalProjects/deslop/scripts/chunks/Chunk_1126_1150.txt,1128,/home/chinmay/ChinmayPersonalProjects/gopdfsuit/internal/middleware/auth.go,153,go_perf_layer_caching_json_cache_value_stored_as_string,false_positive,Performance heuristic lacks runtime evidence in snippet and is not clearly actionable.
/home/chinmay/ChinmayPersonalProjects/deslop/scripts/chunks/Chunk_1126_1150.txt,1129,/home/chinmay/ChinmayPersonalProjects/gopdfsuit/internal/middleware/auth.go,153,go_perf_layer_caching_unbounded_cache_map,false_positive,Performance heuristic lacks runtime evidence in snippet and is not clearly actionable.
/home/chinmay/ChinmayPersonalProjects/deslop/scripts/chunks/Chunk_1126_1150.txt,1130,/home/chinmay/ChinmayPersonalProjects/gopdfsuit/internal/middleware/auth.go,153,go_perf_layer_data_structure_choice_interface_map_for_typed_values,false_positive,Performance heuristic lacks runtime evidence in snippet and is not clearly actionable.
/home/chinmay/ChinmayPersonalProjects/deslop/scripts/chunks/Chunk_1126_1150.txt,1131,/home/chinmay/ChinmayPersonalProjects/gopdfsuit/internal/middleware/auth.go,153,go_perf_layer_data_structure_choice_map_string_bool_for_membership,false_positive,Performance heuristic lacks runtime evidence in snippet and is not clearly actionable.
/home/chinmay/ChinmayPersonalProjects/deslop/scripts/chunks/Chunk_1126_1150.txt,1132,/home/chinmay/ChinmayPersonalProjects/gopdfsuit/internal/middleware/auth.go,153,go_perf_layer_data_structure_choice_small_enum_string_switch_map,false_positive,Performance heuristic lacks runtime evidence in snippet and is not clearly actionable.
/home/chinmay/ChinmayPersonalProjects/deslop/scripts/chunks/Chunk_1126_1150.txt,1133,/home/chinmay/ChinmayPersonalProjects/gopdfsuit/internal/middleware/auth.go,153,go_perf_layer_memory_allocation_map_recreated_for_static_lookup,false_positive,Performance heuristic lacks runtime evidence in snippet and is not clearly actionable.
/home/chinmay/ChinmayPersonalProjects/deslop/scripts/chunks/Chunk_1126_1150.txt,1134,/home/chinmay/ChinmayPersonalProjects/gopdfsuit/internal/middleware/auth.go,155,go_perf_layer_garbage_collection_cleanup_response_body_not_drained_for_reuse,false_positive,Performance heuristic lacks runtime evidence in snippet and is not clearly actionable.
/home/chinmay/ChinmayPersonalProjects/deslop/scripts/chunks/Chunk_1126_1150.txt,1135,/home/chinmay/ChinmayPersonalProjects/gopdfsuit/internal/middleware/auth.go,155,http_response_body_not_closed,false_positive,No outbound HTTP response object is present in snippet so this appears to be a mismatched hit.
/home/chinmay/ChinmayPersonalProjects/deslop/scripts/chunks/Chunk_1126_1150.txt,1136,/home/chinmay/ChinmayPersonalProjects/gopdfsuit/internal/middleware/auth.go,158,http_response_body_not_closed,false_positive,No outbound HTTP response object is present in snippet so this appears to be a mismatched hit.
/home/chinmay/ChinmayPersonalProjects/deslop/scripts/chunks/Chunk_1126_1150.txt,1137,/home/chinmay/ChinmayPersonalProjects/gopdfsuit/internal/middleware/auth.go,161,http_response_body_not_closed,false_positive,No outbound HTTP response object is present in snippet so this appears to be a mismatched hit.
/home/chinmay/ChinmayPersonalProjects/deslop/scripts/chunks/Chunk_1126_1150.txt,1138,/home/chinmay/ChinmayPersonalProjects/gopdfsuit/internal/middleware/auth.go,164,http_response_body_not_closed,false_positive,No outbound HTTP response object is present in snippet so this appears to be a mismatched hit.
/home/chinmay/ChinmayPersonalProjects/deslop/scripts/chunks/Chunk_1126_1150.txt,1139,/home/chinmay/ChinmayPersonalProjects/gopdfsuit/internal/middleware/auth.go,172,missing_rate_limiting_on_auth_endpoint,false_positive,Flagged function logs auth context and is not a login or authentication endpoint.
/home/chinmay/ChinmayPersonalProjects/deslop/scripts/chunks/Chunk_1126_1150.txt,1140,/home/chinmay/ChinmayPersonalProjects/gopdfsuit/internal/middleware/auth.go,174,gin_context_passed_beyond_request_boundary,false_positive,Context is used synchronously in helper call and not passed to goroutine or long lived object.
/home/chinmay/ChinmayPersonalProjects/deslop/scripts/chunks/Chunk_1126_1150.txt,1141,/home/chinmay/ChinmayPersonalProjects/gopdfsuit/internal/middleware/cors.go,12,go_perf_layer_network_calls_dns_lookup_per_request_path,false_positive,Performance heuristic lacks runtime evidence in snippet and is not clearly actionable.
/home/chinmay/ChinmayPersonalProjects/deslop/scripts/chunks/Chunk_1126_1150.txt,1142,/home/chinmay/ChinmayPersonalProjects/gopdfsuit/internal/middleware/cors.go,12,go_perf_layer_resource_pooling_http_transport_per_service_method,false_positive,Performance heuristic lacks runtime evidence in snippet and is not clearly actionable.
/home/chinmay/ChinmayPersonalProjects/deslop/scripts/chunks/Chunk_1126_1150.txt,1143,/home/chinmay/ChinmayPersonalProjects/gopdfsuit/internal/middleware/cors.go,17,go_perf_layer_resource_pooling_rate_limiter_per_request,false_positive,Performance heuristic lacks runtime evidence in snippet and is not clearly actionable.
/home/chinmay/ChinmayPersonalProjects/deslop/scripts/chunks/Chunk_1126_1150.txt,1144,/home/chinmay/ChinmayPersonalProjects/gopdfsuit/internal/middleware/cors.go,17,go_perf_layer_string_handling_regexp_compile_in_request_path,false_positive,Performance heuristic lacks runtime evidence in snippet and is not clearly actionable.
/home/chinmay/ChinmayPersonalProjects/deslop/scripts/chunks/Chunk_1126_1150.txt,1145,/home/chinmay/ChinmayPersonalProjects/gopdfsuit/internal/middleware/cors.go,18,go_perf_layer_io_operations_stat_before_open_without_branch,false_positive,Performance heuristic lacks runtime evidence in snippet and is not clearly actionable.
/home/chinmay/ChinmayPersonalProjects/deslop/scripts/chunks/Chunk_1126_1150.txt,1146,/home/chinmay/ChinmayPersonalProjects/gopdfsuit/internal/models/models.go,61,struct_field_exposed_in_json,false_positive,Pattern is advisory or context dependent and snippet does not prove a concrete defect.
/home/chinmay/ChinmayPersonalProjects/deslop/scripts/chunks/Chunk_1126_1150.txt,1147,/home/chinmay/ChinmayPersonalProjects/gopdfsuit/internal/models/models.go,62,struct_field_exposed_in_json,false_positive,Pattern is advisory or context dependent and snippet does not prove a concrete defect.
/home/chinmay/ChinmayPersonalProjects/deslop/scripts/chunks/Chunk_1126_1150.txt,1148,/home/chinmay/ChinmayPersonalProjects/gopdfsuit/internal/models/models.go,89,struct_field_exposed_in_json,false_positive,Pattern is advisory or context dependent and snippet does not prove a concrete defect.
/home/chinmay/ChinmayPersonalProjects/deslop/scripts/chunks/Chunk_1126_1150.txt,1149,/home/chinmay/ChinmayPersonalProjects/gopdfsuit/internal/models/models.go,242,request_dto_outside_transport_package,false_positive,Rule is architectural guidance and snippet lacks evidence of concrete bug or risk.
/home/chinmay/ChinmayPersonalProjects/deslop/scripts/chunks/Chunk_1126_1150.txt,1150,/home/chinmay/ChinmayPersonalProjects/gopdfsuit/internal/models/models.go,259,request_dto_outside_transport_package,false_positive,Rule is architectural guidance and snippet lacks evidence of concrete bug or risk.
/home/chinmay/ChinmayPersonalProjects/deslop/scripts/chunks/Chunk_1151_1175.txt,1151,/home/chinmay/ChinmayPersonalProjects/gopdfsuit/internal/models/redact.go,35,request_dto_outside_transport_package,false_positive,Rule is architectural guidance and snippet lacks evidence of concrete bug or risk.
/home/chinmay/ChinmayPersonalProjects/deslop/scripts/chunks/Chunk_1151_1175.txt,1152,/home/chinmay/ChinmayPersonalProjects/gopdfsuit/internal/models/redact.go,44,struct_field_exposed_in_json,false_positive,Pattern is advisory or context dependent and snippet does not prove a concrete defect.
/home/chinmay/ChinmayPersonalProjects/deslop/scripts/chunks/Chunk_1151_1175.txt,1153,/home/chinmay/ChinmayPersonalProjects/gopdfsuit/internal/pdf/benchmark_test.go,23,go_perf_layer_profiling_benchmarking_benchmark_missing_allocs_report,false_positive,Performance heuristic lacks runtime evidence in snippet and is not clearly actionable.
/home/chinmay/ChinmayPersonalProjects/deslop/scripts/chunks/Chunk_1151_1175.txt,1154,/home/chinmay/ChinmayPersonalProjects/gopdfsuit/internal/pdf/benchmark_test.go,23,go_perf_layer_profiling_benchmarking_microbenchmark_dead_code_eliminated,false_positive,Performance heuristic lacks runtime evidence in snippet and is not clearly actionable.
/home/chinmay/ChinmayPersonalProjects/deslop/scripts/chunks/Chunk_1151_1175.txt,1155,/home/chinmay/ChinmayPersonalProjects/gopdfsuit/internal/pdf/benchmark_test.go,24,panic_on_error,false_positive,Pattern is in benchmark test helper where panic is acceptable for fixture load failures.
/home/chinmay/ChinmayPersonalProjects/deslop/scripts/chunks/Chunk_1151_1175.txt,1156,/home/chinmay/ChinmayPersonalProjects/gopdfsuit/internal/pdf/benchmark_test.go,28,panic_on_error,false_positive,Pattern is in benchmark test helper where panic is acceptable for fixture load failures.
/home/chinmay/ChinmayPersonalProjects/deslop/scripts/chunks/Chunk_1151_1175.txt,1157,/home/chinmay/ChinmayPersonalProjects/gopdfsuit/internal/pdf/benchmark_test.go,34,panic_on_error,false_positive,Pattern is in benchmark test helper where panic is acceptable for fixture load failures.
/home/chinmay/ChinmayPersonalProjects/deslop/scripts/chunks/Chunk_1151_1175.txt,1158,/home/chinmay/ChinmayPersonalProjects/gopdfsuit/internal/pdf/benchmark_test.go,62,fmt_hot_path,false_positive,Pattern is advisory or context dependent and snippet does not prove a concrete defect.
/home/chinmay/ChinmayPersonalProjects/deslop/scripts/chunks/Chunk_1151_1175.txt,1159,/home/chinmay/ChinmayPersonalProjects/gopdfsuit/internal/pdf/benchmark_test.go,80,go_perf_layer_profiling_benchmarking_benchmark_missing_allocs_report,false_positive,Performance heuristic lacks runtime evidence in snippet and is not clearly actionable.
/home/chinmay/ChinmayPersonalProjects/deslop/scripts/chunks/Chunk_1151_1175.txt,1160,/home/chinmay/ChinmayPersonalProjects/gopdfsuit/internal/pdf/benchmark_test.go,99,go_perf_layer_profiling_benchmarking_benchmark_missing_allocs_report,false_positive,Performance heuristic lacks runtime evidence in snippet and is not clearly actionable.
/home/chinmay/ChinmayPersonalProjects/deslop/scripts/chunks/Chunk_1151_1175.txt,1161,/home/chinmay/ChinmayPersonalProjects/gopdfsuit/internal/pdf/benchmark_test.go,108,missing_context,false_positive,Benchmark test command execution path is non production and context omission is acceptable here.
/home/chinmay/ChinmayPersonalProjects/deslop/scripts/chunks/Chunk_1151_1175.txt,1162,/home/chinmay/ChinmayPersonalProjects/gopdfsuit/internal/pdf/bookmarks.go,14,go_perf_layer_algorithmic_complexity_quadratic_append_filter_pipeline,false_positive,Performance heuristic lacks runtime evidence in snippet and is not clearly actionable.
/home/chinmay/ChinmayPersonalProjects/deslop/scripts/chunks/Chunk_1151_1175.txt,1163,/home/chinmay/ChinmayPersonalProjects/gopdfsuit/internal/pdf/bookmarks.go,18,go_perf_layer_algorithmic_complexity_repeated_nested_slice_scans,false_positive,Performance heuristic lacks runtime evidence in snippet and is not clearly actionable.
/home/chinmay/ChinmayPersonalProjects/deslop/scripts/chunks/Chunk_1151_1175.txt,1164,/home/chinmay/ChinmayPersonalProjects/gopdfsuit/internal/pdf/bookmarks.go,18,go_perf_layer_network_calls_retry_loop_without_backoff,false_positive,Performance heuristic lacks runtime evidence in snippet and is not clearly actionable.
/home/chinmay/ChinmayPersonalProjects/deslop/scripts/chunks/Chunk_1151_1175.txt,1165,/home/chinmay/ChinmayPersonalProjects/gopdfsuit/internal/pdf/bookmarks.go,22,go_perf_layer_async_concurrency_goroutine_per_item_without_worker_limit,false_positive,Performance heuristic lacks runtime evidence in snippet and is not clearly actionable.
/home/chinmay/ChinmayPersonalProjects/deslop/scripts/chunks/Chunk_1151_1175.txt,1166,/home/chinmay/ChinmayPersonalProjects/gopdfsuit/internal/pdf/bookmarks.go,22,go_perf_layer_resource_pooling_rate_limiter_per_request,false_positive,Performance heuristic lacks runtime evidence in snippet and is not clearly actionable.
/home/chinmay/ChinmayPersonalProjects/deslop/scripts/chunks/Chunk_1151_1175.txt,1167,/home/chinmay/ChinmayPersonalProjects/gopdfsuit/internal/pdf/bookmarks.go,23,go_perf_layer_memory_allocation_bytes_buffer_allocated_per_record,false_positive,Performance heuristic lacks runtime evidence in snippet and is not clearly actionable.
/home/chinmay/ChinmayPersonalProjects/deslop/scripts/chunks/Chunk_1151_1175.txt,1168,/home/chinmay/ChinmayPersonalProjects/gopdfsuit/internal/pdf/bookmarks.go,25,go_perf_layer_io_operations_small_writes_without_bufio_writer,false_positive,Performance heuristic lacks runtime evidence in snippet and is not clearly actionable.
/home/chinmay/ChinmayPersonalProjects/deslop/scripts/chunks/Chunk_1151_1175.txt,1169,/home/chinmay/ChinmayPersonalProjects/gopdfsuit/internal/pdf/bookmarks.go,26,go_perf_layer_async_concurrency_context_timeout_allocated_per_inner_call,false_positive,Performance heuristic lacks runtime evidence in snippet and is not clearly actionable.
/home/chinmay/ChinmayPersonalProjects/deslop/scripts/chunks/Chunk_1151_1175.txt,1170,/home/chinmay/ChinmayPersonalProjects/gopdfsuit/internal/pdf/bookmarks.go,26,go_perf_layer_error_handling_cost_sentinel_error_allocated_per_call,false_positive,Performance heuristic lacks runtime evidence in snippet and is not clearly actionable.
/home/chinmay/ChinmayPersonalProjects/deslop/scripts/chunks/Chunk_1151_1175.txt,1171,/home/chinmay/ChinmayPersonalProjects/gopdfsuit/internal/pdf/bookmarks.go,27,go_perf_layer_memory_allocation_temporary_byte_slice_for_string_write,false_positive,Performance heuristic lacks runtime evidence in snippet and is not clearly actionable.
/home/chinmay/ChinmayPersonalProjects/deslop/scripts/chunks/Chunk_1151_1175.txt,1172,/home/chinmay/ChinmayPersonalProjects/gopdfsuit/internal/pdf/bookmarks.go,27,go_perf_layer_serialization_gzip_writer_created_per_small_payload,false_positive,Performance heuristic lacks runtime evidence in snippet and is not clearly actionable.
/home/chinmay/ChinmayPersonalProjects/deslop/scripts/chunks/Chunk_1151_1175.txt,1173,/home/chinmay/ChinmayPersonalProjects/gopdfsuit/internal/pdf/bookmarks.go,57,go_perf_layer_algorithmic_complexity_quadratic_append_filter_pipeline,false_positive,Performance heuristic lacks runtime evidence in snippet and is not clearly actionable.
/home/chinmay/ChinmayPersonalProjects/deslop/scripts/chunks/Chunk_1151_1175.txt,1174,/home/chinmay/ChinmayPersonalProjects/gopdfsuit/internal/pdf/bookmarks.go,57,go_perf_layer_async_concurrency_goroutine_per_item_without_worker_limit,false_positive,Performance heuristic lacks runtime evidence in snippet and is not clearly actionable.
/home/chinmay/ChinmayPersonalProjects/deslop/scripts/chunks/Chunk_1151_1175.txt,1175,/home/chinmay/ChinmayPersonalProjects/gopdfsuit/internal/pdf/bookmarks.go,57,go_perf_layer_collection_iteration_len_called_after_materializing_channel,false_positive,Performance heuristic lacks runtime evidence in snippet and is not clearly actionable.
/home/chinmay/ChinmayPersonalProjects/deslop/scripts/chunks/Chunk_1176_1200.txt,1176,/home/chinmay/ChinmayPersonalProjects/gopdfsuit/internal/pdf/bookmarks.go,57,go_perf_layer_string_handling_string_lower_for_case_insensitive_compare,false_positive,Performance heuristic lacks runtime evidence in snippet and is not clearly actionable.
/home/chinmay/ChinmayPersonalProjects/deslop/scripts/chunks/Chunk_1176_1200.txt,1177,/home/chinmay/ChinmayPersonalProjects/gopdfsuit/internal/pdf/bookmarks.go,61,go_perf_layer_algorithmic_complexity_repeated_nested_slice_scans,false_positive,Performance heuristic lacks runtime evidence in snippet and is not clearly actionable.
/home/chinmay/ChinmayPersonalProjects/deslop/scripts/chunks/Chunk_1176_1200.txt,1178,/home/chinmay/ChinmayPersonalProjects/gopdfsuit/internal/pdf/bookmarks.go,61,go_perf_layer_collection_iteration_copy_slice_before_readonly_range,false_positive,Performance heuristic lacks runtime evidence in snippet and is not clearly actionable.
/home/chinmay/ChinmayPersonalProjects/deslop/scripts/chunks/Chunk_1176_1200.txt,1179,/home/chinmay/ChinmayPersonalProjects/gopdfsuit/internal/pdf/bookmarks.go,61,go_perf_layer_memory_allocation_temporary_byte_slice_for_string_write,false_positive,Performance heuristic lacks runtime evidence in snippet and is not clearly actionable.
/home/chinmay/ChinmayPersonalProjects/deslop/scripts/chunks/Chunk_1176_1200.txt,1180,/home/chinmay/ChinmayPersonalProjects/gopdfsuit/internal/pdf/bookmarks.go,63,go_perf_layer_async_concurrency_context_timeout_allocated_per_inner_call,false_positive,Performance heuristic lacks runtime evidence in snippet and is not clearly actionable.
/home/chinmay/ChinmayPersonalProjects/deslop/scripts/chunks/Chunk_1176_1200.txt,1181,/home/chinmay/ChinmayPersonalProjects/gopdfsuit/internal/pdf/bookmarks.go,63,go_perf_layer_collection_iteration_range_over_map_for_deterministic_first,false_positive,Performance heuristic lacks runtime evidence in snippet and is not clearly actionable.
/home/chinmay/ChinmayPersonalProjects/deslop/scripts/chunks/Chunk_1176_1200.txt,1182,/home/chinmay/ChinmayPersonalProjects/gopdfsuit/internal/pdf/bookmarks.go,63,go_perf_layer_memory_allocation_bytes_buffer_allocated_per_record,false_positive,Performance heuristic lacks runtime evidence in snippet and is not clearly actionable.
/home/chinmay/ChinmayPersonalProjects/deslop/scripts/chunks/Chunk_1176_1200.txt,1183,/home/chinmay/ChinmayPersonalProjects/gopdfsuit/internal/pdf/bookmarks.go,63,go_perf_layer_network_calls_retry_loop_without_backoff,false_positive,Performance heuristic lacks runtime evidence in snippet and is not clearly actionable.
/home/chinmay/ChinmayPersonalProjects/deslop/scripts/chunks/Chunk_1176_1200.txt,1184,/home/chinmay/ChinmayPersonalProjects/gopdfsuit/internal/pdf/bookmarks.go,64,go_perf_layer_string_handling_byte_string_roundtrip_for_contains,false_positive,Performance heuristic lacks runtime evidence in snippet and is not clearly actionable.
/home/chinmay/ChinmayPersonalProjects/deslop/scripts/chunks/Chunk_1176_1200.txt,1185,/home/chinmay/ChinmayPersonalProjects/gopdfsuit/internal/pdf/bookmarks.go,70,slice_grow_without_cap_hint,false_positive,Pattern is advisory or context dependent and snippet does not prove a concrete defect.
/home/chinmay/ChinmayPersonalProjects/deslop/scripts/chunks/Chunk_1176_1200.txt,1186,/home/chinmay/ChinmayPersonalProjects/gopdfsuit/internal/pdf/bookmarks.go,82,go_perf_layer_data_structure_choice_interface_map_for_typed_values,false_positive,Performance heuristic lacks runtime evidence in snippet and is not clearly actionable.
/home/chinmay/ChinmayPersonalProjects/deslop/scripts/chunks/Chunk_1176_1200.txt,1187,/home/chinmay/ChinmayPersonalProjects/gopdfsuit/internal/pdf/bookmarks.go,88,go_perf_layer_string_handling_strings_join_single_element_loop,false_positive,Performance heuristic lacks runtime evidence in snippet and is not clearly actionable.
/home/chinmay/ChinmayPersonalProjects/deslop/scripts/chunks/Chunk_1176_1200.txt,1188,/home/chinmay/ChinmayPersonalProjects/gopdfsuit/internal/pdf/bookmarks.go,90,go_perf_layer_caching_json_cache_value_stored_as_string,false_positive,Performance heuristic lacks runtime evidence in snippet and is not clearly actionable.
/home/chinmay/ChinmayPersonalProjects/deslop/scripts/chunks/Chunk_1176_1200.txt,1189,/home/chinmay/ChinmayPersonalProjects/gopdfsuit/internal/pdf/bookmarks.go,130,go_perf_layer_io_operations_small_writes_without_bufio_writer,false_positive,Performance heuristic lacks runtime evidence in snippet and is not clearly actionable.
/home/chinmay/ChinmayPersonalProjects/deslop/scripts/chunks/Chunk_1176_1200.txt,1190,/home/chinmay/ChinmayPersonalProjects/gopdfsuit/internal/pdf/bookmarks.go,130,go_perf_layer_io_operations_stat_before_open_without_branch,false_positive,Performance heuristic lacks runtime evidence in snippet and is not clearly actionable.
/home/chinmay/ChinmayPersonalProjects/deslop/scripts/chunks/Chunk_1176_1200.txt,1191,/home/chinmay/ChinmayPersonalProjects/gopdfsuit/internal/pdf/draw.go,15,go_perf_layer_memory_allocation_temporary_byte_slice_for_string_write,false_positive,Performance heuristic lacks runtime evidence in snippet and is not clearly actionable.
/home/chinmay/ChinmayPersonalProjects/deslop/scripts/chunks/Chunk_1176_1200.txt,1192,/home/chinmay/ChinmayPersonalProjects/gopdfsuit/internal/pdf/draw.go,15,go_perf_layer_string_handling_byte_string_roundtrip_for_contains,false_positive,Performance heuristic lacks runtime evidence in snippet and is not clearly actionable.
/home/chinmay/ChinmayPersonalProjects/deslop/scripts/chunks/Chunk_1176_1200.txt,1193,/home/chinmay/ChinmayPersonalProjects/gopdfsuit/internal/pdf/draw.go,16,go_perf_layer_memory_allocation_append_without_known_capacity,false_positive,Performance heuristic lacks runtime evidence in snippet and is not clearly actionable.
/home/chinmay/ChinmayPersonalProjects/deslop/scripts/chunks/Chunk_1176_1200.txt,1194,/home/chinmay/ChinmayPersonalProjects/gopdfsuit/internal/pdf/draw.go,25,go_perf_layer_memory_allocation_append_without_known_capacity,false_positive,Performance heuristic lacks runtime evidence in snippet and is not clearly actionable.
/home/chinmay/ChinmayPersonalProjects/deslop/scripts/chunks/Chunk_1176_1200.txt,1195,/home/chinmay/ChinmayPersonalProjects/gopdfsuit/internal/pdf/draw.go,50,go_perf_layer_algorithmic_complexity_quadratic_append_filter_pipeline,false_positive,Performance heuristic lacks runtime evidence in snippet and is not clearly actionable.
/home/chinmay/ChinmayPersonalProjects/deslop/scripts/chunks/Chunk_1176_1200.txt,1196,/home/chinmay/ChinmayPersonalProjects/gopdfsuit/internal/pdf/draw.go,50,go_perf_layer_memory_allocation_temporary_byte_slice_for_string_write,false_positive,Performance heuristic lacks runtime evidence in snippet and is not clearly actionable.
/home/chinmay/ChinmayPersonalProjects/deslop/scripts/chunks/Chunk_1176_1200.txt,1197,/home/chinmay/ChinmayPersonalProjects/gopdfsuit/internal/pdf/draw.go,50,go_perf_layer_string_handling_byte_string_roundtrip_for_contains,false_positive,Performance heuristic lacks runtime evidence in snippet and is not clearly actionable.
/home/chinmay/ChinmayPersonalProjects/deslop/scripts/chunks/Chunk_1176_1200.txt,1198,/home/chinmay/ChinmayPersonalProjects/gopdfsuit/internal/pdf/draw.go,50,go_perf_layer_string_handling_string_lower_for_case_insensitive_compare,false_positive,Performance heuristic lacks runtime evidence in snippet and is not clearly actionable.
/home/chinmay/ChinmayPersonalProjects/deslop/scripts/chunks/Chunk_1176_1200.txt,1199,/home/chinmay/ChinmayPersonalProjects/gopdfsuit/internal/pdf/draw.go,50,go_perf_layer_string_handling_strings_join_single_element_loop,false_positive,Performance heuristic lacks runtime evidence in snippet and is not clearly actionable.
/home/chinmay/ChinmayPersonalProjects/deslop/scripts/chunks/Chunk_1176_1200.txt,1200,/home/chinmay/ChinmayPersonalProjects/gopdfsuit/internal/pdf/draw.go,62,go_perf_layer_algorithmic_complexity_repeated_nested_slice_scans,false_positive,Performance heuristic lacks runtime evidence in snippet and is not clearly actionable.
/home/chinmay/ChinmayPersonalProjects/deslop/scripts/chunks/Chunk_1201_1225.txt,1201,/home/chinmay/ChinmayPersonalProjects/gopdfsuit/internal/pdf/draw.go,62,go_perf_layer_io_operations_scanner_used_for_large_token_stream,false_positive,Performance heuristic lacks runtime evidence in snippet and is not clearly actionable.
/home/chinmay/ChinmayPersonalProjects/deslop/scripts/chunks/Chunk_1201_1225.txt,1202,/home/chinmay/ChinmayPersonalProjects/gopdfsuit/internal/pdf/draw.go,62,go_perf_layer_network_calls_retry_loop_without_backoff,false_positive,Performance heuristic lacks runtime evidence in snippet and is not clearly actionable.
/home/chinmay/ChinmayPersonalProjects/deslop/scripts/chunks/Chunk_1201_1225.txt,1203,/home/chinmay/ChinmayPersonalProjects/gopdfsuit/internal/pdf/draw.go,75,go_perf_layer_io_operations_small_writes_without_bufio_writer,false_positive,Performance heuristic lacks runtime evidence in snippet and is not clearly actionable.
/home/chinmay/ChinmayPersonalProjects/deslop/scripts/chunks/Chunk_1201_1225.txt,1204,/home/chinmay/ChinmayPersonalProjects/gopdfsuit/internal/pdf/draw.go,84,go_perf_layer_memory_allocation_bytes_buffer_allocated_per_record,false_positive,Performance heuristic lacks runtime evidence in snippet and is not clearly actionable.
/home/chinmay/ChinmayPersonalProjects/deslop/scripts/chunks/Chunk_1201_1225.txt,1205,/home/chinmay/ChinmayPersonalProjects/gopdfsuit/internal/pdf/draw.go,84,go_perf_layer_resource_pooling_buffer_pool_without_max_capacity,false_positive,Performance heuristic lacks runtime evidence in snippet and is not clearly actionable.
/home/chinmay/ChinmayPersonalProjects/deslop/scripts/chunks/Chunk_1201_1225.txt,1206,/home/chinmay/ChinmayPersonalProjects/gopdfsuit/internal/pdf/draw.go,128,go_perf_layer_io_operations_scanner_used_for_large_token_stream,false_positive,Performance heuristic lacks runtime evidence in snippet and is not clearly actionable.
/home/chinmay/ChinmayPersonalProjects/deslop/scripts/chunks/Chunk_1201_1225.txt,1207,/home/chinmay/ChinmayPersonalProjects/gopdfsuit/internal/pdf/draw.go,128,go_perf_layer_io_operations_small_writes_without_bufio_writer,false_positive,Performance heuristic lacks runtime evidence in snippet and is not clearly actionable.
/home/chinmay/ChinmayPersonalProjects/deslop/scripts/chunks/Chunk_1201_1225.txt,1208,/home/chinmay/ChinmayPersonalProjects/gopdfsuit/internal/pdf/draw.go,128,go_perf_layer_memory_allocation_temporary_byte_slice_for_string_write,false_positive,Performance heuristic lacks runtime evidence in snippet and is not clearly actionable.
/home/chinmay/ChinmayPersonalProjects/deslop/scripts/chunks/Chunk_1201_1225.txt,1209,/home/chinmay/ChinmayPersonalProjects/gopdfsuit/internal/pdf/draw.go,128,go_perf_layer_string_handling_byte_string_roundtrip_for_contains,false_positive,Performance heuristic lacks runtime evidence in snippet and is not clearly actionable.
/home/chinmay/ChinmayPersonalProjects/deslop/scripts/chunks/Chunk_1201_1225.txt,1210,/home/chinmay/ChinmayPersonalProjects/gopdfsuit/internal/pdf/draw.go,131,go_perf_layer_memory_allocation_bytes_buffer_allocated_per_record,false_positive,Performance heuristic lacks runtime evidence in snippet and is not clearly actionable.
/home/chinmay/ChinmayPersonalProjects/deslop/scripts/chunks/Chunk_1201_1225.txt,1211,/home/chinmay/ChinmayPersonalProjects/gopdfsuit/internal/pdf/draw.go,131,go_perf_layer_network_calls_retry_loop_without_backoff,false_positive,Performance heuristic lacks runtime evidence in snippet and is not clearly actionable.
/home/chinmay/ChinmayPersonalProjects/deslop/scripts/chunks/Chunk_1201_1225.txt,1212,/home/chinmay/ChinmayPersonalProjects/gopdfsuit/internal/pdf/draw.go,131,go_perf_layer_resource_pooling_buffer_pool_without_max_capacity,false_positive,Performance heuristic lacks runtime evidence in snippet and is not clearly actionable.
/home/chinmay/ChinmayPersonalProjects/deslop/scripts/chunks/Chunk_1201_1225.txt,1213,/home/chinmay/ChinmayPersonalProjects/gopdfsuit/internal/pdf/draw.go,199,go_perf_layer_algorithmic_complexity_quadratic_append_filter_pipeline,false_positive,Performance heuristic lacks runtime evidence in snippet and is not clearly actionable.
/home/chinmay/ChinmayPersonalProjects/deslop/scripts/chunks/Chunk_1201_1225.txt,1214,/home/chinmay/ChinmayPersonalProjects/gopdfsuit/internal/pdf/draw.go,200,go_perf_layer_database_access_rows_scan_into_map_per_row,false_positive,Performance heuristic lacks runtime evidence in snippet and is not clearly actionable.
/home/chinmay/ChinmayPersonalProjects/deslop/scripts/chunks/Chunk_1201_1225.txt,1215,/home/chinmay/ChinmayPersonalProjects/gopdfsuit/internal/pdf/draw.go,200,go_perf_layer_database_access_transaction_per_row_bulk_write,false_positive,Performance heuristic lacks runtime evidence in snippet and is not clearly actionable.
/home/chinmay/ChinmayPersonalProjects/deslop/scripts/chunks/Chunk_1201_1225.txt,1216,/home/chinmay/ChinmayPersonalProjects/gopdfsuit/internal/pdf/draw.go,201,go_perf_layer_io_operations_scanner_used_for_large_token_stream,false_positive,Performance heuristic lacks runtime evidence in snippet and is not clearly actionable.
/home/chinmay/ChinmayPersonalProjects/deslop/scripts/chunks/Chunk_1201_1225.txt,1217,/home/chinmay/ChinmayPersonalProjects/gopdfsuit/internal/pdf/draw.go,201,go_perf_layer_string_handling_byte_string_roundtrip_for_contains,false_positive,Performance heuristic lacks runtime evidence in snippet and is not clearly actionable.
/home/chinmay/ChinmayPersonalProjects/deslop/scripts/chunks/Chunk_1201_1225.txt,1218,/home/chinmay/ChinmayPersonalProjects/gopdfsuit/internal/pdf/draw.go,201,go_perf_layer_string_handling_string_lower_for_case_insensitive_compare,false_positive,Performance heuristic lacks runtime evidence in snippet and is not clearly actionable.
/home/chinmay/ChinmayPersonalProjects/deslop/scripts/chunks/Chunk_1201_1225.txt,1219,/home/chinmay/ChinmayPersonalProjects/gopdfsuit/internal/pdf/draw.go,201,go_perf_layer_string_handling_strings_join_single_element_loop,false_positive,Performance heuristic lacks runtime evidence in snippet and is not clearly actionable.
/home/chinmay/ChinmayPersonalProjects/deslop/scripts/chunks/Chunk_1201_1225.txt,1220,/home/chinmay/ChinmayPersonalProjects/gopdfsuit/internal/pdf/draw.go,206,go_perf_layer_data_structure_choice_interface_map_for_typed_values,false_positive,Performance heuristic lacks runtime evidence in snippet and is not clearly actionable.
/home/chinmay/ChinmayPersonalProjects/deslop/scripts/chunks/Chunk_1201_1225.txt,1221,/home/chinmay/ChinmayPersonalProjects/gopdfsuit/internal/pdf/draw.go,207,go_perf_layer_caching_json_cache_value_stored_as_string,false_positive,Performance heuristic lacks runtime evidence in snippet and is not clearly actionable.
/home/chinmay/ChinmayPersonalProjects/deslop/scripts/chunks/Chunk_1201_1225.txt,1222,/home/chinmay/ChinmayPersonalProjects/gopdfsuit/internal/pdf/draw.go,207,go_perf_layer_data_structure_choice_map_string_bool_for_membership,false_positive,Performance heuristic lacks runtime evidence in snippet and is not clearly actionable.
/home/chinmay/ChinmayPersonalProjects/deslop/scripts/chunks/Chunk_1201_1225.txt,1223,/home/chinmay/ChinmayPersonalProjects/gopdfsuit/internal/pdf/draw.go,207,go_perf_layer_data_structure_choice_small_enum_string_switch_map,false_positive,Performance heuristic lacks runtime evidence in snippet and is not clearly actionable.
/home/chinmay/ChinmayPersonalProjects/deslop/scripts/chunks/Chunk_1201_1225.txt,1224,/home/chinmay/ChinmayPersonalProjects/gopdfsuit/internal/pdf/draw.go,207,go_perf_layer_memory_allocation_temporary_byte_slice_for_string_write,false_positive,Performance heuristic lacks runtime evidence in snippet and is not clearly actionable.
/home/chinmay/ChinmayPersonalProjects/deslop/scripts/chunks/Chunk_1201_1225.txt,1225,/home/chinmay/ChinmayPersonalProjects/gopdfsuit/internal/pdf/draw.go,208,go_perf_layer_caching_unbounded_cache_map,false_positive,Performance heuristic lacks runtime evidence in snippet and is not clearly actionable.
/home/chinmay/ChinmayPersonalProjects/deslop/scripts/chunks/Chunk_1226_1250.txt,1226,/home/chinmay/ChinmayPersonalProjects/gopdfsuit/internal/pdf/draw.go,208,go_perf_layer_collection_iteration_manual_index_loop_without_bounds_need,false_positive,Performance heuristic lacks runtime evidence in snippet and is not clearly actionable.
/home/chinmay/ChinmayPersonalProjects/deslop/scripts/chunks/Chunk_1226_1250.txt,1227,/home/chinmay/ChinmayPersonalProjects/gopdfsuit/internal/pdf/draw.go,208,go_perf_layer_memory_allocation_map_recreated_for_static_lookup,false_positive,Performance heuristic lacks runtime evidence in snippet and is not clearly actionable.
/home/chinmay/ChinmayPersonalProjects/deslop/scripts/chunks/Chunk_1226_1250.txt,1228,/home/chinmay/ChinmayPersonalProjects/gopdfsuit/internal/pdf/draw.go,209,go_perf_layer_io_operations_small_writes_without_bufio_writer,false_positive,Performance heuristic lacks runtime evidence in snippet and is not clearly actionable.
/home/chinmay/ChinmayPersonalProjects/deslop/scripts/chunks/Chunk_1226_1250.txt,1229,/home/chinmay/ChinmayPersonalProjects/gopdfsuit/internal/pdf/draw.go,219,go_perf_layer_algorithmic_complexity_repeated_nested_slice_scans,false_positive,Performance heuristic lacks runtime evidence in snippet and is not clearly actionable.
/home/chinmay/ChinmayPersonalProjects/deslop/scripts/chunks/Chunk_1226_1250.txt,1230,/home/chinmay/ChinmayPersonalProjects/gopdfsuit/internal/pdf/draw.go,220,go_perf_layer_memory_allocation_append_without_known_capacity,false_positive,Performance heuristic lacks runtime evidence in snippet and is not clearly actionable.
/home/chinmay/ChinmayPersonalProjects/deslop/scripts/chunks/Chunk_1226_1250.txt,1231,/home/chinmay/ChinmayPersonalProjects/gopdfsuit/internal/pdf/draw.go,261,go_perf_layer_network_calls_retry_loop_without_backoff,false_positive,Performance heuristic lacks runtime evidence in snippet and is not clearly actionable.
/home/chinmay/ChinmayPersonalProjects/deslop/scripts/chunks/Chunk_1226_1250.txt,1232,/home/chinmay/ChinmayPersonalProjects/gopdfsuit/internal/pdf/draw.go,320,go_perf_layer_database_access_rows_scan_into_map_per_row,false_positive,Performance heuristic lacks runtime evidence in snippet and is not clearly actionable.
/home/chinmay/ChinmayPersonalProjects/deslop/scripts/chunks/Chunk_1226_1250.txt,1233,/home/chinmay/ChinmayPersonalProjects/gopdfsuit/internal/pdf/draw.go,320,go_perf_layer_database_access_transaction_per_row_bulk_write,false_positive,Performance heuristic lacks runtime evidence in snippet and is not clearly actionable.
/home/chinmay/ChinmayPersonalProjects/deslop/scripts/chunks/Chunk_1226_1250.txt,1234,/home/chinmay/ChinmayPersonalProjects/gopdfsuit/internal/pdf/draw.go,320,go_perf_layer_memory_allocation_bytes_buffer_allocated_per_record,false_positive,Performance heuristic lacks runtime evidence in snippet and is not clearly actionable.
/home/chinmay/ChinmayPersonalProjects/deslop/scripts/chunks/Chunk_1226_1250.txt,1235,/home/chinmay/ChinmayPersonalProjects/gopdfsuit/internal/pdf/draw.go,322,go_perf_layer_algorithmic_complexity_quadratic_append_filter_pipeline,false_positive,Performance heuristic lacks runtime evidence in snippet and is not clearly actionable.
/home/chinmay/ChinmayPersonalProjects/deslop/scripts/chunks/Chunk_1226_1250.txt,1236,/home/chinmay/ChinmayPersonalProjects/gopdfsuit/internal/pdf/draw.go,323,go_perf_layer_algorithmic_complexity_repeated_nested_slice_scans,false_positive,Performance heuristic lacks runtime evidence in snippet and is not clearly actionable.
/home/chinmay/ChinmayPersonalProjects/deslop/scripts/chunks/Chunk_1226_1250.txt,1237,/home/chinmay/ChinmayPersonalProjects/gopdfsuit/internal/pdf/draw.go,323,go_perf_layer_collection_iteration_copy_slice_before_readonly_range,false_positive,Performance heuristic lacks runtime evidence in snippet and is not clearly actionable.
/home/chinmay/ChinmayPersonalProjects/deslop/scripts/chunks/Chunk_1226_1250.txt,1238,/home/chinmay/ChinmayPersonalProjects/gopdfsuit/internal/pdf/draw.go,323,go_perf_layer_garbage_collection_cleanup_large_slice_retained_after_truncate,false_positive,Performance heuristic lacks runtime evidence in snippet and is not clearly actionable.
/home/chinmay/ChinmayPersonalProjects/deslop/scripts/chunks/Chunk_1226_1250.txt,1239,/home/chinmay/ChinmayPersonalProjects/gopdfsuit/internal/pdf/draw.go,323,go_perf_layer_memory_allocation_closure_capture_allocates_in_loop,false_positive,Performance heuristic lacks runtime evidence in snippet and is not clearly actionable.
/home/chinmay/ChinmayPersonalProjects/deslop/scripts/chunks/Chunk_1226_1250.txt,1240,/home/chinmay/ChinmayPersonalProjects/gopdfsuit/internal/pdf/draw.go,323,go_perf_layer_memory_allocation_temporary_byte_slice_for_string_write,false_positive,Performance heuristic lacks runtime evidence in snippet and is not clearly actionable.
/home/chinmay/ChinmayPersonalProjects/deslop/scripts/chunks/Chunk_1226_1250.txt,1241,/home/chinmay/ChinmayPersonalProjects/gopdfsuit/internal/pdf/draw.go,324,go_perf_layer_collection_iteration_len_called_after_materializing_channel,false_positive,Performance heuristic lacks runtime evidence in snippet and is not clearly actionable.
/home/chinmay/ChinmayPersonalProjects/deslop/scripts/chunks/Chunk_1226_1250.txt,1242,/home/chinmay/ChinmayPersonalProjects/gopdfsuit/internal/pdf/draw.go,324,go_perf_layer_string_handling_string_lower_for_case_insensitive_compare,false_positive,Performance heuristic lacks runtime evidence in snippet and is not clearly actionable.
/home/chinmay/ChinmayPersonalProjects/deslop/scripts/chunks/Chunk_1226_1250.txt,1243,/home/chinmay/ChinmayPersonalProjects/gopdfsuit/internal/pdf/draw.go,327,go_perf_layer_collection_iteration_range_over_map_for_deterministic_first,false_positive,Performance heuristic lacks runtime evidence in snippet and is not clearly actionable.
/home/chinmay/ChinmayPersonalProjects/deslop/scripts/chunks/Chunk_1226_1250.txt,1244,/home/chinmay/ChinmayPersonalProjects/gopdfsuit/internal/pdf/draw.go,327,go_perf_layer_hot_path_optimization_invariant_parse_inside_handler,false_positive,Performance heuristic lacks runtime evidence in snippet and is not clearly actionable.
/home/chinmay/ChinmayPersonalProjects/deslop/scripts/chunks/Chunk_1226_1250.txt,1245,/home/chinmay/ChinmayPersonalProjects/gopdfsuit/internal/pdf/draw.go,327,go_perf_layer_io_operations_scanner_used_for_large_token_stream,false_positive,Performance heuristic lacks runtime evidence in snippet and is not clearly actionable.
/home/chinmay/ChinmayPersonalProjects/deslop/scripts/chunks/Chunk_1226_1250.txt,1246,/home/chinmay/ChinmayPersonalProjects/gopdfsuit/internal/pdf/draw.go,327,go_perf_layer_network_calls_retry_loop_without_backoff,false_positive,Performance heuristic lacks runtime evidence in snippet and is not clearly actionable.
/home/chinmay/ChinmayPersonalProjects/deslop/scripts/chunks/Chunk_1226_1250.txt,1247,/home/chinmay/ChinmayPersonalProjects/gopdfsuit/internal/pdf/draw.go,337,filter_then_count_then_iterate,false_positive,Pattern is advisory or context dependent and snippet does not prove a concrete defect.
/home/chinmay/ChinmayPersonalProjects/deslop/scripts/chunks/Chunk_1226_1250.txt,1248,/home/chinmay/ChinmayPersonalProjects/gopdfsuit/internal/pdf/draw.go,350,go_perf_layer_logging_overhead_log_fields_built_before_level_check,false_positive,Performance heuristic lacks runtime evidence in snippet and is not clearly actionable.
/home/chinmay/ChinmayPersonalProjects/deslop/scripts/chunks/Chunk_1226_1250.txt,1249,/home/chinmay/ChinmayPersonalProjects/gopdfsuit/internal/pdf/draw.go,350,go_perf_layer_string_handling_byte_string_roundtrip_for_contains,false_positive,Performance heuristic lacks runtime evidence in snippet and is not clearly actionable.
/home/chinmay/ChinmayPersonalProjects/deslop/scripts/chunks/Chunk_1226_1250.txt,1250,/home/chinmay/ChinmayPersonalProjects/gopdfsuit/internal/pdf/draw.go,350,go_perf_layer_string_handling_strings_join_single_element_loop,false_positive,Performance heuristic lacks runtime evidence in snippet and is not clearly actionable.
/home/chinmay/ChinmayPersonalProjects/deslop/scripts/chunks/Chunk_1251_1275.txt,1251,/home/chinmay/ChinmayPersonalProjects/gopdfsuit/internal/pdf/draw.go,351,go_perf_layer_framework_performance_template_execute_to_string_then_write,false_positive,Performance heuristic lacks runtime evidence in snippet and is not clearly actionable.
/home/chinmay/ChinmayPersonalProjects/deslop/scripts/chunks/Chunk_1251_1275.txt,1252,/home/chinmay/ChinmayPersonalProjects/gopdfsuit/internal/pdf/draw.go,364,go_perf_layer_data_structure_choice_small_enum_string_switch_map,false_positive,Performance heuristic lacks runtime evidence in snippet and is not clearly actionable.
/home/chinmay/ChinmayPersonalProjects/deslop/scripts/chunks/Chunk_1251_1275.txt,1253,/home/chinmay/ChinmayPersonalProjects/gopdfsuit/internal/pdf/draw.go,364,go_perf_layer_io_operations_small_writes_without_bufio_writer,false_positive,Performance heuristic lacks runtime evidence in snippet and is not clearly actionable.
/home/chinmay/ChinmayPersonalProjects/deslop/scripts/chunks/Chunk_1251_1275.txt,1254,/home/chinmay/ChinmayPersonalProjects/gopdfsuit/internal/pdf/draw.go,364,go_perf_layer_io_operations_stat_before_open_without_branch,false_positive,Performance heuristic lacks runtime evidence in snippet and is not clearly actionable.
/home/chinmay/ChinmayPersonalProjects/deslop/scripts/chunks/Chunk_1251_1275.txt,1255,/home/chinmay/ChinmayPersonalProjects/gopdfsuit/internal/pdf/draw.go,392,append_then_trim_each_iteration,false_positive,Pattern is advisory or context dependent and snippet does not prove a concrete defect.
/home/chinmay/ChinmayPersonalProjects/deslop/scripts/chunks/Chunk_1251_1275.txt,1256,/home/chinmay/ChinmayPersonalProjects/gopdfsuit/internal/pdf/draw.go,392,slice_append_without_prealloc_known_bound,false_positive,Pattern is advisory or context dependent and snippet does not prove a concrete defect.
/home/chinmay/ChinmayPersonalProjects/deslop/scripts/chunks/Chunk_1251_1275.txt,1257,/home/chinmay/ChinmayPersonalProjects/gopdfsuit/internal/pdf/draw.go,392,slice_grow_without_cap_hint,false_positive,Pattern is advisory or context dependent and snippet does not prove a concrete defect.
/home/chinmay/ChinmayPersonalProjects/deslop/scripts/chunks/Chunk_1251_1275.txt,1258,/home/chinmay/ChinmayPersonalProjects/gopdfsuit/internal/pdf/draw.go,394,slice_append_without_prealloc_known_bound,false_positive,Pattern is advisory or context dependent and snippet does not prove a concrete defect.
/home/chinmay/ChinmayPersonalProjects/deslop/scripts/chunks/Chunk_1251_1275.txt,1259,/home/chinmay/ChinmayPersonalProjects/gopdfsuit/internal/pdf/draw.go,394,slice_grow_without_cap_hint,false_positive,Pattern is advisory or context dependent and snippet does not prove a concrete defect.
/home/chinmay/ChinmayPersonalProjects/deslop/scripts/chunks/Chunk_1251_1275.txt,1260,/home/chinmay/ChinmayPersonalProjects/gopdfsuit/internal/pdf/draw.go,396,slice_append_without_prealloc_known_bound,false_positive,Pattern is advisory or context dependent and snippet does not prove a concrete defect.
/home/chinmay/ChinmayPersonalProjects/deslop/scripts/chunks/Chunk_1251_1275.txt,1261,/home/chinmay/ChinmayPersonalProjects/gopdfsuit/internal/pdf/draw.go,396,slice_grow_without_cap_hint,false_positive,Pattern is advisory or context dependent and snippet does not prove a concrete defect.
/home/chinmay/ChinmayPersonalProjects/deslop/scripts/chunks/Chunk_1251_1275.txt,1262,/home/chinmay/ChinmayPersonalProjects/gopdfsuit/internal/pdf/draw.go,397,go_perf_layer_serialization_gzip_writer_created_per_small_payload,false_positive,Performance heuristic lacks runtime evidence in snippet and is not clearly actionable.
/home/chinmay/ChinmayPersonalProjects/deslop/scripts/chunks/Chunk_1251_1275.txt,1263,/home/chinmay/ChinmayPersonalProjects/gopdfsuit/internal/pdf/draw.go,471,stable_value_normalization_in_inner_loop,false_positive,Pattern is advisory or context dependent and snippet does not prove a concrete defect.
/home/chinmay/ChinmayPersonalProjects/deslop/scripts/chunks/Chunk_1251_1275.txt,1264,/home/chinmay/ChinmayPersonalProjects/gopdfsuit/internal/pdf/draw.go,471,strings_replace_all_for_single_char,false_positive,Pattern is advisory or context dependent and snippet does not prove a concrete defect.
/home/chinmay/ChinmayPersonalProjects/deslop/scripts/chunks/Chunk_1251_1275.txt,1265,/home/chinmay/ChinmayPersonalProjects/gopdfsuit/internal/pdf/draw.go,474,slice_append_without_prealloc_known_bound,false_positive,Pattern is advisory or context dependent and snippet does not prove a concrete defect.
/home/chinmay/ChinmayPersonalProjects/deslop/scripts/chunks/Chunk_1251_1275.txt,1266,/home/chinmay/ChinmayPersonalProjects/gopdfsuit/internal/pdf/draw.go,474,slice_grow_without_cap_hint,false_positive,Pattern is advisory or context dependent and snippet does not prove a concrete defect.
/home/chinmay/ChinmayPersonalProjects/deslop/scripts/chunks/Chunk_1251_1275.txt,1267,/home/chinmay/ChinmayPersonalProjects/gopdfsuit/internal/pdf/draw.go,476,slice_append_without_prealloc_known_bound,false_positive,Pattern is advisory or context dependent and snippet does not prove a concrete defect.
/home/chinmay/ChinmayPersonalProjects/deslop/scripts/chunks/Chunk_1251_1275.txt,1268,/home/chinmay/ChinmayPersonalProjects/gopdfsuit/internal/pdf/draw.go,476,slice_grow_without_cap_hint,false_positive,Pattern is advisory or context dependent and snippet does not prove a concrete defect.
/home/chinmay/ChinmayPersonalProjects/deslop/scripts/chunks/Chunk_1251_1275.txt,1269,/home/chinmay/ChinmayPersonalProjects/gopdfsuit/internal/pdf/draw.go,478,slice_append_without_prealloc_known_bound,false_positive,Pattern is advisory or context dependent and snippet does not prove a concrete defect.
/home/chinmay/ChinmayPersonalProjects/deslop/scripts/chunks/Chunk_1251_1275.txt,1270,/home/chinmay/ChinmayPersonalProjects/gopdfsuit/internal/pdf/draw.go,478,slice_grow_without_cap_hint,false_positive,Pattern is advisory or context dependent and snippet does not prove a concrete defect.
/home/chinmay/ChinmayPersonalProjects/deslop/scripts/chunks/Chunk_1251_1275.txt,1271,/home/chinmay/ChinmayPersonalProjects/gopdfsuit/internal/pdf/draw.go,480,slice_append_without_prealloc_known_bound,false_positive,Pattern is advisory or context dependent and snippet does not prove a concrete defect.
/home/chinmay/ChinmayPersonalProjects/deslop/scripts/chunks/Chunk_1251_1275.txt,1272,/home/chinmay/ChinmayPersonalProjects/gopdfsuit/internal/pdf/draw.go,480,slice_grow_without_cap_hint,false_positive,Pattern is advisory or context dependent and snippet does not prove a concrete defect.
/home/chinmay/ChinmayPersonalProjects/deslop/scripts/chunks/Chunk_1251_1275.txt,1273,/home/chinmay/ChinmayPersonalProjects/gopdfsuit/internal/pdf/draw.go,513,slice_append_without_prealloc_known_bound,false_positive,Pattern is advisory or context dependent and snippet does not prove a concrete defect.
/home/chinmay/ChinmayPersonalProjects/deslop/scripts/chunks/Chunk_1251_1275.txt,1274,/home/chinmay/ChinmayPersonalProjects/gopdfsuit/internal/pdf/draw.go,513,slice_grow_without_cap_hint,false_positive,Pattern is advisory or context dependent and snippet does not prove a concrete defect.
/home/chinmay/ChinmayPersonalProjects/deslop/scripts/chunks/Chunk_1251_1275.txt,1275,/home/chinmay/ChinmayPersonalProjects/gopdfsuit/internal/pdf/draw.go,515,slice_append_without_prealloc_known_bound,false_positive,Pattern is advisory or context dependent and snippet does not prove a concrete defect.
/home/chinmay/ChinmayPersonalProjects/deslop/scripts/chunks/Chunk_1276_1300.txt,1276,/home/chinmay/ChinmayPersonalProjects/gopdfsuit/internal/pdf/draw.go,515,slice_grow_without_cap_hint,false_positive,Pattern is advisory or context dependent and snippet does not prove a concrete defect.
/home/chinmay/ChinmayPersonalProjects/deslop/scripts/chunks/Chunk_1276_1300.txt,1277,/home/chinmay/ChinmayPersonalProjects/gopdfsuit/internal/pdf/draw.go,517,slice_append_without_prealloc_known_bound,false_positive,Pattern is advisory or context dependent and snippet does not prove a concrete defect.
/home/chinmay/ChinmayPersonalProjects/deslop/scripts/chunks/Chunk_1276_1300.txt,1278,/home/chinmay/ChinmayPersonalProjects/gopdfsuit/internal/pdf/draw.go,517,slice_grow_without_cap_hint,false_positive,Pattern is advisory or context dependent and snippet does not prove a concrete defect.
/home/chinmay/ChinmayPersonalProjects/deslop/scripts/chunks/Chunk_1276_1300.txt,1279,/home/chinmay/ChinmayPersonalProjects/gopdfsuit/internal/pdf/draw.go,519,slice_append_without_prealloc_known_bound,false_positive,Pattern is advisory or context dependent and snippet does not prove a concrete defect.
/home/chinmay/ChinmayPersonalProjects/deslop/scripts/chunks/Chunk_1276_1300.txt,1280,/home/chinmay/ChinmayPersonalProjects/gopdfsuit/internal/pdf/draw.go,519,slice_grow_without_cap_hint,false_positive,Pattern is advisory or context dependent and snippet does not prove a concrete defect.
/home/chinmay/ChinmayPersonalProjects/deslop/scripts/chunks/Chunk_1276_1300.txt,1281,/home/chinmay/ChinmayPersonalProjects/gopdfsuit/internal/pdf/draw.go,528,slice_append_without_prealloc_known_bound,false_positive,Pattern is advisory or context dependent and snippet does not prove a concrete defect.
/home/chinmay/ChinmayPersonalProjects/deslop/scripts/chunks/Chunk_1276_1300.txt,1282,/home/chinmay/ChinmayPersonalProjects/gopdfsuit/internal/pdf/draw.go,528,slice_grow_without_cap_hint,false_positive,Pattern is advisory or context dependent and snippet does not prove a concrete defect.
/home/chinmay/ChinmayPersonalProjects/deslop/scripts/chunks/Chunk_1276_1300.txt,1283,/home/chinmay/ChinmayPersonalProjects/gopdfsuit/internal/pdf/draw.go,529,slice_append_without_prealloc_known_bound,false_positive,Pattern is advisory or context dependent and snippet does not prove a concrete defect.
/home/chinmay/ChinmayPersonalProjects/deslop/scripts/chunks/Chunk_1276_1300.txt,1284,/home/chinmay/ChinmayPersonalProjects/gopdfsuit/internal/pdf/draw.go,529,slice_grow_without_cap_hint,false_positive,Pattern is advisory or context dependent and snippet does not prove a concrete defect.
/home/chinmay/ChinmayPersonalProjects/deslop/scripts/chunks/Chunk_1276_1300.txt,1285,/home/chinmay/ChinmayPersonalProjects/gopdfsuit/internal/pdf/draw.go,566,slice_append_without_prealloc_known_bound,false_positive,Pattern is advisory or context dependent and snippet does not prove a concrete defect.
/home/chinmay/ChinmayPersonalProjects/deslop/scripts/chunks/Chunk_1276_1300.txt,1286,/home/chinmay/ChinmayPersonalProjects/gopdfsuit/internal/pdf/draw.go,566,slice_grow_without_cap_hint,false_positive,Pattern is advisory or context dependent and snippet does not prove a concrete defect.
/home/chinmay/ChinmayPersonalProjects/deslop/scripts/chunks/Chunk_1276_1300.txt,1287,/home/chinmay/ChinmayPersonalProjects/gopdfsuit/internal/pdf/draw.go,568,slice_append_without_prealloc_known_bound,false_positive,Pattern is advisory or context dependent and snippet does not prove a concrete defect.
/home/chinmay/ChinmayPersonalProjects/deslop/scripts/chunks/Chunk_1276_1300.txt,1288,/home/chinmay/ChinmayPersonalProjects/gopdfsuit/internal/pdf/draw.go,568,slice_grow_without_cap_hint,false_positive,Pattern is advisory or context dependent and snippet does not prove a concrete defect.
/home/chinmay/ChinmayPersonalProjects/deslop/scripts/chunks/Chunk_1276_1300.txt,1289,/home/chinmay/ChinmayPersonalProjects/gopdfsuit/internal/pdf/draw.go,570,slice_append_without_prealloc_known_bound,false_positive,Pattern is advisory or context dependent and snippet does not prove a concrete defect.
/home/chinmay/ChinmayPersonalProjects/deslop/scripts/chunks/Chunk_1276_1300.txt,1290,/home/chinmay/ChinmayPersonalProjects/gopdfsuit/internal/pdf/draw.go,570,slice_grow_without_cap_hint,false_positive,Pattern is advisory or context dependent and snippet does not prove a concrete defect.
/home/chinmay/ChinmayPersonalProjects/deslop/scripts/chunks/Chunk_1276_1300.txt,1291,/home/chinmay/ChinmayPersonalProjects/gopdfsuit/internal/pdf/draw.go,596,slice_append_without_prealloc_known_bound,false_positive,Pattern is advisory or context dependent and snippet does not prove a concrete defect.
/home/chinmay/ChinmayPersonalProjects/deslop/scripts/chunks/Chunk_1276_1300.txt,1292,/home/chinmay/ChinmayPersonalProjects/gopdfsuit/internal/pdf/draw.go,596,slice_grow_without_cap_hint,false_positive,Pattern is advisory or context dependent and snippet does not prove a concrete defect.
/home/chinmay/ChinmayPersonalProjects/deslop/scripts/chunks/Chunk_1276_1300.txt,1293,/home/chinmay/ChinmayPersonalProjects/gopdfsuit/internal/pdf/draw.go,598,slice_append_without_prealloc_known_bound,false_positive,Pattern is advisory or context dependent and snippet does not prove a concrete defect.
/home/chinmay/ChinmayPersonalProjects/deslop/scripts/chunks/Chunk_1276_1300.txt,1294,/home/chinmay/ChinmayPersonalProjects/gopdfsuit/internal/pdf/draw.go,598,slice_grow_without_cap_hint,false_positive,Pattern is advisory or context dependent and snippet does not prove a concrete defect.
/home/chinmay/ChinmayPersonalProjects/deslop/scripts/chunks/Chunk_1276_1300.txt,1295,/home/chinmay/ChinmayPersonalProjects/gopdfsuit/internal/pdf/draw.go,610,slice_append_without_prealloc_known_bound,false_positive,Pattern is advisory or context dependent and snippet does not prove a concrete defect.
/home/chinmay/ChinmayPersonalProjects/deslop/scripts/chunks/Chunk_1276_1300.txt,1296,/home/chinmay/ChinmayPersonalProjects/gopdfsuit/internal/pdf/draw.go,610,slice_grow_without_cap_hint,false_positive,Pattern is advisory or context dependent and snippet does not prove a concrete defect.
/home/chinmay/ChinmayPersonalProjects/deslop/scripts/chunks/Chunk_1276_1300.txt,1297,/home/chinmay/ChinmayPersonalProjects/gopdfsuit/internal/pdf/draw.go,612,slice_append_without_prealloc_known_bound,false_positive,Pattern is advisory or context dependent and snippet does not prove a concrete defect.
/home/chinmay/ChinmayPersonalProjects/deslop/scripts/chunks/Chunk_1276_1300.txt,1298,/home/chinmay/ChinmayPersonalProjects/gopdfsuit/internal/pdf/draw.go,612,slice_grow_without_cap_hint,false_positive,Pattern is advisory or context dependent and snippet does not prove a concrete defect.
/home/chinmay/ChinmayPersonalProjects/deslop/scripts/chunks/Chunk_1276_1300.txt,1299,/home/chinmay/ChinmayPersonalProjects/gopdfsuit/internal/pdf/draw.go,614,slice_append_without_prealloc_known_bound,false_positive,Pattern is advisory or context dependent and snippet does not prove a concrete defect.
/home/chinmay/ChinmayPersonalProjects/deslop/scripts/chunks/Chunk_1276_1300.txt,1300,/home/chinmay/ChinmayPersonalProjects/gopdfsuit/internal/pdf/draw.go,614,slice_grow_without_cap_hint,false_positive,Pattern is advisory or context dependent and snippet does not prove a concrete defect.
/home/chinmay/ChinmayPersonalProjects/deslop/scripts/chunks/Chunk_1301_1325.txt,1301,/home/chinmay/ChinmayPersonalProjects/gopdfsuit/internal/pdf/draw.go,616,slice_append_without_prealloc_known_bound,false_positive,Pattern is advisory or context dependent and snippet does not prove a concrete defect.
/home/chinmay/ChinmayPersonalProjects/deslop/scripts/chunks/Chunk_1301_1325.txt,1302,/home/chinmay/ChinmayPersonalProjects/gopdfsuit/internal/pdf/draw.go,616,slice_grow_without_cap_hint,false_positive,Pattern is advisory or context dependent and snippet does not prove a concrete defect.
/home/chinmay/ChinmayPersonalProjects/deslop/scripts/chunks/Chunk_1301_1325.txt,1303,/home/chinmay/ChinmayPersonalProjects/gopdfsuit/internal/pdf/draw.go,649,slice_append_without_prealloc_known_bound,false_positive,Pattern is advisory or context dependent and snippet does not prove a concrete defect.
/home/chinmay/ChinmayPersonalProjects/deslop/scripts/chunks/Chunk_1301_1325.txt,1304,/home/chinmay/ChinmayPersonalProjects/gopdfsuit/internal/pdf/draw.go,649,slice_grow_without_cap_hint,false_positive,Pattern is advisory or context dependent and snippet does not prove a concrete defect.
/home/chinmay/ChinmayPersonalProjects/deslop/scripts/chunks/Chunk_1301_1325.txt,1305,/home/chinmay/ChinmayPersonalProjects/gopdfsuit/internal/pdf/draw.go,651,slice_append_without_prealloc_known_bound,false_positive,Pattern is advisory or context dependent and snippet does not prove a concrete defect.
/home/chinmay/ChinmayPersonalProjects/deslop/scripts/chunks/Chunk_1301_1325.txt,1306,/home/chinmay/ChinmayPersonalProjects/gopdfsuit/internal/pdf/draw.go,651,slice_grow_without_cap_hint,false_positive,Pattern is advisory or context dependent and snippet does not prove a concrete defect.
/home/chinmay/ChinmayPersonalProjects/deslop/scripts/chunks/Chunk_1301_1325.txt,1307,/home/chinmay/ChinmayPersonalProjects/gopdfsuit/internal/pdf/draw.go,653,slice_append_without_prealloc_known_bound,false_positive,Pattern is advisory or context dependent and snippet does not prove a concrete defect.
/home/chinmay/ChinmayPersonalProjects/deslop/scripts/chunks/Chunk_1301_1325.txt,1308,/home/chinmay/ChinmayPersonalProjects/gopdfsuit/internal/pdf/draw.go,653,slice_grow_without_cap_hint,false_positive,Pattern is advisory or context dependent and snippet does not prove a concrete defect.
/home/chinmay/ChinmayPersonalProjects/deslop/scripts/chunks/Chunk_1301_1325.txt,1309,/home/chinmay/ChinmayPersonalProjects/gopdfsuit/internal/pdf/draw.go,655,slice_append_without_prealloc_known_bound,false_positive,Pattern is advisory or context dependent and snippet does not prove a concrete defect.
/home/chinmay/ChinmayPersonalProjects/deslop/scripts/chunks/Chunk_1301_1325.txt,1310,/home/chinmay/ChinmayPersonalProjects/gopdfsuit/internal/pdf/draw.go,655,slice_grow_without_cap_hint,false_positive,Pattern is advisory or context dependent and snippet does not prove a concrete defect.
/home/chinmay/ChinmayPersonalProjects/deslop/scripts/chunks/Chunk_1301_1325.txt,1311,/home/chinmay/ChinmayPersonalProjects/gopdfsuit/internal/pdf/draw.go,657,slice_append_without_prealloc_known_bound,false_positive,Pattern is advisory or context dependent and snippet does not prove a concrete defect.
/home/chinmay/ChinmayPersonalProjects/deslop/scripts/chunks/Chunk_1301_1325.txt,1312,/home/chinmay/ChinmayPersonalProjects/gopdfsuit/internal/pdf/draw.go,657,slice_grow_without_cap_hint,false_positive,Pattern is advisory or context dependent and snippet does not prove a concrete defect.
/home/chinmay/ChinmayPersonalProjects/deslop/scripts/chunks/Chunk_1301_1325.txt,1313,/home/chinmay/ChinmayPersonalProjects/gopdfsuit/internal/pdf/draw.go,663,slice_append_without_prealloc_known_bound,false_positive,Pattern is advisory or context dependent and snippet does not prove a concrete defect.
/home/chinmay/ChinmayPersonalProjects/deslop/scripts/chunks/Chunk_1301_1325.txt,1314,/home/chinmay/ChinmayPersonalProjects/gopdfsuit/internal/pdf/draw.go,663,slice_grow_without_cap_hint,false_positive,Pattern is advisory or context dependent and snippet does not prove a concrete defect.
/home/chinmay/ChinmayPersonalProjects/deslop/scripts/chunks/Chunk_1301_1325.txt,1315,/home/chinmay/ChinmayPersonalProjects/gopdfsuit/internal/pdf/draw.go,665,slice_append_without_prealloc_known_bound,false_positive,Pattern is advisory or context dependent and snippet does not prove a concrete defect.
/home/chinmay/ChinmayPersonalProjects/deslop/scripts/chunks/Chunk_1301_1325.txt,1316,/home/chinmay/ChinmayPersonalProjects/gopdfsuit/internal/pdf/draw.go,665,slice_grow_without_cap_hint,false_positive,Pattern is advisory or context dependent and snippet does not prove a concrete defect.
/home/chinmay/ChinmayPersonalProjects/deslop/scripts/chunks/Chunk_1301_1325.txt,1317,/home/chinmay/ChinmayPersonalProjects/gopdfsuit/internal/pdf/draw.go,667,slice_append_without_prealloc_known_bound,false_positive,Pattern is advisory or context dependent and snippet does not prove a concrete defect.
/home/chinmay/ChinmayPersonalProjects/deslop/scripts/chunks/Chunk_1301_1325.txt,1318,/home/chinmay/ChinmayPersonalProjects/gopdfsuit/internal/pdf/draw.go,667,slice_grow_without_cap_hint,false_positive,Pattern is advisory or context dependent and snippet does not prove a concrete defect.
/home/chinmay/ChinmayPersonalProjects/deslop/scripts/chunks/Chunk_1301_1325.txt,1319,/home/chinmay/ChinmayPersonalProjects/gopdfsuit/internal/pdf/draw.go,669,slice_append_without_prealloc_known_bound,false_positive,Pattern is advisory or context dependent and snippet does not prove a concrete defect.
/home/chinmay/ChinmayPersonalProjects/deslop/scripts/chunks/Chunk_1301_1325.txt,1320,/home/chinmay/ChinmayPersonalProjects/gopdfsuit/internal/pdf/draw.go,669,slice_grow_without_cap_hint,false_positive,Pattern is advisory or context dependent and snippet does not prove a concrete defect.
/home/chinmay/ChinmayPersonalProjects/deslop/scripts/chunks/Chunk_1301_1325.txt,1321,/home/chinmay/ChinmayPersonalProjects/gopdfsuit/internal/pdf/draw.go,671,slice_append_without_prealloc_known_bound,false_positive,Pattern is advisory or context dependent and snippet does not prove a concrete defect.
/home/chinmay/ChinmayPersonalProjects/deslop/scripts/chunks/Chunk_1301_1325.txt,1322,/home/chinmay/ChinmayPersonalProjects/gopdfsuit/internal/pdf/draw.go,671,slice_grow_without_cap_hint,false_positive,Pattern is advisory or context dependent and snippet does not prove a concrete defect.
/home/chinmay/ChinmayPersonalProjects/deslop/scripts/chunks/Chunk_1301_1325.txt,1323,/home/chinmay/ChinmayPersonalProjects/gopdfsuit/internal/pdf/draw.go,677,slice_append_without_prealloc_known_bound,false_positive,Pattern is advisory or context dependent and snippet does not prove a concrete defect.
/home/chinmay/ChinmayPersonalProjects/deslop/scripts/chunks/Chunk_1301_1325.txt,1324,/home/chinmay/ChinmayPersonalProjects/gopdfsuit/internal/pdf/draw.go,677,slice_grow_without_cap_hint,false_positive,Pattern is advisory or context dependent and snippet does not prove a concrete defect.
/home/chinmay/ChinmayPersonalProjects/deslop/scripts/chunks/Chunk_1301_1325.txt,1325,/home/chinmay/ChinmayPersonalProjects/gopdfsuit/internal/pdf/draw.go,679,slice_append_without_prealloc_known_bound,false_positive,Pattern is advisory or context dependent and snippet does not prove a concrete defect.
/home/chinmay/ChinmayPersonalProjects/deslop/scripts/chunks/Chunk_1326_1350.txt,1326,/home/chinmay/ChinmayPersonalProjects/gopdfsuit/internal/pdf/draw.go,679,slice_grow_without_cap_hint,false_positive,Pattern is advisory or context dependent and snippet does not prove a concrete defect.
/home/chinmay/ChinmayPersonalProjects/deslop/scripts/chunks/Chunk_1326_1350.txt,1327,/home/chinmay/ChinmayPersonalProjects/gopdfsuit/internal/pdf/draw.go,681,slice_append_without_prealloc_known_bound,false_positive,Pattern is advisory or context dependent and snippet does not prove a concrete defect.
/home/chinmay/ChinmayPersonalProjects/deslop/scripts/chunks/Chunk_1326_1350.txt,1328,/home/chinmay/ChinmayPersonalProjects/gopdfsuit/internal/pdf/draw.go,681,slice_grow_without_cap_hint,false_positive,Pattern is advisory or context dependent and snippet does not prove a concrete defect.
/home/chinmay/ChinmayPersonalProjects/deslop/scripts/chunks/Chunk_1326_1350.txt,1329,/home/chinmay/ChinmayPersonalProjects/gopdfsuit/internal/pdf/draw.go,683,slice_append_without_prealloc_known_bound,false_positive,Pattern is advisory or context dependent and snippet does not prove a concrete defect.
/home/chinmay/ChinmayPersonalProjects/deslop/scripts/chunks/Chunk_1326_1350.txt,1330,/home/chinmay/ChinmayPersonalProjects/gopdfsuit/internal/pdf/draw.go,683,slice_grow_without_cap_hint,false_positive,Pattern is advisory or context dependent and snippet does not prove a concrete defect.
/home/chinmay/ChinmayPersonalProjects/deslop/scripts/chunks/Chunk_1326_1350.txt,1331,/home/chinmay/ChinmayPersonalProjects/gopdfsuit/internal/pdf/draw.go,685,slice_append_without_prealloc_known_bound,false_positive,Pattern is advisory or context dependent and snippet does not prove a concrete defect.
/home/chinmay/ChinmayPersonalProjects/deslop/scripts/chunks/Chunk_1326_1350.txt,1332,/home/chinmay/ChinmayPersonalProjects/gopdfsuit/internal/pdf/draw.go,685,slice_grow_without_cap_hint,false_positive,Pattern is advisory or context dependent and snippet does not prove a concrete defect.
/home/chinmay/ChinmayPersonalProjects/deslop/scripts/chunks/Chunk_1326_1350.txt,1333,/home/chinmay/ChinmayPersonalProjects/gopdfsuit/internal/pdf/draw.go,691,slice_append_without_prealloc_known_bound,false_positive,Pattern is advisory or context dependent and snippet does not prove a concrete defect.
/home/chinmay/ChinmayPersonalProjects/deslop/scripts/chunks/Chunk_1326_1350.txt,1334,/home/chinmay/ChinmayPersonalProjects/gopdfsuit/internal/pdf/draw.go,691,slice_grow_without_cap_hint,false_positive,Pattern is advisory or context dependent and snippet does not prove a concrete defect.
/home/chinmay/ChinmayPersonalProjects/deslop/scripts/chunks/Chunk_1326_1350.txt,1335,/home/chinmay/ChinmayPersonalProjects/gopdfsuit/internal/pdf/draw.go,693,slice_append_without_prealloc_known_bound,false_positive,Pattern is advisory or context dependent and snippet does not prove a concrete defect.
/home/chinmay/ChinmayPersonalProjects/deslop/scripts/chunks/Chunk_1326_1350.txt,1336,/home/chinmay/ChinmayPersonalProjects/gopdfsuit/internal/pdf/draw.go,693,slice_grow_without_cap_hint,false_positive,Pattern is advisory or context dependent and snippet does not prove a concrete defect.
/home/chinmay/ChinmayPersonalProjects/deslop/scripts/chunks/Chunk_1326_1350.txt,1337,/home/chinmay/ChinmayPersonalProjects/gopdfsuit/internal/pdf/draw.go,695,slice_append_without_prealloc_known_bound,false_positive,Pattern is advisory or context dependent and snippet does not prove a concrete defect.
/home/chinmay/ChinmayPersonalProjects/deslop/scripts/chunks/Chunk_1326_1350.txt,1338,/home/chinmay/ChinmayPersonalProjects/gopdfsuit/internal/pdf/draw.go,695,slice_grow_without_cap_hint,false_positive,Pattern is advisory or context dependent and snippet does not prove a concrete defect.
/home/chinmay/ChinmayPersonalProjects/deslop/scripts/chunks/Chunk_1326_1350.txt,1339,/home/chinmay/ChinmayPersonalProjects/gopdfsuit/internal/pdf/draw.go,697,slice_append_without_prealloc_known_bound,false_positive,Pattern is advisory or context dependent and snippet does not prove a concrete defect.
/home/chinmay/ChinmayPersonalProjects/deslop/scripts/chunks/Chunk_1326_1350.txt,1340,/home/chinmay/ChinmayPersonalProjects/gopdfsuit/internal/pdf/draw.go,697,slice_grow_without_cap_hint,false_positive,Pattern is advisory or context dependent and snippet does not prove a concrete defect.
/home/chinmay/ChinmayPersonalProjects/deslop/scripts/chunks/Chunk_1326_1350.txt,1341,/home/chinmay/ChinmayPersonalProjects/gopdfsuit/internal/pdf/draw.go,699,slice_append_without_prealloc_known_bound,false_positive,Pattern is advisory or context dependent and snippet does not prove a concrete defect.
/home/chinmay/ChinmayPersonalProjects/deslop/scripts/chunks/Chunk_1326_1350.txt,1342,/home/chinmay/ChinmayPersonalProjects/gopdfsuit/internal/pdf/draw.go,699,slice_grow_without_cap_hint,false_positive,Pattern is advisory or context dependent and snippet does not prove a concrete defect.
/home/chinmay/ChinmayPersonalProjects/deslop/scripts/chunks/Chunk_1326_1350.txt,1343,/home/chinmay/ChinmayPersonalProjects/gopdfsuit/internal/pdf/draw.go,737,go_perf_layer_database_access_rows_scan_into_map_per_row,false_positive,Performance heuristic lacks runtime evidence in snippet and is not clearly actionable.
/home/chinmay/ChinmayPersonalProjects/deslop/scripts/chunks/Chunk_1326_1350.txt,1344,/home/chinmay/ChinmayPersonalProjects/gopdfsuit/internal/pdf/draw.go,737,go_perf_layer_database_access_transaction_per_row_bulk_write,false_positive,Performance heuristic lacks runtime evidence in snippet and is not clearly actionable.
/home/chinmay/ChinmayPersonalProjects/deslop/scripts/chunks/Chunk_1326_1350.txt,1345,/home/chinmay/ChinmayPersonalProjects/gopdfsuit/internal/pdf/draw.go,737,go_perf_layer_memory_allocation_bytes_buffer_allocated_per_record,false_positive,Performance heuristic lacks runtime evidence in snippet and is not clearly actionable.
/home/chinmay/ChinmayPersonalProjects/deslop/scripts/chunks/Chunk_1326_1350.txt,1346,/home/chinmay/ChinmayPersonalProjects/gopdfsuit/internal/pdf/draw.go,739,go_perf_layer_data_structure_choice_interface_map_for_typed_values,false_positive,Performance heuristic lacks runtime evidence in snippet and is not clearly actionable.
/home/chinmay/ChinmayPersonalProjects/deslop/scripts/chunks/Chunk_1326_1350.txt,1347,/home/chinmay/ChinmayPersonalProjects/gopdfsuit/internal/pdf/draw.go,739,go_perf_layer_string_handling_byte_string_roundtrip_for_contains,false_positive,Performance heuristic lacks runtime evidence in snippet and is not clearly actionable.
/home/chinmay/ChinmayPersonalProjects/deslop/scripts/chunks/Chunk_1326_1350.txt,1348,/home/chinmay/ChinmayPersonalProjects/gopdfsuit/internal/pdf/draw.go,739,go_perf_layer_string_handling_string_lower_for_case_insensitive_compare,false_positive,Performance heuristic lacks runtime evidence in snippet and is not clearly actionable.
/home/chinmay/ChinmayPersonalProjects/deslop/scripts/chunks/Chunk_1326_1350.txt,1349,/home/chinmay/ChinmayPersonalProjects/gopdfsuit/internal/pdf/draw.go,739,go_perf_layer_string_handling_strings_join_single_element_loop,false_positive,Performance heuristic lacks runtime evidence in snippet and is not clearly actionable.
/home/chinmay/ChinmayPersonalProjects/deslop/scripts/chunks/Chunk_1326_1350.txt,1350,/home/chinmay/ChinmayPersonalProjects/gopdfsuit/internal/pdf/draw.go,740,go_perf_layer_framework_performance_template_execute_to_string_then_write,false_positive,Performance heuristic lacks runtime evidence in snippet and is not clearly actionable.
/home/chinmay/ChinmayPersonalProjects/deslop/scripts/chunks/Chunk_1351_1375.txt,1351,/home/chinmay/ChinmayPersonalProjects/gopdfsuit/internal/pdf/draw.go,743,go_perf_layer_algorithmic_complexity_quadratic_append_filter_pipeline,false_positive,Performance heuristic lacks runtime evidence in snippet and is not clearly actionable.
/home/chinmay/ChinmayPersonalProjects/deslop/scripts/chunks/Chunk_1351_1375.txt,1352,/home/chinmay/ChinmayPersonalProjects/gopdfsuit/internal/pdf/draw.go,744,go_perf_layer_algorithmic_complexity_repeated_nested_slice_scans,false_positive,Performance heuristic lacks runtime evidence in snippet and is not clearly actionable.
/home/chinmay/ChinmayPersonalProjects/deslop/scripts/chunks/Chunk_1351_1375.txt,1353,/home/chinmay/ChinmayPersonalProjects/gopdfsuit/internal/pdf/draw.go,744,go_perf_layer_async_concurrency_context_timeout_allocated_per_inner_call,false_positive,Performance heuristic lacks runtime evidence in snippet and is not clearly actionable.
/home/chinmay/ChinmayPersonalProjects/deslop/scripts/chunks/Chunk_1351_1375.txt,1354,/home/chinmay/ChinmayPersonalProjects/gopdfsuit/internal/pdf/draw.go,744,go_perf_layer_collection_iteration_copy_slice_before_readonly_range,false_positive,Performance heuristic lacks runtime evidence in snippet and is not clearly actionable.
/home/chinmay/ChinmayPersonalProjects/deslop/scripts/chunks/Chunk_1351_1375.txt,1355,/home/chinmay/ChinmayPersonalProjects/gopdfsuit/internal/pdf/draw.go,744,go_perf_layer_error_handling_cost_sentinel_error_allocated_per_call,false_positive,Performance heuristic lacks runtime evidence in snippet and is not clearly actionable.
/home/chinmay/ChinmayPersonalProjects/deslop/scripts/chunks/Chunk_1351_1375.txt,1356,/home/chinmay/ChinmayPersonalProjects/gopdfsuit/internal/pdf/draw.go,744,go_perf_layer_garbage_collection_cleanup_large_slice_retained_after_truncate,false_positive,Performance heuristic lacks runtime evidence in snippet and is not clearly actionable.
/home/chinmay/ChinmayPersonalProjects/deslop/scripts/chunks/Chunk_1351_1375.txt,1357,/home/chinmay/ChinmayPersonalProjects/gopdfsuit/internal/pdf/draw.go,744,go_perf_layer_hot_path_optimization_allocation_in_hash_or_less_func,false_positive,Performance heuristic lacks runtime evidence in snippet and is not clearly actionable.
/home/chinmay/ChinmayPersonalProjects/deslop/scripts/chunks/Chunk_1351_1375.txt,1358,/home/chinmay/ChinmayPersonalProjects/gopdfsuit/internal/pdf/draw.go,744,go_perf_layer_memory_allocation_temporary_byte_slice_for_string_write,false_positive,Performance heuristic lacks runtime evidence in snippet and is not clearly actionable.
/home/chinmay/ChinmayPersonalProjects/deslop/scripts/chunks/Chunk_1351_1375.txt,1359,/home/chinmay/ChinmayPersonalProjects/gopdfsuit/internal/pdf/draw.go,745,go_perf_layer_collection_iteration_len_called_after_materializing_channel,false_positive,Performance heuristic lacks runtime evidence in snippet and is not clearly actionable.
/home/chinmay/ChinmayPersonalProjects/deslop/scripts/chunks/Chunk_1351_1375.txt,1360,/home/chinmay/ChinmayPersonalProjects/gopdfsuit/internal/pdf/draw.go,748,go_perf_layer_collection_iteration_range_over_map_for_deterministic_first,false_positive,Performance heuristic lacks runtime evidence in snippet and is not clearly actionable.
/home/chinmay/ChinmayPersonalProjects/deslop/scripts/chunks/Chunk_1351_1375.txt,1361,/home/chinmay/ChinmayPersonalProjects/gopdfsuit/internal/pdf/draw.go,748,go_perf_layer_hot_path_optimization_invariant_parse_inside_handler,false_positive,Performance heuristic lacks runtime evidence in snippet and is not clearly actionable.
/home/chinmay/ChinmayPersonalProjects/deslop/scripts/chunks/Chunk_1351_1375.txt,1362,/home/chinmay/ChinmayPersonalProjects/gopdfsuit/internal/pdf/draw.go,748,go_perf_layer_hot_path_optimization_time_now_called_many_times_per_item,false_positive,Performance heuristic lacks runtime evidence in snippet and is not clearly actionable.
/home/chinmay/ChinmayPersonalProjects/deslop/scripts/chunks/Chunk_1351_1375.txt,1363,/home/chinmay/ChinmayPersonalProjects/gopdfsuit/internal/pdf/draw.go,748,go_perf_layer_io_operations_scanner_used_for_large_token_stream,false_positive,Performance heuristic lacks runtime evidence in snippet and is not clearly actionable.
/home/chinmay/ChinmayPersonalProjects/deslop/scripts/chunks/Chunk_1351_1375.txt,1364,/home/chinmay/ChinmayPersonalProjects/gopdfsuit/internal/pdf/draw.go,748,go_perf_layer_network_calls_retry_loop_without_backoff,false_positive,Performance heuristic lacks runtime evidence in snippet and is not clearly actionable.
/home/chinmay/ChinmayPersonalProjects/deslop/scripts/chunks/Chunk_1351_1375.txt,1365,/home/chinmay/ChinmayPersonalProjects/gopdfsuit/internal/pdf/draw.go,758,filter_then_count_then_iterate,false_positive,Pattern is advisory or context dependent and snippet does not prove a concrete defect.
/home/chinmay/ChinmayPersonalProjects/deslop/scripts/chunks/Chunk_1351_1375.txt,1366,/home/chinmay/ChinmayPersonalProjects/gopdfsuit/internal/pdf/draw.go,771,go_perf_layer_async_concurrency_channel_buffer_too_small_for_known_burst,false_positive,Performance heuristic lacks runtime evidence in snippet and is not clearly actionable.
/home/chinmay/ChinmayPersonalProjects/deslop/scripts/chunks/Chunk_1351_1375.txt,1367,/home/chinmay/ChinmayPersonalProjects/gopdfsuit/internal/pdf/draw.go,771,go_perf_layer_garbage_collection_cleanup_sync_pool_stores_large_unbounded_buffers,false_positive,Performance heuristic lacks runtime evidence in snippet and is not clearly actionable.
/home/chinmay/ChinmayPersonalProjects/deslop/scripts/chunks/Chunk_1351_1375.txt,1368,/home/chinmay/ChinmayPersonalProjects/gopdfsuit/internal/pdf/draw.go,773,go_perf_layer_caching_json_cache_value_stored_as_string,false_positive,Performance heuristic lacks runtime evidence in snippet and is not clearly actionable.
/home/chinmay/ChinmayPersonalProjects/deslop/scripts/chunks/Chunk_1351_1375.txt,1369,/home/chinmay/ChinmayPersonalProjects/gopdfsuit/internal/pdf/draw.go,773,go_perf_layer_data_structure_choice_small_enum_string_switch_map,false_positive,Performance heuristic lacks runtime evidence in snippet and is not clearly actionable.
/home/chinmay/ChinmayPersonalProjects/deslop/scripts/chunks/Chunk_1351_1375.txt,1370,/home/chinmay/ChinmayPersonalProjects/gopdfsuit/internal/pdf/draw.go,773,go_perf_layer_error_handling_cost_error_string_built_before_error_needed,false_positive,Performance heuristic lacks runtime evidence in snippet and is not clearly actionable.
/home/chinmay/ChinmayPersonalProjects/deslop/scripts/chunks/Chunk_1351_1375.txt,1371,/home/chinmay/ChinmayPersonalProjects/gopdfsuit/internal/pdf/draw.go,776,go_perf_layer_database_access_count_query_before_paged_fetch,false_positive,Performance heuristic lacks runtime evidence in snippet and is not clearly actionable.
/home/chinmay/ChinmayPersonalProjects/deslop/scripts/chunks/Chunk_1351_1375.txt,1372,/home/chinmay/ChinmayPersonalProjects/gopdfsuit/internal/pdf/draw.go,805,go_perf_layer_caching_cache_key_built_with_fmt,false_positive,Performance heuristic lacks runtime evidence in snippet and is not clearly actionable.
/home/chinmay/ChinmayPersonalProjects/deslop/scripts/chunks/Chunk_1351_1375.txt,1373,/home/chinmay/ChinmayPersonalProjects/gopdfsuit/internal/pdf/draw.go,805,go_perf_layer_caching_per_request_config_cache_rebuild,false_positive,Performance heuristic lacks runtime evidence in snippet and is not clearly actionable.
/home/chinmay/ChinmayPersonalProjects/deslop/scripts/chunks/Chunk_1351_1375.txt,1374,/home/chinmay/ChinmayPersonalProjects/gopdfsuit/internal/pdf/draw.go,805,go_perf_layer_caching_unbounded_cache_map,false_positive,Performance heuristic lacks runtime evidence in snippet and is not clearly actionable.
/home/chinmay/ChinmayPersonalProjects/deslop/scripts/chunks/Chunk_1351_1375.txt,1375,/home/chinmay/ChinmayPersonalProjects/gopdfsuit/internal/pdf/draw.go,805,go_perf_layer_lazy_loading_lazy_once_hides_slow_first_request,false_positive,Performance heuristic lacks runtime evidence in snippet and is not clearly actionable.
/home/chinmay/ChinmayPersonalProjects/deslop/scripts/chunks/Chunk_1376_1400.txt,1376,/home/chinmay/ChinmayPersonalProjects/gopdfsuit/internal/pdf/draw.go,829,go_perf_layer_logging_overhead_log_fields_built_before_level_check,false_positive,Performance heuristic lacks runtime evidence in snippet and is not clearly actionable.
/home/chinmay/ChinmayPersonalProjects/deslop/scripts/chunks/Chunk_1376_1400.txt,1377,/home/chinmay/ChinmayPersonalProjects/gopdfsuit/internal/pdf/draw.go,843,go_perf_layer_io_operations_small_writes_without_bufio_writer,false_positive,Performance heuristic lacks runtime evidence in snippet and is not clearly actionable.
/home/chinmay/ChinmayPersonalProjects/deslop/scripts/chunks/Chunk_1376_1400.txt,1378,/home/chinmay/ChinmayPersonalProjects/gopdfsuit/internal/pdf/draw.go,843,go_perf_layer_io_operations_stat_before_open_without_branch,false_positive,Performance heuristic lacks runtime evidence in snippet and is not clearly actionable.
/home/chinmay/ChinmayPersonalProjects/deslop/scripts/chunks/Chunk_1376_1400.txt,1379,/home/chinmay/ChinmayPersonalProjects/gopdfsuit/internal/pdf/draw.go,856,go_perf_layer_runtime_configuration_reflection_config_loaded_per_call,false_positive,Performance heuristic lacks runtime evidence in snippet and is not clearly actionable.
/home/chinmay/ChinmayPersonalProjects/deslop/scripts/chunks/Chunk_1376_1400.txt,1380,/home/chinmay/ChinmayPersonalProjects/gopdfsuit/internal/pdf/draw.go,901,three_index_slice_for_append_safety,false_positive,Pattern is advisory or context dependent and snippet does not prove a concrete defect.
/home/chinmay/ChinmayPersonalProjects/deslop/scripts/chunks/Chunk_1376_1400.txt,1381,/home/chinmay/ChinmayPersonalProjects/gopdfsuit/internal/pdf/draw.go,902,append_then_trim_each_iteration,false_positive,Pattern is advisory or context dependent and snippet does not prove a concrete defect.
/home/chinmay/ChinmayPersonalProjects/deslop/scripts/chunks/Chunk_1376_1400.txt,1382,/home/chinmay/ChinmayPersonalProjects/gopdfsuit/internal/pdf/draw.go,902,slice_append_without_prealloc_known_bound,false_positive,Pattern is advisory or context dependent and snippet does not prove a concrete defect.
/home/chinmay/ChinmayPersonalProjects/deslop/scripts/chunks/Chunk_1376_1400.txt,1383,/home/chinmay/ChinmayPersonalProjects/gopdfsuit/internal/pdf/draw.go,904,slice_append_without_prealloc_known_bound,false_positive,Pattern is advisory or context dependent and snippet does not prove a concrete defect.
/home/chinmay/ChinmayPersonalProjects/deslop/scripts/chunks/Chunk_1376_1400.txt,1384,/home/chinmay/ChinmayPersonalProjects/gopdfsuit/internal/pdf/draw.go,906,slice_append_without_prealloc_known_bound,false_positive,Pattern is advisory or context dependent and snippet does not prove a concrete defect.
/home/chinmay/ChinmayPersonalProjects/deslop/scripts/chunks/Chunk_1376_1400.txt,1385,/home/chinmay/ChinmayPersonalProjects/gopdfsuit/internal/pdf/draw.go,907,go_perf_layer_serialization_gzip_writer_created_per_small_payload,false_positive,Performance heuristic lacks runtime evidence in snippet and is not clearly actionable.
/home/chinmay/ChinmayPersonalProjects/deslop/scripts/chunks/Chunk_1376_1400.txt,1386,/home/chinmay/ChinmayPersonalProjects/gopdfsuit/internal/pdf/draw.go,938,stable_value_normalization_in_inner_loop,false_positive,Pattern is advisory or context dependent and snippet does not prove a concrete defect.
/home/chinmay/ChinmayPersonalProjects/deslop/scripts/chunks/Chunk_1376_1400.txt,1387,/home/chinmay/ChinmayPersonalProjects/gopdfsuit/internal/pdf/draw.go,938,strings_replace_all_for_single_char,false_positive,Pattern is advisory or context dependent and snippet does not prove a concrete defect.
/home/chinmay/ChinmayPersonalProjects/deslop/scripts/chunks/Chunk_1376_1400.txt,1388,/home/chinmay/ChinmayPersonalProjects/gopdfsuit/internal/pdf/draw.go,943,slice_append_without_prealloc_known_bound,false_positive,Pattern is advisory or context dependent and snippet does not prove a concrete defect.
/home/chinmay/ChinmayPersonalProjects/deslop/scripts/chunks/Chunk_1376_1400.txt,1389,/home/chinmay/ChinmayPersonalProjects/gopdfsuit/internal/pdf/draw.go,943,slice_grow_without_cap_hint,false_positive,Pattern is advisory or context dependent and snippet does not prove a concrete defect.
/home/chinmay/ChinmayPersonalProjects/deslop/scripts/chunks/Chunk_1376_1400.txt,1390,/home/chinmay/ChinmayPersonalProjects/gopdfsuit/internal/pdf/draw.go,945,slice_append_without_prealloc_known_bound,false_positive,Pattern is advisory or context dependent and snippet does not prove a concrete defect.
/home/chinmay/ChinmayPersonalProjects/deslop/scripts/chunks/Chunk_1376_1400.txt,1391,/home/chinmay/ChinmayPersonalProjects/gopdfsuit/internal/pdf/draw.go,945,slice_grow_without_cap_hint,false_positive,Pattern is advisory or context dependent and snippet does not prove a concrete defect.
/home/chinmay/ChinmayPersonalProjects/deslop/scripts/chunks/Chunk_1376_1400.txt,1392,/home/chinmay/ChinmayPersonalProjects/gopdfsuit/internal/pdf/draw.go,947,slice_append_without_prealloc_known_bound,false_positive,Pattern is advisory or context dependent and snippet does not prove a concrete defect.
/home/chinmay/ChinmayPersonalProjects/deslop/scripts/chunks/Chunk_1376_1400.txt,1393,/home/chinmay/ChinmayPersonalProjects/gopdfsuit/internal/pdf/draw.go,947,slice_grow_without_cap_hint,false_positive,Pattern is advisory or context dependent and snippet does not prove a concrete defect.
/home/chinmay/ChinmayPersonalProjects/deslop/scripts/chunks/Chunk_1376_1400.txt,1394,/home/chinmay/ChinmayPersonalProjects/gopdfsuit/internal/pdf/draw.go,949,slice_append_without_prealloc_known_bound,false_positive,Pattern is advisory or context dependent and snippet does not prove a concrete defect.
/home/chinmay/ChinmayPersonalProjects/deslop/scripts/chunks/Chunk_1376_1400.txt,1395,/home/chinmay/ChinmayPersonalProjects/gopdfsuit/internal/pdf/draw.go,949,slice_grow_without_cap_hint,false_positive,Pattern is advisory or context dependent and snippet does not prove a concrete defect.
/home/chinmay/ChinmayPersonalProjects/deslop/scripts/chunks/Chunk_1376_1400.txt,1396,/home/chinmay/ChinmayPersonalProjects/gopdfsuit/internal/pdf/draw.go,983,slice_append_without_prealloc_known_bound,false_positive,Pattern is advisory or context dependent and snippet does not prove a concrete defect.
/home/chinmay/ChinmayPersonalProjects/deslop/scripts/chunks/Chunk_1376_1400.txt,1397,/home/chinmay/ChinmayPersonalProjects/gopdfsuit/internal/pdf/draw.go,983,slice_grow_without_cap_hint,false_positive,Pattern is advisory or context dependent and snippet does not prove a concrete defect.
/home/chinmay/ChinmayPersonalProjects/deslop/scripts/chunks/Chunk_1376_1400.txt,1398,/home/chinmay/ChinmayPersonalProjects/gopdfsuit/internal/pdf/draw.go,985,slice_append_without_prealloc_known_bound,false_positive,Pattern is advisory or context dependent and snippet does not prove a concrete defect.
/home/chinmay/ChinmayPersonalProjects/deslop/scripts/chunks/Chunk_1376_1400.txt,1399,/home/chinmay/ChinmayPersonalProjects/gopdfsuit/internal/pdf/draw.go,985,slice_grow_without_cap_hint,false_positive,Pattern is advisory or context dependent and snippet does not prove a concrete defect.
/home/chinmay/ChinmayPersonalProjects/deslop/scripts/chunks/Chunk_1376_1400.txt,1400,/home/chinmay/ChinmayPersonalProjects/gopdfsuit/internal/pdf/draw.go,987,slice_append_without_prealloc_known_bound,false_positive,Pattern is advisory or context dependent and snippet does not prove a concrete defect.
/home/chinmay/ChinmayPersonalProjects/deslop/scripts/chunks/Chunk_1401_1425.txt,1401,/home/chinmay/ChinmayPersonalProjects/gopdfsuit/internal/pdf/draw.go,987,slice_grow_without_cap_hint,false_positive,Pattern is advisory or context dependent and snippet does not prove a concrete defect.
/home/chinmay/ChinmayPersonalProjects/deslop/scripts/chunks/Chunk_1401_1425.txt,1402,/home/chinmay/ChinmayPersonalProjects/gopdfsuit/internal/pdf/draw.go,989,slice_append_without_prealloc_known_bound,false_positive,Pattern is advisory or context dependent and snippet does not prove a concrete defect.
/home/chinmay/ChinmayPersonalProjects/deslop/scripts/chunks/Chunk_1401_1425.txt,1403,/home/chinmay/ChinmayPersonalProjects/gopdfsuit/internal/pdf/draw.go,989,slice_grow_without_cap_hint,false_positive,Pattern is advisory or context dependent and snippet does not prove a concrete defect.
/home/chinmay/ChinmayPersonalProjects/deslop/scripts/chunks/Chunk_1401_1425.txt,1404,/home/chinmay/ChinmayPersonalProjects/gopdfsuit/internal/pdf/draw.go,998,slice_append_without_prealloc_known_bound,false_positive,Pattern is advisory or context dependent and snippet does not prove a concrete defect.
/home/chinmay/ChinmayPersonalProjects/deslop/scripts/chunks/Chunk_1401_1425.txt,1405,/home/chinmay/ChinmayPersonalProjects/gopdfsuit/internal/pdf/draw.go,998,slice_grow_without_cap_hint,false_positive,Pattern is advisory or context dependent and snippet does not prove a concrete defect.
/home/chinmay/ChinmayPersonalProjects/deslop/scripts/chunks/Chunk_1401_1425.txt,1406,/home/chinmay/ChinmayPersonalProjects/gopdfsuit/internal/pdf/draw.go,999,slice_append_without_prealloc_known_bound,false_positive,Pattern is advisory or context dependent and snippet does not prove a concrete defect.
/home/chinmay/ChinmayPersonalProjects/deslop/scripts/chunks/Chunk_1401_1425.txt,1407,/home/chinmay/ChinmayPersonalProjects/gopdfsuit/internal/pdf/draw.go,999,slice_grow_without_cap_hint,false_positive,Pattern is advisory or context dependent and snippet does not prove a concrete defect.
/home/chinmay/ChinmayPersonalProjects/deslop/scripts/chunks/Chunk_1401_1425.txt,1408,/home/chinmay/ChinmayPersonalProjects/gopdfsuit/internal/pdf/draw.go,1044,slice_append_without_prealloc_known_bound,false_positive,Pattern is advisory or context dependent and snippet does not prove a concrete defect.
/home/chinmay/ChinmayPersonalProjects/deslop/scripts/chunks/Chunk_1401_1425.txt,1409,/home/chinmay/ChinmayPersonalProjects/gopdfsuit/internal/pdf/draw.go,1044,slice_grow_without_cap_hint,false_positive,Pattern is advisory or context dependent and snippet does not prove a concrete defect.
/home/chinmay/ChinmayPersonalProjects/deslop/scripts/chunks/Chunk_1401_1425.txt,1410,/home/chinmay/ChinmayPersonalProjects/gopdfsuit/internal/pdf/draw.go,1046,slice_append_without_prealloc_known_bound,false_positive,Pattern is advisory or context dependent and snippet does not prove a concrete defect.
/home/chinmay/ChinmayPersonalProjects/deslop/scripts/chunks/Chunk_1401_1425.txt,1411,/home/chinmay/ChinmayPersonalProjects/gopdfsuit/internal/pdf/draw.go,1046,slice_grow_without_cap_hint,false_positive,Pattern is advisory or context dependent and snippet does not prove a concrete defect.
/home/chinmay/ChinmayPersonalProjects/deslop/scripts/chunks/Chunk_1401_1425.txt,1412,/home/chinmay/ChinmayPersonalProjects/gopdfsuit/internal/pdf/draw.go,1048,slice_append_without_prealloc_known_bound,false_positive,Pattern is advisory or context dependent and snippet does not prove a concrete defect.
/home/chinmay/ChinmayPersonalProjects/deslop/scripts/chunks/Chunk_1401_1425.txt,1413,/home/chinmay/ChinmayPersonalProjects/gopdfsuit/internal/pdf/draw.go,1048,slice_grow_without_cap_hint,false_positive,Pattern is advisory or context dependent and snippet does not prove a concrete defect.
/home/chinmay/ChinmayPersonalProjects/deslop/scripts/chunks/Chunk_1401_1425.txt,1414,/home/chinmay/ChinmayPersonalProjects/gopdfsuit/internal/pdf/draw.go,1050,slice_append_without_prealloc_known_bound,false_positive,Pattern is advisory or context dependent and snippet does not prove a concrete defect.
/home/chinmay/ChinmayPersonalProjects/deslop/scripts/chunks/Chunk_1401_1425.txt,1415,/home/chinmay/ChinmayPersonalProjects/gopdfsuit/internal/pdf/draw.go,1050,slice_grow_without_cap_hint,false_positive,Pattern is advisory or context dependent and snippet does not prove a concrete defect.
/home/chinmay/ChinmayPersonalProjects/deslop/scripts/chunks/Chunk_1401_1425.txt,1416,/home/chinmay/ChinmayPersonalProjects/gopdfsuit/internal/pdf/draw.go,1082,string_concat_in_loop,false_positive,Pattern is advisory or context dependent and snippet does not prove a concrete defect.
/home/chinmay/ChinmayPersonalProjects/deslop/scripts/chunks/Chunk_1401_1425.txt,1417,/home/chinmay/ChinmayPersonalProjects/gopdfsuit/internal/pdf/draw.go,1140,slice_append_without_prealloc_known_bound,false_positive,Pattern is advisory or context dependent and snippet does not prove a concrete defect.
/home/chinmay/ChinmayPersonalProjects/deslop/scripts/chunks/Chunk_1401_1425.txt,1418,/home/chinmay/ChinmayPersonalProjects/gopdfsuit/internal/pdf/draw.go,1140,slice_grow_without_cap_hint,false_positive,Pattern is advisory or context dependent and snippet does not prove a concrete defect.
/home/chinmay/ChinmayPersonalProjects/deslop/scripts/chunks/Chunk_1401_1425.txt,1419,/home/chinmay/ChinmayPersonalProjects/gopdfsuit/internal/pdf/draw.go,1142,slice_append_without_prealloc_known_bound,false_positive,Pattern is advisory or context dependent and snippet does not prove a concrete defect.
/home/chinmay/ChinmayPersonalProjects/deslop/scripts/chunks/Chunk_1401_1425.txt,1420,/home/chinmay/ChinmayPersonalProjects/gopdfsuit/internal/pdf/draw.go,1142,slice_grow_without_cap_hint,false_positive,Pattern is advisory or context dependent and snippet does not prove a concrete defect.
/home/chinmay/ChinmayPersonalProjects/deslop/scripts/chunks/Chunk_1401_1425.txt,1421,/home/chinmay/ChinmayPersonalProjects/gopdfsuit/internal/pdf/draw.go,1144,slice_append_without_prealloc_known_bound,false_positive,Pattern is advisory or context dependent and snippet does not prove a concrete defect.
/home/chinmay/ChinmayPersonalProjects/deslop/scripts/chunks/Chunk_1401_1425.txt,1422,/home/chinmay/ChinmayPersonalProjects/gopdfsuit/internal/pdf/draw.go,1144,slice_grow_without_cap_hint,false_positive,Pattern is advisory or context dependent and snippet does not prove a concrete defect.
/home/chinmay/ChinmayPersonalProjects/deslop/scripts/chunks/Chunk_1401_1425.txt,1423,/home/chinmay/ChinmayPersonalProjects/gopdfsuit/internal/pdf/draw.go,1188,three_index_slice_for_append_safety,false_positive,Pattern is advisory or context dependent and snippet does not prove a concrete defect.
/home/chinmay/ChinmayPersonalProjects/deslop/scripts/chunks/Chunk_1401_1425.txt,1424,/home/chinmay/ChinmayPersonalProjects/gopdfsuit/internal/pdf/draw.go,1189,slice_append_without_prealloc_known_bound,false_positive,Pattern is advisory or context dependent and snippet does not prove a concrete defect.
/home/chinmay/ChinmayPersonalProjects/deslop/scripts/chunks/Chunk_1401_1425.txt,1425,/home/chinmay/ChinmayPersonalProjects/gopdfsuit/internal/pdf/draw.go,1191,slice_append_without_prealloc_known_bound,false_positive,Pattern is advisory or context dependent and snippet does not prove a concrete defect.
/home/chinmay/ChinmayPersonalProjects/deslop/scripts/chunks/Chunk_1426_1450.txt,1426,/home/chinmay/ChinmayPersonalProjects/gopdfsuit/internal/pdf/draw.go,1195,three_index_slice_for_append_safety,false_positive,Pattern is advisory or context dependent and snippet does not prove a concrete defect.
/home/chinmay/ChinmayPersonalProjects/deslop/scripts/chunks/Chunk_1426_1450.txt,1427,/home/chinmay/ChinmayPersonalProjects/gopdfsuit/internal/pdf/draw.go,1222,three_index_slice_for_append_safety,false_positive,Pattern is advisory or context dependent and snippet does not prove a concrete defect.
/home/chinmay/ChinmayPersonalProjects/deslop/scripts/chunks/Chunk_1426_1450.txt,1428,/home/chinmay/ChinmayPersonalProjects/gopdfsuit/internal/pdf/draw.go,1236,three_index_slice_for_append_safety,false_positive,Pattern is advisory or context dependent and snippet does not prove a concrete defect.
/home/chinmay/ChinmayPersonalProjects/deslop/scripts/chunks/Chunk_1426_1450.txt,1429,/home/chinmay/ChinmayPersonalProjects/gopdfsuit/internal/pdf/draw.go,1237,slice_append_without_prealloc_known_bound,false_positive,Pattern is advisory or context dependent and snippet does not prove a concrete defect.
/home/chinmay/ChinmayPersonalProjects/deslop/scripts/chunks/Chunk_1426_1450.txt,1430,/home/chinmay/ChinmayPersonalProjects/gopdfsuit/internal/pdf/draw.go,1239,slice_append_without_prealloc_known_bound,false_positive,Pattern is advisory or context dependent and snippet does not prove a concrete defect.
/home/chinmay/ChinmayPersonalProjects/deslop/scripts/chunks/Chunk_1426_1450.txt,1431,/home/chinmay/ChinmayPersonalProjects/gopdfsuit/internal/pdf/draw.go,1241,slice_append_without_prealloc_known_bound,false_positive,Pattern is advisory or context dependent and snippet does not prove a concrete defect.
/home/chinmay/ChinmayPersonalProjects/deslop/scripts/chunks/Chunk_1426_1450.txt,1432,/home/chinmay/ChinmayPersonalProjects/gopdfsuit/internal/pdf/draw.go,1243,slice_append_without_prealloc_known_bound,false_positive,Pattern is advisory or context dependent and snippet does not prove a concrete defect.
/home/chinmay/ChinmayPersonalProjects/deslop/scripts/chunks/Chunk_1426_1450.txt,1433,/home/chinmay/ChinmayPersonalProjects/gopdfsuit/internal/pdf/draw.go,1275,slice_append_without_prealloc_known_bound,false_positive,Pattern is advisory or context dependent and snippet does not prove a concrete defect.
/home/chinmay/ChinmayPersonalProjects/deslop/scripts/chunks/Chunk_1426_1450.txt,1434,/home/chinmay/ChinmayPersonalProjects/gopdfsuit/internal/pdf/draw.go,1275,slice_grow_without_cap_hint,false_positive,Pattern is advisory or context dependent and snippet does not prove a concrete defect.
/home/chinmay/ChinmayPersonalProjects/deslop/scripts/chunks/Chunk_1426_1450.txt,1435,/home/chinmay/ChinmayPersonalProjects/gopdfsuit/internal/pdf/draw.go,1277,slice_append_without_prealloc_known_bound,false_positive,Pattern is advisory or context dependent and snippet does not prove a concrete defect.
/home/chinmay/ChinmayPersonalProjects/deslop/scripts/chunks/Chunk_1426_1450.txt,1436,/home/chinmay/ChinmayPersonalProjects/gopdfsuit/internal/pdf/draw.go,1277,slice_grow_without_cap_hint,false_positive,Pattern is advisory or context dependent and snippet does not prove a concrete defect.
/home/chinmay/ChinmayPersonalProjects/deslop/scripts/chunks/Chunk_1426_1450.txt,1437,/home/chinmay/ChinmayPersonalProjects/gopdfsuit/internal/pdf/draw.go,1279,slice_append_without_prealloc_known_bound,false_positive,Pattern is advisory or context dependent and snippet does not prove a concrete defect.
/home/chinmay/ChinmayPersonalProjects/deslop/scripts/chunks/Chunk_1426_1450.txt,1438,/home/chinmay/ChinmayPersonalProjects/gopdfsuit/internal/pdf/draw.go,1279,slice_grow_without_cap_hint,false_positive,Pattern is advisory or context dependent and snippet does not prove a concrete defect.
/home/chinmay/ChinmayPersonalProjects/deslop/scripts/chunks/Chunk_1426_1450.txt,1439,/home/chinmay/ChinmayPersonalProjects/gopdfsuit/internal/pdf/draw.go,1281,slice_append_without_prealloc_known_bound,false_positive,Pattern is advisory or context dependent and snippet does not prove a concrete defect.
/home/chinmay/ChinmayPersonalProjects/deslop/scripts/chunks/Chunk_1426_1450.txt,1440,/home/chinmay/ChinmayPersonalProjects/gopdfsuit/internal/pdf/draw.go,1281,slice_grow_without_cap_hint,false_positive,Pattern is advisory or context dependent and snippet does not prove a concrete defect.
/home/chinmay/ChinmayPersonalProjects/deslop/scripts/chunks/Chunk_1426_1450.txt,1441,/home/chinmay/ChinmayPersonalProjects/gopdfsuit/internal/pdf/draw.go,1283,slice_append_without_prealloc_known_bound,false_positive,Pattern is advisory or context dependent and snippet does not prove a concrete defect.
/home/chinmay/ChinmayPersonalProjects/deslop/scripts/chunks/Chunk_1426_1450.txt,1442,/home/chinmay/ChinmayPersonalProjects/gopdfsuit/internal/pdf/draw.go,1283,slice_grow_without_cap_hint,false_positive,Pattern is advisory or context dependent and snippet does not prove a concrete defect.
/home/chinmay/ChinmayPersonalProjects/deslop/scripts/chunks/Chunk_1426_1450.txt,1443,/home/chinmay/ChinmayPersonalProjects/gopdfsuit/internal/pdf/draw.go,1289,slice_append_without_prealloc_known_bound,false_positive,Pattern is advisory or context dependent and snippet does not prove a concrete defect.
/home/chinmay/ChinmayPersonalProjects/deslop/scripts/chunks/Chunk_1426_1450.txt,1444,/home/chinmay/ChinmayPersonalProjects/gopdfsuit/internal/pdf/draw.go,1289,slice_grow_without_cap_hint,false_positive,Pattern is advisory or context dependent and snippet does not prove a concrete defect.
/home/chinmay/ChinmayPersonalProjects/deslop/scripts/chunks/Chunk_1426_1450.txt,1445,/home/chinmay/ChinmayPersonalProjects/gopdfsuit/internal/pdf/draw.go,1291,slice_append_without_prealloc_known_bound,false_positive,Pattern is advisory or context dependent and snippet does not prove a concrete defect.
/home/chinmay/ChinmayPersonalProjects/deslop/scripts/chunks/Chunk_1426_1450.txt,1446,/home/chinmay/ChinmayPersonalProjects/gopdfsuit/internal/pdf/draw.go,1291,slice_grow_without_cap_hint,false_positive,Pattern is advisory or context dependent and snippet does not prove a concrete defect.
/home/chinmay/ChinmayPersonalProjects/deslop/scripts/chunks/Chunk_1426_1450.txt,1447,/home/chinmay/ChinmayPersonalProjects/gopdfsuit/internal/pdf/draw.go,1293,slice_append_without_prealloc_known_bound,false_positive,Pattern is advisory or context dependent and snippet does not prove a concrete defect.
/home/chinmay/ChinmayPersonalProjects/deslop/scripts/chunks/Chunk_1426_1450.txt,1448,/home/chinmay/ChinmayPersonalProjects/gopdfsuit/internal/pdf/draw.go,1293,slice_grow_without_cap_hint,false_positive,Pattern is advisory or context dependent and snippet does not prove a concrete defect.
/home/chinmay/ChinmayPersonalProjects/deslop/scripts/chunks/Chunk_1426_1450.txt,1449,/home/chinmay/ChinmayPersonalProjects/gopdfsuit/internal/pdf/draw.go,1295,slice_append_without_prealloc_known_bound,false_positive,Pattern is advisory or context dependent and snippet does not prove a concrete defect.
/home/chinmay/ChinmayPersonalProjects/deslop/scripts/chunks/Chunk_1426_1450.txt,1450,/home/chinmay/ChinmayPersonalProjects/gopdfsuit/internal/pdf/draw.go,1295,slice_grow_without_cap_hint,false_positive,Pattern is advisory or context dependent and snippet does not prove a concrete defect.
/home/chinmay/ChinmayPersonalProjects/deslop/scripts/chunks/Chunk_1451_1475.txt,1451,/home/chinmay/ChinmayPersonalProjects/gopdfsuit/internal/pdf/draw.go,1297,slice_append_without_prealloc_known_bound,false_positive,Pattern is advisory or context dependent and snippet does not prove a concrete defect.
/home/chinmay/ChinmayPersonalProjects/deslop/scripts/chunks/Chunk_1451_1475.txt,1452,/home/chinmay/ChinmayPersonalProjects/gopdfsuit/internal/pdf/draw.go,1297,slice_grow_without_cap_hint,false_positive,Pattern is advisory or context dependent and snippet does not prove a concrete defect.
/home/chinmay/ChinmayPersonalProjects/deslop/scripts/chunks/Chunk_1451_1475.txt,1453,/home/chinmay/ChinmayPersonalProjects/gopdfsuit/internal/pdf/draw.go,1303,slice_append_without_prealloc_known_bound,false_positive,Pattern is advisory or context dependent and snippet does not prove a concrete defect.
/home/chinmay/ChinmayPersonalProjects/deslop/scripts/chunks/Chunk_1451_1475.txt,1454,/home/chinmay/ChinmayPersonalProjects/gopdfsuit/internal/pdf/draw.go,1303,slice_grow_without_cap_hint,false_positive,Pattern is advisory or context dependent and snippet does not prove a concrete defect.
/home/chinmay/ChinmayPersonalProjects/deslop/scripts/chunks/Chunk_1451_1475.txt,1455,/home/chinmay/ChinmayPersonalProjects/gopdfsuit/internal/pdf/draw.go,1305,slice_append_without_prealloc_known_bound,false_positive,Pattern is advisory or context dependent and snippet does not prove a concrete defect.
/home/chinmay/ChinmayPersonalProjects/deslop/scripts/chunks/Chunk_1451_1475.txt,1456,/home/chinmay/ChinmayPersonalProjects/gopdfsuit/internal/pdf/draw.go,1305,slice_grow_without_cap_hint,false_positive,Pattern is advisory or context dependent and snippet does not prove a concrete defect.
/home/chinmay/ChinmayPersonalProjects/deslop/scripts/chunks/Chunk_1451_1475.txt,1457,/home/chinmay/ChinmayPersonalProjects/gopdfsuit/internal/pdf/draw.go,1307,slice_append_without_prealloc_known_bound,false_positive,Pattern is advisory or context dependent and snippet does not prove a concrete defect.
/home/chinmay/ChinmayPersonalProjects/deslop/scripts/chunks/Chunk_1451_1475.txt,1458,/home/chinmay/ChinmayPersonalProjects/gopdfsuit/internal/pdf/draw.go,1307,slice_grow_without_cap_hint,false_positive,Pattern is advisory or context dependent and snippet does not prove a concrete defect.
/home/chinmay/ChinmayPersonalProjects/deslop/scripts/chunks/Chunk_1451_1475.txt,1459,/home/chinmay/ChinmayPersonalProjects/gopdfsuit/internal/pdf/draw.go,1309,slice_append_without_prealloc_known_bound,false_positive,Pattern is advisory or context dependent and snippet does not prove a concrete defect.
/home/chinmay/ChinmayPersonalProjects/deslop/scripts/chunks/Chunk_1451_1475.txt,1460,/home/chinmay/ChinmayPersonalProjects/gopdfsuit/internal/pdf/draw.go,1309,slice_grow_without_cap_hint,false_positive,Pattern is advisory or context dependent and snippet does not prove a concrete defect.
/home/chinmay/ChinmayPersonalProjects/deslop/scripts/chunks/Chunk_1451_1475.txt,1461,/home/chinmay/ChinmayPersonalProjects/gopdfsuit/internal/pdf/draw.go,1311,slice_append_without_prealloc_known_bound,false_positive,Pattern is advisory or context dependent and snippet does not prove a concrete defect.
/home/chinmay/ChinmayPersonalProjects/deslop/scripts/chunks/Chunk_1451_1475.txt,1462,/home/chinmay/ChinmayPersonalProjects/gopdfsuit/internal/pdf/draw.go,1311,slice_grow_without_cap_hint,false_positive,Pattern is advisory or context dependent and snippet does not prove a concrete defect.
/home/chinmay/ChinmayPersonalProjects/deslop/scripts/chunks/Chunk_1451_1475.txt,1463,/home/chinmay/ChinmayPersonalProjects/gopdfsuit/internal/pdf/draw.go,1317,slice_append_without_prealloc_known_bound,false_positive,Pattern is advisory or context dependent and snippet does not prove a concrete defect.
/home/chinmay/ChinmayPersonalProjects/deslop/scripts/chunks/Chunk_1451_1475.txt,1464,/home/chinmay/ChinmayPersonalProjects/gopdfsuit/internal/pdf/draw.go,1317,slice_grow_without_cap_hint,false_positive,Pattern is advisory or context dependent and snippet does not prove a concrete defect.
/home/chinmay/ChinmayPersonalProjects/deslop/scripts/chunks/Chunk_1451_1475.txt,1465,/home/chinmay/ChinmayPersonalProjects/gopdfsuit/internal/pdf/draw.go,1319,slice_append_without_prealloc_known_bound,false_positive,Pattern is advisory or context dependent and snippet does not prove a concrete defect.
/home/chinmay/ChinmayPersonalProjects/deslop/scripts/chunks/Chunk_1451_1475.txt,1466,/home/chinmay/ChinmayPersonalProjects/gopdfsuit/internal/pdf/draw.go,1319,slice_grow_without_cap_hint,false_positive,Pattern is advisory or context dependent and snippet does not prove a concrete defect.
/home/chinmay/ChinmayPersonalProjects/deslop/scripts/chunks/Chunk_1451_1475.txt,1467,/home/chinmay/ChinmayPersonalProjects/gopdfsuit/internal/pdf/draw.go,1321,slice_append_without_prealloc_known_bound,false_positive,Pattern is advisory or context dependent and snippet does not prove a concrete defect.
/home/chinmay/ChinmayPersonalProjects/deslop/scripts/chunks/Chunk_1451_1475.txt,1468,/home/chinmay/ChinmayPersonalProjects/gopdfsuit/internal/pdf/draw.go,1321,slice_grow_without_cap_hint,false_positive,Pattern is advisory or context dependent and snippet does not prove a concrete defect.
/home/chinmay/ChinmayPersonalProjects/deslop/scripts/chunks/Chunk_1451_1475.txt,1469,/home/chinmay/ChinmayPersonalProjects/gopdfsuit/internal/pdf/draw.go,1323,slice_append_without_prealloc_known_bound,false_positive,Pattern is advisory or context dependent and snippet does not prove a concrete defect.
/home/chinmay/ChinmayPersonalProjects/deslop/scripts/chunks/Chunk_1451_1475.txt,1470,/home/chinmay/ChinmayPersonalProjects/gopdfsuit/internal/pdf/draw.go,1323,slice_grow_without_cap_hint,false_positive,Pattern is advisory or context dependent and snippet does not prove a concrete defect.
/home/chinmay/ChinmayPersonalProjects/deslop/scripts/chunks/Chunk_1451_1475.txt,1471,/home/chinmay/ChinmayPersonalProjects/gopdfsuit/internal/pdf/draw.go,1325,slice_append_without_prealloc_known_bound,false_positive,Pattern is advisory or context dependent and snippet does not prove a concrete defect.
/home/chinmay/ChinmayPersonalProjects/deslop/scripts/chunks/Chunk_1451_1475.txt,1472,/home/chinmay/ChinmayPersonalProjects/gopdfsuit/internal/pdf/draw.go,1325,slice_grow_without_cap_hint,false_positive,Pattern is advisory or context dependent and snippet does not prove a concrete defect.
/home/chinmay/ChinmayPersonalProjects/deslop/scripts/chunks/Chunk_1451_1475.txt,1473,/home/chinmay/ChinmayPersonalProjects/gopdfsuit/internal/pdf/draw.go,1367,go_perf_layer_io_operations_scanner_used_for_large_token_stream,false_positive,Performance heuristic lacks runtime evidence in snippet and is not clearly actionable.
/home/chinmay/ChinmayPersonalProjects/deslop/scripts/chunks/Chunk_1451_1475.txt,1474,/home/chinmay/ChinmayPersonalProjects/gopdfsuit/internal/pdf/draw.go,1367,go_perf_layer_io_operations_small_writes_without_bufio_writer,false_positive,Performance heuristic lacks runtime evidence in snippet and is not clearly actionable.
/home/chinmay/ChinmayPersonalProjects/deslop/scripts/chunks/Chunk_1451_1475.txt,1475,/home/chinmay/ChinmayPersonalProjects/gopdfsuit/internal/pdf/draw.go,1367,go_perf_layer_memory_allocation_temporary_byte_slice_for_string_write,false_positive,Performance heuristic lacks runtime evidence in snippet and is not clearly actionable.
/home/chinmay/ChinmayPersonalProjects/deslop/scripts/chunks/Chunk_1476_1500.txt,1476,/home/chinmay/ChinmayPersonalProjects/gopdfsuit/internal/pdf/draw.go,1367,go_perf_layer_string_handling_byte_string_roundtrip_for_contains,false_positive,Performance heuristic lacks runtime evidence in snippet and is not clearly actionable.
/home/chinmay/ChinmayPersonalProjects/deslop/scripts/chunks/Chunk_1476_1500.txt,1477,/home/chinmay/ChinmayPersonalProjects/gopdfsuit/internal/pdf/draw.go,1380,go_perf_layer_algorithmic_complexity_repeated_nested_slice_scans,false_positive,Performance heuristic lacks runtime evidence in snippet and is not clearly actionable.
/home/chinmay/ChinmayPersonalProjects/deslop/scripts/chunks/Chunk_1476_1500.txt,1478,/home/chinmay/ChinmayPersonalProjects/gopdfsuit/internal/pdf/draw.go,1381,go_perf_layer_algorithmic_complexity_quadratic_append_filter_pipeline,false_positive,Performance heuristic lacks runtime evidence in snippet and is not clearly actionable.
/home/chinmay/ChinmayPersonalProjects/deslop/scripts/chunks/Chunk_1476_1500.txt,1479,/home/chinmay/ChinmayPersonalProjects/gopdfsuit/internal/pdf/draw.go,1381,go_perf_layer_memory_allocation_append_without_known_capacity,false_positive,Performance heuristic lacks runtime evidence in snippet and is not clearly actionable.
/home/chinmay/ChinmayPersonalProjects/deslop/scripts/chunks/Chunk_1476_1500.txt,1480,/home/chinmay/ChinmayPersonalProjects/gopdfsuit/internal/pdf/draw.go,1387,go_perf_layer_network_calls_retry_loop_without_backoff,false_positive,Performance heuristic lacks runtime evidence in snippet and is not clearly actionable.
/home/chinmay/ChinmayPersonalProjects/deslop/scripts/chunks/Chunk_1476_1500.txt,1481,/home/chinmay/ChinmayPersonalProjects/gopdfsuit/internal/pdf/draw.go,1418,go_perf_layer_data_structure_choice_small_enum_string_switch_map,false_positive,Performance heuristic lacks runtime evidence in snippet and is not clearly actionable.
/home/chinmay/ChinmayPersonalProjects/deslop/scripts/chunks/Chunk_1476_1500.txt,1482,/home/chinmay/ChinmayPersonalProjects/gopdfsuit/internal/pdf/draw.go,1418,go_perf_layer_memory_allocation_temporary_byte_slice_for_string_write,false_positive,Performance heuristic lacks runtime evidence in snippet and is not clearly actionable.
/home/chinmay/ChinmayPersonalProjects/deslop/scripts/chunks/Chunk_1476_1500.txt,1483,/home/chinmay/ChinmayPersonalProjects/gopdfsuit/internal/pdf/draw.go,1418,go_perf_layer_string_handling_byte_string_roundtrip_for_contains,false_positive,Performance heuristic lacks runtime evidence in snippet and is not clearly actionable.
/home/chinmay/ChinmayPersonalProjects/deslop/scripts/chunks/Chunk_1476_1500.txt,1484,/home/chinmay/ChinmayPersonalProjects/gopdfsuit/internal/pdf/draw.go,1418,go_perf_layer_string_handling_fmt_sprintf_for_simple_concat,false_positive,Performance heuristic lacks runtime evidence in snippet and is not clearly actionable.
/home/chinmay/ChinmayPersonalProjects/deslop/scripts/chunks/Chunk_1476_1500.txt,1485,/home/chinmay/ChinmayPersonalProjects/gopdfsuit/internal/pdf/draw.go,1420,go_perf_layer_algorithmic_complexity_quadratic_append_filter_pipeline,false_positive,Performance heuristic lacks runtime evidence in snippet and is not clearly actionable.
/home/chinmay/ChinmayPersonalProjects/deslop/scripts/chunks/Chunk_1476_1500.txt,1486,/home/chinmay/ChinmayPersonalProjects/gopdfsuit/internal/pdf/draw.go,1420,go_perf_layer_algorithmic_complexity_repeated_nested_slice_scans,false_positive,Performance heuristic lacks runtime evidence in snippet and is not clearly actionable.
/home/chinmay/ChinmayPersonalProjects/deslop/scripts/chunks/Chunk_1476_1500.txt,1487,/home/chinmay/ChinmayPersonalProjects/gopdfsuit/internal/pdf/draw.go,1420,go_perf_layer_io_operations_scanner_used_for_large_token_stream,false_positive,Performance heuristic lacks runtime evidence in snippet and is not clearly actionable.
/home/chinmay/ChinmayPersonalProjects/deslop/scripts/chunks/Chunk_1476_1500.txt,1488,/home/chinmay/ChinmayPersonalProjects/gopdfsuit/internal/pdf/draw.go,1420,go_perf_layer_network_calls_retry_loop_without_backoff,false_positive,Performance heuristic lacks runtime evidence in snippet and is not clearly actionable.
/home/chinmay/ChinmayPersonalProjects/deslop/scripts/chunks/Chunk_1476_1500.txt,1489,/home/chinmay/ChinmayPersonalProjects/gopdfsuit/internal/pdf/draw.go,1430,go_perf_layer_io_operations_small_writes_without_bufio_writer,false_positive,Performance heuristic lacks runtime evidence in snippet and is not clearly actionable.
/home/chinmay/ChinmayPersonalProjects/deslop/scripts/chunks/Chunk_1476_1500.txt,1490,/home/chinmay/ChinmayPersonalProjects/gopdfsuit/internal/pdf/draw.go,1435,go_perf_layer_memory_allocation_append_without_known_capacity,false_positive,Performance heuristic lacks runtime evidence in snippet and is not clearly actionable.
/home/chinmay/ChinmayPersonalProjects/deslop/scripts/chunks/Chunk_1476_1500.txt,1491,/home/chinmay/ChinmayPersonalProjects/gopdfsuit/internal/pdf/draw.go,1468,go_perf_layer_algorithmic_complexity_quadratic_append_filter_pipeline,false_positive,Performance heuristic lacks runtime evidence in snippet and is not clearly actionable.
/home/chinmay/ChinmayPersonalProjects/deslop/scripts/chunks/Chunk_1476_1500.txt,1492,/home/chinmay/ChinmayPersonalProjects/gopdfsuit/internal/pdf/draw.go,1469,go_perf_layer_string_handling_string_lower_for_case_insensitive_compare,false_positive,Performance heuristic lacks runtime evidence in snippet and is not clearly actionable.
/home/chinmay/ChinmayPersonalProjects/deslop/scripts/chunks/Chunk_1476_1500.txt,1493,/home/chinmay/ChinmayPersonalProjects/gopdfsuit/internal/pdf/draw.go,1485,go_perf_layer_database_access_count_query_before_paged_fetch,false_positive,Performance heuristic lacks runtime evidence in snippet and is not clearly actionable.
/home/chinmay/ChinmayPersonalProjects/deslop/scripts/chunks/Chunk_1476_1500.txt,1494,/home/chinmay/ChinmayPersonalProjects/gopdfsuit/internal/pdf/draw.go,1485,go_perf_layer_io_operations_scanner_used_for_large_token_stream,false_positive,Performance heuristic lacks runtime evidence in snippet and is not clearly actionable.
/home/chinmay/ChinmayPersonalProjects/deslop/scripts/chunks/Chunk_1476_1500.txt,1495,/home/chinmay/ChinmayPersonalProjects/gopdfsuit/internal/pdf/draw.go,1485,go_perf_layer_string_handling_byte_string_roundtrip_for_contains,false_positive,Performance heuristic lacks runtime evidence in snippet and is not clearly actionable.
/home/chinmay/ChinmayPersonalProjects/deslop/scripts/chunks/Chunk_1476_1500.txt,1496,/home/chinmay/ChinmayPersonalProjects/gopdfsuit/internal/pdf/draw.go,1488,go_perf_layer_algorithmic_complexity_repeated_nested_slice_scans,false_positive,Performance heuristic lacks runtime evidence in snippet and is not clearly actionable.
/home/chinmay/ChinmayPersonalProjects/deslop/scripts/chunks/Chunk_1476_1500.txt,1497,/home/chinmay/ChinmayPersonalProjects/gopdfsuit/internal/pdf/draw.go,1488,go_perf_layer_collection_iteration_manual_index_loop_without_bounds_need,false_positive,Performance heuristic lacks runtime evidence in snippet and is not clearly actionable.
/home/chinmay/ChinmayPersonalProjects/deslop/scripts/chunks/Chunk_1476_1500.txt,1498,/home/chinmay/ChinmayPersonalProjects/gopdfsuit/internal/pdf/draw.go,1488,go_perf_layer_database_access_rows_scan_into_map_per_row,false_positive,Performance heuristic lacks runtime evidence in snippet and is not clearly actionable.
/home/chinmay/ChinmayPersonalProjects/deslop/scripts/chunks/Chunk_1476_1500.txt,1499,/home/chinmay/ChinmayPersonalProjects/gopdfsuit/internal/pdf/draw.go,1488,go_perf_layer_network_calls_retry_loop_without_backoff,false_positive,Performance heuristic lacks runtime evidence in snippet and is not clearly actionable.
/home/chinmay/ChinmayPersonalProjects/deslop/scripts/chunks/Chunk_1476_1500.txt,1500,/home/chinmay/ChinmayPersonalProjects/gopdfsuit/internal/pdf/draw.go,1491,go_perf_layer_data_structure_choice_interface_map_for_typed_values,false_positive,Performance heuristic lacks runtime evidence in snippet and is not clearly actionable.
/home/chinmay/ChinmayPersonalProjects/deslop/scripts/chunks/Chunk_1501_1525.txt,1501,/home/chinmay/ChinmayPersonalProjects/gopdfsuit/internal/pdf/draw.go,1491,go_perf_layer_database_access_select_star_on_hot_query,false_positive,Performance heuristic lacks runtime evidence in snippet and is not clearly actionable.
/home/chinmay/ChinmayPersonalProjects/deslop/scripts/chunks/Chunk_1501_1525.txt,1502,/home/chinmay/ChinmayPersonalProjects/gopdfsuit/internal/pdf/draw.go,1492,go_perf_layer_caching_json_cache_value_stored_as_string,false_positive,Performance heuristic lacks runtime evidence in snippet and is not clearly actionable.
/home/chinmay/ChinmayPersonalProjects/deslop/scripts/chunks/Chunk_1501_1525.txt,1503,/home/chinmay/ChinmayPersonalProjects/gopdfsuit/internal/pdf/draw.go,1492,go_perf_layer_data_structure_choice_map_string_bool_for_membership,false_positive,Performance heuristic lacks runtime evidence in snippet and is not clearly actionable.
/home/chinmay/ChinmayPersonalProjects/deslop/scripts/chunks/Chunk_1501_1525.txt,1504,/home/chinmay/ChinmayPersonalProjects/gopdfsuit/internal/pdf/draw.go,1492,go_perf_layer_data_structure_choice_small_enum_string_switch_map,false_positive,Performance heuristic lacks runtime evidence in snippet and is not clearly actionable.
/home/chinmay/ChinmayPersonalProjects/deslop/scripts/chunks/Chunk_1501_1525.txt,1505,/home/chinmay/ChinmayPersonalProjects/gopdfsuit/internal/pdf/draw.go,1492,go_perf_layer_memory_allocation_temporary_byte_slice_for_string_write,false_positive,Performance heuristic lacks runtime evidence in snippet and is not clearly actionable.
/home/chinmay/ChinmayPersonalProjects/deslop/scripts/chunks/Chunk_1501_1525.txt,1506,/home/chinmay/ChinmayPersonalProjects/gopdfsuit/internal/pdf/draw.go,1493,go_perf_layer_caching_unbounded_cache_map,false_positive,Performance heuristic lacks runtime evidence in snippet and is not clearly actionable.
/home/chinmay/ChinmayPersonalProjects/deslop/scripts/chunks/Chunk_1501_1525.txt,1507,/home/chinmay/ChinmayPersonalProjects/gopdfsuit/internal/pdf/draw.go,1493,go_perf_layer_memory_allocation_map_recreated_for_static_lookup,false_positive,Performance heuristic lacks runtime evidence in snippet and is not clearly actionable.
/home/chinmay/ChinmayPersonalProjects/deslop/scripts/chunks/Chunk_1501_1525.txt,1508,/home/chinmay/ChinmayPersonalProjects/gopdfsuit/internal/pdf/draw.go,1500,go_perf_layer_io_operations_small_writes_without_bufio_writer,false_positive,Performance heuristic lacks runtime evidence in snippet and is not clearly actionable.
/home/chinmay/ChinmayPersonalProjects/deslop/scripts/chunks/Chunk_1501_1525.txt,1509,/home/chinmay/ChinmayPersonalProjects/gopdfsuit/internal/pdf/draw.go,1504,go_perf_layer_database_access_query_inside_loop_without_batching,false_positive,Performance heuristic lacks runtime evidence in snippet and is not clearly actionable.
/home/chinmay/ChinmayPersonalProjects/deslop/scripts/chunks/Chunk_1501_1525.txt,1510,/home/chinmay/ChinmayPersonalProjects/gopdfsuit/internal/pdf/draw.go,1520,go_perf_layer_memory_allocation_append_without_known_capacity,false_positive,Performance heuristic lacks runtime evidence in snippet and is not clearly actionable.
/home/chinmay/ChinmayPersonalProjects/deslop/scripts/chunks/Chunk_1501_1525.txt,1511,/home/chinmay/ChinmayPersonalProjects/gopdfsuit/internal/pdf/draw.go,1573,overlong_name,false_positive,Pattern is advisory or context dependent and snippet does not prove a concrete defect.
/home/chinmay/ChinmayPersonalProjects/deslop/scripts/chunks/Chunk_1501_1525.txt,1512,/home/chinmay/ChinmayPersonalProjects/gopdfsuit/internal/pdf/draw.go,1574,go_perf_layer_collection_iteration_manual_index_loop_without_bounds_need,false_positive,Performance heuristic lacks runtime evidence in snippet and is not clearly actionable.
/home/chinmay/ChinmayPersonalProjects/deslop/scripts/chunks/Chunk_1501_1525.txt,1513,/home/chinmay/ChinmayPersonalProjects/gopdfsuit/internal/pdf/draw.go,1574,go_perf_layer_database_access_rows_scan_into_map_per_row,false_positive,Performance heuristic lacks runtime evidence in snippet and is not clearly actionable.
/home/chinmay/ChinmayPersonalProjects/deslop/scripts/chunks/Chunk_1501_1525.txt,1514,/home/chinmay/ChinmayPersonalProjects/gopdfsuit/internal/pdf/draw.go,1574,go_perf_layer_io_operations_scanner_used_for_large_token_stream,false_positive,Performance heuristic lacks runtime evidence in snippet and is not clearly actionable.
/home/chinmay/ChinmayPersonalProjects/deslop/scripts/chunks/Chunk_1501_1525.txt,1515,/home/chinmay/ChinmayPersonalProjects/gopdfsuit/internal/pdf/draw.go,1574,go_perf_layer_network_calls_retry_loop_without_backoff,false_positive,Performance heuristic lacks runtime evidence in snippet and is not clearly actionable.
/home/chinmay/ChinmayPersonalProjects/deslop/scripts/chunks/Chunk_1501_1525.txt,1516,/home/chinmay/ChinmayPersonalProjects/gopdfsuit/internal/pdf/draw.go,1579,go_perf_layer_data_structure_choice_small_enum_string_switch_map,false_positive,Performance heuristic lacks runtime evidence in snippet and is not clearly actionable.
/home/chinmay/ChinmayPersonalProjects/deslop/scripts/chunks/Chunk_1501_1525.txt,1517,/home/chinmay/ChinmayPersonalProjects/gopdfsuit/internal/pdf/draw.go,1580,go_perf_layer_string_handling_string_lower_for_case_insensitive_compare,false_positive,Performance heuristic lacks runtime evidence in snippet and is not clearly actionable.
/home/chinmay/ChinmayPersonalProjects/deslop/scripts/chunks/Chunk_1501_1525.txt,1518,/home/chinmay/ChinmayPersonalProjects/gopdfsuit/internal/pdf/draw.go,1600,go_perf_layer_data_structure_choice_interface_map_for_typed_values,false_positive,Performance heuristic lacks runtime evidence in snippet and is not clearly actionable.
/home/chinmay/ChinmayPersonalProjects/deslop/scripts/chunks/Chunk_1501_1525.txt,1519,/home/chinmay/ChinmayPersonalProjects/gopdfsuit/internal/pdf/draw.go,1601,go_perf_layer_caching_json_cache_value_stored_as_string,false_positive,Performance heuristic lacks runtime evidence in snippet and is not clearly actionable.
/home/chinmay/ChinmayPersonalProjects/deslop/scripts/chunks/Chunk_1501_1525.txt,1520,/home/chinmay/ChinmayPersonalProjects/gopdfsuit/internal/pdf/draw.go,1601,go_perf_layer_data_structure_choice_map_string_bool_for_membership,false_positive,Performance heuristic lacks runtime evidence in snippet and is not clearly actionable.
/home/chinmay/ChinmayPersonalProjects/deslop/scripts/chunks/Chunk_1501_1525.txt,1521,/home/chinmay/ChinmayPersonalProjects/gopdfsuit/internal/pdf/draw.go,1602,go_perf_layer_caching_unbounded_cache_map,false_positive,Performance heuristic lacks runtime evidence in snippet and is not clearly actionable.
/home/chinmay/ChinmayPersonalProjects/deslop/scripts/chunks/Chunk_1501_1525.txt,1522,/home/chinmay/ChinmayPersonalProjects/gopdfsuit/internal/pdf/draw.go,1602,go_perf_layer_memory_allocation_map_recreated_for_static_lookup,false_positive,Performance heuristic lacks runtime evidence in snippet and is not clearly actionable.
/home/chinmay/ChinmayPersonalProjects/deslop/scripts/chunks/Chunk_1501_1525.txt,1523,/home/chinmay/ChinmayPersonalProjects/gopdfsuit/internal/pdf/draw.go,1620,go_perf_layer_string_handling_string_lower_for_case_insensitive_compare,false_positive,Performance heuristic lacks runtime evidence in snippet and is not clearly actionable.
/home/chinmay/ChinmayPersonalProjects/deslop/scripts/chunks/Chunk_1501_1525.txt,1524,/home/chinmay/ChinmayPersonalProjects/gopdfsuit/internal/pdf/draw.go,1626,go_perf_layer_caching_cache_key_built_with_fmt,false_positive,Performance heuristic lacks runtime evidence in snippet and is not clearly actionable.
/home/chinmay/ChinmayPersonalProjects/deslop/scripts/chunks/Chunk_1501_1525.txt,1525,/home/chinmay/ChinmayPersonalProjects/gopdfsuit/internal/pdf/draw.go,1626,go_perf_layer_caching_json_cache_value_stored_as_string,false_positive,Performance heuristic lacks runtime evidence in snippet and is not clearly actionable.
/home/chinmay/ChinmayPersonalProjects/deslop/scripts/chunks/Chunk_1526_1550.txt,1526,/home/chinmay/ChinmayPersonalProjects/gopdfsuit/internal/pdf/draw.go,1626,go_perf_layer_data_structure_choice_small_enum_string_switch_map,false_positive,Performance heuristic lacks runtime evidence in snippet and is not clearly actionable.
/home/chinmay/ChinmayPersonalProjects/deslop/scripts/chunks/Chunk_1526_1550.txt,1527,/home/chinmay/ChinmayPersonalProjects/gopdfsuit/internal/pdf/draw.go,1626,go_perf_layer_string_handling_fmt_sprintf_for_simple_concat,false_positive,Performance heuristic lacks runtime evidence in snippet and is not clearly actionable.
/home/chinmay/ChinmayPersonalProjects/deslop/scripts/chunks/Chunk_1526_1550.txt,1528,/home/chinmay/ChinmayPersonalProjects/gopdfsuit/internal/pdf/draw.go,1626,sprintf_for_simple_string_format,false_positive,Pattern is advisory or context dependent and snippet does not prove a concrete defect.
/home/chinmay/ChinmayPersonalProjects/deslop/scripts/chunks/Chunk_1526_1550.txt,1529,/home/chinmay/ChinmayPersonalProjects/gopdfsuit/internal/pdf/draw.go,1628,go_perf_layer_caching_unbounded_cache_map,false_positive,Performance heuristic lacks runtime evidence in snippet and is not clearly actionable.
/home/chinmay/ChinmayPersonalProjects/deslop/scripts/chunks/Chunk_1526_1550.txt,1530,/home/chinmay/ChinmayPersonalProjects/gopdfsuit/internal/pdf/draw.go,1628,go_perf_layer_data_structure_choice_interface_map_for_typed_values,false_positive,Performance heuristic lacks runtime evidence in snippet and is not clearly actionable.
/home/chinmay/ChinmayPersonalProjects/deslop/scripts/chunks/Chunk_1526_1550.txt,1531,/home/chinmay/ChinmayPersonalProjects/gopdfsuit/internal/pdf/draw.go,1629,go_perf_layer_io_operations_scanner_used_for_large_token_stream,false_positive,Performance heuristic lacks runtime evidence in snippet and is not clearly actionable.
/home/chinmay/ChinmayPersonalProjects/deslop/scripts/chunks/Chunk_1526_1550.txt,1532,/home/chinmay/ChinmayPersonalProjects/gopdfsuit/internal/pdf/draw.go,1629,go_perf_layer_io_operations_stat_before_open_without_branch,false_positive,Performance heuristic lacks runtime evidence in snippet and is not clearly actionable.
/home/chinmay/ChinmayPersonalProjects/deslop/scripts/chunks/Chunk_1526_1550.txt,1533,/home/chinmay/ChinmayPersonalProjects/gopdfsuit/internal/pdf/draw.go,1635,go_perf_layer_logging_overhead_log_fields_built_before_level_check,false_positive,Performance heuristic lacks runtime evidence in snippet and is not clearly actionable.
/home/chinmay/ChinmayPersonalProjects/deslop/scripts/chunks/Chunk_1526_1550.txt,1534,/home/chinmay/ChinmayPersonalProjects/gopdfsuit/internal/pdf/draw.go,1650,sprintf_for_simple_string_format,false_positive,Pattern is advisory or context dependent and snippet does not prove a concrete defect.
/home/chinmay/ChinmayPersonalProjects/deslop/scripts/chunks/Chunk_1526_1550.txt,1535,/home/chinmay/ChinmayPersonalProjects/gopdfsuit/internal/pdf/draw.go,1654,sprintf_for_simple_string_format,false_positive,Pattern is advisory or context dependent and snippet does not prove a concrete defect.
/home/chinmay/ChinmayPersonalProjects/deslop/scripts/chunks/Chunk_1526_1550.txt,1536,/home/chinmay/ChinmayPersonalProjects/gopdfsuit/internal/pdf/draw.go,1670,sprintf_for_simple_string_format,false_positive,Pattern is advisory or context dependent and snippet does not prove a concrete defect.
/home/chinmay/ChinmayPersonalProjects/deslop/scripts/chunks/Chunk_1526_1550.txt,1537,/home/chinmay/ChinmayPersonalProjects/gopdfsuit/internal/pdf/draw.go,1674,sprintf_for_simple_string_format,false_positive,Pattern is advisory or context dependent and snippet does not prove a concrete defect.
/home/chinmay/ChinmayPersonalProjects/deslop/scripts/chunks/Chunk_1526_1550.txt,1538,/home/chinmay/ChinmayPersonalProjects/gopdfsuit/internal/pdf/draw.go,1677,sprintf_for_simple_string_format,false_positive,Pattern is advisory or context dependent and snippet does not prove a concrete defect.
/home/chinmay/ChinmayPersonalProjects/deslop/scripts/chunks/Chunk_1526_1550.txt,1539,/home/chinmay/ChinmayPersonalProjects/gopdfsuit/internal/pdf/draw.go,1683,go_perf_layer_network_calls_retry_loop_without_backoff,false_positive,Performance heuristic lacks runtime evidence in snippet and is not clearly actionable.
/home/chinmay/ChinmayPersonalProjects/deslop/scripts/chunks/Chunk_1526_1550.txt,1540,/home/chinmay/ChinmayPersonalProjects/gopdfsuit/internal/pdf/draw.go,1696,sprintf_for_simple_string_format,false_positive,Pattern is advisory or context dependent and snippet does not prove a concrete defect.
/home/chinmay/ChinmayPersonalProjects/deslop/scripts/chunks/Chunk_1526_1550.txt,1541,/home/chinmay/ChinmayPersonalProjects/gopdfsuit/internal/pdf/draw.go,1704,sprintf_for_simple_string_format,false_positive,Pattern is advisory or context dependent and snippet does not prove a concrete defect.
/home/chinmay/ChinmayPersonalProjects/deslop/scripts/chunks/Chunk_1526_1550.txt,1542,/home/chinmay/ChinmayPersonalProjects/gopdfsuit/internal/pdf/draw.go,1712,sprintf_for_simple_string_format,false_positive,Pattern is advisory or context dependent and snippet does not prove a concrete defect.
/home/chinmay/ChinmayPersonalProjects/deslop/scripts/chunks/Chunk_1526_1550.txt,1543,/home/chinmay/ChinmayPersonalProjects/gopdfsuit/internal/pdf/draw.go,1718,sprintf_for_simple_string_format,false_positive,Pattern is advisory or context dependent and snippet does not prove a concrete defect.
/home/chinmay/ChinmayPersonalProjects/deslop/scripts/chunks/Chunk_1526_1550.txt,1544,/home/chinmay/ChinmayPersonalProjects/gopdfsuit/internal/pdf/draw.go,1752,sprintf_for_simple_string_format,false_positive,Pattern is advisory or context dependent and snippet does not prove a concrete defect.
/home/chinmay/ChinmayPersonalProjects/deslop/scripts/chunks/Chunk_1526_1550.txt,1545,/home/chinmay/ChinmayPersonalProjects/gopdfsuit/internal/pdf/draw.go,1758,sprintf_for_simple_string_format,false_positive,Pattern is advisory or context dependent and snippet does not prove a concrete defect.
/home/chinmay/ChinmayPersonalProjects/deslop/scripts/chunks/Chunk_1526_1550.txt,1546,/home/chinmay/ChinmayPersonalProjects/gopdfsuit/internal/pdf/draw.go,1769,sprintf_for_simple_string_format,false_positive,Pattern is advisory or context dependent and snippet does not prove a concrete defect.
/home/chinmay/ChinmayPersonalProjects/deslop/scripts/chunks/Chunk_1526_1550.txt,1547,/home/chinmay/ChinmayPersonalProjects/gopdfsuit/internal/pdf/encryption/encrypt.go,38,go_perf_layer_network_calls_retry_loop_without_backoff,false_positive,Performance heuristic lacks runtime evidence in snippet and is not clearly actionable.
/home/chinmay/ChinmayPersonalProjects/deslop/scripts/chunks/Chunk_1526_1550.txt,1548,/home/chinmay/ChinmayPersonalProjects/gopdfsuit/internal/pdf/encryption/encrypt.go,62,go_perf_layer_collection_iteration_copy_slice_before_readonly_range,false_positive,Performance heuristic lacks runtime evidence in snippet and is not clearly actionable.
/home/chinmay/ChinmayPersonalProjects/deslop/scripts/chunks/Chunk_1526_1550.txt,1549,/home/chinmay/ChinmayPersonalProjects/gopdfsuit/internal/pdf/encryption/encrypt.go,62,go_perf_layer_memory_allocation_temporary_byte_slice_for_string_write,false_positive,Performance heuristic lacks runtime evidence in snippet and is not clearly actionable.
/home/chinmay/ChinmayPersonalProjects/deslop/scripts/chunks/Chunk_1526_1550.txt,1550,/home/chinmay/ChinmayPersonalProjects/gopdfsuit/internal/pdf/encryption/encrypt.go,79,weak_crypto,true_positive,Code directly uses MD5 and RC4 primitives which are cryptographically weak.
/home/chinmay/ChinmayPersonalProjects/deslop/scripts/chunks/Chunk_1551_1575.txt,1551,/home/chinmay/ChinmayPersonalProjects/gopdfsuit/internal/pdf/encryption/encrypt.go,79,weak_hash_for_integrity,false_positive,MD5 usage here is for legacy PDF key derivation flow rather than standalone integrity checking.
/home/chinmay/ChinmayPersonalProjects/deslop/scripts/chunks/Chunk_1551_1575.txt,1552,/home/chinmay/ChinmayPersonalProjects/gopdfsuit/internal/pdf/encryption/encrypt.go,81,go_perf_layer_algorithmic_complexity_repeated_nested_slice_scans,false_positive,Performance heuristic lacks runtime evidence in snippet and is not clearly actionable.
/home/chinmay/ChinmayPersonalProjects/deslop/scripts/chunks/Chunk_1551_1575.txt,1553,/home/chinmay/ChinmayPersonalProjects/gopdfsuit/internal/pdf/encryption/encrypt.go,81,go_perf_layer_collection_iteration_copy_slice_before_readonly_range,false_positive,Performance heuristic lacks runtime evidence in snippet and is not clearly actionable.
/home/chinmay/ChinmayPersonalProjects/deslop/scripts/chunks/Chunk_1551_1575.txt,1554,/home/chinmay/ChinmayPersonalProjects/gopdfsuit/internal/pdf/encryption/encrypt.go,81,go_perf_layer_collection_iteration_range_over_map_for_deterministic_first,false_positive,Performance heuristic lacks runtime evidence in snippet and is not clearly actionable.
/home/chinmay/ChinmayPersonalProjects/deslop/scripts/chunks/Chunk_1551_1575.txt,1555,/home/chinmay/ChinmayPersonalProjects/gopdfsuit/internal/pdf/encryption/encrypt.go,81,go_perf_layer_io_operations_scanner_used_for_large_token_stream,false_positive,Performance heuristic lacks runtime evidence in snippet and is not clearly actionable.
/home/chinmay/ChinmayPersonalProjects/deslop/scripts/chunks/Chunk_1551_1575.txt,1556,/home/chinmay/ChinmayPersonalProjects/gopdfsuit/internal/pdf/encryption/encrypt.go,81,go_perf_layer_network_calls_retry_loop_without_backoff,false_positive,Performance heuristic lacks runtime evidence in snippet and is not clearly actionable.
/home/chinmay/ChinmayPersonalProjects/deslop/scripts/chunks/Chunk_1551_1575.txt,1557,/home/chinmay/ChinmayPersonalProjects/gopdfsuit/internal/pdf/encryption/encrypt.go,83,md5_sum_in_loop,false_positive,Repeated MD5 rounds are algorithm mandated in legacy PDF encryption routine.
/home/chinmay/ChinmayPersonalProjects/deslop/scripts/chunks/Chunk_1551_1575.txt,1558,/home/chinmay/ChinmayPersonalProjects/gopdfsuit/internal/pdf/encryption/encrypt.go,83,weak_crypto,true_positive,Code directly uses MD5 and RC4 primitives which are cryptographically weak.
/home/chinmay/ChinmayPersonalProjects/deslop/scripts/chunks/Chunk_1551_1575.txt,1559,/home/chinmay/ChinmayPersonalProjects/gopdfsuit/internal/pdf/encryption/encrypt.go,83,weak_hash_for_integrity,false_positive,MD5 usage here is for legacy PDF key derivation flow rather than standalone integrity checking.
/home/chinmay/ChinmayPersonalProjects/deslop/scripts/chunks/Chunk_1551_1575.txt,1560,/home/chinmay/ChinmayPersonalProjects/gopdfsuit/internal/pdf/encryption/encrypt.go,86,go_perf_layer_memory_allocation_bytes_buffer_allocated_per_record,false_positive,Performance heuristic lacks runtime evidence in snippet and is not clearly actionable.
/home/chinmay/ChinmayPersonalProjects/deslop/scripts/chunks/Chunk_1551_1575.txt,1561,/home/chinmay/ChinmayPersonalProjects/gopdfsuit/internal/pdf/encryption/encrypt.go,86,go_perf_layer_memory_allocation_temporary_byte_slice_for_string_write,false_positive,Performance heuristic lacks runtime evidence in snippet and is not clearly actionable.
/home/chinmay/ChinmayPersonalProjects/deslop/scripts/chunks/Chunk_1551_1575.txt,1562,/home/chinmay/ChinmayPersonalProjects/gopdfsuit/internal/pdf/encryption/encrypt.go,99,allocation_churn_in_loop,false_positive,Pattern is advisory or context dependent and snippet does not prove a concrete defect.
/home/chinmay/ChinmayPersonalProjects/deslop/scripts/chunks/Chunk_1551_1575.txt,1563,/home/chinmay/ChinmayPersonalProjects/gopdfsuit/internal/pdf/encryption/encrypt.go,99,make_slice_inside_hot_loop_same_shape,false_positive,Pattern is advisory or context dependent and snippet does not prove a concrete defect.
/home/chinmay/ChinmayPersonalProjects/deslop/scripts/chunks/Chunk_1551_1575.txt,1564,/home/chinmay/ChinmayPersonalProjects/gopdfsuit/internal/pdf/encryption/encrypt.go,115,go_perf_layer_memory_allocation_bytes_buffer_allocated_per_record,false_positive,Performance heuristic lacks runtime evidence in snippet and is not clearly actionable.
/home/chinmay/ChinmayPersonalProjects/deslop/scripts/chunks/Chunk_1551_1575.txt,1565,/home/chinmay/ChinmayPersonalProjects/gopdfsuit/internal/pdf/encryption/encrypt.go,115,go_perf_layer_memory_allocation_temporary_byte_slice_for_string_write,false_positive,Performance heuristic lacks runtime evidence in snippet and is not clearly actionable.
/home/chinmay/ChinmayPersonalProjects/deslop/scripts/chunks/Chunk_1551_1575.txt,1566,/home/chinmay/ChinmayPersonalProjects/gopdfsuit/internal/pdf/encryption/encrypt.go,115,weak_crypto,true_positive,Code directly uses MD5 and RC4 primitives which are cryptographically weak.
/home/chinmay/ChinmayPersonalProjects/deslop/scripts/chunks/Chunk_1551_1575.txt,1567,/home/chinmay/ChinmayPersonalProjects/gopdfsuit/internal/pdf/encryption/encrypt.go,115,weak_hash_for_integrity,false_positive,MD5 usage here is for legacy PDF key derivation flow rather than standalone integrity checking.
/home/chinmay/ChinmayPersonalProjects/deslop/scripts/chunks/Chunk_1551_1575.txt,1568,/home/chinmay/ChinmayPersonalProjects/gopdfsuit/internal/pdf/encryption/encrypt.go,116,go_perf_layer_io_operations_scanner_used_for_large_token_stream,false_positive,Performance heuristic lacks runtime evidence in snippet and is not clearly actionable.
/home/chinmay/ChinmayPersonalProjects/deslop/scripts/chunks/Chunk_1551_1575.txt,1569,/home/chinmay/ChinmayPersonalProjects/gopdfsuit/internal/pdf/encryption/encrypt.go,116,go_perf_layer_io_operations_small_writes_without_bufio_writer,false_positive,Performance heuristic lacks runtime evidence in snippet and is not clearly actionable.
/home/chinmay/ChinmayPersonalProjects/deslop/scripts/chunks/Chunk_1551_1575.txt,1570,/home/chinmay/ChinmayPersonalProjects/gopdfsuit/internal/pdf/encryption/encrypt.go,120,go_perf_layer_algorithmic_complexity_repeated_nested_slice_scans,false_positive,Performance heuristic lacks runtime evidence in snippet and is not clearly actionable.
/home/chinmay/ChinmayPersonalProjects/deslop/scripts/chunks/Chunk_1551_1575.txt,1571,/home/chinmay/ChinmayPersonalProjects/gopdfsuit/internal/pdf/encryption/encrypt.go,131,go_perf_layer_network_calls_retry_loop_without_backoff,false_positive,Performance heuristic lacks runtime evidence in snippet and is not clearly actionable.
/home/chinmay/ChinmayPersonalProjects/deslop/scripts/chunks/Chunk_1551_1575.txt,1572,/home/chinmay/ChinmayPersonalProjects/gopdfsuit/internal/pdf/encryption/encrypt.go,133,md5_sum_in_loop,false_positive,Repeated MD5 rounds are algorithm mandated in legacy PDF encryption routine.
/home/chinmay/ChinmayPersonalProjects/deslop/scripts/chunks/Chunk_1551_1575.txt,1573,/home/chinmay/ChinmayPersonalProjects/gopdfsuit/internal/pdf/encryption/encrypt.go,133,weak_crypto,true_positive,Code directly uses MD5 and RC4 primitives which are cryptographically weak.
/home/chinmay/ChinmayPersonalProjects/deslop/scripts/chunks/Chunk_1551_1575.txt,1574,/home/chinmay/ChinmayPersonalProjects/gopdfsuit/internal/pdf/encryption/encrypt.go,133,weak_hash_for_integrity,false_positive,MD5 usage here is for legacy PDF key derivation flow rather than standalone integrity checking.
/home/chinmay/ChinmayPersonalProjects/deslop/scripts/chunks/Chunk_1551_1575.txt,1575,/home/chinmay/ChinmayPersonalProjects/gopdfsuit/internal/pdf/encryption/encrypt.go,144,go_perf_layer_memory_allocation_bytes_buffer_allocated_per_record,false_positive,Performance heuristic lacks runtime evidence in snippet and is not clearly actionable.
/home/chinmay/ChinmayPersonalProjects/deslop/scripts/chunks/Chunk_1576_1600.txt,1576,/home/chinmay/ChinmayPersonalProjects/gopdfsuit/internal/pdf/encryption/encrypt.go,144,go_perf_layer_memory_allocation_temporary_byte_slice_for_string_write,false_positive,Performance heuristic lacks runtime evidence in snippet and is not clearly actionable.
/home/chinmay/ChinmayPersonalProjects/deslop/scripts/chunks/Chunk_1576_1600.txt,1577,/home/chinmay/ChinmayPersonalProjects/gopdfsuit/internal/pdf/encryption/encrypt.go,144,weak_crypto,true_positive,Code directly uses MD5 and RC4 primitives which are cryptographically weak.
/home/chinmay/ChinmayPersonalProjects/deslop/scripts/chunks/Chunk_1576_1600.txt,1578,/home/chinmay/ChinmayPersonalProjects/gopdfsuit/internal/pdf/encryption/encrypt.go,144,weak_hash_for_integrity,false_positive,MD5 usage here is for legacy PDF key derivation flow rather than standalone integrity checking.
/home/chinmay/ChinmayPersonalProjects/deslop/scripts/chunks/Chunk_1576_1600.txt,1579,/home/chinmay/ChinmayPersonalProjects/gopdfsuit/internal/pdf/encryption/encrypt.go,145,go_perf_layer_io_operations_scanner_used_for_large_token_stream,false_positive,Performance heuristic lacks runtime evidence in snippet and is not clearly actionable.
/home/chinmay/ChinmayPersonalProjects/deslop/scripts/chunks/Chunk_1576_1600.txt,1580,/home/chinmay/ChinmayPersonalProjects/gopdfsuit/internal/pdf/encryption/encrypt.go,145,go_perf_layer_io_operations_small_writes_without_bufio_writer,false_positive,Performance heuristic lacks runtime evidence in snippet and is not clearly actionable.
/home/chinmay/ChinmayPersonalProjects/deslop/scripts/chunks/Chunk_1576_1600.txt,1581,/home/chinmay/ChinmayPersonalProjects/gopdfsuit/internal/pdf/encryption/encrypt.go,145,go_perf_layer_io_operations_temporary_file_for_stream_transform,false_positive,Performance heuristic lacks runtime evidence in snippet and is not clearly actionable.
/home/chinmay/ChinmayPersonalProjects/deslop/scripts/chunks/Chunk_1576_1600.txt,1582,/home/chinmay/ChinmayPersonalProjects/gopdfsuit/internal/pdf/encryption/encrypt.go,152,go_perf_layer_algorithmic_complexity_repeated_nested_slice_scans,false_positive,Performance heuristic lacks runtime evidence in snippet and is not clearly actionable.
/home/chinmay/ChinmayPersonalProjects/deslop/scripts/chunks/Chunk_1576_1600.txt,1583,/home/chinmay/ChinmayPersonalProjects/gopdfsuit/internal/pdf/encryption/encrypt.go,152,go_perf_layer_collection_iteration_copy_slice_before_readonly_range,false_positive,Performance heuristic lacks runtime evidence in snippet and is not clearly actionable.
/home/chinmay/ChinmayPersonalProjects/deslop/scripts/chunks/Chunk_1576_1600.txt,1584,/home/chinmay/ChinmayPersonalProjects/gopdfsuit/internal/pdf/encryption/encrypt.go,152,go_perf_layer_network_calls_retry_loop_without_backoff,false_positive,Performance heuristic lacks runtime evidence in snippet and is not clearly actionable.
/home/chinmay/ChinmayPersonalProjects/deslop/scripts/chunks/Chunk_1576_1600.txt,1585,/home/chinmay/ChinmayPersonalProjects/gopdfsuit/internal/pdf/encryption/encrypt.go,154,allocation_churn_in_loop,false_positive,Pattern is advisory or context dependent and snippet does not prove a concrete defect.
/home/chinmay/ChinmayPersonalProjects/deslop/scripts/chunks/Chunk_1576_1600.txt,1586,/home/chinmay/ChinmayPersonalProjects/gopdfsuit/internal/pdf/encryption/encrypt.go,154,make_slice_inside_hot_loop_same_shape,false_positive,Pattern is advisory or context dependent and snippet does not prove a concrete defect.
/home/chinmay/ChinmayPersonalProjects/deslop/scripts/chunks/Chunk_1576_1600.txt,1587,/home/chinmay/ChinmayPersonalProjects/gopdfsuit/internal/pdf/encryption/encrypt.go,171,go_perf_layer_algorithmic_complexity_repeated_nested_slice_scans,false_positive,Performance heuristic lacks runtime evidence in snippet and is not clearly actionable.
/home/chinmay/ChinmayPersonalProjects/deslop/scripts/chunks/Chunk_1576_1600.txt,1588,/home/chinmay/ChinmayPersonalProjects/gopdfsuit/internal/pdf/encryption/encrypt.go,171,go_perf_layer_memory_allocation_temporary_byte_slice_for_string_write,false_positive,Performance heuristic lacks runtime evidence in snippet and is not clearly actionable.
/home/chinmay/ChinmayPersonalProjects/deslop/scripts/chunks/Chunk_1576_1600.txt,1589,/home/chinmay/ChinmayPersonalProjects/gopdfsuit/internal/pdf/encryption/encrypt.go,172,go_perf_layer_network_calls_retry_loop_without_backoff,false_positive,Performance heuristic lacks runtime evidence in snippet and is not clearly actionable.
/home/chinmay/ChinmayPersonalProjects/deslop/scripts/chunks/Chunk_1576_1600.txt,1590,/home/chinmay/ChinmayPersonalProjects/gopdfsuit/internal/pdf/encryption/encrypt.go,245,go_perf_layer_collection_iteration_copy_slice_before_readonly_range,false_positive,Performance heuristic lacks runtime evidence in snippet and is not clearly actionable.
/home/chinmay/ChinmayPersonalProjects/deslop/scripts/chunks/Chunk_1576_1600.txt,1591,/home/chinmay/ChinmayPersonalProjects/gopdfsuit/internal/pdf/encryption/encrypt.go,245,go_perf_layer_memory_allocation_temporary_byte_slice_for_string_write,false_positive,Performance heuristic lacks runtime evidence in snippet and is not clearly actionable.
/home/chinmay/ChinmayPersonalProjects/deslop/scripts/chunks/Chunk_1576_1600.txt,1592,/home/chinmay/ChinmayPersonalProjects/gopdfsuit/internal/pdf/encryption/encrypt.go,274,go_perf_layer_io_operations_small_writes_without_bufio_writer,false_positive,Performance heuristic lacks runtime evidence in snippet and is not clearly actionable.
/home/chinmay/ChinmayPersonalProjects/deslop/scripts/chunks/Chunk_1576_1600.txt,1593,/home/chinmay/ChinmayPersonalProjects/gopdfsuit/internal/pdf/encryption/encrypt.go,275,go_perf_layer_memory_allocation_append_without_known_capacity,false_positive,Performance heuristic lacks runtime evidence in snippet and is not clearly actionable.
/home/chinmay/ChinmayPersonalProjects/deslop/scripts/chunks/Chunk_1576_1600.txt,1594,/home/chinmay/ChinmayPersonalProjects/gopdfsuit/internal/pdf/encryption/encrypt.go,275,go_perf_layer_memory_allocation_bytes_buffer_allocated_per_record,false_positive,Performance heuristic lacks runtime evidence in snippet and is not clearly actionable.
/home/chinmay/ChinmayPersonalProjects/deslop/scripts/chunks/Chunk_1576_1600.txt,1595,/home/chinmay/ChinmayPersonalProjects/gopdfsuit/internal/pdf/encryption/encrypt.go,275,go_perf_layer_memory_allocation_temporary_byte_slice_for_string_write,false_positive,Performance heuristic lacks runtime evidence in snippet and is not clearly actionable.
/home/chinmay/ChinmayPersonalProjects/deslop/scripts/chunks/Chunk_1576_1600.txt,1596,/home/chinmay/ChinmayPersonalProjects/gopdfsuit/internal/pdf/encryption/encrypt.go,275,weak_crypto,true_positive,Code directly uses MD5 and RC4 primitives which are cryptographically weak.
/home/chinmay/ChinmayPersonalProjects/deslop/scripts/chunks/Chunk_1576_1600.txt,1597,/home/chinmay/ChinmayPersonalProjects/gopdfsuit/internal/pdf/encryption/encrypt.go,275,weak_hash_for_integrity,false_positive,MD5 usage here is for legacy PDF key derivation flow rather than standalone integrity checking.
/home/chinmay/ChinmayPersonalProjects/deslop/scripts/chunks/Chunk_1576_1600.txt,1598,/home/chinmay/ChinmayPersonalProjects/gopdfsuit/internal/pdf/encryption/encrypt.go,287,go_perf_layer_network_calls_retry_loop_without_backoff,false_positive,Performance heuristic lacks runtime evidence in snippet and is not clearly actionable.
/home/chinmay/ChinmayPersonalProjects/deslop/scripts/chunks/Chunk_1576_1600.txt,1599,/home/chinmay/ChinmayPersonalProjects/gopdfsuit/internal/pdf/encryption/encrypt.go,288,writer_write_byte_slice_of_string,false_positive,Pattern is advisory or context dependent and snippet does not prove a concrete defect.
/home/chinmay/ChinmayPersonalProjects/deslop/scripts/chunks/Chunk_1576_1600.txt,1600,/home/chinmay/ChinmayPersonalProjects/gopdfsuit/internal/pdf/encryption/encrypt.go,292,go_perf_layer_database_access_query_inside_loop_without_batching,false_positive,Performance heuristic lacks runtime evidence in snippet and is not clearly actionable.
/home/chinmay/ChinmayPersonalProjects/deslop/scripts/chunks/Chunk_1601_1625.txt,1601,/home/chinmay/ChinmayPersonalProjects/gopdfsuit/internal/pdf/encryption/encrypt.go,299,go_perf_layer_memory_allocation_temporary_byte_slice_for_string_write,false_positive,Performance heuristic lacks runtime evidence in snippet and is not clearly actionable.
/home/chinmay/ChinmayPersonalProjects/deslop/scripts/chunks/Chunk_1601_1625.txt,1602,/home/chinmay/ChinmayPersonalProjects/gopdfsuit/internal/pdf/encryption/encrypt.go,300,go_perf_layer_memory_allocation_append_without_known_capacity,false_positive,Performance heuristic lacks runtime evidence in snippet and is not clearly actionable.
/home/chinmay/ChinmayPersonalProjects/deslop/scripts/chunks/Chunk_1601_1625.txt,1603,/home/chinmay/ChinmayPersonalProjects/gopdfsuit/internal/pdf/encryption/encrypt.go,305,go_perf_layer_caching_cache_key_built_with_fmt,false_positive,Performance heuristic lacks runtime evidence in snippet and is not clearly actionable.
/home/chinmay/ChinmayPersonalProjects/deslop/scripts/chunks/Chunk_1601_1625.txt,1604,/home/chinmay/ChinmayPersonalProjects/gopdfsuit/internal/pdf/encryption/encrypt.go,305,go_perf_layer_caching_cache_miss_does_duplicate_work,false_positive,Performance heuristic lacks runtime evidence in snippet and is not clearly actionable.
/home/chinmay/ChinmayPersonalProjects/deslop/scripts/chunks/Chunk_1601_1625.txt,1605,/home/chinmay/ChinmayPersonalProjects/gopdfsuit/internal/pdf/encryption/encrypt.go,305,go_perf_layer_caching_json_cache_value_stored_as_string,false_positive,Performance heuristic lacks runtime evidence in snippet and is not clearly actionable.
/home/chinmay/ChinmayPersonalProjects/deslop/scripts/chunks/Chunk_1601_1625.txt,1606,/home/chinmay/ChinmayPersonalProjects/gopdfsuit/internal/pdf/encryption/encrypt.go,305,go_perf_layer_caching_unbounded_cache_map,false_positive,Performance heuristic lacks runtime evidence in snippet and is not clearly actionable.
/home/chinmay/ChinmayPersonalProjects/deslop/scripts/chunks/Chunk_1601_1625.txt,1607,/home/chinmay/ChinmayPersonalProjects/gopdfsuit/internal/pdf/encryption/encrypt.go,305,go_perf_layer_string_handling_fmt_sprintf_for_simple_concat,false_positive,Performance heuristic lacks runtime evidence in snippet and is not clearly actionable.
/home/chinmay/ChinmayPersonalProjects/deslop/scripts/chunks/Chunk_1601_1625.txt,1608,/home/chinmay/ChinmayPersonalProjects/gopdfsuit/internal/pdf/encryption/encrypt.go,307,go_perf_layer_io_operations_scanner_used_for_large_token_stream,false_positive,Performance heuristic lacks runtime evidence in snippet and is not clearly actionable.
/home/chinmay/ChinmayPersonalProjects/deslop/scripts/chunks/Chunk_1601_1625.txt,1609,/home/chinmay/ChinmayPersonalProjects/gopdfsuit/internal/pdf/encryption/encrypt.go,308,go_perf_layer_database_access_query_inside_loop_without_batching,false_positive,Performance heuristic lacks runtime evidence in snippet and is not clearly actionable.
/home/chinmay/ChinmayPersonalProjects/deslop/scripts/chunks/Chunk_1601_1625.txt,1610,/home/chinmay/ChinmayPersonalProjects/gopdfsuit/internal/pdf/encryption/encrypt.go,313,go_perf_layer_network_calls_retry_loop_without_backoff,false_positive,Performance heuristic lacks runtime evidence in snippet and is not clearly actionable.
/home/chinmay/ChinmayPersonalProjects/deslop/scripts/chunks/Chunk_1601_1625.txt,1611,/home/chinmay/ChinmayPersonalProjects/gopdfsuit/internal/pdf/encryption/encrypt.go,338,go_perf_layer_memory_allocation_temporary_byte_slice_for_string_write,false_positive,Performance heuristic lacks runtime evidence in snippet and is not clearly actionable.
/home/chinmay/ChinmayPersonalProjects/deslop/scripts/chunks/Chunk_1601_1625.txt,1612,/home/chinmay/ChinmayPersonalProjects/gopdfsuit/internal/pdf/encryption/encrypt.go,338,weak_crypto,true_positive,Code directly uses MD5 and RC4 primitives which are cryptographically weak.
/home/chinmay/ChinmayPersonalProjects/deslop/scripts/chunks/Chunk_1601_1625.txt,1613,/home/chinmay/ChinmayPersonalProjects/gopdfsuit/internal/pdf/encryption/encrypt.go,338,weak_hash_for_integrity,false_positive,MD5 usage here is for legacy PDF key derivation flow rather than standalone integrity checking.
/home/chinmay/ChinmayPersonalProjects/deslop/scripts/chunks/Chunk_1601_1625.txt,1614,/home/chinmay/ChinmayPersonalProjects/gopdfsuit/internal/pdf/encryption/encrypt.go,339,go_perf_layer_io_operations_small_writes_without_bufio_writer,false_positive,Performance heuristic lacks runtime evidence in snippet and is not clearly actionable.
/home/chinmay/ChinmayPersonalProjects/deslop/scripts/chunks/Chunk_1601_1625.txt,1615,/home/chinmay/ChinmayPersonalProjects/gopdfsuit/internal/pdf/encryption/encrypt.go,342,go_perf_layer_collection_iteration_copy_slice_before_readonly_range,false_positive,Performance heuristic lacks runtime evidence in snippet and is not clearly actionable.
/home/chinmay/ChinmayPersonalProjects/deslop/scripts/chunks/Chunk_1601_1625.txt,1616,/home/chinmay/ChinmayPersonalProjects/gopdfsuit/internal/pdf/encryption/encrypt.go,352,go_perf_layer_string_handling_fmt_sprintf_for_simple_concat,false_positive,Performance heuristic lacks runtime evidence in snippet and is not clearly actionable.
/home/chinmay/ChinmayPersonalProjects/deslop/scripts/chunks/Chunk_1601_1625.txt,1617,/home/chinmay/ChinmayPersonalProjects/gopdfsuit/internal/pdf/encryption/encrypt.go,353,sprintf_for_simple_string_format,false_positive,Pattern is advisory or context dependent and snippet does not prove a concrete defect.
/home/chinmay/ChinmayPersonalProjects/deslop/scripts/chunks/Chunk_1601_1625.txt,1618,/home/chinmay/ChinmayPersonalProjects/gopdfsuit/internal/pdf/font/compression.go,30,go_perf_layer_garbage_collection_cleanup_response_body_not_drained_for_reuse,false_positive,Performance heuristic lacks runtime evidence in snippet and is not clearly actionable.
/home/chinmay/ChinmayPersonalProjects/deslop/scripts/chunks/Chunk_1601_1625.txt,1619,/home/chinmay/ChinmayPersonalProjects/gopdfsuit/internal/pdf/font/compression.go,30,go_perf_layer_io_operations_small_writes_without_bufio_writer,false_positive,Performance heuristic lacks runtime evidence in snippet and is not clearly actionable.
/home/chinmay/ChinmayPersonalProjects/deslop/scripts/chunks/Chunk_1601_1625.txt,1620,/home/chinmay/ChinmayPersonalProjects/gopdfsuit/internal/pdf/font/compression.go,30,go_perf_layer_resource_pooling_buffer_pool_without_max_capacity,false_positive,Performance heuristic lacks runtime evidence in snippet and is not clearly actionable.
/home/chinmay/ChinmayPersonalProjects/deslop/scripts/chunks/Chunk_1601_1625.txt,1621,/home/chinmay/ChinmayPersonalProjects/gopdfsuit/internal/pdf/font/compression.go,30,go_perf_layer_resource_pooling_worker_pool_without_shutdown_backpressure,false_positive,Performance heuristic lacks runtime evidence in snippet and is not clearly actionable.
/home/chinmay/ChinmayPersonalProjects/deslop/scripts/chunks/Chunk_1601_1625.txt,1622,/home/chinmay/ChinmayPersonalProjects/gopdfsuit/internal/pdf/font/compression.go,30,type_assertion_without_comma_ok,false_positive,sync.Pool Get type assertions are expected with controlled pool contents in this code path.
/home/chinmay/ChinmayPersonalProjects/deslop/scripts/chunks/Chunk_1601_1625.txt,1623,/home/chinmay/ChinmayPersonalProjects/gopdfsuit/internal/pdf/font/compression.go,37,go_perf_layer_io_operations_small_writes_without_bufio_writer,false_positive,Performance heuristic lacks runtime evidence in snippet and is not clearly actionable.
/home/chinmay/ChinmayPersonalProjects/deslop/scripts/chunks/Chunk_1601_1625.txt,1624,/home/chinmay/ChinmayPersonalProjects/gopdfsuit/internal/pdf/font/compression.go,37,go_perf_layer_resource_pooling_buffer_pool_without_max_capacity,false_positive,Performance heuristic lacks runtime evidence in snippet and is not clearly actionable.
/home/chinmay/ChinmayPersonalProjects/deslop/scripts/chunks/Chunk_1601_1625.txt,1625,/home/chinmay/ChinmayPersonalProjects/gopdfsuit/internal/pdf/font/compression.go,37,go_perf_layer_resource_pooling_worker_pool_without_shutdown_backpressure,false_positive,Performance heuristic lacks runtime evidence in snippet and is not clearly actionable.
/home/chinmay/ChinmayPersonalProjects/deslop/scripts/chunks/Chunk_1626_1650.txt,1626,/home/chinmay/ChinmayPersonalProjects/gopdfsuit/internal/pdf/font/compression.go,42,go_perf_layer_garbage_collection_cleanup_response_body_not_drained_for_reuse,false_positive,Performance heuristic lacks runtime evidence in snippet and is not clearly actionable.
/home/chinmay/ChinmayPersonalProjects/deslop/scripts/chunks/Chunk_1626_1650.txt,1627,/home/chinmay/ChinmayPersonalProjects/gopdfsuit/internal/pdf/font/compression.go,42,go_perf_layer_garbage_collection_cleanup_sync_pool_stores_large_unbounded_buffers,false_positive,Performance heuristic lacks runtime evidence in snippet and is not clearly actionable.
/home/chinmay/ChinmayPersonalProjects/deslop/scripts/chunks/Chunk_1626_1650.txt,1628,/home/chinmay/ChinmayPersonalProjects/gopdfsuit/internal/pdf/font/compression.go,42,go_perf_layer_resource_pooling_buffer_pool_without_max_capacity,false_positive,Performance heuristic lacks runtime evidence in snippet and is not clearly actionable.
/home/chinmay/ChinmayPersonalProjects/deslop/scripts/chunks/Chunk_1626_1650.txt,1629,/home/chinmay/ChinmayPersonalProjects/gopdfsuit/internal/pdf/font/compression.go,42,go_perf_layer_resource_pooling_worker_pool_without_shutdown_backpressure,false_positive,Performance heuristic lacks runtime evidence in snippet and is not clearly actionable.
/home/chinmay/ChinmayPersonalProjects/deslop/scripts/chunks/Chunk_1626_1650.txt,1630,/home/chinmay/ChinmayPersonalProjects/gopdfsuit/internal/pdf/font/compression.go,42,type_assertion_without_comma_ok,false_positive,sync.Pool Get type assertions are expected with controlled pool contents in this code path.
/home/chinmay/ChinmayPersonalProjects/deslop/scripts/chunks/Chunk_1626_1650.txt,1631,/home/chinmay/ChinmayPersonalProjects/gopdfsuit/internal/pdf/font/metrics.go,483,go_perf_layer_lazy_loading_eager_metric_label_cardinality_build,false_positive,Performance heuristic lacks runtime evidence in snippet and is not clearly actionable.
/home/chinmay/ChinmayPersonalProjects/deslop/scripts/chunks/Chunk_1626_1650.txt,1632,/home/chinmay/ChinmayPersonalProjects/gopdfsuit/internal/pdf/font/metrics.go,485,go_perf_layer_caching_json_cache_value_stored_as_string,false_positive,Performance heuristic lacks runtime evidence in snippet and is not clearly actionable.
/home/chinmay/ChinmayPersonalProjects/deslop/scripts/chunks/Chunk_1626_1650.txt,1633,/home/chinmay/ChinmayPersonalProjects/gopdfsuit/internal/pdf/font/metrics.go,485,go_perf_layer_caching_unbounded_cache_map,false_positive,Performance heuristic lacks runtime evidence in snippet and is not clearly actionable.
/home/chinmay/ChinmayPersonalProjects/deslop/scripts/chunks/Chunk_1626_1650.txt,1634,/home/chinmay/ChinmayPersonalProjects/gopdfsuit/internal/pdf/font/metrics.go,485,go_perf_layer_network_calls_retry_loop_without_backoff,false_positive,Performance heuristic lacks runtime evidence in snippet and is not clearly actionable.
/home/chinmay/ChinmayPersonalProjects/deslop/scripts/chunks/Chunk_1626_1650.txt,1635,/home/chinmay/ChinmayPersonalProjects/gopdfsuit/internal/pdf/font/metrics.go,504,go_perf_layer_lazy_loading_eager_metric_label_cardinality_build,false_positive,Performance heuristic lacks runtime evidence in snippet and is not clearly actionable.
/home/chinmay/ChinmayPersonalProjects/deslop/scripts/chunks/Chunk_1626_1650.txt,1636,/home/chinmay/ChinmayPersonalProjects/gopdfsuit/internal/pdf/font/metrics.go,517,builder_write_string_single_byte_literal,false_positive,Pattern is advisory or context dependent and snippet does not prove a concrete defect.
/home/chinmay/ChinmayPersonalProjects/deslop/scripts/chunks/Chunk_1626_1650.txt,1637,/home/chinmay/ChinmayPersonalProjects/gopdfsuit/internal/pdf/font/metrics.go,519,builder_write_string_single_byte_literal,false_positive,Pattern is advisory or context dependent and snippet does not prove a concrete defect.
/home/chinmay/ChinmayPersonalProjects/deslop/scripts/chunks/Chunk_1626_1650.txt,1638,/home/chinmay/ChinmayPersonalProjects/gopdfsuit/internal/pdf/font/metrics.go,521,builder_write_string_single_byte_literal,false_positive,Pattern is advisory or context dependent and snippet does not prove a concrete defect.
/home/chinmay/ChinmayPersonalProjects/deslop/scripts/chunks/Chunk_1626_1650.txt,1639,/home/chinmay/ChinmayPersonalProjects/gopdfsuit/internal/pdf/font/metrics.go,541,go_perf_layer_lazy_loading_eager_metric_label_cardinality_build,false_positive,Performance heuristic lacks runtime evidence in snippet and is not clearly actionable.
/home/chinmay/ChinmayPersonalProjects/deslop/scripts/chunks/Chunk_1626_1650.txt,1640,/home/chinmay/ChinmayPersonalProjects/gopdfsuit/internal/pdf/font/metrics.go,543,strings_builder_without_grow_known_bound,false_positive,Pattern is advisory or context dependent and snippet does not prove a concrete defect.
/home/chinmay/ChinmayPersonalProjects/deslop/scripts/chunks/Chunk_1626_1650.txt,1641,/home/chinmay/ChinmayPersonalProjects/gopdfsuit/internal/pdf/font/metrics.go,548,go_perf_layer_network_calls_retry_loop_without_backoff,false_positive,Performance heuristic lacks runtime evidence in snippet and is not clearly actionable.
/home/chinmay/ChinmayPersonalProjects/deslop/scripts/chunks/Chunk_1626_1650.txt,1642,/home/chinmay/ChinmayPersonalProjects/gopdfsuit/internal/pdf/font/metrics.go,550,builder_write_string_single_byte_literal,false_positive,Pattern is advisory or context dependent and snippet does not prove a concrete defect.
/home/chinmay/ChinmayPersonalProjects/deslop/scripts/chunks/Chunk_1626_1650.txt,1643,/home/chinmay/ChinmayPersonalProjects/gopdfsuit/internal/pdf/font/metrics.go,563,overlong_name,false_positive,Pattern is advisory or context dependent and snippet does not prove a concrete defect.
/home/chinmay/ChinmayPersonalProjects/deslop/scripts/chunks/Chunk_1626_1650.txt,1644,/home/chinmay/ChinmayPersonalProjects/gopdfsuit/internal/pdf/font/metrics.go,564,go_perf_layer_lazy_loading_eager_metric_label_cardinality_build,false_positive,Performance heuristic lacks runtime evidence in snippet and is not clearly actionable.
/home/chinmay/ChinmayPersonalProjects/deslop/scripts/chunks/Chunk_1626_1650.txt,1645,/home/chinmay/ChinmayPersonalProjects/gopdfsuit/internal/pdf/font/metrics.go,567,go_perf_layer_caching_json_cache_value_stored_as_string,false_positive,Performance heuristic lacks runtime evidence in snippet and is not clearly actionable.
/home/chinmay/ChinmayPersonalProjects/deslop/scripts/chunks/Chunk_1626_1650.txt,1646,/home/chinmay/ChinmayPersonalProjects/gopdfsuit/internal/pdf/font/metrics.go,567,go_perf_layer_string_handling_fmt_sprintf_for_simple_concat,false_positive,Performance heuristic lacks runtime evidence in snippet and is not clearly actionable.
/home/chinmay/ChinmayPersonalProjects/deslop/scripts/chunks/Chunk_1626_1650.txt,1647,/home/chinmay/ChinmayPersonalProjects/gopdfsuit/internal/pdf/font/metrics.go,567,strings_builder_without_grow_known_bound,false_positive,Pattern is advisory or context dependent and snippet does not prove a concrete defect.
/home/chinmay/ChinmayPersonalProjects/deslop/scripts/chunks/Chunk_1626_1650.txt,1648,/home/chinmay/ChinmayPersonalProjects/gopdfsuit/internal/pdf/font/metrics.go,568,builder_write_string_single_byte_literal,false_positive,Pattern is advisory or context dependent and snippet does not prove a concrete defect.
/home/chinmay/ChinmayPersonalProjects/deslop/scripts/chunks/Chunk_1626_1650.txt,1649,/home/chinmay/ChinmayPersonalProjects/gopdfsuit/internal/pdf/font/metrics.go,569,go_perf_layer_collection_iteration_range_over_map_for_deterministic_first,false_positive,Performance heuristic lacks runtime evidence in snippet and is not clearly actionable.
/home/chinmay/ChinmayPersonalProjects/deslop/scripts/chunks/Chunk_1626_1650.txt,1650,/home/chinmay/ChinmayPersonalProjects/gopdfsuit/internal/pdf/font/metrics.go,569,go_perf_layer_network_calls_retry_loop_without_backoff,false_positive,Performance heuristic lacks runtime evidence in snippet and is not clearly actionable.
/home/chinmay/ChinmayPersonalProjects/deslop/scripts/chunks/Chunk_1651_1675.txt,1651,/home/chinmay/ChinmayPersonalProjects/gopdfsuit/internal/pdf/font/metrics.go,571,builder_write_string_single_byte_literal,false_positive,Pattern is advisory or context dependent and snippet does not prove a concrete defect.
/home/chinmay/ChinmayPersonalProjects/deslop/scripts/chunks/Chunk_1651_1675.txt,1652,/home/chinmay/ChinmayPersonalProjects/gopdfsuit/internal/pdf/font/metrics.go,575,builder_write_string_single_byte_literal,false_positive,Pattern is advisory or context dependent and snippet does not prove a concrete defect.
/home/chinmay/ChinmayPersonalProjects/deslop/scripts/chunks/Chunk_1651_1675.txt,1653,/home/chinmay/ChinmayPersonalProjects/gopdfsuit/internal/pdf/font/metrics.go,577,go_perf_layer_caching_cache_key_built_with_fmt,false_positive,Performance heuristic lacks runtime evidence in snippet and is not clearly actionable.
/home/chinmay/ChinmayPersonalProjects/deslop/scripts/chunks/Chunk_1651_1675.txt,1654,/home/chinmay/ChinmayPersonalProjects/gopdfsuit/internal/pdf/font/metrics.go,577,go_perf_layer_caching_unbounded_cache_map,false_positive,Performance heuristic lacks runtime evidence in snippet and is not clearly actionable.
/home/chinmay/ChinmayPersonalProjects/deslop/scripts/chunks/Chunk_1651_1675.txt,1655,/home/chinmay/ChinmayPersonalProjects/gopdfsuit/internal/pdf/font/metrics.go,584,overlong_name,false_positive,Pattern is advisory or context dependent and snippet does not prove a concrete defect.
/home/chinmay/ChinmayPersonalProjects/deslop/scripts/chunks/Chunk_1651_1675.txt,1656,/home/chinmay/ChinmayPersonalProjects/gopdfsuit/internal/pdf/font/metrics.go,604,go_perf_layer_collection_iteration_copy_slice_before_readonly_range,false_positive,Performance heuristic lacks runtime evidence in snippet and is not clearly actionable.
/home/chinmay/ChinmayPersonalProjects/deslop/scripts/chunks/Chunk_1651_1675.txt,1657,/home/chinmay/ChinmayPersonalProjects/gopdfsuit/internal/pdf/font/metrics.go,631,go_perf_layer_network_calls_retry_loop_without_backoff,false_positive,Performance heuristic lacks runtime evidence in snippet and is not clearly actionable.
/home/chinmay/ChinmayPersonalProjects/deslop/scripts/chunks/Chunk_1651_1675.txt,1658,/home/chinmay/ChinmayPersonalProjects/gopdfsuit/internal/pdf/font/metrics.go,632,go_perf_layer_memory_allocation_append_without_known_capacity,false_positive,Performance heuristic lacks runtime evidence in snippet and is not clearly actionable.
/home/chinmay/ChinmayPersonalProjects/deslop/scripts/chunks/Chunk_1651_1675.txt,1659,/home/chinmay/ChinmayPersonalProjects/gopdfsuit/internal/pdf/font/metrics.go,632,slice_append_without_prealloc_known_bound,false_positive,Pattern is advisory or context dependent and snippet does not prove a concrete defect.
/home/chinmay/ChinmayPersonalProjects/deslop/scripts/chunks/Chunk_1651_1675.txt,1660,/home/chinmay/ChinmayPersonalProjects/gopdfsuit/internal/pdf/font/metrics.go,632,slice_grow_without_cap_hint,false_positive,Pattern is advisory or context dependent and snippet does not prove a concrete defect.
/home/chinmay/ChinmayPersonalProjects/deslop/scripts/chunks/Chunk_1651_1675.txt,1661,/home/chinmay/ChinmayPersonalProjects/gopdfsuit/internal/pdf/font/metrics.go,632,string_concat_in_loop,false_positive,Pattern is advisory or context dependent and snippet does not prove a concrete defect.
/home/chinmay/ChinmayPersonalProjects/deslop/scripts/chunks/Chunk_1651_1675.txt,1662,/home/chinmay/ChinmayPersonalProjects/gopdfsuit/internal/pdf/font/metrics.go,648,go_perf_layer_caching_json_cache_value_stored_as_string,false_positive,Performance heuristic lacks runtime evidence in snippet and is not clearly actionable.
/home/chinmay/ChinmayPersonalProjects/deslop/scripts/chunks/Chunk_1651_1675.txt,1663,/home/chinmay/ChinmayPersonalProjects/gopdfsuit/internal/pdf/font/metrics.go,648,go_perf_layer_caching_unbounded_cache_map,false_positive,Performance heuristic lacks runtime evidence in snippet and is not clearly actionable.
/home/chinmay/ChinmayPersonalProjects/deslop/scripts/chunks/Chunk_1651_1675.txt,1664,/home/chinmay/ChinmayPersonalProjects/gopdfsuit/internal/pdf/font/metrics.go,648,go_perf_layer_data_structure_choice_interface_map_for_typed_values,false_positive,Performance heuristic lacks runtime evidence in snippet and is not clearly actionable.
/home/chinmay/ChinmayPersonalProjects/deslop/scripts/chunks/Chunk_1651_1675.txt,1665,/home/chinmay/ChinmayPersonalProjects/gopdfsuit/internal/pdf/font/metrics.go,648,go_perf_layer_data_structure_choice_map_string_bool_for_membership,false_positive,Performance heuristic lacks runtime evidence in snippet and is not clearly actionable.
/home/chinmay/ChinmayPersonalProjects/deslop/scripts/chunks/Chunk_1651_1675.txt,1666,/home/chinmay/ChinmayPersonalProjects/gopdfsuit/internal/pdf/font/metrics.go,648,go_perf_layer_data_structure_choice_small_enum_string_switch_map,false_positive,Performance heuristic lacks runtime evidence in snippet and is not clearly actionable.
/home/chinmay/ChinmayPersonalProjects/deslop/scripts/chunks/Chunk_1651_1675.txt,1667,/home/chinmay/ChinmayPersonalProjects/gopdfsuit/internal/pdf/font/metrics.go,648,go_perf_layer_database_access_rows_scan_into_map_per_row,false_positive,Performance heuristic lacks runtime evidence in snippet and is not clearly actionable.
/home/chinmay/ChinmayPersonalProjects/deslop/scripts/chunks/Chunk_1651_1675.txt,1668,/home/chinmay/ChinmayPersonalProjects/gopdfsuit/internal/pdf/font/metrics.go,648,go_perf_layer_error_handling_cost_error_string_built_before_error_needed,false_positive,Performance heuristic lacks runtime evidence in snippet and is not clearly actionable.
/home/chinmay/ChinmayPersonalProjects/deslop/scripts/chunks/Chunk_1651_1675.txt,1669,/home/chinmay/ChinmayPersonalProjects/gopdfsuit/internal/pdf/font/metrics.go,648,go_perf_layer_memory_allocation_bytes_buffer_allocated_per_record,false_positive,Performance heuristic lacks runtime evidence in snippet and is not clearly actionable.
/home/chinmay/ChinmayPersonalProjects/deslop/scripts/chunks/Chunk_1651_1675.txt,1670,/home/chinmay/ChinmayPersonalProjects/gopdfsuit/internal/pdf/font/metrics.go,648,go_perf_layer_memory_allocation_map_recreated_for_static_lookup,false_positive,Performance heuristic lacks runtime evidence in snippet and is not clearly actionable.
/home/chinmay/ChinmayPersonalProjects/deslop/scripts/chunks/Chunk_1651_1675.txt,1671,/home/chinmay/ChinmayPersonalProjects/gopdfsuit/internal/pdf/font/metrics.go,648,go_perf_layer_memory_allocation_temporary_byte_slice_for_string_write,false_positive,Performance heuristic lacks runtime evidence in snippet and is not clearly actionable.
/home/chinmay/ChinmayPersonalProjects/deslop/scripts/chunks/Chunk_1651_1675.txt,1672,/home/chinmay/ChinmayPersonalProjects/gopdfsuit/internal/pdf/font/metrics.go,648,go_perf_layer_string_handling_byte_string_roundtrip_for_contains,false_positive,Performance heuristic lacks runtime evidence in snippet and is not clearly actionable.
/home/chinmay/ChinmayPersonalProjects/deslop/scripts/chunks/Chunk_1651_1675.txt,1673,/home/chinmay/ChinmayPersonalProjects/gopdfsuit/internal/pdf/font/metrics.go,656,go_perf_layer_garbage_collection_cleanup_sync_pool_stores_large_unbounded_buffers,false_positive,Performance heuristic lacks runtime evidence in snippet and is not clearly actionable.
/home/chinmay/ChinmayPersonalProjects/deslop/scripts/chunks/Chunk_1651_1675.txt,1674,/home/chinmay/ChinmayPersonalProjects/gopdfsuit/internal/pdf/font/metrics.go,656,go_perf_layer_io_operations_scanner_used_for_large_token_stream,false_positive,Performance heuristic lacks runtime evidence in snippet and is not clearly actionable.
/home/chinmay/ChinmayPersonalProjects/deslop/scripts/chunks/Chunk_1651_1675.txt,1675,/home/chinmay/ChinmayPersonalProjects/gopdfsuit/internal/pdf/font/metrics.go,656,go_perf_layer_io_operations_small_writes_without_bufio_writer,false_positive,Performance heuristic lacks runtime evidence in snippet and is not clearly actionable.
/home/chinmay/ChinmayPersonalProjects/deslop/scripts/chunks/Chunk_1676_1700.txt,1676,/home/chinmay/ChinmayPersonalProjects/gopdfsuit/internal/pdf/font/metrics.go,656,go_perf_layer_io_operations_temporary_file_for_stream_transform,false_positive,Performance heuristic lacks runtime evidence in snippet and is not clearly actionable.
/home/chinmay/ChinmayPersonalProjects/deslop/scripts/chunks/Chunk_1676_1700.txt,1677,/home/chinmay/ChinmayPersonalProjects/gopdfsuit/internal/pdf/font/metrics.go,656,go_perf_layer_resource_pooling_buffer_pool_without_max_capacity,false_positive,Performance heuristic lacks runtime evidence in snippet and is not clearly actionable.
/home/chinmay/ChinmayPersonalProjects/deslop/scripts/chunks/Chunk_1676_1700.txt,1678,/home/chinmay/ChinmayPersonalProjects/gopdfsuit/internal/pdf/font/metrics.go,656,go_perf_layer_resource_pooling_db_pool_created_per_repository,false_positive,Performance heuristic lacks runtime evidence in snippet and is not clearly actionable.
/home/chinmay/ChinmayPersonalProjects/deslop/scripts/chunks/Chunk_1676_1700.txt,1679,/home/chinmay/ChinmayPersonalProjects/gopdfsuit/internal/pdf/font/metrics.go,656,go_perf_layer_serialization_gzip_writer_created_per_small_payload,false_positive,Performance heuristic lacks runtime evidence in snippet and is not clearly actionable.
/home/chinmay/ChinmayPersonalProjects/deslop/scripts/chunks/Chunk_1676_1700.txt,1680,/home/chinmay/ChinmayPersonalProjects/gopdfsuit/internal/pdf/font/metrics.go,674,go_perf_layer_network_calls_retry_loop_without_backoff,false_positive,Performance heuristic lacks runtime evidence in snippet and is not clearly actionable.
/home/chinmay/ChinmayPersonalProjects/deslop/scripts/chunks/Chunk_1676_1700.txt,1681,/home/chinmay/ChinmayPersonalProjects/gopdfsuit/internal/pdf/font/metrics.go,676,go_perf_layer_database_access_query_inside_loop_without_batching,false_positive,Performance heuristic lacks runtime evidence in snippet and is not clearly actionable.
/home/chinmay/ChinmayPersonalProjects/deslop/scripts/chunks/Chunk_1676_1700.txt,1682,/home/chinmay/ChinmayPersonalProjects/gopdfsuit/internal/pdf/font/metrics.go,710,go_perf_layer_network_calls_retry_loop_without_backoff,false_positive,Performance heuristic lacks runtime evidence in snippet and is not clearly actionable.
/home/chinmay/ChinmayPersonalProjects/deslop/scripts/chunks/Chunk_1676_1700.txt,1683,/home/chinmay/ChinmayPersonalProjects/gopdfsuit/internal/pdf/font/metrics.go,713,go_perf_layer_string_handling_string_lower_for_case_insensitive_compare,false_positive,Performance heuristic lacks runtime evidence in snippet and is not clearly actionable.
/home/chinmay/ChinmayPersonalProjects/deslop/scripts/chunks/Chunk_1676_1700.txt,1684,/home/chinmay/ChinmayPersonalProjects/gopdfsuit/internal/pdf/font/metrics.go,714,go_perf_layer_string_handling_fmt_sprintf_for_simple_concat,false_positive,Performance heuristic lacks runtime evidence in snippet and is not clearly actionable.
/home/chinmay/ChinmayPersonalProjects/deslop/scripts/chunks/Chunk_1676_1700.txt,1685,/home/chinmay/ChinmayPersonalProjects/gopdfsuit/internal/pdf/font/metrics.go,725,go_perf_layer_string_handling_fmt_sprintf_for_simple_concat,false_positive,Performance heuristic lacks runtime evidence in snippet and is not clearly actionable.
/home/chinmay/ChinmayPersonalProjects/deslop/scripts/chunks/Chunk_1676_1700.txt,1686,/home/chinmay/ChinmayPersonalProjects/gopdfsuit/internal/pdf/font/metrics.go,740,overlong_name,false_positive,Pattern is advisory or context dependent and snippet does not prove a concrete defect.
/home/chinmay/ChinmayPersonalProjects/deslop/scripts/chunks/Chunk_1676_1700.txt,1687,/home/chinmay/ChinmayPersonalProjects/gopdfsuit/internal/pdf/font/metrics.go,744,go_perf_layer_string_handling_fmt_sprintf_for_simple_concat,false_positive,Performance heuristic lacks runtime evidence in snippet and is not clearly actionable.
/home/chinmay/ChinmayPersonalProjects/deslop/scripts/chunks/Chunk_1676_1700.txt,1688,/home/chinmay/ChinmayPersonalProjects/gopdfsuit/internal/pdf/font/metrics.go,778,go_perf_layer_collection_iteration_copy_slice_before_readonly_range,false_positive,Performance heuristic lacks runtime evidence in snippet and is not clearly actionable.
/home/chinmay/ChinmayPersonalProjects/deslop/scripts/chunks/Chunk_1676_1700.txt,1689,/home/chinmay/ChinmayPersonalProjects/gopdfsuit/internal/pdf/font/metrics.go,778,go_perf_layer_collection_iteration_len_called_after_materializing_channel,false_positive,Performance heuristic lacks runtime evidence in snippet and is not clearly actionable.
/home/chinmay/ChinmayPersonalProjects/deslop/scripts/chunks/Chunk_1676_1700.txt,1690,/home/chinmay/ChinmayPersonalProjects/gopdfsuit/internal/pdf/font/metrics.go,779,go_perf_layer_string_handling_string_lower_for_case_insensitive_compare,false_positive,Performance heuristic lacks runtime evidence in snippet and is not clearly actionable.
/home/chinmay/ChinmayPersonalProjects/deslop/scripts/chunks/Chunk_1676_1700.txt,1691,/home/chinmay/ChinmayPersonalProjects/gopdfsuit/internal/pdf/font/metrics.go,784,go_perf_layer_algorithmic_complexity_repeated_nested_slice_scans,false_positive,Performance heuristic lacks runtime evidence in snippet and is not clearly actionable.
/home/chinmay/ChinmayPersonalProjects/deslop/scripts/chunks/Chunk_1676_1700.txt,1692,/home/chinmay/ChinmayPersonalProjects/gopdfsuit/internal/pdf/font/metrics.go,784,go_perf_layer_memory_allocation_temporary_byte_slice_for_string_write,false_positive,Performance heuristic lacks runtime evidence in snippet and is not clearly actionable.
/home/chinmay/ChinmayPersonalProjects/deslop/scripts/chunks/Chunk_1676_1700.txt,1693,/home/chinmay/ChinmayPersonalProjects/gopdfsuit/internal/pdf/font/metrics.go,785,go_perf_layer_algorithmic_complexity_quadratic_append_filter_pipeline,false_positive,Performance heuristic lacks runtime evidence in snippet and is not clearly actionable.
/home/chinmay/ChinmayPersonalProjects/deslop/scripts/chunks/Chunk_1676_1700.txt,1694,/home/chinmay/ChinmayPersonalProjects/gopdfsuit/internal/pdf/font/metrics.go,785,go_perf_layer_network_calls_retry_loop_without_backoff,false_positive,Performance heuristic lacks runtime evidence in snippet and is not clearly actionable.
/home/chinmay/ChinmayPersonalProjects/deslop/scripts/chunks/Chunk_1676_1700.txt,1695,/home/chinmay/ChinmayPersonalProjects/gopdfsuit/internal/pdf/font/metrics.go,796,go_perf_layer_memory_allocation_append_without_known_capacity,false_positive,Performance heuristic lacks runtime evidence in snippet and is not clearly actionable.
/home/chinmay/ChinmayPersonalProjects/deslop/scripts/chunks/Chunk_1676_1700.txt,1696,/home/chinmay/ChinmayPersonalProjects/gopdfsuit/internal/pdf/font/metrics.go,796,slice_append_without_prealloc_known_bound,false_positive,Pattern is advisory or context dependent and snippet does not prove a concrete defect.
/home/chinmay/ChinmayPersonalProjects/deslop/scripts/chunks/Chunk_1676_1700.txt,1697,/home/chinmay/ChinmayPersonalProjects/gopdfsuit/internal/pdf/font/metrics.go,796,slice_grow_without_cap_hint,false_positive,Pattern is advisory or context dependent and snippet does not prove a concrete defect.
/home/chinmay/ChinmayPersonalProjects/deslop/scripts/chunks/Chunk_1676_1700.txt,1698,/home/chinmay/ChinmayPersonalProjects/gopdfsuit/internal/pdf/font/metrics.go,801,go_perf_layer_data_structure_choice_map_string_bool_for_membership,false_positive,Performance heuristic lacks runtime evidence in snippet and is not clearly actionable.
/home/chinmay/ChinmayPersonalProjects/deslop/scripts/chunks/Chunk_1676_1700.txt,1699,/home/chinmay/ChinmayPersonalProjects/gopdfsuit/internal/pdf/font/metrics.go,810,strings_builder_without_grow_known_bound,false_positive,Pattern is advisory or context dependent and snippet does not prove a concrete defect.
/home/chinmay/ChinmayPersonalProjects/deslop/scripts/chunks/Chunk_1676_1700.txt,1700,/home/chinmay/ChinmayPersonalProjects/gopdfsuit/internal/pdf/font/metrics.go,811,builder_write_string_single_byte_literal,false_positive,Pattern is advisory or context dependent and snippet does not prove a concrete defect.
/home/chinmay/ChinmayPersonalProjects/deslop/scripts/chunks/Chunk_1701_1725.txt,1701,/home/chinmay/ChinmayPersonalProjects/gopdfsuit/internal/pdf/font/metrics.go,815,go_perf_layer_database_access_query_inside_loop_without_batching,false_positive,Performance heuristic lacks runtime evidence in snippet and is not clearly actionable.
/home/chinmay/ChinmayPersonalProjects/deslop/scripts/chunks/Chunk_1701_1725.txt,1702,/home/chinmay/ChinmayPersonalProjects/gopdfsuit/internal/pdf/font/metrics.go,815,go_perf_layer_database_access_select_star_on_hot_query,false_positive,Performance heuristic lacks runtime evidence in snippet and is not clearly actionable.
/home/chinmay/ChinmayPersonalProjects/deslop/scripts/chunks/Chunk_1701_1725.txt,1703,/home/chinmay/ChinmayPersonalProjects/gopdfsuit/internal/pdf/font/metrics.go,825,builder_write_string_single_byte_literal,false_positive,Pattern is advisory or context dependent and snippet does not prove a concrete defect.
/home/chinmay/ChinmayPersonalProjects/deslop/scripts/chunks/Chunk_1701_1725.txt,1704,/home/chinmay/ChinmayPersonalProjects/gopdfsuit/internal/pdf/font/metrics.go,830,builder_write_string_single_byte_literal,false_positive,Pattern is advisory or context dependent and snippet does not prove a concrete defect.
/home/chinmay/ChinmayPersonalProjects/deslop/scripts/chunks/Chunk_1701_1725.txt,1705,/home/chinmay/ChinmayPersonalProjects/gopdfsuit/internal/pdf/font/metrics.go,834,builder_write_string_single_byte_literal,false_positive,Pattern is advisory or context dependent and snippet does not prove a concrete defect.
/home/chinmay/ChinmayPersonalProjects/deslop/scripts/chunks/Chunk_1701_1725.txt,1706,/home/chinmay/ChinmayPersonalProjects/gopdfsuit/internal/pdf/font/metrics.go,837,builder_write_string_single_byte_literal,false_positive,Pattern is advisory or context dependent and snippet does not prove a concrete defect.
/home/chinmay/ChinmayPersonalProjects/deslop/scripts/chunks/Chunk_1701_1725.txt,1707,/home/chinmay/ChinmayPersonalProjects/gopdfsuit/internal/pdf/font/metrics.go,849,go_perf_layer_algorithmic_complexity_repeated_nested_slice_scans,false_positive,Performance heuristic lacks runtime evidence in snippet and is not clearly actionable.
/home/chinmay/ChinmayPersonalProjects/deslop/scripts/chunks/Chunk_1701_1725.txt,1708,/home/chinmay/ChinmayPersonalProjects/gopdfsuit/internal/pdf/font/metrics.go,849,go_perf_layer_collection_iteration_copy_slice_before_readonly_range,false_positive,Performance heuristic lacks runtime evidence in snippet and is not clearly actionable.
/home/chinmay/ChinmayPersonalProjects/deslop/scripts/chunks/Chunk_1701_1725.txt,1709,/home/chinmay/ChinmayPersonalProjects/gopdfsuit/internal/pdf/font/metrics.go,849,go_perf_layer_io_operations_scanner_used_for_large_token_stream,false_positive,Performance heuristic lacks runtime evidence in snippet and is not clearly actionable.
/home/chinmay/ChinmayPersonalProjects/deslop/scripts/chunks/Chunk_1701_1725.txt,1710,/home/chinmay/ChinmayPersonalProjects/gopdfsuit/internal/pdf/font/metrics.go,849,go_perf_layer_network_calls_retry_loop_without_backoff,false_positive,Performance heuristic lacks runtime evidence in snippet and is not clearly actionable.
/home/chinmay/ChinmayPersonalProjects/deslop/scripts/chunks/Chunk_1701_1725.txt,1711,/home/chinmay/ChinmayPersonalProjects/gopdfsuit/internal/pdf/font/metrics.go,856,go_perf_layer_memory_allocation_temporary_byte_slice_for_string_write,false_positive,Performance heuristic lacks runtime evidence in snippet and is not clearly actionable.
/home/chinmay/ChinmayPersonalProjects/deslop/scripts/chunks/Chunk_1701_1725.txt,1712,/home/chinmay/ChinmayPersonalProjects/gopdfsuit/internal/pdf/font/metrics.go,856,go_perf_layer_string_handling_byte_string_roundtrip_for_contains,false_positive,Performance heuristic lacks runtime evidence in snippet and is not clearly actionable.
/home/chinmay/ChinmayPersonalProjects/deslop/scripts/chunks/Chunk_1701_1725.txt,1713,/home/chinmay/ChinmayPersonalProjects/gopdfsuit/internal/pdf/font/metrics.go,857,go_perf_layer_memory_allocation_bytes_buffer_allocated_per_record,false_positive,Performance heuristic lacks runtime evidence in snippet and is not clearly actionable.
/home/chinmay/ChinmayPersonalProjects/deslop/scripts/chunks/Chunk_1701_1725.txt,1714,/home/chinmay/ChinmayPersonalProjects/gopdfsuit/internal/pdf/font/metrics.go,890,go_perf_layer_io_operations_small_writes_without_bufio_writer,false_positive,Performance heuristic lacks runtime evidence in snippet and is not clearly actionable.
/home/chinmay/ChinmayPersonalProjects/deslop/scripts/chunks/Chunk_1701_1725.txt,1715,/home/chinmay/ChinmayPersonalProjects/gopdfsuit/internal/pdf/font/metrics.go,898,go_perf_layer_garbage_collection_cleanup_sync_pool_stores_large_unbounded_buffers,false_positive,Performance heuristic lacks runtime evidence in snippet and is not clearly actionable.
/home/chinmay/ChinmayPersonalProjects/deslop/scripts/chunks/Chunk_1701_1725.txt,1716,/home/chinmay/ChinmayPersonalProjects/gopdfsuit/internal/pdf/font/metrics.go,898,go_perf_layer_resource_pooling_db_pool_created_per_repository,false_positive,Performance heuristic lacks runtime evidence in snippet and is not clearly actionable.
/home/chinmay/ChinmayPersonalProjects/deslop/scripts/chunks/Chunk_1701_1725.txt,1717,/home/chinmay/ChinmayPersonalProjects/gopdfsuit/internal/pdf/font/metrics.go,898,go_perf_layer_serialization_gzip_writer_created_per_small_payload,false_positive,Performance heuristic lacks runtime evidence in snippet and is not clearly actionable.
/home/chinmay/ChinmayPersonalProjects/deslop/scripts/chunks/Chunk_1701_1725.txt,1718,/home/chinmay/ChinmayPersonalProjects/gopdfsuit/internal/pdf/font/metrics.go,901,go_perf_layer_error_handling_cost_error_string_built_before_error_needed,false_positive,Performance heuristic lacks runtime evidence in snippet and is not clearly actionable.
/home/chinmay/ChinmayPersonalProjects/deslop/scripts/chunks/Chunk_1701_1725.txt,1719,/home/chinmay/ChinmayPersonalProjects/gopdfsuit/internal/pdf/font/metrics.go,905,go_perf_layer_database_access_query_inside_loop_without_batching,false_positive,Performance heuristic lacks runtime evidence in snippet and is not clearly actionable.
/home/chinmay/ChinmayPersonalProjects/deslop/scripts/chunks/Chunk_1701_1725.txt,1720,/home/chinmay/ChinmayPersonalProjects/gopdfsuit/internal/pdf/font/metrics.go,931,go_perf_layer_collection_iteration_copy_slice_before_readonly_range,false_positive,Performance heuristic lacks runtime evidence in snippet and is not clearly actionable.
/home/chinmay/ChinmayPersonalProjects/deslop/scripts/chunks/Chunk_1701_1725.txt,1721,/home/chinmay/ChinmayPersonalProjects/gopdfsuit/internal/pdf/font/metrics.go,931,go_perf_layer_collection_iteration_len_called_after_materializing_channel,false_positive,Performance heuristic lacks runtime evidence in snippet and is not clearly actionable.
/home/chinmay/ChinmayPersonalProjects/deslop/scripts/chunks/Chunk_1701_1725.txt,1722,/home/chinmay/ChinmayPersonalProjects/gopdfsuit/internal/pdf/font/metrics.go,932,go_perf_layer_caching_json_cache_value_stored_as_string,false_positive,Performance heuristic lacks runtime evidence in snippet and is not clearly actionable.
/home/chinmay/ChinmayPersonalProjects/deslop/scripts/chunks/Chunk_1701_1725.txt,1723,/home/chinmay/ChinmayPersonalProjects/gopdfsuit/internal/pdf/font/metrics.go,932,go_perf_layer_data_structure_choice_map_string_bool_for_membership,false_positive,Performance heuristic lacks runtime evidence in snippet and is not clearly actionable.
/home/chinmay/ChinmayPersonalProjects/deslop/scripts/chunks/Chunk_1701_1725.txt,1724,/home/chinmay/ChinmayPersonalProjects/gopdfsuit/internal/pdf/font/metrics.go,932,go_perf_layer_data_structure_choice_slice_queue_pop_front,false_positive,Performance heuristic lacks runtime evidence in snippet and is not clearly actionable.
/home/chinmay/ChinmayPersonalProjects/deslop/scripts/chunks/Chunk_1701_1725.txt,1725,/home/chinmay/ChinmayPersonalProjects/gopdfsuit/internal/pdf/font/metrics.go,932,go_perf_layer_string_handling_byte_string_roundtrip_for_contains,false_positive,Performance heuristic lacks runtime evidence in snippet and is not clearly actionable.
/home/chinmay/ChinmayPersonalProjects/deslop/scripts/chunks/Chunk_1726_1750.txt,1726,/home/chinmay/ChinmayPersonalProjects/gopdfsuit/internal/pdf/font/metrics.go,937,go_perf_layer_algorithmic_complexity_repeated_nested_slice_scans,false_positive,Performance heuristic lacks runtime evidence in snippet and is not clearly actionable.
/home/chinmay/ChinmayPersonalProjects/deslop/scripts/chunks/Chunk_1726_1750.txt,1727,/home/chinmay/ChinmayPersonalProjects/gopdfsuit/internal/pdf/font/metrics.go,937,go_perf_layer_memory_allocation_temporary_byte_slice_for_string_write,false_positive,Performance heuristic lacks runtime evidence in snippet and is not clearly actionable.
/home/chinmay/ChinmayPersonalProjects/deslop/scripts/chunks/Chunk_1726_1750.txt,1728,/home/chinmay/ChinmayPersonalProjects/gopdfsuit/internal/pdf/font/metrics.go,938,go_perf_layer_algorithmic_complexity_quadratic_append_filter_pipeline,false_positive,Performance heuristic lacks runtime evidence in snippet and is not clearly actionable.
/home/chinmay/ChinmayPersonalProjects/deslop/scripts/chunks/Chunk_1726_1750.txt,1729,/home/chinmay/ChinmayPersonalProjects/gopdfsuit/internal/pdf/font/metrics.go,938,go_perf_layer_io_operations_scanner_used_for_large_token_stream,false_positive,Performance heuristic lacks runtime evidence in snippet and is not clearly actionable.
/home/chinmay/ChinmayPersonalProjects/deslop/scripts/chunks/Chunk_1726_1750.txt,1730,/home/chinmay/ChinmayPersonalProjects/gopdfsuit/internal/pdf/font/metrics.go,938,go_perf_layer_network_calls_retry_loop_without_backoff,false_positive,Performance heuristic lacks runtime evidence in snippet and is not clearly actionable.
/home/chinmay/ChinmayPersonalProjects/deslop/scripts/chunks/Chunk_1726_1750.txt,1731,/home/chinmay/ChinmayPersonalProjects/gopdfsuit/internal/pdf/font/metrics.go,940,go_perf_layer_memory_allocation_append_without_known_capacity,false_positive,Performance heuristic lacks runtime evidence in snippet and is not clearly actionable.
/home/chinmay/ChinmayPersonalProjects/deslop/scripts/chunks/Chunk_1726_1750.txt,1732,/home/chinmay/ChinmayPersonalProjects/gopdfsuit/internal/pdf/font/metrics.go,940,go_perf_layer_memory_allocation_bytes_buffer_allocated_per_record,false_positive,Performance heuristic lacks runtime evidence in snippet and is not clearly actionable.
/home/chinmay/ChinmayPersonalProjects/deslop/scripts/chunks/Chunk_1726_1750.txt,1733,/home/chinmay/ChinmayPersonalProjects/gopdfsuit/internal/pdf/font/metrics.go,940,slice_append_without_prealloc_known_bound,false_positive,Pattern is advisory or context dependent and snippet does not prove a concrete defect.
/home/chinmay/ChinmayPersonalProjects/deslop/scripts/chunks/Chunk_1726_1750.txt,1734,/home/chinmay/ChinmayPersonalProjects/gopdfsuit/internal/pdf/font/metrics.go,940,slice_grow_without_cap_hint,false_positive,Pattern is advisory or context dependent and snippet does not prove a concrete defect.
/home/chinmay/ChinmayPersonalProjects/deslop/scripts/chunks/Chunk_1726_1750.txt,1735,/home/chinmay/ChinmayPersonalProjects/gopdfsuit/internal/pdf/font/metrics.go,950,go_perf_layer_error_handling_cost_error_string_built_before_error_needed,false_positive,Performance heuristic lacks runtime evidence in snippet and is not clearly actionable.
/home/chinmay/ChinmayPersonalProjects/deslop/scripts/chunks/Chunk_1726_1750.txt,1736,/home/chinmay/ChinmayPersonalProjects/gopdfsuit/internal/pdf/font/metrics.go,950,strings_builder_without_grow_known_bound,false_positive,Pattern is advisory or context dependent and snippet does not prove a concrete defect.
/home/chinmay/ChinmayPersonalProjects/deslop/scripts/chunks/Chunk_1726_1750.txt,1737,/home/chinmay/ChinmayPersonalProjects/gopdfsuit/internal/pdf/font/metrics.go,951,go_perf_layer_database_access_query_inside_loop_without_batching,false_positive,Performance heuristic lacks runtime evidence in snippet and is not clearly actionable.
/home/chinmay/ChinmayPersonalProjects/deslop/scripts/chunks/Chunk_1726_1750.txt,1738,/home/chinmay/ChinmayPersonalProjects/gopdfsuit/internal/pdf/font/metrics.go,951,go_perf_layer_io_operations_small_writes_without_bufio_writer,false_positive,Performance heuristic lacks runtime evidence in snippet and is not clearly actionable.
/home/chinmay/ChinmayPersonalProjects/deslop/scripts/chunks/Chunk_1726_1750.txt,1739,/home/chinmay/ChinmayPersonalProjects/gopdfsuit/internal/pdf/font/metrics.go,992,go_perf_layer_resource_pooling_db_pool_created_per_repository,false_positive,Performance heuristic lacks runtime evidence in snippet and is not clearly actionable.
/home/chinmay/ChinmayPersonalProjects/deslop/scripts/chunks/Chunk_1726_1750.txt,1740,/home/chinmay/ChinmayPersonalProjects/gopdfsuit/internal/pdf/font/metrics.go,1002,go_perf_layer_resource_pooling_buffer_pool_without_max_capacity,false_positive,Performance heuristic lacks runtime evidence in snippet and is not clearly actionable.
/home/chinmay/ChinmayPersonalProjects/deslop/scripts/chunks/Chunk_1726_1750.txt,1741,/home/chinmay/ChinmayPersonalProjects/gopdfsuit/internal/pdf/font/metrics.go,1002,go_perf_layer_serialization_gzip_writer_created_per_small_payload,false_positive,Performance heuristic lacks runtime evidence in snippet and is not clearly actionable.
/home/chinmay/ChinmayPersonalProjects/deslop/scripts/chunks/Chunk_1726_1750.txt,1742,/home/chinmay/ChinmayPersonalProjects/gopdfsuit/internal/pdf/font/metrics.go,1005,writer_write_byte_slice_of_string,false_positive,Pattern is advisory or context dependent and snippet does not prove a concrete defect.
/home/chinmay/ChinmayPersonalProjects/deslop/scripts/chunks/Chunk_1726_1750.txt,1743,/home/chinmay/ChinmayPersonalProjects/gopdfsuit/internal/pdf/font/metrics.go,1036,go_perf_layer_string_handling_byte_string_roundtrip_for_contains,false_positive,Performance heuristic lacks runtime evidence in snippet and is not clearly actionable.
/home/chinmay/ChinmayPersonalProjects/deslop/scripts/chunks/Chunk_1726_1750.txt,1744,/home/chinmay/ChinmayPersonalProjects/gopdfsuit/internal/pdf/font/metrics.go,1037,go_perf_layer_algorithmic_complexity_repeated_nested_slice_scans,false_positive,Performance heuristic lacks runtime evidence in snippet and is not clearly actionable.
/home/chinmay/ChinmayPersonalProjects/deslop/scripts/chunks/Chunk_1726_1750.txt,1745,/home/chinmay/ChinmayPersonalProjects/gopdfsuit/internal/pdf/font/metrics.go,1037,go_perf_layer_collection_iteration_copy_slice_before_readonly_range,false_positive,Performance heuristic lacks runtime evidence in snippet and is not clearly actionable.
/home/chinmay/ChinmayPersonalProjects/deslop/scripts/chunks/Chunk_1726_1750.txt,1746,/home/chinmay/ChinmayPersonalProjects/gopdfsuit/internal/pdf/font/metrics.go,1037,go_perf_layer_memory_allocation_temporary_byte_slice_for_string_write,false_positive,Performance heuristic lacks runtime evidence in snippet and is not clearly actionable.
/home/chinmay/ChinmayPersonalProjects/deslop/scripts/chunks/Chunk_1726_1750.txt,1747,/home/chinmay/ChinmayPersonalProjects/gopdfsuit/internal/pdf/font/metrics.go,1038,go_perf_layer_algorithmic_complexity_quadratic_append_filter_pipeline,false_positive,Performance heuristic lacks runtime evidence in snippet and is not clearly actionable.
/home/chinmay/ChinmayPersonalProjects/deslop/scripts/chunks/Chunk_1726_1750.txt,1748,/home/chinmay/ChinmayPersonalProjects/gopdfsuit/internal/pdf/font/metrics.go,1041,go_perf_layer_network_calls_retry_loop_without_backoff,false_positive,Performance heuristic lacks runtime evidence in snippet and is not clearly actionable.
/home/chinmay/ChinmayPersonalProjects/deslop/scripts/chunks/Chunk_1726_1750.txt,1749,/home/chinmay/ChinmayPersonalProjects/gopdfsuit/internal/pdf/font/pdfa.go,27,mutable_package_global,false_positive,Package level mutable values appear intentional for configuration and test overrides.
/home/chinmay/ChinmayPersonalProjects/deslop/scripts/chunks/Chunk_1726_1750.txt,1750,/home/chinmay/ChinmayPersonalProjects/gopdfsuit/internal/pdf/font/pdfa.go,48,mutable_package_global,false_positive,Package level mutable values appear intentional for configuration and test overrides.
/home/chinmay/ChinmayPersonalProjects/deslop/scripts/chunks/Chunk_1751_1775.txt,1751,/home/chinmay/ChinmayPersonalProjects/gopdfsuit/internal/pdf/font/pdfa.go,73,rwmutex_without_clear_read_heavy_signal,false_positive,Lock choice is design preference and snippet does not show contention or misuse bug.
/home/chinmay/ChinmayPersonalProjects/deslop/scripts/chunks/Chunk_1751_1775.txt,1752,/home/chinmay/ChinmayPersonalProjects/gopdfsuit/internal/pdf/font/pdfa.go,100,go_perf_layer_lazy_loading_eager_load_optional_config,false_positive,Performance heuristic lacks runtime evidence in snippet and is not clearly actionable.
/home/chinmay/ChinmayPersonalProjects/deslop/scripts/chunks/Chunk_1751_1775.txt,1753,/home/chinmay/ChinmayPersonalProjects/gopdfsuit/internal/pdf/font/pdfa.go,100,go_perf_layer_runtime_configuration_gomaxprocs_set_in_library,false_positive,Performance heuristic lacks runtime evidence in snippet and is not clearly actionable.
/home/chinmay/ChinmayPersonalProjects/deslop/scripts/chunks/Chunk_1751_1775.txt,1754,/home/chinmay/ChinmayPersonalProjects/gopdfsuit/internal/pdf/font/pdfa.go,100,go_perf_layer_string_handling_string_lower_for_case_insensitive_compare,false_positive,Performance heuristic lacks runtime evidence in snippet and is not clearly actionable.
/home/chinmay/ChinmayPersonalProjects/deslop/scripts/chunks/Chunk_1751_1775.txt,1755,/home/chinmay/ChinmayPersonalProjects/gopdfsuit/internal/pdf/font/pdfa.go,106,go_perf_layer_io_operations_stat_before_open_without_branch,false_positive,Performance heuristic lacks runtime evidence in snippet and is not clearly actionable.
/home/chinmay/ChinmayPersonalProjects/deslop/scripts/chunks/Chunk_1751_1775.txt,1756,/home/chinmay/ChinmayPersonalProjects/gopdfsuit/internal/pdf/font/pdfa.go,110,go_perf_layer_data_structure_choice_small_enum_string_switch_map,false_positive,Performance heuristic lacks runtime evidence in snippet and is not clearly actionable.
/home/chinmay/ChinmayPersonalProjects/deslop/scripts/chunks/Chunk_1751_1775.txt,1757,/home/chinmay/ChinmayPersonalProjects/gopdfsuit/internal/pdf/font/pdfa.go,111,go_perf_layer_async_concurrency_context_timeout_allocated_per_inner_call,false_positive,Performance heuristic lacks runtime evidence in snippet and is not clearly actionable.
/home/chinmay/ChinmayPersonalProjects/deslop/scripts/chunks/Chunk_1751_1775.txt,1758,/home/chinmay/ChinmayPersonalProjects/gopdfsuit/internal/pdf/font/pdfa.go,113,go_perf_layer_database_access_query_inside_loop_without_batching,false_positive,Performance heuristic lacks runtime evidence in snippet and is not clearly actionable.
/home/chinmay/ChinmayPersonalProjects/deslop/scripts/chunks/Chunk_1751_1775.txt,1759,/home/chinmay/ChinmayPersonalProjects/gopdfsuit/internal/pdf/font/pdfa.go,114,go_perf_layer_collection_iteration_manual_index_loop_without_bounds_need,false_positive,Performance heuristic lacks runtime evidence in snippet and is not clearly actionable.
/home/chinmay/ChinmayPersonalProjects/deslop/scripts/chunks/Chunk_1751_1775.txt,1760,/home/chinmay/ChinmayPersonalProjects/gopdfsuit/internal/pdf/font/pdfa.go,120,go_perf_layer_collection_iteration_copy_slice_before_readonly_range,false_positive,Performance heuristic lacks runtime evidence in snippet and is not clearly actionable.
/home/chinmay/ChinmayPersonalProjects/deslop/scripts/chunks/Chunk_1751_1775.txt,1761,/home/chinmay/ChinmayPersonalProjects/gopdfsuit/internal/pdf/font/pdfa.go,120,go_perf_layer_memory_allocation_temporary_byte_slice_for_string_write,false_positive,Performance heuristic lacks runtime evidence in snippet and is not clearly actionable.
/home/chinmay/ChinmayPersonalProjects/deslop/scripts/chunks/Chunk_1751_1775.txt,1762,/home/chinmay/ChinmayPersonalProjects/gopdfsuit/internal/pdf/font/pdfa.go,127,go_perf_layer_network_calls_retry_loop_without_backoff,false_positive,Performance heuristic lacks runtime evidence in snippet and is not clearly actionable.
/home/chinmay/ChinmayPersonalProjects/deslop/scripts/chunks/Chunk_1751_1775.txt,1763,/home/chinmay/ChinmayPersonalProjects/gopdfsuit/internal/pdf/font/pdfa.go,148,go_perf_layer_lazy_loading_eager_load_optional_config,false_positive,Performance heuristic lacks runtime evidence in snippet and is not clearly actionable.
/home/chinmay/ChinmayPersonalProjects/deslop/scripts/chunks/Chunk_1751_1775.txt,1764,/home/chinmay/ChinmayPersonalProjects/gopdfsuit/internal/pdf/font/pdfa.go,154,go_perf_layer_io_operations_readall_on_known_large_file,false_positive,Performance heuristic lacks runtime evidence in snippet and is not clearly actionable.
/home/chinmay/ChinmayPersonalProjects/deslop/scripts/chunks/Chunk_1751_1775.txt,1765,/home/chinmay/ChinmayPersonalProjects/gopdfsuit/internal/pdf/font/pdfa.go,212,go_perf_layer_io_operations_stat_before_open_without_branch,false_positive,Performance heuristic lacks runtime evidence in snippet and is not clearly actionable.
/home/chinmay/ChinmayPersonalProjects/deslop/scripts/chunks/Chunk_1751_1775.txt,1766,/home/chinmay/ChinmayPersonalProjects/gopdfsuit/internal/pdf/font/pdfa.go,212,go_perf_layer_network_calls_retry_loop_without_backoff,false_positive,Performance heuristic lacks runtime evidence in snippet and is not clearly actionable.
/home/chinmay/ChinmayPersonalProjects/deslop/scripts/chunks/Chunk_1751_1775.txt,1767,/home/chinmay/ChinmayPersonalProjects/gopdfsuit/internal/pdf/font/pdfa.go,213,go_perf_layer_garbage_collection_cleanup_finalizer_used_for_regular_cleanup,false_positive,Performance heuristic lacks runtime evidence in snippet and is not clearly actionable.
/home/chinmay/ChinmayPersonalProjects/deslop/scripts/chunks/Chunk_1751_1775.txt,1768,/home/chinmay/ChinmayPersonalProjects/gopdfsuit/internal/pdf/font/pdfa.go,223,go_perf_layer_lazy_loading_eager_load_optional_config,false_positive,Performance heuristic lacks runtime evidence in snippet and is not clearly actionable.
/home/chinmay/ChinmayPersonalProjects/deslop/scripts/chunks/Chunk_1751_1775.txt,1769,/home/chinmay/ChinmayPersonalProjects/gopdfsuit/internal/pdf/font/pdfa.go,225,go_perf_layer_collection_iteration_copy_slice_before_readonly_range,false_positive,Performance heuristic lacks runtime evidence in snippet and is not clearly actionable.
/home/chinmay/ChinmayPersonalProjects/deslop/scripts/chunks/Chunk_1751_1775.txt,1770,/home/chinmay/ChinmayPersonalProjects/gopdfsuit/internal/pdf/font/pdfa.go,225,go_perf_layer_garbage_collection_cleanup_response_body_not_drained_for_reuse,false_positive,Performance heuristic lacks runtime evidence in snippet and is not clearly actionable.
/home/chinmay/ChinmayPersonalProjects/deslop/scripts/chunks/Chunk_1751_1775.txt,1771,/home/chinmay/ChinmayPersonalProjects/gopdfsuit/internal/pdf/font/pdfa.go,225,go_perf_layer_io_operations_readall_on_known_large_file,false_positive,Performance heuristic lacks runtime evidence in snippet and is not clearly actionable.
/home/chinmay/ChinmayPersonalProjects/deslop/scripts/chunks/Chunk_1751_1775.txt,1772,/home/chinmay/ChinmayPersonalProjects/gopdfsuit/internal/pdf/font/pdfa.go,225,go_perf_layer_io_operations_scanner_used_for_large_token_stream,false_positive,Performance heuristic lacks runtime evidence in snippet and is not clearly actionable.
/home/chinmay/ChinmayPersonalProjects/deslop/scripts/chunks/Chunk_1751_1775.txt,1773,/home/chinmay/ChinmayPersonalProjects/gopdfsuit/internal/pdf/font/pdfa.go,225,go_perf_layer_io_operations_stat_before_open_without_branch,false_positive,Performance heuristic lacks runtime evidence in snippet and is not clearly actionable.
/home/chinmay/ChinmayPersonalProjects/deslop/scripts/chunks/Chunk_1751_1775.txt,1774,/home/chinmay/ChinmayPersonalProjects/gopdfsuit/internal/pdf/font/pdfa.go,225,go_perf_layer_io_operations_temporary_file_for_stream_transform,false_positive,Performance heuristic lacks runtime evidence in snippet and is not clearly actionable.
/home/chinmay/ChinmayPersonalProjects/deslop/scripts/chunks/Chunk_1751_1775.txt,1775,/home/chinmay/ChinmayPersonalProjects/gopdfsuit/internal/pdf/font/pdfa.go,225,go_perf_layer_network_calls_retry_loop_without_backoff,false_positive,Performance heuristic lacks runtime evidence in snippet and is not clearly actionable.
/home/chinmay/ChinmayPersonalProjects/deslop/scripts/chunks/Chunk_1776_1800.txt,1776,/home/chinmay/ChinmayPersonalProjects/gopdfsuit/internal/pdf/font/pdfa.go,226,go_perf_layer_error_handling_cost_error_string_built_before_error_needed,false_positive,Performance heuristic lacks runtime evidence in snippet and is not clearly actionable.
/home/chinmay/ChinmayPersonalProjects/deslop/scripts/chunks/Chunk_1776_1800.txt,1777,/home/chinmay/ChinmayPersonalProjects/gopdfsuit/internal/pdf/font/pdfa.go,238,http_response_body_not_drained_before_close,true_positive,HTTP response body is closed on error path without draining which can reduce connection reuse.
/home/chinmay/ChinmayPersonalProjects/deslop/scripts/chunks/Chunk_1776_1800.txt,1778,/home/chinmay/ChinmayPersonalProjects/gopdfsuit/internal/pdf/font/pdfa.go,238,missing_context,true_positive,Network download path uses context aware operations without accepting or propagating context.
/home/chinmay/ChinmayPersonalProjects/deslop/scripts/chunks/Chunk_1776_1800.txt,1779,/home/chinmay/ChinmayPersonalProjects/gopdfsuit/internal/pdf/font/pdfa.go,238,timeoutless_http_default_client_or_helper_call,true_positive,http.Get is used without explicit timeout or context bound client.
/home/chinmay/ChinmayPersonalProjects/deslop/scripts/chunks/Chunk_1776_1800.txt,1780,/home/chinmay/ChinmayPersonalProjects/gopdfsuit/internal/pdf/font/pdfa.go,243,go_perf_layer_serialization_gzip_writer_created_per_small_payload,false_positive,Performance heuristic lacks runtime evidence in snippet and is not clearly actionable.
/home/chinmay/ChinmayPersonalProjects/deslop/scripts/chunks/Chunk_1776_1800.txt,1781,/home/chinmay/ChinmayPersonalProjects/gopdfsuit/internal/pdf/font/pdfa.go,275,go_perf_layer_string_handling_string_lower_for_case_insensitive_compare,false_positive,Performance heuristic lacks runtime evidence in snippet and is not clearly actionable.
/home/chinmay/ChinmayPersonalProjects/deslop/scripts/chunks/Chunk_1776_1800.txt,1782,/home/chinmay/ChinmayPersonalProjects/gopdfsuit/internal/pdf/font/pdfa.go,308,error_logged_and_returned,false_positive,Snippet returns wrapped errors without duplicate logger plus return pattern.
/home/chinmay/ChinmayPersonalProjects/deslop/scripts/chunks/Chunk_1776_1800.txt,1783,/home/chinmay/ChinmayPersonalProjects/gopdfsuit/internal/pdf/font/pdfa.go,359,overlong_name,false_positive,Pattern is advisory or context dependent and snippet does not prove a concrete defect.
/home/chinmay/ChinmayPersonalProjects/deslop/scripts/chunks/Chunk_1776_1800.txt,1784,/home/chinmay/ChinmayPersonalProjects/gopdfsuit/internal/pdf/font/pdfa.go,364,go_perf_layer_collection_iteration_copy_slice_before_readonly_range,false_positive,Performance heuristic lacks runtime evidence in snippet and is not clearly actionable.
/home/chinmay/ChinmayPersonalProjects/deslop/scripts/chunks/Chunk_1776_1800.txt,1785,/home/chinmay/ChinmayPersonalProjects/gopdfsuit/internal/pdf/font/pdfa.go,364,go_perf_layer_network_calls_retry_loop_without_backoff,false_positive,Performance heuristic lacks runtime evidence in snippet and is not clearly actionable.
/home/chinmay/ChinmayPersonalProjects/deslop/scripts/chunks/Chunk_1776_1800.txt,1786,/home/chinmay/ChinmayPersonalProjects/gopdfsuit/internal/pdf/font/pdfa.go,381,go_perf_layer_database_access_query_inside_loop_without_batching,false_positive,Performance heuristic lacks runtime evidence in snippet and is not clearly actionable.
/home/chinmay/ChinmayPersonalProjects/deslop/scripts/chunks/Chunk_1776_1800.txt,1787,/home/chinmay/ChinmayPersonalProjects/gopdfsuit/internal/pdf/font/pdfa.go,392,public_bool_parameter_api,false_positive,Boolean mode parameter is explicit and small and does not create correctness risk by itself.
/home/chinmay/ChinmayPersonalProjects/deslop/scripts/chunks/Chunk_1776_1800.txt,1788,/home/chinmay/ChinmayPersonalProjects/gopdfsuit/internal/pdf/font/pdfa.go,411,overlong_name,false_positive,Pattern is advisory or context dependent and snippet does not prove a concrete defect.
/home/chinmay/ChinmayPersonalProjects/deslop/scripts/chunks/Chunk_1776_1800.txt,1789,/home/chinmay/ChinmayPersonalProjects/gopdfsuit/internal/pdf/font/pdfa.go,413,go_perf_layer_caching_json_cache_value_stored_as_string,false_positive,Performance heuristic lacks runtime evidence in snippet and is not clearly actionable.
/home/chinmay/ChinmayPersonalProjects/deslop/scripts/chunks/Chunk_1776_1800.txt,1790,/home/chinmay/ChinmayPersonalProjects/gopdfsuit/internal/pdf/font/pdfa.go,413,go_perf_layer_caching_unbounded_cache_map,false_positive,Performance heuristic lacks runtime evidence in snippet and is not clearly actionable.
/home/chinmay/ChinmayPersonalProjects/deslop/scripts/chunks/Chunk_1776_1800.txt,1791,/home/chinmay/ChinmayPersonalProjects/gopdfsuit/internal/pdf/font/pdfa.go,413,go_perf_layer_data_structure_choice_map_string_bool_for_membership,false_positive,Performance heuristic lacks runtime evidence in snippet and is not clearly actionable.
/home/chinmay/ChinmayPersonalProjects/deslop/scripts/chunks/Chunk_1776_1800.txt,1792,/home/chinmay/ChinmayPersonalProjects/gopdfsuit/internal/pdf/font/pdfa.go,413,go_perf_layer_data_structure_choice_small_enum_string_switch_map,false_positive,Performance heuristic lacks runtime evidence in snippet and is not clearly actionable.
/home/chinmay/ChinmayPersonalProjects/deslop/scripts/chunks/Chunk_1776_1800.txt,1793,/home/chinmay/ChinmayPersonalProjects/gopdfsuit/internal/pdf/font/pdfa.go,413,go_perf_layer_memory_allocation_map_recreated_for_static_lookup,false_positive,Performance heuristic lacks runtime evidence in snippet and is not clearly actionable.
/home/chinmay/ChinmayPersonalProjects/deslop/scripts/chunks/Chunk_1776_1800.txt,1794,/home/chinmay/ChinmayPersonalProjects/gopdfsuit/internal/pdf/font/pdfa.go,414,go_perf_layer_garbage_collection_cleanup_finalizer_used_for_regular_cleanup,false_positive,Performance heuristic lacks runtime evidence in snippet and is not clearly actionable.
/home/chinmay/ChinmayPersonalProjects/deslop/scripts/chunks/Chunk_1776_1800.txt,1795,/home/chinmay/ChinmayPersonalProjects/gopdfsuit/internal/pdf/font/pdfa_test.go,12,placeholder_test_body,false_positive,Test bodies are substantive and assert behavior rather than placeholder or TODO logic.
/home/chinmay/ChinmayPersonalProjects/deslop/scripts/chunks/Chunk_1776_1800.txt,1796,/home/chinmay/ChinmayPersonalProjects/gopdfsuit/internal/pdf/font/pdfa_test.go,65,placeholder_test_body,false_positive,Test bodies are substantive and assert behavior rather than placeholder or TODO logic.
/home/chinmay/ChinmayPersonalProjects/deslop/scripts/chunks/Chunk_1776_1800.txt,1797,/home/chinmay/ChinmayPersonalProjects/gopdfsuit/internal/pdf/font/registry.go,16,rwmutex_without_clear_read_heavy_signal,false_positive,Lock choice is design preference and snippet does not show contention or misuse bug.
/home/chinmay/ChinmayPersonalProjects/deslop/scripts/chunks/Chunk_1776_1800.txt,1798,/home/chinmay/ChinmayPersonalProjects/gopdfsuit/internal/pdf/font/registry.go,51,go_perf_layer_caching_json_cache_value_stored_as_string,false_positive,Performance heuristic lacks runtime evidence in snippet and is not clearly actionable.
/home/chinmay/ChinmayPersonalProjects/deslop/scripts/chunks/Chunk_1776_1800.txt,1799,/home/chinmay/ChinmayPersonalProjects/gopdfsuit/internal/pdf/font/registry.go,51,go_perf_layer_caching_unbounded_cache_map,false_positive,Performance heuristic lacks runtime evidence in snippet and is not clearly actionable.
/home/chinmay/ChinmayPersonalProjects/deslop/scripts/chunks/Chunk_1776_1800.txt,1800,/home/chinmay/ChinmayPersonalProjects/gopdfsuit/internal/pdf/font/registry.go,51,go_perf_layer_data_structure_choice_map_string_bool_for_membership,false_positive,Performance heuristic lacks runtime evidence in snippet and is not clearly actionable.
/home/chinmay/ChinmayPersonalProjects/deslop/scripts/chunks/Chunk_1801_1825.txt,1801,/home/chinmay/ChinmayPersonalProjects/gopdfsuit/internal/pdf/font/registry.go,51,go_perf_layer_data_structure_choice_small_enum_string_switch_map,false_positive,Performance heuristic lacks runtime evidence in snippet and is not clearly actionable.
/home/chinmay/ChinmayPersonalProjects/deslop/scripts/chunks/Chunk_1801_1825.txt,1802,/home/chinmay/ChinmayPersonalProjects/gopdfsuit/internal/pdf/font/registry.go,51,go_perf_layer_memory_allocation_map_recreated_for_static_lookup,false_positive,Performance heuristic lacks runtime evidence in snippet and is not clearly actionable.
/home/chinmay/ChinmayPersonalProjects/deslop/scripts/chunks/Chunk_1801_1825.txt,1803,/home/chinmay/ChinmayPersonalProjects/gopdfsuit/internal/pdf/font/registry.go,77,go_perf_layer_error_handling_cost_error_string_built_before_error_needed,false_positive,Performance heuristic lacks runtime evidence in snippet and is not clearly actionable.
/home/chinmay/ChinmayPersonalProjects/deslop/scripts/chunks/Chunk_1801_1825.txt,1804,/home/chinmay/ChinmayPersonalProjects/gopdfsuit/internal/pdf/font/registry.go,95,go_perf_layer_caching_unbounded_cache_map,false_positive,Performance heuristic lacks runtime evidence in snippet and is not clearly actionable.
/home/chinmay/ChinmayPersonalProjects/deslop/scripts/chunks/Chunk_1801_1825.txt,1805,/home/chinmay/ChinmayPersonalProjects/gopdfsuit/internal/pdf/font/registry.go,95,go_perf_layer_data_structure_choice_map_string_bool_for_membership,false_positive,Performance heuristic lacks runtime evidence in snippet and is not clearly actionable.
/home/chinmay/ChinmayPersonalProjects/deslop/scripts/chunks/Chunk_1801_1825.txt,1806,/home/chinmay/ChinmayPersonalProjects/gopdfsuit/internal/pdf/font/registry.go,95,go_perf_layer_memory_allocation_map_recreated_for_static_lookup,false_positive,Performance heuristic lacks runtime evidence in snippet and is not clearly actionable.
/home/chinmay/ChinmayPersonalProjects/deslop/scripts/chunks/Chunk_1801_1825.txt,1807,/home/chinmay/ChinmayPersonalProjects/gopdfsuit/internal/pdf/font/registry.go,131,go_perf_layer_network_calls_retry_loop_without_backoff,false_positive,Performance heuristic lacks runtime evidence in snippet and is not clearly actionable.
/home/chinmay/ChinmayPersonalProjects/deslop/scripts/chunks/Chunk_1801_1825.txt,1808,/home/chinmay/ChinmayPersonalProjects/gopdfsuit/internal/pdf/font/registry.go,142,go_perf_layer_algorithmic_complexity_quadratic_append_filter_pipeline,false_positive,Performance heuristic lacks runtime evidence in snippet and is not clearly actionable.
/home/chinmay/ChinmayPersonalProjects/deslop/scripts/chunks/Chunk_1801_1825.txt,1809,/home/chinmay/ChinmayPersonalProjects/gopdfsuit/internal/pdf/font/registry.go,142,go_perf_layer_algorithmic_complexity_repeated_nested_slice_scans,false_positive,Performance heuristic lacks runtime evidence in snippet and is not clearly actionable.
/home/chinmay/ChinmayPersonalProjects/deslop/scripts/chunks/Chunk_1801_1825.txt,1810,/home/chinmay/ChinmayPersonalProjects/gopdfsuit/internal/pdf/font/registry.go,142,go_perf_layer_collection_iteration_copy_slice_before_readonly_range,false_positive,Performance heuristic lacks runtime evidence in snippet and is not clearly actionable.
/home/chinmay/ChinmayPersonalProjects/deslop/scripts/chunks/Chunk_1801_1825.txt,1811,/home/chinmay/ChinmayPersonalProjects/gopdfsuit/internal/pdf/font/registry.go,142,go_perf_layer_collection_iteration_len_called_after_materializing_channel,false_positive,Performance heuristic lacks runtime evidence in snippet and is not clearly actionable.
/home/chinmay/ChinmayPersonalProjects/deslop/scripts/chunks/Chunk_1801_1825.txt,1812,/home/chinmay/ChinmayPersonalProjects/gopdfsuit/internal/pdf/font/registry.go,142,go_perf_layer_network_calls_retry_loop_without_backoff,false_positive,Performance heuristic lacks runtime evidence in snippet and is not clearly actionable.
/home/chinmay/ChinmayPersonalProjects/deslop/scripts/chunks/Chunk_1801_1825.txt,1813,/home/chinmay/ChinmayPersonalProjects/gopdfsuit/internal/pdf/font/registry.go,148,allocation_churn_in_loop,false_positive,Pattern is advisory or context dependent and snippet does not prove a concrete defect.
/home/chinmay/ChinmayPersonalProjects/deslop/scripts/chunks/Chunk_1801_1825.txt,1814,/home/chinmay/ChinmayPersonalProjects/gopdfsuit/internal/pdf/font/registry.go,148,make_slice_inside_hot_loop_same_shape,false_positive,Pattern is advisory or context dependent and snippet does not prove a concrete defect.
/home/chinmay/ChinmayPersonalProjects/deslop/scripts/chunks/Chunk_1801_1825.txt,1815,/home/chinmay/ChinmayPersonalProjects/gopdfsuit/internal/pdf/font/registry.go,173,go_perf_layer_collection_iteration_copy_slice_before_readonly_range,false_positive,Performance heuristic lacks runtime evidence in snippet and is not clearly actionable.
/home/chinmay/ChinmayPersonalProjects/deslop/scripts/chunks/Chunk_1801_1825.txt,1816,/home/chinmay/ChinmayPersonalProjects/gopdfsuit/internal/pdf/font/registry.go,174,go_perf_layer_network_calls_retry_loop_without_backoff,false_positive,Performance heuristic lacks runtime evidence in snippet and is not clearly actionable.
/home/chinmay/ChinmayPersonalProjects/deslop/scripts/chunks/Chunk_1801_1825.txt,1817,/home/chinmay/ChinmayPersonalProjects/gopdfsuit/internal/pdf/font/registry.go,185,go_perf_layer_collection_iteration_copy_slice_before_readonly_range,false_positive,Performance heuristic lacks runtime evidence in snippet and is not clearly actionable.
/home/chinmay/ChinmayPersonalProjects/deslop/scripts/chunks/Chunk_1801_1825.txt,1818,/home/chinmay/ChinmayPersonalProjects/gopdfsuit/internal/pdf/font/registry.go,186,go_perf_layer_network_calls_retry_loop_without_backoff,false_positive,Performance heuristic lacks runtime evidence in snippet and is not clearly actionable.
/home/chinmay/ChinmayPersonalProjects/deslop/scripts/chunks/Chunk_1801_1825.txt,1819,/home/chinmay/ChinmayPersonalProjects/gopdfsuit/internal/pdf/font/registry.go,188,slice_grow_without_cap_hint,false_positive,Pattern is advisory or context dependent and snippet does not prove a concrete defect.
/home/chinmay/ChinmayPersonalProjects/deslop/scripts/chunks/Chunk_1801_1825.txt,1820,/home/chinmay/ChinmayPersonalProjects/gopdfsuit/internal/pdf/font/registry.go,199,go_perf_layer_caching_json_cache_value_stored_as_string,false_positive,Performance heuristic lacks runtime evidence in snippet and is not clearly actionable.
/home/chinmay/ChinmayPersonalProjects/deslop/scripts/chunks/Chunk_1801_1825.txt,1821,/home/chinmay/ChinmayPersonalProjects/gopdfsuit/internal/pdf/font/registry.go,199,go_perf_layer_caching_unbounded_cache_map,false_positive,Performance heuristic lacks runtime evidence in snippet and is not clearly actionable.
/home/chinmay/ChinmayPersonalProjects/deslop/scripts/chunks/Chunk_1801_1825.txt,1822,/home/chinmay/ChinmayPersonalProjects/gopdfsuit/internal/pdf/font/registry.go,199,go_perf_layer_data_structure_choice_map_string_bool_for_membership,false_positive,Performance heuristic lacks runtime evidence in snippet and is not clearly actionable.
/home/chinmay/ChinmayPersonalProjects/deslop/scripts/chunks/Chunk_1801_1825.txt,1823,/home/chinmay/ChinmayPersonalProjects/gopdfsuit/internal/pdf/font/registry.go,199,go_perf_layer_data_structure_choice_small_enum_string_switch_map,false_positive,Performance heuristic lacks runtime evidence in snippet and is not clearly actionable.
/home/chinmay/ChinmayPersonalProjects/deslop/scripts/chunks/Chunk_1801_1825.txt,1824,/home/chinmay/ChinmayPersonalProjects/gopdfsuit/internal/pdf/font/registry.go,199,go_perf_layer_memory_allocation_map_recreated_for_static_lookup,false_positive,Performance heuristic lacks runtime evidence in snippet and is not clearly actionable.
/home/chinmay/ChinmayPersonalProjects/deslop/scripts/chunks/Chunk_1801_1825.txt,1825,/home/chinmay/ChinmayPersonalProjects/gopdfsuit/internal/pdf/font/registry.go,207,go_perf_layer_collection_iteration_range_over_map_for_deterministic_first,false_positive,Performance heuristic lacks runtime evidence in snippet and is not clearly actionable.
/home/chinmay/ChinmayPersonalProjects/deslop/scripts/chunks/Chunk_1826_1850.txt,1826,/home/chinmay/ChinmayPersonalProjects/gopdfsuit/internal/pdf/font/registry.go,207,go_perf_layer_database_access_rows_scan_into_map_per_row,false_positive,Performance heuristic lacks runtime evidence in snippet and is not clearly actionable.
/home/chinmay/ChinmayPersonalProjects/deslop/scripts/chunks/Chunk_1826_1850.txt,1827,/home/chinmay/ChinmayPersonalProjects/gopdfsuit/internal/pdf/font/registry.go,207,go_perf_layer_network_calls_retry_loop_without_backoff,false_positive,Performance heuristic lacks runtime evidence in snippet and is not clearly actionable.
/home/chinmay/ChinmayPersonalProjects/deslop/scripts/chunks/Chunk_1826_1850.txt,1828,/home/chinmay/ChinmayPersonalProjects/gopdfsuit/internal/pdf/font/registry.go,208,allocation_churn_in_loop,false_positive,Pattern is advisory or context dependent and snippet does not prove a concrete defect.
/home/chinmay/ChinmayPersonalProjects/deslop/scripts/chunks/Chunk_1826_1850.txt,1829,/home/chinmay/ChinmayPersonalProjects/gopdfsuit/internal/pdf/font/registry.go,208,go_perf_layer_caching_unbounded_cache_map,false_positive,Performance heuristic lacks runtime evidence in snippet and is not clearly actionable.
/home/chinmay/ChinmayPersonalProjects/deslop/scripts/chunks/Chunk_1826_1850.txt,1830,/home/chinmay/ChinmayPersonalProjects/gopdfsuit/internal/pdf/font/registry.go,208,go_perf_layer_data_structure_choice_map_string_bool_for_membership,false_positive,Performance heuristic lacks runtime evidence in snippet and is not clearly actionable.
/home/chinmay/ChinmayPersonalProjects/deslop/scripts/chunks/Chunk_1826_1850.txt,1831,/home/chinmay/ChinmayPersonalProjects/gopdfsuit/internal/pdf/font/registry.go,208,go_perf_layer_memory_allocation_map_recreated_for_static_lookup,false_positive,Performance heuristic lacks runtime evidence in snippet and is not clearly actionable.
/home/chinmay/ChinmayPersonalProjects/deslop/scripts/chunks/Chunk_1826_1850.txt,1832,/home/chinmay/ChinmayPersonalProjects/gopdfsuit/internal/pdf/font/registry.go,208,make_map_inside_hot_loop_same_shape,false_positive,Pattern is advisory or context dependent and snippet does not prove a concrete defect.
/home/chinmay/ChinmayPersonalProjects/deslop/scripts/chunks/Chunk_1826_1850.txt,1833,/home/chinmay/ChinmayPersonalProjects/gopdfsuit/internal/pdf/font/registry.go,224,go_perf_layer_async_concurrency_mutex_held_during_slow_call,false_positive,Performance heuristic lacks runtime evidence in snippet and is not clearly actionable.
/home/chinmay/ChinmayPersonalProjects/deslop/scripts/chunks/Chunk_1826_1850.txt,1834,/home/chinmay/ChinmayPersonalProjects/gopdfsuit/internal/pdf/font/registry.go,228,go_perf_layer_async_concurrency_context_timeout_allocated_per_inner_call,false_positive,Performance heuristic lacks runtime evidence in snippet and is not clearly actionable.
/home/chinmay/ChinmayPersonalProjects/deslop/scripts/chunks/Chunk_1826_1850.txt,1835,/home/chinmay/ChinmayPersonalProjects/gopdfsuit/internal/pdf/font/registry.go,228,go_perf_layer_caching_json_cache_value_stored_as_string,false_positive,Performance heuristic lacks runtime evidence in snippet and is not clearly actionable.
/home/chinmay/ChinmayPersonalProjects/deslop/scripts/chunks/Chunk_1826_1850.txt,1836,/home/chinmay/ChinmayPersonalProjects/gopdfsuit/internal/pdf/font/registry.go,228,go_perf_layer_caching_unbounded_cache_map,false_positive,Performance heuristic lacks runtime evidence in snippet and is not clearly actionable.
/home/chinmay/ChinmayPersonalProjects/deslop/scripts/chunks/Chunk_1826_1850.txt,1837,/home/chinmay/ChinmayPersonalProjects/gopdfsuit/internal/pdf/font/registry.go,228,go_perf_layer_collection_iteration_range_over_map_for_deterministic_first,false_positive,Performance heuristic lacks runtime evidence in snippet and is not clearly actionable.
/home/chinmay/ChinmayPersonalProjects/deslop/scripts/chunks/Chunk_1826_1850.txt,1838,/home/chinmay/ChinmayPersonalProjects/gopdfsuit/internal/pdf/font/registry.go,228,go_perf_layer_data_structure_choice_map_string_bool_for_membership,false_positive,Performance heuristic lacks runtime evidence in snippet and is not clearly actionable.
/home/chinmay/ChinmayPersonalProjects/deslop/scripts/chunks/Chunk_1826_1850.txt,1839,/home/chinmay/ChinmayPersonalProjects/gopdfsuit/internal/pdf/font/registry.go,228,go_perf_layer_data_structure_choice_small_enum_string_switch_map,false_positive,Performance heuristic lacks runtime evidence in snippet and is not clearly actionable.
/home/chinmay/ChinmayPersonalProjects/deslop/scripts/chunks/Chunk_1826_1850.txt,1840,/home/chinmay/ChinmayPersonalProjects/gopdfsuit/internal/pdf/font/registry.go,228,go_perf_layer_database_access_rows_scan_into_map_per_row,false_positive,Performance heuristic lacks runtime evidence in snippet and is not clearly actionable.
/home/chinmay/ChinmayPersonalProjects/deslop/scripts/chunks/Chunk_1826_1850.txt,1841,/home/chinmay/ChinmayPersonalProjects/gopdfsuit/internal/pdf/font/registry.go,228,go_perf_layer_memory_allocation_map_recreated_for_static_lookup,false_positive,Performance heuristic lacks runtime evidence in snippet and is not clearly actionable.
/home/chinmay/ChinmayPersonalProjects/deslop/scripts/chunks/Chunk_1826_1850.txt,1842,/home/chinmay/ChinmayPersonalProjects/gopdfsuit/internal/pdf/font/registry.go,229,go_perf_layer_collection_iteration_copy_slice_before_readonly_range,false_positive,Performance heuristic lacks runtime evidence in snippet and is not clearly actionable.
/home/chinmay/ChinmayPersonalProjects/deslop/scripts/chunks/Chunk_1826_1850.txt,1843,/home/chinmay/ChinmayPersonalProjects/gopdfsuit/internal/pdf/font/registry.go,229,go_perf_layer_io_operations_stat_before_open_without_branch,false_positive,Performance heuristic lacks runtime evidence in snippet and is not clearly actionable.
/home/chinmay/ChinmayPersonalProjects/deslop/scripts/chunks/Chunk_1826_1850.txt,1844,/home/chinmay/ChinmayPersonalProjects/gopdfsuit/internal/pdf/font/registry.go,232,go_perf_layer_network_calls_retry_loop_without_backoff,false_positive,Performance heuristic lacks runtime evidence in snippet and is not clearly actionable.
/home/chinmay/ChinmayPersonalProjects/deslop/scripts/chunks/Chunk_1826_1850.txt,1845,/home/chinmay/ChinmayPersonalProjects/gopdfsuit/internal/pdf/font/registry.go,239,allocation_churn_in_loop,false_positive,Pattern is advisory or context dependent and snippet does not prove a concrete defect.
/home/chinmay/ChinmayPersonalProjects/deslop/scripts/chunks/Chunk_1826_1850.txt,1846,/home/chinmay/ChinmayPersonalProjects/gopdfsuit/internal/pdf/font/registry.go,239,make_map_inside_hot_loop_same_shape,false_positive,Pattern is advisory or context dependent and snippet does not prove a concrete defect.
/home/chinmay/ChinmayPersonalProjects/deslop/scripts/chunks/Chunk_1826_1850.txt,1847,/home/chinmay/ChinmayPersonalProjects/gopdfsuit/internal/pdf/font/registry.go,250,go_perf_layer_async_concurrency_mutex_held_during_slow_call,false_positive,Performance heuristic lacks runtime evidence in snippet and is not clearly actionable.
/home/chinmay/ChinmayPersonalProjects/deslop/scripts/chunks/Chunk_1826_1850.txt,1848,/home/chinmay/ChinmayPersonalProjects/gopdfsuit/internal/pdf/font/registry.go,253,go_perf_layer_database_access_select_star_on_hot_query,false_positive,Performance heuristic lacks runtime evidence in snippet and is not clearly actionable.
/home/chinmay/ChinmayPersonalProjects/deslop/scripts/chunks/Chunk_1826_1850.txt,1849,/home/chinmay/ChinmayPersonalProjects/gopdfsuit/internal/pdf/font/registry.go,254,go_perf_layer_io_operations_scanner_used_for_large_token_stream,false_positive,Performance heuristic lacks runtime evidence in snippet and is not clearly actionable.
/home/chinmay/ChinmayPersonalProjects/deslop/scripts/chunks/Chunk_1826_1850.txt,1850,/home/chinmay/ChinmayPersonalProjects/gopdfsuit/internal/pdf/font/registry.go,254,go_perf_layer_network_calls_retry_loop_without_backoff,false_positive,Performance heuristic lacks runtime evidence in snippet and is not clearly actionable.
/home/chinmay/ChinmayPersonalProjects/deslop/scripts/chunks/Chunk_1851_1875.txt,1851,/home/chinmay/ChinmayPersonalProjects/gopdfsuit/internal/pdf/font/registry.go,255,go_perf_layer_caching_cache_miss_does_duplicate_work,false_positive,Performance heuristic lacks runtime evidence in snippet and is not clearly actionable.
/home/chinmay/ChinmayPersonalProjects/deslop/scripts/chunks/Chunk_1851_1875.txt,1852,/home/chinmay/ChinmayPersonalProjects/gopdfsuit/internal/pdf/font/registry.go,256,go_perf_layer_database_access_query_inside_loop_without_batching,false_positive,Performance heuristic lacks runtime evidence in snippet and is not clearly actionable.
/home/chinmay/ChinmayPersonalProjects/deslop/scripts/chunks/Chunk_1851_1875.txt,1853,/home/chinmay/ChinmayPersonalProjects/gopdfsuit/internal/pdf/font/registry.go,259,go_perf_layer_caching_cache_key_built_with_fmt,false_positive,Performance heuristic lacks runtime evidence in snippet and is not clearly actionable.
/home/chinmay/ChinmayPersonalProjects/deslop/scripts/chunks/Chunk_1851_1875.txt,1854,/home/chinmay/ChinmayPersonalProjects/gopdfsuit/internal/pdf/font/registry.go,259,go_perf_layer_caching_json_cache_value_stored_as_string,false_positive,Performance heuristic lacks runtime evidence in snippet and is not clearly actionable.
/home/chinmay/ChinmayPersonalProjects/deslop/scripts/chunks/Chunk_1851_1875.txt,1855,/home/chinmay/ChinmayPersonalProjects/gopdfsuit/internal/pdf/font/registry.go,259,go_perf_layer_caching_unbounded_cache_map,false_positive,Performance heuristic lacks runtime evidence in snippet and is not clearly actionable.
/home/chinmay/ChinmayPersonalProjects/deslop/scripts/chunks/Chunk_1851_1875.txt,1856,/home/chinmay/ChinmayPersonalProjects/gopdfsuit/internal/pdf/font/registry.go,263,go_perf_layer_io_operations_temporary_file_for_stream_transform,false_positive,Performance heuristic lacks runtime evidence in snippet and is not clearly actionable.
/home/chinmay/ChinmayPersonalProjects/deslop/scripts/chunks/Chunk_1851_1875.txt,1857,/home/chinmay/ChinmayPersonalProjects/gopdfsuit/internal/pdf/font/registry.go,263,go_perf_layer_string_handling_fmt_sprintf_for_simple_concat,false_positive,Performance heuristic lacks runtime evidence in snippet and is not clearly actionable.
/home/chinmay/ChinmayPersonalProjects/deslop/scripts/chunks/Chunk_1851_1875.txt,1858,/home/chinmay/ChinmayPersonalProjects/gopdfsuit/internal/pdf/font/registry.go,281,fmt_hot_path,false_positive,Pattern is advisory or context dependent and snippet does not prove a concrete defect.
/home/chinmay/ChinmayPersonalProjects/deslop/scripts/chunks/Chunk_1851_1875.txt,1859,/home/chinmay/ChinmayPersonalProjects/gopdfsuit/internal/pdf/font/registry.go,290,go_perf_layer_async_concurrency_mutex_held_during_slow_call,false_positive,Performance heuristic lacks runtime evidence in snippet and is not clearly actionable.
/home/chinmay/ChinmayPersonalProjects/deslop/scripts/chunks/Chunk_1851_1875.txt,1860,/home/chinmay/ChinmayPersonalProjects/gopdfsuit/internal/pdf/font/registry.go,295,go_perf_layer_caching_cache_key_built_with_fmt,false_positive,Performance heuristic lacks runtime evidence in snippet and is not clearly actionable.
/home/chinmay/ChinmayPersonalProjects/deslop/scripts/chunks/Chunk_1851_1875.txt,1861,/home/chinmay/ChinmayPersonalProjects/gopdfsuit/internal/pdf/font/registry.go,295,go_perf_layer_caching_json_cache_value_stored_as_string,false_positive,Performance heuristic lacks runtime evidence in snippet and is not clearly actionable.
/home/chinmay/ChinmayPersonalProjects/deslop/scripts/chunks/Chunk_1851_1875.txt,1862,/home/chinmay/ChinmayPersonalProjects/gopdfsuit/internal/pdf/font/registry.go,295,go_perf_layer_caching_unbounded_cache_map,false_positive,Performance heuristic lacks runtime evidence in snippet and is not clearly actionable.
/home/chinmay/ChinmayPersonalProjects/deslop/scripts/chunks/Chunk_1851_1875.txt,1863,/home/chinmay/ChinmayPersonalProjects/gopdfsuit/internal/pdf/font/registry.go,301,go_perf_layer_string_handling_fmt_sprintf_for_simple_concat,false_positive,Performance heuristic lacks runtime evidence in snippet and is not clearly actionable.
/home/chinmay/ChinmayPersonalProjects/deslop/scripts/chunks/Chunk_1851_1875.txt,1864,/home/chinmay/ChinmayPersonalProjects/gopdfsuit/internal/pdf/font/registry.go,330,go_perf_layer_collection_iteration_copy_slice_before_readonly_range,false_positive,Performance heuristic lacks runtime evidence in snippet and is not clearly actionable.
/home/chinmay/ChinmayPersonalProjects/deslop/scripts/chunks/Chunk_1851_1875.txt,1865,/home/chinmay/ChinmayPersonalProjects/gopdfsuit/internal/pdf/font/registry.go,330,go_perf_layer_error_handling_cost_error_string_built_before_error_needed,false_positive,Performance heuristic lacks runtime evidence in snippet and is not clearly actionable.
/home/chinmay/ChinmayPersonalProjects/deslop/scripts/chunks/Chunk_1851_1875.txt,1866,/home/chinmay/ChinmayPersonalProjects/gopdfsuit/internal/pdf/font/registry.go,335,go_perf_layer_network_calls_retry_loop_without_backoff,false_positive,Performance heuristic lacks runtime evidence in snippet and is not clearly actionable.
/home/chinmay/ChinmayPersonalProjects/deslop/scripts/chunks/Chunk_1851_1875.txt,1867,/home/chinmay/ChinmayPersonalProjects/gopdfsuit/internal/pdf/font/registry.go,341,go_perf_layer_string_handling_string_lower_for_case_insensitive_compare,false_positive,Performance heuristic lacks runtime evidence in snippet and is not clearly actionable.
/home/chinmay/ChinmayPersonalProjects/deslop/scripts/chunks/Chunk_1851_1875.txt,1868,/home/chinmay/ChinmayPersonalProjects/gopdfsuit/internal/pdf/font/registry.go,369,go_perf_layer_network_calls_retry_loop_without_backoff,false_positive,Performance heuristic lacks runtime evidence in snippet and is not clearly actionable.
/home/chinmay/ChinmayPersonalProjects/deslop/scripts/chunks/Chunk_1851_1875.txt,1869,/home/chinmay/ChinmayPersonalProjects/gopdfsuit/internal/pdf/font/registry.go,387,go_perf_layer_caching_json_cache_value_stored_as_string,false_positive,Performance heuristic lacks runtime evidence in snippet and is not clearly actionable.
/home/chinmay/ChinmayPersonalProjects/deslop/scripts/chunks/Chunk_1851_1875.txt,1870,/home/chinmay/ChinmayPersonalProjects/gopdfsuit/internal/pdf/font/registry.go,387,go_perf_layer_string_handling_fmt_sprintf_for_simple_concat,false_positive,Performance heuristic lacks runtime evidence in snippet and is not clearly actionable.
/home/chinmay/ChinmayPersonalProjects/deslop/scripts/chunks/Chunk_1851_1875.txt,1871,/home/chinmay/ChinmayPersonalProjects/gopdfsuit/internal/pdf/font/registry.go,387,strings_builder_without_grow_known_bound,false_positive,Pattern is advisory or context dependent and snippet does not prove a concrete defect.
/home/chinmay/ChinmayPersonalProjects/deslop/scripts/chunks/Chunk_1851_1875.txt,1872,/home/chinmay/ChinmayPersonalProjects/gopdfsuit/internal/pdf/font/registry.go,388,go_perf_layer_network_calls_retry_loop_without_backoff,false_positive,Performance heuristic lacks runtime evidence in snippet and is not clearly actionable.
/home/chinmay/ChinmayPersonalProjects/deslop/scripts/chunks/Chunk_1851_1875.txt,1873,/home/chinmay/ChinmayPersonalProjects/gopdfsuit/internal/pdf/font/registry.go,391,go_perf_layer_caching_cache_key_built_with_fmt,false_positive,Performance heuristic lacks runtime evidence in snippet and is not clearly actionable.
/home/chinmay/ChinmayPersonalProjects/deslop/scripts/chunks/Chunk_1851_1875.txt,1874,/home/chinmay/ChinmayPersonalProjects/gopdfsuit/internal/pdf/font/registry.go,391,go_perf_layer_caching_unbounded_cache_map,false_positive,Performance heuristic lacks runtime evidence in snippet and is not clearly actionable.
/home/chinmay/ChinmayPersonalProjects/deslop/scripts/chunks/Chunk_1851_1875.txt,1875,/home/chinmay/ChinmayPersonalProjects/gopdfsuit/internal/pdf/font/registry.go,392,fmt_hot_path,false_positive,Pattern is advisory or context dependent and snippet does not prove a concrete defect.
/home/chinmay/ChinmayPersonalProjects/deslop/scripts/chunks/Chunk_1876_1900.txt,1876,/home/chinmay/ChinmayPersonalProjects/gopdfsuit/internal/pdf/font/registry.go,394,fmt_hot_path,false_positive,Pattern is advisory or context dependent and snippet does not prove a concrete defect.
/home/chinmay/ChinmayPersonalProjects/deslop/scripts/chunks/Chunk_1876_1900.txt,1877,/home/chinmay/ChinmayPersonalProjects/gopdfsuit/internal/pdf/font/registry.go,412,go_perf_layer_network_calls_dns_lookup_per_request_path,false_positive,Performance heuristic lacks runtime evidence in snippet and is not clearly actionable.
/home/chinmay/ChinmayPersonalProjects/deslop/scripts/chunks/Chunk_1876_1900.txt,1878,/home/chinmay/ChinmayPersonalProjects/gopdfsuit/internal/pdf/font/registry.go,412,go_perf_layer_resource_pooling_rate_limiter_per_request,false_positive,Performance heuristic lacks runtime evidence in snippet and is not clearly actionable.
/home/chinmay/ChinmayPersonalProjects/deslop/scripts/chunks/Chunk_1876_1900.txt,1879,/home/chinmay/ChinmayPersonalProjects/gopdfsuit/internal/pdf/font/registry.go,412,go_perf_layer_string_handling_regexp_compile_in_request_path,false_positive,Performance heuristic lacks runtime evidence in snippet and is not clearly actionable.
/home/chinmay/ChinmayPersonalProjects/deslop/scripts/chunks/Chunk_1876_1900.txt,1880,/home/chinmay/ChinmayPersonalProjects/gopdfsuit/internal/pdf/font/registry.go,418,go_perf_layer_data_structure_choice_small_enum_string_switch_map,false_positive,Performance heuristic lacks runtime evidence in snippet and is not clearly actionable.
/home/chinmay/ChinmayPersonalProjects/deslop/scripts/chunks/Chunk_1876_1900.txt,1881,/home/chinmay/ChinmayPersonalProjects/gopdfsuit/internal/pdf/font/registry.go,419,go_perf_layer_string_handling_string_lower_for_case_insensitive_compare,false_positive,Performance heuristic lacks runtime evidence in snippet and is not clearly actionable.
/home/chinmay/ChinmayPersonalProjects/deslop/scripts/chunks/Chunk_1876_1900.txt,1882,/home/chinmay/ChinmayPersonalProjects/gopdfsuit/internal/pdf/font/subset.go,14,go_perf_layer_algorithmic_complexity_quadratic_append_filter_pipeline,false_positive,Performance heuristic lacks runtime evidence in snippet and is not clearly actionable.
/home/chinmay/ChinmayPersonalProjects/deslop/scripts/chunks/Chunk_1876_1900.txt,1883,/home/chinmay/ChinmayPersonalProjects/gopdfsuit/internal/pdf/font/subset.go,15,go_perf_layer_data_structure_choice_map_string_bool_for_membership,false_positive,Performance heuristic lacks runtime evidence in snippet and is not clearly actionable.
/home/chinmay/ChinmayPersonalProjects/deslop/scripts/chunks/Chunk_1876_1900.txt,1884,/home/chinmay/ChinmayPersonalProjects/gopdfsuit/internal/pdf/font/subset.go,15,go_perf_layer_memory_allocation_map_recreated_for_static_lookup,false_positive,Performance heuristic lacks runtime evidence in snippet and is not clearly actionable.
/home/chinmay/ChinmayPersonalProjects/deslop/scripts/chunks/Chunk_1876_1900.txt,1885,/home/chinmay/ChinmayPersonalProjects/gopdfsuit/internal/pdf/font/subset.go,18,go_perf_layer_algorithmic_complexity_repeated_nested_slice_scans,false_positive,Performance heuristic lacks runtime evidence in snippet and is not clearly actionable.
/home/chinmay/ChinmayPersonalProjects/deslop/scripts/chunks/Chunk_1876_1900.txt,1886,/home/chinmay/ChinmayPersonalProjects/gopdfsuit/internal/pdf/font/subset.go,19,go_perf_layer_caching_unbounded_cache_map,false_positive,Performance heuristic lacks runtime evidence in snippet and is not clearly actionable.
/home/chinmay/ChinmayPersonalProjects/deslop/scripts/chunks/Chunk_1876_1900.txt,1887,/home/chinmay/ChinmayPersonalProjects/gopdfsuit/internal/pdf/font/subset.go,19,go_perf_layer_collection_iteration_range_over_map_for_deterministic_first,false_positive,Performance heuristic lacks runtime evidence in snippet and is not clearly actionable.
/home/chinmay/ChinmayPersonalProjects/deslop/scripts/chunks/Chunk_1876_1900.txt,1888,/home/chinmay/ChinmayPersonalProjects/gopdfsuit/internal/pdf/font/subset.go,19,go_perf_layer_database_access_rows_scan_into_map_per_row,false_positive,Performance heuristic lacks runtime evidence in snippet and is not clearly actionable.
/home/chinmay/ChinmayPersonalProjects/deslop/scripts/chunks/Chunk_1876_1900.txt,1889,/home/chinmay/ChinmayPersonalProjects/gopdfsuit/internal/pdf/font/subset.go,21,go_perf_layer_collection_iteration_copy_slice_before_readonly_range,false_positive,Performance heuristic lacks runtime evidence in snippet and is not clearly actionable.
/home/chinmay/ChinmayPersonalProjects/deslop/scripts/chunks/Chunk_1876_1900.txt,1890,/home/chinmay/ChinmayPersonalProjects/gopdfsuit/internal/pdf/font/subset.go,21,go_perf_layer_network_calls_retry_loop_without_backoff,false_positive,Performance heuristic lacks runtime evidence in snippet and is not clearly actionable.
/home/chinmay/ChinmayPersonalProjects/deslop/scripts/chunks/Chunk_1876_1900.txt,1891,/home/chinmay/ChinmayPersonalProjects/gopdfsuit/internal/pdf/font/subset.go,23,map_growth_without_size_hint,false_positive,Pattern is advisory or context dependent and snippet does not prove a concrete defect.
/home/chinmay/ChinmayPersonalProjects/deslop/scripts/chunks/Chunk_1876_1900.txt,1892,/home/chinmay/ChinmayPersonalProjects/gopdfsuit/internal/pdf/font/subset.go,42,filter_then_count_then_iterate,false_positive,Pattern is advisory or context dependent and snippet does not prove a concrete defect.
/home/chinmay/ChinmayPersonalProjects/deslop/scripts/chunks/Chunk_1876_1900.txt,1893,/home/chinmay/ChinmayPersonalProjects/gopdfsuit/internal/pdf/font/subset.go,58,bytes_buffer_without_grow_known_bound,false_positive,Pattern is advisory or context dependent and snippet does not prove a concrete defect.
/home/chinmay/ChinmayPersonalProjects/deslop/scripts/chunks/Chunk_1876_1900.txt,1894,/home/chinmay/ChinmayPersonalProjects/gopdfsuit/internal/pdf/font/subset.go,58,go_perf_layer_memory_allocation_bytes_buffer_allocated_per_record,false_positive,Performance heuristic lacks runtime evidence in snippet and is not clearly actionable.
/home/chinmay/ChinmayPersonalProjects/deslop/scripts/chunks/Chunk_1876_1900.txt,1895,/home/chinmay/ChinmayPersonalProjects/gopdfsuit/internal/pdf/font/subset.go,58,go_perf_layer_memory_allocation_temporary_byte_slice_for_string_write,false_positive,Performance heuristic lacks runtime evidence in snippet and is not clearly actionable.
/home/chinmay/ChinmayPersonalProjects/deslop/scripts/chunks/Chunk_1876_1900.txt,1896,/home/chinmay/ChinmayPersonalProjects/gopdfsuit/internal/pdf/font/subset.go,58,go_perf_layer_string_handling_byte_string_roundtrip_for_contains,false_positive,Performance heuristic lacks runtime evidence in snippet and is not clearly actionable.
/home/chinmay/ChinmayPersonalProjects/deslop/scripts/chunks/Chunk_1876_1900.txt,1897,/home/chinmay/ChinmayPersonalProjects/gopdfsuit/internal/pdf/font/subset.go,60,go_perf_layer_data_structure_choice_interface_map_for_typed_values,false_positive,Performance heuristic lacks runtime evidence in snippet and is not clearly actionable.
/home/chinmay/ChinmayPersonalProjects/deslop/scripts/chunks/Chunk_1876_1900.txt,1898,/home/chinmay/ChinmayPersonalProjects/gopdfsuit/internal/pdf/font/subset.go,60,go_perf_layer_data_structure_choice_map_string_bool_for_membership,false_positive,Performance heuristic lacks runtime evidence in snippet and is not clearly actionable.
/home/chinmay/ChinmayPersonalProjects/deslop/scripts/chunks/Chunk_1876_1900.txt,1899,/home/chinmay/ChinmayPersonalProjects/gopdfsuit/internal/pdf/font/subset.go,60,go_perf_layer_data_structure_choice_small_enum_string_switch_map,false_positive,Performance heuristic lacks runtime evidence in snippet and is not clearly actionable.
/home/chinmay/ChinmayPersonalProjects/deslop/scripts/chunks/Chunk_1876_1900.txt,1900,/home/chinmay/ChinmayPersonalProjects/gopdfsuit/internal/pdf/font/subset.go,61,go_perf_layer_caching_json_cache_value_stored_as_string,false_positive,Performance heuristic lacks runtime evidence in snippet and is not clearly actionable.
/home/chinmay/ChinmayPersonalProjects/deslop/scripts/chunks/Chunk_1901_1925.txt,1901,/home/chinmay/ChinmayPersonalProjects/gopdfsuit/internal/pdf/font/subset.go,61,go_perf_layer_caching_unbounded_cache_map,false_positive,Performance heuristic lacks runtime evidence in snippet and is not clearly actionable.
/home/chinmay/ChinmayPersonalProjects/deslop/scripts/chunks/Chunk_1901_1925.txt,1902,/home/chinmay/ChinmayPersonalProjects/gopdfsuit/internal/pdf/font/subset.go,64,go_perf_layer_collection_iteration_copy_slice_before_readonly_range,false_positive,Performance heuristic lacks runtime evidence in snippet and is not clearly actionable.
/home/chinmay/ChinmayPersonalProjects/deslop/scripts/chunks/Chunk_1901_1925.txt,1903,/home/chinmay/ChinmayPersonalProjects/gopdfsuit/internal/pdf/font/subset.go,64,go_perf_layer_collection_iteration_len_called_after_materializing_channel,false_positive,Performance heuristic lacks runtime evidence in snippet and is not clearly actionable.
/home/chinmay/ChinmayPersonalProjects/deslop/scripts/chunks/Chunk_1901_1925.txt,1904,/home/chinmay/ChinmayPersonalProjects/gopdfsuit/internal/pdf/font/subset.go,64,go_perf_layer_collection_iteration_range_over_map_for_deterministic_first,false_positive,Performance heuristic lacks runtime evidence in snippet and is not clearly actionable.
/home/chinmay/ChinmayPersonalProjects/deslop/scripts/chunks/Chunk_1901_1925.txt,1905,/home/chinmay/ChinmayPersonalProjects/gopdfsuit/internal/pdf/font/subset.go,65,go_perf_layer_algorithmic_complexity_repeated_nested_slice_scans,false_positive,Performance heuristic lacks runtime evidence in snippet and is not clearly actionable.
/home/chinmay/ChinmayPersonalProjects/deslop/scripts/chunks/Chunk_1901_1925.txt,1906,/home/chinmay/ChinmayPersonalProjects/gopdfsuit/internal/pdf/font/subset.go,65,go_perf_layer_database_access_rows_scan_into_map_per_row,false_positive,Performance heuristic lacks runtime evidence in snippet and is not clearly actionable.
/home/chinmay/ChinmayPersonalProjects/deslop/scripts/chunks/Chunk_1901_1925.txt,1907,/home/chinmay/ChinmayPersonalProjects/gopdfsuit/internal/pdf/font/subset.go,65,go_perf_layer_garbage_collection_cleanup_large_slice_retained_after_truncate,false_positive,Performance heuristic lacks runtime evidence in snippet and is not clearly actionable.
/home/chinmay/ChinmayPersonalProjects/deslop/scripts/chunks/Chunk_1901_1925.txt,1908,/home/chinmay/ChinmayPersonalProjects/gopdfsuit/internal/pdf/font/subset.go,65,go_perf_layer_memory_allocation_map_recreated_for_static_lookup,false_positive,Performance heuristic lacks runtime evidence in snippet and is not clearly actionable.
/home/chinmay/ChinmayPersonalProjects/deslop/scripts/chunks/Chunk_1901_1925.txt,1909,/home/chinmay/ChinmayPersonalProjects/gopdfsuit/internal/pdf/font/subset.go,78,go_perf_layer_algorithmic_complexity_quadratic_append_filter_pipeline,false_positive,Performance heuristic lacks runtime evidence in snippet and is not clearly actionable.
/home/chinmay/ChinmayPersonalProjects/deslop/scripts/chunks/Chunk_1901_1925.txt,1910,/home/chinmay/ChinmayPersonalProjects/gopdfsuit/internal/pdf/font/subset.go,108,go_perf_layer_network_calls_retry_loop_without_backoff,false_positive,Performance heuristic lacks runtime evidence in snippet and is not clearly actionable.
/home/chinmay/ChinmayPersonalProjects/deslop/scripts/chunks/Chunk_1901_1925.txt,1911,/home/chinmay/ChinmayPersonalProjects/gopdfsuit/internal/pdf/font/subset.go,111,allocation_churn_in_loop,false_positive,Pattern is advisory or context dependent and snippet does not prove a concrete defect.
/home/chinmay/ChinmayPersonalProjects/deslop/scripts/chunks/Chunk_1901_1925.txt,1912,/home/chinmay/ChinmayPersonalProjects/gopdfsuit/internal/pdf/font/subset.go,111,make_slice_inside_hot_loop_same_shape,false_positive,Pattern is advisory or context dependent and snippet does not prove a concrete defect.
/home/chinmay/ChinmayPersonalProjects/deslop/scripts/chunks/Chunk_1901_1925.txt,1913,/home/chinmay/ChinmayPersonalProjects/gopdfsuit/internal/pdf/font/subset.go,111,map_growth_without_size_hint,false_positive,Pattern is advisory or context dependent and snippet does not prove a concrete defect.
/home/chinmay/ChinmayPersonalProjects/deslop/scripts/chunks/Chunk_1901_1925.txt,1914,/home/chinmay/ChinmayPersonalProjects/gopdfsuit/internal/pdf/font/subset.go,120,go_perf_layer_database_access_query_inside_loop_without_batching,false_positive,Performance heuristic lacks runtime evidence in snippet and is not clearly actionable.
/home/chinmay/ChinmayPersonalProjects/deslop/scripts/chunks/Chunk_1901_1925.txt,1915,/home/chinmay/ChinmayPersonalProjects/gopdfsuit/internal/pdf/font/subset.go,128,go_perf_layer_io_operations_small_writes_without_bufio_writer,false_positive,Performance heuristic lacks runtime evidence in snippet and is not clearly actionable.
/home/chinmay/ChinmayPersonalProjects/deslop/scripts/chunks/Chunk_1901_1925.txt,1916,/home/chinmay/ChinmayPersonalProjects/gopdfsuit/internal/pdf/font/subset.go,163,slice_append_without_prealloc_known_bound,false_positive,Pattern is advisory or context dependent and snippet does not prove a concrete defect.
/home/chinmay/ChinmayPersonalProjects/deslop/scripts/chunks/Chunk_1901_1925.txt,1917,/home/chinmay/ChinmayPersonalProjects/gopdfsuit/internal/pdf/font/subset.go,163,slice_grow_without_cap_hint,false_positive,Pattern is advisory or context dependent and snippet does not prove a concrete defect.
/home/chinmay/ChinmayPersonalProjects/deslop/scripts/chunks/Chunk_1901_1925.txt,1918,/home/chinmay/ChinmayPersonalProjects/gopdfsuit/internal/pdf/font/subset.go,210,go_perf_layer_collection_iteration_copy_slice_before_readonly_range,false_positive,Performance heuristic lacks runtime evidence in snippet and is not clearly actionable.
/home/chinmay/ChinmayPersonalProjects/deslop/scripts/chunks/Chunk_1901_1925.txt,1919,/home/chinmay/ChinmayPersonalProjects/gopdfsuit/internal/pdf/font/subset.go,210,go_perf_layer_memory_allocation_temporary_byte_slice_for_string_write,false_positive,Performance heuristic lacks runtime evidence in snippet and is not clearly actionable.
/home/chinmay/ChinmayPersonalProjects/deslop/scripts/chunks/Chunk_1901_1925.txt,1920,/home/chinmay/ChinmayPersonalProjects/gopdfsuit/internal/pdf/font/subset.go,225,go_perf_layer_collection_iteration_copy_slice_before_readonly_range,false_positive,Performance heuristic lacks runtime evidence in snippet and is not clearly actionable.
/home/chinmay/ChinmayPersonalProjects/deslop/scripts/chunks/Chunk_1901_1925.txt,1921,/home/chinmay/ChinmayPersonalProjects/gopdfsuit/internal/pdf/font/subset.go,225,go_perf_layer_memory_allocation_temporary_byte_slice_for_string_write,false_positive,Performance heuristic lacks runtime evidence in snippet and is not clearly actionable.
/home/chinmay/ChinmayPersonalProjects/deslop/scripts/chunks/Chunk_1901_1925.txt,1922,/home/chinmay/ChinmayPersonalProjects/gopdfsuit/internal/pdf/font/subset.go,237,go_perf_layer_collection_iteration_copy_slice_before_readonly_range,false_positive,Performance heuristic lacks runtime evidence in snippet and is not clearly actionable.
/home/chinmay/ChinmayPersonalProjects/deslop/scripts/chunks/Chunk_1901_1925.txt,1923,/home/chinmay/ChinmayPersonalProjects/gopdfsuit/internal/pdf/font/subset.go,237,go_perf_layer_memory_allocation_temporary_byte_slice_for_string_write,false_positive,Performance heuristic lacks runtime evidence in snippet and is not clearly actionable.
/home/chinmay/ChinmayPersonalProjects/deslop/scripts/chunks/Chunk_1901_1925.txt,1924,/home/chinmay/ChinmayPersonalProjects/gopdfsuit/internal/pdf/font/subset.go,253,go_perf_layer_algorithmic_complexity_repeated_nested_slice_scans,false_positive,Performance heuristic lacks runtime evidence in snippet and is not clearly actionable.
/home/chinmay/ChinmayPersonalProjects/deslop/scripts/chunks/Chunk_1901_1925.txt,1925,/home/chinmay/ChinmayPersonalProjects/gopdfsuit/internal/pdf/font/subset.go,253,go_perf_layer_collection_iteration_copy_slice_before_readonly_range,false_positive,Performance heuristic lacks runtime evidence in snippet and is not clearly actionable.
/home/chinmay/ChinmayPersonalProjects/deslop/scripts/chunks/Chunk_1926_1950.txt,1926,/home/chinmay/ChinmayPersonalProjects/gopdfsuit/internal/pdf/font/subset.go,253,go_perf_layer_memory_allocation_temporary_byte_slice_for_string_write,false_positive,Performance heuristic lacks runtime evidence in snippet and is not clearly actionable.
/home/chinmay/ChinmayPersonalProjects/deslop/scripts/chunks/Chunk_1926_1950.txt,1927,/home/chinmay/ChinmayPersonalProjects/gopdfsuit/internal/pdf/font/subset.go,260,go_perf_layer_io_operations_small_writes_without_bufio_writer,false_positive,Performance heuristic lacks runtime evidence in snippet and is not clearly actionable.
/home/chinmay/ChinmayPersonalProjects/deslop/scripts/chunks/Chunk_1926_1950.txt,1928,/home/chinmay/ChinmayPersonalProjects/gopdfsuit/internal/pdf/font/subset.go,264,go_perf_layer_runtime_configuration_debug_build_tags_in_hot_binary,false_positive,Performance heuristic lacks runtime evidence in snippet and is not clearly actionable.
/home/chinmay/ChinmayPersonalProjects/deslop/scripts/chunks/Chunk_1926_1950.txt,1929,/home/chinmay/ChinmayPersonalProjects/gopdfsuit/internal/pdf/font/subset.go,265,bytes_buffer_without_grow_known_bound,false_positive,Pattern is advisory or context dependent and snippet does not prove a concrete defect.
/home/chinmay/ChinmayPersonalProjects/deslop/scripts/chunks/Chunk_1926_1950.txt,1930,/home/chinmay/ChinmayPersonalProjects/gopdfsuit/internal/pdf/font/subset.go,265,go_perf_layer_memory_allocation_bytes_buffer_allocated_per_record,false_positive,Performance heuristic lacks runtime evidence in snippet and is not clearly actionable.
/home/chinmay/ChinmayPersonalProjects/deslop/scripts/chunks/Chunk_1926_1950.txt,1931,/home/chinmay/ChinmayPersonalProjects/gopdfsuit/internal/pdf/font/subset.go,265,go_perf_layer_resource_pooling_buffer_pool_without_max_capacity,false_positive,Performance heuristic lacks runtime evidence in snippet and is not clearly actionable.
/home/chinmay/ChinmayPersonalProjects/deslop/scripts/chunks/Chunk_1926_1950.txt,1932,/home/chinmay/ChinmayPersonalProjects/gopdfsuit/internal/pdf/font/subset.go,266,go_perf_layer_memory_allocation_map_recreated_for_static_lookup,false_positive,Performance heuristic lacks runtime evidence in snippet and is not clearly actionable.
/home/chinmay/ChinmayPersonalProjects/deslop/scripts/chunks/Chunk_1926_1950.txt,1933,/home/chinmay/ChinmayPersonalProjects/gopdfsuit/internal/pdf/font/subset.go,268,go_perf_layer_caching_unbounded_cache_map,false_positive,Performance heuristic lacks runtime evidence in snippet and is not clearly actionable.
/home/chinmay/ChinmayPersonalProjects/deslop/scripts/chunks/Chunk_1926_1950.txt,1934,/home/chinmay/ChinmayPersonalProjects/gopdfsuit/internal/pdf/font/subset.go,268,go_perf_layer_collection_iteration_range_over_map_for_deterministic_first,false_positive,Performance heuristic lacks runtime evidence in snippet and is not clearly actionable.
/home/chinmay/ChinmayPersonalProjects/deslop/scripts/chunks/Chunk_1926_1950.txt,1935,/home/chinmay/ChinmayPersonalProjects/gopdfsuit/internal/pdf/font/subset.go,268,go_perf_layer_database_access_rows_scan_into_map_per_row,false_positive,Performance heuristic lacks runtime evidence in snippet and is not clearly actionable.
/home/chinmay/ChinmayPersonalProjects/deslop/scripts/chunks/Chunk_1926_1950.txt,1936,/home/chinmay/ChinmayPersonalProjects/gopdfsuit/internal/pdf/font/subset.go,268,go_perf_layer_network_calls_retry_loop_without_backoff,false_positive,Performance heuristic lacks runtime evidence in snippet and is not clearly actionable.
/home/chinmay/ChinmayPersonalProjects/deslop/scripts/chunks/Chunk_1926_1950.txt,1937,/home/chinmay/ChinmayPersonalProjects/gopdfsuit/internal/pdf/font/subset.go,271,map_growth_without_size_hint,false_positive,Pattern is advisory or context dependent and snippet does not prove a concrete defect.
/home/chinmay/ChinmayPersonalProjects/deslop/scripts/chunks/Chunk_1926_1950.txt,1938,/home/chinmay/ChinmayPersonalProjects/gopdfsuit/internal/pdf/font/subset.go,292,allocation_churn_in_loop,false_positive,Pattern is advisory or context dependent and snippet does not prove a concrete defect.
/home/chinmay/ChinmayPersonalProjects/deslop/scripts/chunks/Chunk_1926_1950.txt,1939,/home/chinmay/ChinmayPersonalProjects/gopdfsuit/internal/pdf/font/subset.go,292,make_slice_inside_hot_loop_same_shape,false_positive,Pattern is advisory or context dependent and snippet does not prove a concrete defect.
/home/chinmay/ChinmayPersonalProjects/deslop/scripts/chunks/Chunk_1926_1950.txt,1940,/home/chinmay/ChinmayPersonalProjects/gopdfsuit/internal/pdf/font/subset.go,332,bytes_buffer_without_grow_known_bound,false_positive,Pattern is advisory or context dependent and snippet does not prove a concrete defect.
/home/chinmay/ChinmayPersonalProjects/deslop/scripts/chunks/Chunk_1926_1950.txt,1941,/home/chinmay/ChinmayPersonalProjects/gopdfsuit/internal/pdf/font/subset.go,332,go_perf_layer_memory_allocation_bytes_buffer_allocated_per_record,false_positive,Performance heuristic lacks runtime evidence in snippet and is not clearly actionable.
/home/chinmay/ChinmayPersonalProjects/deslop/scripts/chunks/Chunk_1926_1950.txt,1942,/home/chinmay/ChinmayPersonalProjects/gopdfsuit/internal/pdf/font/subset.go,332,go_perf_layer_memory_allocation_temporary_byte_slice_for_string_write,false_positive,Performance heuristic lacks runtime evidence in snippet and is not clearly actionable.
/home/chinmay/ChinmayPersonalProjects/deslop/scripts/chunks/Chunk_1926_1950.txt,1943,/home/chinmay/ChinmayPersonalProjects/gopdfsuit/internal/pdf/font/subset.go,332,go_perf_layer_resource_pooling_buffer_pool_without_max_capacity,false_positive,Performance heuristic lacks runtime evidence in snippet and is not clearly actionable.
/home/chinmay/ChinmayPersonalProjects/deslop/scripts/chunks/Chunk_1926_1950.txt,1944,/home/chinmay/ChinmayPersonalProjects/gopdfsuit/internal/pdf/font/subset.go,334,go_perf_layer_network_calls_retry_loop_without_backoff,false_positive,Performance heuristic lacks runtime evidence in snippet and is not clearly actionable.
/home/chinmay/ChinmayPersonalProjects/deslop/scripts/chunks/Chunk_1926_1950.txt,1945,/home/chinmay/ChinmayPersonalProjects/gopdfsuit/internal/pdf/font/subset.go,336,go_perf_layer_io_operations_small_writes_without_bufio_writer,false_positive,Performance heuristic lacks runtime evidence in snippet and is not clearly actionable.
/home/chinmay/ChinmayPersonalProjects/deslop/scripts/chunks/Chunk_1926_1950.txt,1946,/home/chinmay/ChinmayPersonalProjects/gopdfsuit/internal/pdf/font/subset.go,351,bytes_buffer_without_grow_known_bound,false_positive,Pattern is advisory or context dependent and snippet does not prove a concrete defect.
/home/chinmay/ChinmayPersonalProjects/deslop/scripts/chunks/Chunk_1926_1950.txt,1947,/home/chinmay/ChinmayPersonalProjects/gopdfsuit/internal/pdf/font/subset.go,351,go_perf_layer_memory_allocation_bytes_buffer_allocated_per_record,false_positive,Performance heuristic lacks runtime evidence in snippet and is not clearly actionable.
/home/chinmay/ChinmayPersonalProjects/deslop/scripts/chunks/Chunk_1926_1950.txt,1948,/home/chinmay/ChinmayPersonalProjects/gopdfsuit/internal/pdf/font/subset.go,351,go_perf_layer_memory_allocation_temporary_byte_slice_for_string_write,false_positive,Performance heuristic lacks runtime evidence in snippet and is not clearly actionable.
/home/chinmay/ChinmayPersonalProjects/deslop/scripts/chunks/Chunk_1926_1950.txt,1949,/home/chinmay/ChinmayPersonalProjects/gopdfsuit/internal/pdf/font/subset.go,351,go_perf_layer_resource_pooling_buffer_pool_without_max_capacity,false_positive,Performance heuristic lacks runtime evidence in snippet and is not clearly actionable.
/home/chinmay/ChinmayPersonalProjects/deslop/scripts/chunks/Chunk_1926_1950.txt,1950,/home/chinmay/ChinmayPersonalProjects/gopdfsuit/internal/pdf/font/subset.go,353,go_perf_layer_caching_unbounded_cache_map,false_positive,Performance heuristic lacks runtime evidence in snippet and is not clearly actionable.
/home/chinmay/ChinmayPersonalProjects/deslop/scripts/chunks/Chunk_1951_1975.txt,1951,/home/chinmay/ChinmayPersonalProjects/gopdfsuit/internal/pdf/font/subset.go,353,go_perf_layer_data_structure_choice_interface_map_for_typed_values,false_positive,Performance heuristic lacks runtime evidence in snippet and is not clearly actionable.
/home/chinmay/ChinmayPersonalProjects/deslop/scripts/chunks/Chunk_1951_1975.txt,1952,/home/chinmay/ChinmayPersonalProjects/gopdfsuit/internal/pdf/font/subset.go,353,go_perf_layer_data_structure_choice_map_string_bool_for_membership,false_positive,Performance heuristic lacks runtime evidence in snippet and is not clearly actionable.
/home/chinmay/ChinmayPersonalProjects/deslop/scripts/chunks/Chunk_1951_1975.txt,1953,/home/chinmay/ChinmayPersonalProjects/gopdfsuit/internal/pdf/font/subset.go,353,go_perf_layer_runtime_configuration_debug_build_tags_in_hot_binary,false_positive,Performance heuristic lacks runtime evidence in snippet and is not clearly actionable.
/home/chinmay/ChinmayPersonalProjects/deslop/scripts/chunks/Chunk_1951_1975.txt,1954,/home/chinmay/ChinmayPersonalProjects/gopdfsuit/internal/pdf/font/subset.go,354,go_perf_layer_collection_iteration_range_over_map_for_deterministic_first,false_positive,Performance heuristic lacks runtime evidence in snippet and is not clearly actionable.
/home/chinmay/ChinmayPersonalProjects/deslop/scripts/chunks/Chunk_1951_1975.txt,1955,/home/chinmay/ChinmayPersonalProjects/gopdfsuit/internal/pdf/font/subset.go,354,go_perf_layer_database_access_rows_scan_into_map_per_row,false_positive,Performance heuristic lacks runtime evidence in snippet and is not clearly actionable.
/home/chinmay/ChinmayPersonalProjects/deslop/scripts/chunks/Chunk_1951_1975.txt,1956,/home/chinmay/ChinmayPersonalProjects/gopdfsuit/internal/pdf/font/subset.go,354,go_perf_layer_hot_path_optimization_allocation_in_hash_or_less_func,false_positive,Performance heuristic lacks runtime evidence in snippet and is not clearly actionable.
/home/chinmay/ChinmayPersonalProjects/deslop/scripts/chunks/Chunk_1951_1975.txt,1957,/home/chinmay/ChinmayPersonalProjects/gopdfsuit/internal/pdf/font/subset.go,354,go_perf_layer_memory_allocation_map_recreated_for_static_lookup,false_positive,Performance heuristic lacks runtime evidence in snippet and is not clearly actionable.
/home/chinmay/ChinmayPersonalProjects/deslop/scripts/chunks/Chunk_1951_1975.txt,1958,/home/chinmay/ChinmayPersonalProjects/gopdfsuit/internal/pdf/font/subset.go,354,go_perf_layer_network_calls_dns_lookup_per_request_path,false_positive,Performance heuristic lacks runtime evidence in snippet and is not clearly actionable.
/home/chinmay/ChinmayPersonalProjects/deslop/scripts/chunks/Chunk_1951_1975.txt,1959,/home/chinmay/ChinmayPersonalProjects/gopdfsuit/internal/pdf/font/subset.go,355,go_perf_layer_algorithmic_complexity_quadratic_append_filter_pipeline,false_positive,Performance heuristic lacks runtime evidence in snippet and is not clearly actionable.
/home/chinmay/ChinmayPersonalProjects/deslop/scripts/chunks/Chunk_1951_1975.txt,1960,/home/chinmay/ChinmayPersonalProjects/gopdfsuit/internal/pdf/font/subset.go,355,go_perf_layer_algorithmic_complexity_repeated_nested_slice_scans,false_positive,Performance heuristic lacks runtime evidence in snippet and is not clearly actionable.
/home/chinmay/ChinmayPersonalProjects/deslop/scripts/chunks/Chunk_1951_1975.txt,1961,/home/chinmay/ChinmayPersonalProjects/gopdfsuit/internal/pdf/font/subset.go,355,go_perf_layer_collection_iteration_copy_slice_before_readonly_range,false_positive,Performance heuristic lacks runtime evidence in snippet and is not clearly actionable.
/home/chinmay/ChinmayPersonalProjects/deslop/scripts/chunks/Chunk_1951_1975.txt,1962,/home/chinmay/ChinmayPersonalProjects/gopdfsuit/internal/pdf/font/subset.go,355,go_perf_layer_network_calls_retry_loop_without_backoff,false_positive,Performance heuristic lacks runtime evidence in snippet and is not clearly actionable.
/home/chinmay/ChinmayPersonalProjects/deslop/scripts/chunks/Chunk_1951_1975.txt,1963,/home/chinmay/ChinmayPersonalProjects/gopdfsuit/internal/pdf/font/subset.go,358,map_growth_without_size_hint,false_positive,Pattern is advisory or context dependent and snippet does not prove a concrete defect.
/home/chinmay/ChinmayPersonalProjects/deslop/scripts/chunks/Chunk_1951_1975.txt,1964,/home/chinmay/ChinmayPersonalProjects/gopdfsuit/internal/pdf/font/subset.go,374,go_perf_layer_database_access_select_star_on_hot_query,false_positive,Performance heuristic lacks runtime evidence in snippet and is not clearly actionable.
/home/chinmay/ChinmayPersonalProjects/deslop/scripts/chunks/Chunk_1951_1975.txt,1965,/home/chinmay/ChinmayPersonalProjects/gopdfsuit/internal/pdf/font/subset.go,396,slice_append_without_prealloc_known_bound,false_positive,Pattern is advisory or context dependent and snippet does not prove a concrete defect.
/home/chinmay/ChinmayPersonalProjects/deslop/scripts/chunks/Chunk_1951_1975.txt,1966,/home/chinmay/ChinmayPersonalProjects/gopdfsuit/internal/pdf/font/subset.go,396,slice_grow_without_cap_hint,false_positive,Pattern is advisory or context dependent and snippet does not prove a concrete defect.
/home/chinmay/ChinmayPersonalProjects/deslop/scripts/chunks/Chunk_1951_1975.txt,1967,/home/chinmay/ChinmayPersonalProjects/gopdfsuit/internal/pdf/font/subset.go,415,go_perf_layer_database_access_query_inside_loop_without_batching,false_positive,Performance heuristic lacks runtime evidence in snippet and is not clearly actionable.
/home/chinmay/ChinmayPersonalProjects/deslop/scripts/chunks/Chunk_1951_1975.txt,1968,/home/chinmay/ChinmayPersonalProjects/gopdfsuit/internal/pdf/font/subset.go,415,go_perf_layer_database_access_transaction_per_row_bulk_write,false_positive,Performance heuristic lacks runtime evidence in snippet and is not clearly actionable.
/home/chinmay/ChinmayPersonalProjects/deslop/scripts/chunks/Chunk_1951_1975.txt,1969,/home/chinmay/ChinmayPersonalProjects/gopdfsuit/internal/pdf/font/subset.go,429,go_perf_layer_io_operations_small_writes_without_bufio_writer,false_positive,Performance heuristic lacks runtime evidence in snippet and is not clearly actionable.
/home/chinmay/ChinmayPersonalProjects/deslop/scripts/chunks/Chunk_1951_1975.txt,1970,/home/chinmay/ChinmayPersonalProjects/gopdfsuit/internal/pdf/font/subset.go,452,filter_then_count_then_iterate,false_positive,Pattern is advisory or context dependent and snippet does not prove a concrete defect.
/home/chinmay/ChinmayPersonalProjects/deslop/scripts/chunks/Chunk_1951_1975.txt,1971,/home/chinmay/ChinmayPersonalProjects/gopdfsuit/internal/pdf/font/subset.go,516,go_perf_layer_memory_allocation_temporary_byte_slice_for_string_write,false_positive,Performance heuristic lacks runtime evidence in snippet and is not clearly actionable.
/home/chinmay/ChinmayPersonalProjects/deslop/scripts/chunks/Chunk_1951_1975.txt,1972,/home/chinmay/ChinmayPersonalProjects/gopdfsuit/internal/pdf/font/subset.go,519,go_perf_layer_io_operations_small_writes_without_bufio_writer,false_positive,Performance heuristic lacks runtime evidence in snippet and is not clearly actionable.
/home/chinmay/ChinmayPersonalProjects/deslop/scripts/chunks/Chunk_1951_1975.txt,1973,/home/chinmay/ChinmayPersonalProjects/gopdfsuit/internal/pdf/font/subset.go,567,bytes_buffer_without_grow_known_bound,false_positive,Pattern is advisory or context dependent and snippet does not prove a concrete defect.
/home/chinmay/ChinmayPersonalProjects/deslop/scripts/chunks/Chunk_1951_1975.txt,1974,/home/chinmay/ChinmayPersonalProjects/gopdfsuit/internal/pdf/font/subset.go,567,go_perf_layer_memory_allocation_bytes_buffer_allocated_per_record,false_positive,Performance heuristic lacks runtime evidence in snippet and is not clearly actionable.
/home/chinmay/ChinmayPersonalProjects/deslop/scripts/chunks/Chunk_1951_1975.txt,1975,/home/chinmay/ChinmayPersonalProjects/gopdfsuit/internal/pdf/font/subset.go,567,go_perf_layer_memory_allocation_temporary_byte_slice_for_string_write,false_positive,Performance heuristic lacks runtime evidence in snippet and is not clearly actionable.
/home/chinmay/ChinmayPersonalProjects/deslop/scripts/chunks/Chunk_1976_2000.txt,1976,/home/chinmay/ChinmayPersonalProjects/gopdfsuit/internal/pdf/font/subset.go,567,go_perf_layer_resource_pooling_buffer_pool_without_max_capacity,false_positive,Performance heuristic lacks runtime evidence in snippet and is not clearly actionable.
/home/chinmay/ChinmayPersonalProjects/deslop/scripts/chunks/Chunk_1976_2000.txt,1977,/home/chinmay/ChinmayPersonalProjects/gopdfsuit/internal/pdf/font/subset.go,567,go_perf_layer_string_handling_byte_string_roundtrip_for_contains,false_positive,Performance heuristic lacks runtime evidence in snippet and is not clearly actionable.
/home/chinmay/ChinmayPersonalProjects/deslop/scripts/chunks/Chunk_1976_2000.txt,1978,/home/chinmay/ChinmayPersonalProjects/gopdfsuit/internal/pdf/font/subset.go,569,go_perf_layer_algorithmic_complexity_sort_before_linear_dedup,false_positive,Performance heuristic lacks runtime evidence in snippet and is not clearly actionable.
/home/chinmay/ChinmayPersonalProjects/deslop/scripts/chunks/Chunk_1976_2000.txt,1979,/home/chinmay/ChinmayPersonalProjects/gopdfsuit/internal/pdf/font/subset.go,570,go_perf_layer_algorithmic_complexity_repeated_nested_slice_scans,false_positive,Performance heuristic lacks runtime evidence in snippet and is not clearly actionable.
/home/chinmay/ChinmayPersonalProjects/deslop/scripts/chunks/Chunk_1976_2000.txt,1980,/home/chinmay/ChinmayPersonalProjects/gopdfsuit/internal/pdf/font/subset.go,570,go_perf_layer_collection_iteration_copy_slice_before_readonly_range,false_positive,Performance heuristic lacks runtime evidence in snippet and is not clearly actionable.
/home/chinmay/ChinmayPersonalProjects/deslop/scripts/chunks/Chunk_1976_2000.txt,1981,/home/chinmay/ChinmayPersonalProjects/gopdfsuit/internal/pdf/font/subset.go,570,go_perf_layer_data_structure_choice_interface_map_for_typed_values,false_positive,Performance heuristic lacks runtime evidence in snippet and is not clearly actionable.
/home/chinmay/ChinmayPersonalProjects/deslop/scripts/chunks/Chunk_1976_2000.txt,1982,/home/chinmay/ChinmayPersonalProjects/gopdfsuit/internal/pdf/font/subset.go,572,go_perf_layer_caching_json_cache_value_stored_as_string,false_positive,Performance heuristic lacks runtime evidence in snippet and is not clearly actionable.
/home/chinmay/ChinmayPersonalProjects/deslop/scripts/chunks/Chunk_1976_2000.txt,1983,/home/chinmay/ChinmayPersonalProjects/gopdfsuit/internal/pdf/font/subset.go,576,go_perf_layer_garbage_collection_cleanup_finalizer_used_for_regular_cleanup,false_positive,Performance heuristic lacks runtime evidence in snippet and is not clearly actionable.
/home/chinmay/ChinmayPersonalProjects/deslop/scripts/chunks/Chunk_1976_2000.txt,1984,/home/chinmay/ChinmayPersonalProjects/gopdfsuit/internal/pdf/font/subset.go,584,go_perf_layer_database_access_rows_scan_into_map_per_row,false_positive,Performance heuristic lacks runtime evidence in snippet and is not clearly actionable.
/home/chinmay/ChinmayPersonalProjects/deslop/scripts/chunks/Chunk_1976_2000.txt,1985,/home/chinmay/ChinmayPersonalProjects/gopdfsuit/internal/pdf/font/subset.go,584,go_perf_layer_database_access_transaction_per_row_bulk_write,false_positive,Performance heuristic lacks runtime evidence in snippet and is not clearly actionable.
/home/chinmay/ChinmayPersonalProjects/deslop/scripts/chunks/Chunk_1976_2000.txt,1986,/home/chinmay/ChinmayPersonalProjects/gopdfsuit/internal/pdf/font/subset.go,594,go_perf_layer_algorithmic_complexity_quadratic_append_filter_pipeline,false_positive,Performance heuristic lacks runtime evidence in snippet and is not clearly actionable.
/home/chinmay/ChinmayPersonalProjects/deslop/scripts/chunks/Chunk_1976_2000.txt,1987,/home/chinmay/ChinmayPersonalProjects/gopdfsuit/internal/pdf/font/subset.go,594,go_perf_layer_network_calls_retry_loop_without_backoff,false_positive,Performance heuristic lacks runtime evidence in snippet and is not clearly actionable.
/home/chinmay/ChinmayPersonalProjects/deslop/scripts/chunks/Chunk_1976_2000.txt,1988,/home/chinmay/ChinmayPersonalProjects/gopdfsuit/internal/pdf/font/subset.go,598,go_perf_layer_io_operations_small_writes_without_bufio_writer,false_positive,Performance heuristic lacks runtime evidence in snippet and is not clearly actionable.
/home/chinmay/ChinmayPersonalProjects/deslop/scripts/chunks/Chunk_1976_2000.txt,1989,/home/chinmay/ChinmayPersonalProjects/gopdfsuit/internal/pdf/font/subset.go,600,go_perf_layer_memory_allocation_append_without_known_capacity,false_positive,Performance heuristic lacks runtime evidence in snippet and is not clearly actionable.
/home/chinmay/ChinmayPersonalProjects/deslop/scripts/chunks/Chunk_1976_2000.txt,1990,/home/chinmay/ChinmayPersonalProjects/gopdfsuit/internal/pdf/font/subset.go,600,slice_append_without_prealloc_known_bound,false_positive,Pattern is advisory or context dependent and snippet does not prove a concrete defect.
/home/chinmay/ChinmayPersonalProjects/deslop/scripts/chunks/Chunk_1976_2000.txt,1991,/home/chinmay/ChinmayPersonalProjects/gopdfsuit/internal/pdf/font/subset.go,600,slice_grow_without_cap_hint,false_positive,Pattern is advisory or context dependent and snippet does not prove a concrete defect.
/home/chinmay/ChinmayPersonalProjects/deslop/scripts/chunks/Chunk_1976_2000.txt,1992,/home/chinmay/ChinmayPersonalProjects/gopdfsuit/internal/pdf/font/subset.go,651,go_perf_layer_memory_allocation_temporary_byte_slice_for_string_write,false_positive,Performance heuristic lacks runtime evidence in snippet and is not clearly actionable.
/home/chinmay/ChinmayPersonalProjects/deslop/scripts/chunks/Chunk_1976_2000.txt,1993,/home/chinmay/ChinmayPersonalProjects/gopdfsuit/internal/pdf/font/subset.go,654,go_perf_layer_collection_iteration_copy_slice_before_readonly_range,false_positive,Performance heuristic lacks runtime evidence in snippet and is not clearly actionable.
/home/chinmay/ChinmayPersonalProjects/deslop/scripts/chunks/Chunk_1976_2000.txt,1994,/home/chinmay/ChinmayPersonalProjects/gopdfsuit/internal/pdf/font/subset.go,659,go_perf_layer_network_calls_retry_loop_without_backoff,false_positive,Performance heuristic lacks runtime evidence in snippet and is not clearly actionable.
/home/chinmay/ChinmayPersonalProjects/deslop/scripts/chunks/Chunk_1976_2000.txt,1995,/home/chinmay/ChinmayPersonalProjects/gopdfsuit/internal/pdf/font/subset.go,680,bytes_buffer_without_grow_known_bound,false_positive,Pattern is advisory or context dependent and snippet does not prove a concrete defect.
/home/chinmay/ChinmayPersonalProjects/deslop/scripts/chunks/Chunk_1976_2000.txt,1996,/home/chinmay/ChinmayPersonalProjects/gopdfsuit/internal/pdf/font/subset.go,680,go_perf_layer_memory_allocation_bytes_buffer_allocated_per_record,false_positive,Performance heuristic lacks runtime evidence in snippet and is not clearly actionable.
/home/chinmay/ChinmayPersonalProjects/deslop/scripts/chunks/Chunk_1976_2000.txt,1997,/home/chinmay/ChinmayPersonalProjects/gopdfsuit/internal/pdf/font/subset.go,680,go_perf_layer_resource_pooling_buffer_pool_without_max_capacity,false_positive,Performance heuristic lacks runtime evidence in snippet and is not clearly actionable.
/home/chinmay/ChinmayPersonalProjects/deslop/scripts/chunks/Chunk_1976_2000.txt,1998,/home/chinmay/ChinmayPersonalProjects/gopdfsuit/internal/pdf/font/subset.go,681,go_perf_layer_network_calls_retry_loop_without_backoff,false_positive,Performance heuristic lacks runtime evidence in snippet and is not clearly actionable.
/home/chinmay/ChinmayPersonalProjects/deslop/scripts/chunks/Chunk_1976_2000.txt,1999,/home/chinmay/ChinmayPersonalProjects/gopdfsuit/internal/pdf/font/subset.go,701,go_perf_layer_memory_allocation_temporary_byte_slice_for_string_write,false_positive,Performance heuristic lacks runtime evidence in snippet and is not clearly actionable.
/home/chinmay/ChinmayPersonalProjects/deslop/scripts/chunks/Chunk_1976_2000.txt,2000,/home/chinmay/ChinmayPersonalProjects/gopdfsuit/internal/pdf/font/subset.go,701,go_perf_layer_resource_pooling_buffer_pool_without_max_capacity,false_positive,Performance heuristic lacks runtime evidence in snippet and is not clearly actionable.
