chunk_file_path,subchunk_number,source_file_path,source_line,rule_id,decision,rationale
"/home/chinmay/ChinmayPersonalProjects/deslop/scripts/chunks/Chunk_5001_5025.txt",5001,"/home/chinmay/ChinmayPersonalProjects/gopdfsuit/sampledata/filler/compressed/generate_medical_form.py",38,"python_perf_layer_network_calls_retry_without_backoff_or_jitter",false_positive,"Rule does not clearly match the cited snippet context"
"/home/chinmay/ChinmayPersonalProjects/deslop/scripts/chunks/Chunk_5001_5025.txt",5002,"/home/chinmay/ChinmayPersonalProjects/gopdfsuit/sampledata/filler/compressed/generate_medical_form.py",38,"python_perf_layer_string_handling_bytes_decode_encode_roundtrip",false_positive,"Rule does not clearly match the cited snippet context"
"/home/chinmay/ChinmayPersonalProjects/deslop/scripts/chunks/Chunk_5001_5025.txt",5003,"/home/chinmay/ChinmayPersonalProjects/gopdfsuit/sampledata/filler/compressed/generate_medical_form.py",39,"python_perf_layer_lazy_loading_feature_flag_data_loaded_before_needed",false_positive,"Rule does not clearly match the cited snippet context"
"/home/chinmay/ChinmayPersonalProjects/deslop/scripts/chunks/Chunk_5001_5025.txt",5004,"/home/chinmay/ChinmayPersonalProjects/gopdfsuit/sampledata/filler/compressed/generate_medical_form.py",40,"python_perf_layer_database_access_row_by_row_bulk_insert",false_positive,"Rule does not clearly match the cited snippet context"
"/home/chinmay/ChinmayPersonalProjects/deslop/scripts/chunks/Chunk_5001_5025.txt",5005,"/home/chinmay/ChinmayPersonalProjects/gopdfsuit/sampledata/filler/compressed/generate_medical_form.py",58,"python_perf_layer_network_calls_large_response_downloaded_before_status_check",false_positive,"Rule does not clearly match the cited snippet context"
"/home/chinmay/ChinmayPersonalProjects/deslop/scripts/chunks/Chunk_5001_5025.txt",5006,"/home/chinmay/ChinmayPersonalProjects/gopdfsuit/sampledata/filler/compressed/generate_medical_form.py",63,"python_perf_layer_io_operations_read_entire_file_for_line_processing",false_positive,"Rule does not clearly match the cited snippet context"
"/home/chinmay/ChinmayPersonalProjects/deslop/scripts/chunks/Chunk_5001_5025.txt",5007,"/home/chinmay/ChinmayPersonalProjects/gopdfsuit/sampledata/filler/compressed/generate_medical_form.py",67,"python_perf_layer_data_structure_choice_pandas_object_dtype_for_numeric_hot_columns",false_positive,"Rule does not clearly match the cited snippet context"
"/home/chinmay/ChinmayPersonalProjects/deslop/scripts/chunks/Chunk_5001_5025.txt",5008,"/home/chinmay/ChinmayPersonalProjects/gopdfsuit/sampledata/filler/compressed/generate_medical_form.py",67,"python_perf_layer_garbage_collection_cleanup_cycle_heavy_objects_without_break",false_positive,"Rule does not clearly match the cited snippet context"
"/home/chinmay/ChinmayPersonalProjects/deslop/scripts/chunks/Chunk_5001_5025.txt",5009,"/home/chinmay/ChinmayPersonalProjects/gopdfsuit/sampledata/filler/compressed/generate_medical_form.py",70,"builtin_reduction_candidate",false_positive,"Rule does not clearly match the cited snippet context"
"/home/chinmay/ChinmayPersonalProjects/deslop/scripts/chunks/Chunk_5001_5025.txt",5010,"/home/chinmay/ChinmayPersonalProjects/gopdfsuit/sampledata/filler/compressed/generate_medical_form.py",77,"python_perf_layer_caching_cache_miss_duplicate_concurrent_work",false_positive,"Rule does not clearly match the cited snippet context"
"/home/chinmay/ChinmayPersonalProjects/deslop/scripts/chunks/Chunk_5001_5025.txt",5011,"/home/chinmay/ChinmayPersonalProjects/gopdfsuit/sampledata/filler/compressed/generate_medical_form.py",77,"python_perf_layer_caching_cached_value_immediately_deserialized",false_positive,"Rule does not clearly match the cited snippet context"
"/home/chinmay/ChinmayPersonalProjects/deslop/scripts/chunks/Chunk_5001_5025.txt",5012,"/home/chinmay/ChinmayPersonalProjects/gopdfsuit/sampledata/filler/compressed/generate_medical_form.py",77,"python_perf_layer_caching_unbounded_dict_cache",false_positive,"Rule does not clearly match the cited snippet context"
"/home/chinmay/ChinmayPersonalProjects/deslop/scripts/chunks/Chunk_5001_5025.txt",5013,"/home/chinmay/ChinmayPersonalProjects/gopdfsuit/sampledata/filler/compressed/generate_medical_form.py",92,"string_concat_in_loop",false_positive,"Rule does not clearly match the cited snippet context"
"/home/chinmay/ChinmayPersonalProjects/deslop/scripts/chunks/Chunk_5001_5025.txt",5014,"/home/chinmay/ChinmayPersonalProjects/gopdfsuit/sampledata/filler/compressed/generate_medical_form.py",100,"string_concat_in_loop",false_positive,"Rule does not clearly match the cited snippet context"
"/home/chinmay/ChinmayPersonalProjects/deslop/scripts/chunks/Chunk_5001_5025.txt",5015,"/home/chinmay/ChinmayPersonalProjects/gopdfsuit/sampledata/filler/compressed/generate_medical_form.py",106,"string_join_without_generator",false_positive,"Rule does not clearly match the cited snippet context"
"/home/chinmay/ChinmayPersonalProjects/deslop/scripts/chunks/Chunk_5001_5025.txt",5016,"/home/chinmay/ChinmayPersonalProjects/gopdfsuit/sampledata/filler/compressed/generate_medical_form.py",135,"python_perf_layer_serialization_gzip_compress_tiny_payloads",false_positive,"Rule does not clearly match the cited snippet context"
"/home/chinmay/ChinmayPersonalProjects/deslop/scripts/chunks/Chunk_5001_5025.txt",5017,"/home/chinmay/ChinmayPersonalProjects/gopdfsuit/sampledata/filler/compressed/generate_medical_form.py",136,"string_join_without_generator",false_positive,"Rule does not clearly match the cited snippet context"
"/home/chinmay/ChinmayPersonalProjects/deslop/scripts/chunks/Chunk_5001_5025.txt",5018,"/home/chinmay/ChinmayPersonalProjects/gopdfsuit/sampledata/filler/compressed/generate_medical_form.py",187,"public_api_missing_type_hints",false_positive,"Rule does not clearly match the cited snippet context"
"/home/chinmay/ChinmayPersonalProjects/deslop/scripts/chunks/Chunk_5001_5025.txt",5019,"/home/chinmay/ChinmayPersonalProjects/gopdfsuit/sampledata/filler/compressed/generate_medical_form.py",187,"quadratic_string_building_via_plus_equals",false_positive,"Rule does not clearly match the cited snippet context"
"/home/chinmay/ChinmayPersonalProjects/deslop/scripts/chunks/Chunk_5001_5025.txt",5020,"/home/chinmay/ChinmayPersonalProjects/gopdfsuit/sampledata/filler/compressed/generate_medical_form.py",189,"python_perf_layer_algorithmic_complexity_full_sort_for_top_n",false_positive,"Rule does not clearly match the cited snippet context"
"/home/chinmay/ChinmayPersonalProjects/deslop/scripts/chunks/Chunk_5001_5025.txt",5021,"/home/chinmay/ChinmayPersonalProjects/gopdfsuit/sampledata/filler/compressed/generate_medical_form.py",189,"python_perf_layer_data_structure_choice_heapq_reimplemented_with_sorted_list",false_positive,"Rule does not clearly match the cited snippet context"
"/home/chinmay/ChinmayPersonalProjects/deslop/scripts/chunks/Chunk_5001_5025.txt",5022,"/home/chinmay/ChinmayPersonalProjects/gopdfsuit/sampledata/filler/compressed/generate_medical_form.py",189,"python_perf_layer_string_handling_bytes_decode_encode_roundtrip",false_positive,"Rule does not clearly match the cited snippet context"
"/home/chinmay/ChinmayPersonalProjects/deslop/scripts/chunks/Chunk_5001_5025.txt",5023,"/home/chinmay/ChinmayPersonalProjects/gopdfsuit/sampledata/filler/compressed/generate_medical_form.py",192,"python_perf_layer_data_structure_choice_pandas_object_dtype_for_numeric_hot_columns",false_positive,"Rule does not clearly match the cited snippet context"
"/home/chinmay/ChinmayPersonalProjects/deslop/scripts/chunks/Chunk_5001_5025.txt",5024,"/home/chinmay/ChinmayPersonalProjects/gopdfsuit/sampledata/filler/compressed/generate_medical_form.py",193,"python_perf_layer_garbage_collection_cleanup_cycle_heavy_objects_without_break",false_positive,"Rule does not clearly match the cited snippet context"
"/home/chinmay/ChinmayPersonalProjects/deslop/scripts/chunks/Chunk_5001_5025.txt",5025,"/home/chinmay/ChinmayPersonalProjects/gopdfsuit/sampledata/filler/compressed/generate_medical_form.py",197,"python_perf_layer_network_calls_large_response_downloaded_before_status_check",false_positive,"Rule does not clearly match the cited snippet context"
"/home/chinmay/ChinmayPersonalProjects/deslop/scripts/chunks/Chunk_5026_5050.txt",5026,"/home/chinmay/ChinmayPersonalProjects/gopdfsuit/sampledata/filler/compressed/generate_medical_form.py",197,"python_perf_layer_serialization_gzip_compress_tiny_payloads",false_positive,"Rule does not clearly match the cited snippet context"
"/home/chinmay/ChinmayPersonalProjects/deslop/scripts/chunks/Chunk_5026_5050.txt",5027,"/home/chinmay/ChinmayPersonalProjects/gopdfsuit/sampledata/filler/compressed/generate_medical_form.py",199,"builtin_reduction_candidate",false_positive,"Rule does not clearly match the cited snippet context"
"/home/chinmay/ChinmayPersonalProjects/deslop/scripts/chunks/Chunk_5026_5050.txt",5028,"/home/chinmay/ChinmayPersonalProjects/gopdfsuit/sampledata/filler/compressed/generate_medical_form.py",199,"python_perf_layer_collection_iteration_generator_materialized_for_truthiness",false_positive,"Rule does not clearly match the cited snippet context"
"/home/chinmay/ChinmayPersonalProjects/deslop/scripts/chunks/Chunk_5026_5050.txt",5029,"/home/chinmay/ChinmayPersonalProjects/gopdfsuit/sampledata/filler/compressed/generate_medical_form.py",199,"python_perf_layer_network_calls_retry_without_backoff_or_jitter",false_positive,"Rule does not clearly match the cited snippet context"
"/home/chinmay/ChinmayPersonalProjects/deslop/scripts/chunks/Chunk_5026_5050.txt",5030,"/home/chinmay/ChinmayPersonalProjects/gopdfsuit/sampledata/filler/compressed/generate_medical_form.py",203,"string_concat_in_loop",false_positive,"Rule does not clearly match the cited snippet context"
"/home/chinmay/ChinmayPersonalProjects/deslop/scripts/chunks/Chunk_5026_5050.txt",5031,"/home/chinmay/ChinmayPersonalProjects/gopdfsuit/sampledata/filler/compressed/generate_medical_form.py",223,"python_perf_layer_database_access_orm_query_inside_loop",false_positive,"Rule does not clearly match the cited snippet context"
"/home/chinmay/ChinmayPersonalProjects/deslop/scripts/chunks/Chunk_5026_5050.txt",5032,"/home/chinmay/ChinmayPersonalProjects/gopdfsuit/sampledata/filler/compressed/generate_medical_form.py",229,"blocking_io_call_executed_per_item_without_batching",false_positive,"Rule does not clearly match the cited snippet context"
"/home/chinmay/ChinmayPersonalProjects/deslop/scripts/chunks/Chunk_5026_5050.txt",5033,"/home/chinmay/ChinmayPersonalProjects/gopdfsuit/sampledata/filler/compressed/generate_medical_form.py",229,"invariant_computation_not_hoisted_out_of_nested_loop",false_positive,"Rule does not clearly match the cited snippet context"
"/home/chinmay/ChinmayPersonalProjects/deslop/scripts/chunks/Chunk_5026_5050.txt",5034,"/home/chinmay/ChinmayPersonalProjects/gopdfsuit/sampledata/filler/compressed/generate_medical_form.py",229,"public_api_missing_type_hints",false_positive,"Rule does not clearly match the cited snippet context"
"/home/chinmay/ChinmayPersonalProjects/deslop/scripts/chunks/Chunk_5026_5050.txt",5035,"/home/chinmay/ChinmayPersonalProjects/gopdfsuit/sampledata/filler/compressed/generate_medical_form.py",229,"same_buffer_or_prefix_reencoded_each_iteration",false_positive,"Rule does not clearly match the cited snippet context"
"/home/chinmay/ChinmayPersonalProjects/deslop/scripts/chunks/Chunk_5026_5050.txt",5036,"/home/chinmay/ChinmayPersonalProjects/gopdfsuit/sampledata/filler/compressed/generate_medical_form.py",229,"same_contextmanager_pattern_copied_across_modules",false_positive,"Rule does not clearly match the cited snippet context"
"/home/chinmay/ChinmayPersonalProjects/deslop/scripts/chunks/Chunk_5026_5050.txt",5037,"/home/chinmay/ChinmayPersonalProjects/gopdfsuit/sampledata/filler/compressed/generate_medical_form.py",230,"python_perf_layer_algorithmic_complexity_full_sort_for_top_n",false_positive,"Rule does not clearly match the cited snippet context"
"/home/chinmay/ChinmayPersonalProjects/deslop/scripts/chunks/Chunk_5026_5050.txt",5038,"/home/chinmay/ChinmayPersonalProjects/gopdfsuit/sampledata/filler/compressed/generate_medical_form.py",230,"python_perf_layer_io_operations_path_exists_before_open_race",false_positive,"Rule does not clearly match the cited snippet context"
"/home/chinmay/ChinmayPersonalProjects/deslop/scripts/chunks/Chunk_5026_5050.txt",5039,"/home/chinmay/ChinmayPersonalProjects/gopdfsuit/sampledata/filler/compressed/generate_medical_form.py",230,"python_perf_layer_io_operations_small_file_writes_without_buffer",false_positive,"Rule does not clearly match the cited snippet context"
"/home/chinmay/ChinmayPersonalProjects/deslop/scripts/chunks/Chunk_5026_5050.txt",5040,"/home/chinmay/ChinmayPersonalProjects/gopdfsuit/sampledata/filler/compressed/generate_medical_form.py",234,"python_perf_layer_caching_unbounded_dict_cache",false_positive,"Rule does not clearly match the cited snippet context"
"/home/chinmay/ChinmayPersonalProjects/deslop/scripts/chunks/Chunk_5026_5050.txt",5041,"/home/chinmay/ChinmayPersonalProjects/gopdfsuit/sampledata/filler/compressed/generate_medical_form.py",234,"python_perf_layer_data_structure_choice_dict_of_dicts_for_fixed_records",false_positive,"Rule does not clearly match the cited snippet context"
"/home/chinmay/ChinmayPersonalProjects/deslop/scripts/chunks/Chunk_5026_5050.txt",5042,"/home/chinmay/ChinmayPersonalProjects/gopdfsuit/sampledata/filler/compressed/generate_medical_form.py",234,"python_perf_layer_data_structure_choice_heapq_reimplemented_with_sorted_list",false_positive,"Rule does not clearly match the cited snippet context"
"/home/chinmay/ChinmayPersonalProjects/deslop/scripts/chunks/Chunk_5026_5050.txt",5043,"/home/chinmay/ChinmayPersonalProjects/gopdfsuit/sampledata/filler/compressed/generate_medical_form.py",234,"python_perf_layer_data_structure_choice_pandas_object_dtype_for_numeric_hot_columns",false_positive,"Rule does not clearly match the cited snippet context"
"/home/chinmay/ChinmayPersonalProjects/deslop/scripts/chunks/Chunk_5026_5050.txt",5044,"/home/chinmay/ChinmayPersonalProjects/gopdfsuit/sampledata/filler/compressed/generate_medical_form.py",234,"python_perf_layer_serialization_pydantic_model_recreated_for_internal_dict",false_positive,"Rule does not clearly match the cited snippet context"
"/home/chinmay/ChinmayPersonalProjects/deslop/scripts/chunks/Chunk_5026_5050.txt",5045,"/home/chinmay/ChinmayPersonalProjects/gopdfsuit/sampledata/filler/compressed/generate_medical_form.py",236,"python_perf_layer_garbage_collection_cleanup_cycle_heavy_objects_without_break",false_positive,"Rule does not clearly match the cited snippet context"
"/home/chinmay/ChinmayPersonalProjects/deslop/scripts/chunks/Chunk_5026_5050.txt",5046,"/home/chinmay/ChinmayPersonalProjects/gopdfsuit/sampledata/filler/compressed/generate_medical_form.py",239,"python_perf_layer_string_handling_bytes_decode_encode_roundtrip",false_positive,"Rule does not clearly match the cited snippet context"
"/home/chinmay/ChinmayPersonalProjects/deslop/scripts/chunks/Chunk_5026_5050.txt",5047,"/home/chinmay/ChinmayPersonalProjects/gopdfsuit/sampledata/filler/compressed/generate_medical_form.py",251,"python_perf_layer_serialization_gzip_compress_tiny_payloads",false_positive,"Rule does not clearly match the cited snippet context"
"/home/chinmay/ChinmayPersonalProjects/deslop/scripts/chunks/Chunk_5026_5050.txt",5048,"/home/chinmay/ChinmayPersonalProjects/gopdfsuit/sampledata/filler/compressed/generate_medical_form.py",261,"python_perf_layer_collection_iteration_enumerate_list_materialized",false_positive,"Rule does not clearly match the cited snippet context"
"/home/chinmay/ChinmayPersonalProjects/deslop/scripts/chunks/Chunk_5026_5050.txt",5049,"/home/chinmay/ChinmayPersonalProjects/gopdfsuit/sampledata/filler/compressed/generate_medical_form.py",261,"python_perf_layer_collection_iteration_generator_materialized_for_truthiness",false_positive,"Rule does not clearly match the cited snippet context"
"/home/chinmay/ChinmayPersonalProjects/deslop/scripts/chunks/Chunk_5026_5050.txt",5050,"/home/chinmay/ChinmayPersonalProjects/gopdfsuit/sampledata/filler/compressed/generate_medical_form.py",261,"python_perf_layer_network_calls_retry_without_backoff_or_jitter",false_positive,"Rule does not clearly match the cited snippet context"
"/home/chinmay/ChinmayPersonalProjects/deslop/scripts/chunks/Chunk_5051_5075.txt",5051,"/home/chinmay/ChinmayPersonalProjects/gopdfsuit/sampledata/filler/compressed/generate_medical_form.py",265,"sorted_full_collection_to_extract_top_n_elements",false_positive,"Rule does not clearly match the cited snippet context"
"/home/chinmay/ChinmayPersonalProjects/deslop/scripts/chunks/Chunk_5051_5075.txt",5052,"/home/chinmay/ChinmayPersonalProjects/gopdfsuit/sampledata/filler/compressed/generate_medical_form.py",292,"python_perf_layer_database_access_orm_query_inside_loop",false_positive,"Rule does not clearly match the cited snippet context"
"/home/chinmay/ChinmayPersonalProjects/deslop/scripts/chunks/Chunk_5051_5075.txt",5053,"/home/chinmay/ChinmayPersonalProjects/gopdfsuit/sampledata/filler/compressed/generate_medical_form.py",305,"blocking_io_call_executed_per_item_without_batching",false_positive,"Rule does not clearly match the cited snippet context"
"/home/chinmay/ChinmayPersonalProjects/deslop/scripts/chunks/Chunk_5051_5075.txt",5054,"/home/chinmay/ChinmayPersonalProjects/gopdfsuit/sampledata/filler/compressed/generate_medical_form.py",305,"public_api_missing_type_hints",false_positive,"Rule does not clearly match the cited snippet context"
"/home/chinmay/ChinmayPersonalProjects/deslop/scripts/chunks/Chunk_5051_5075.txt",5055,"/home/chinmay/ChinmayPersonalProjects/gopdfsuit/sampledata/filler/compressed/generate_medical_form.py",305,"repeated_small_writes_without_buffering_or_join",false_positive,"Rule does not clearly match the cited snippet context"
"/home/chinmay/ChinmayPersonalProjects/deslop/scripts/chunks/Chunk_5051_5075.txt",5056,"/home/chinmay/ChinmayPersonalProjects/gopdfsuit/sampledata/filler/compressed/generate_medical_form.py",307,"python_perf_layer_network_calls_retry_without_backoff_or_jitter",false_positive,"Rule does not clearly match the cited snippet context"
"/home/chinmay/ChinmayPersonalProjects/deslop/scripts/chunks/Chunk_5051_5075.txt",5057,"/home/chinmay/ChinmayPersonalProjects/gopdfsuit/sampledata/filler/compressed/generate_medical_form.py",307,"python_perf_layer_resource_pooling_http_pool_not_reused",false_positive,"Rule does not clearly match the cited snippet context"
"/home/chinmay/ChinmayPersonalProjects/deslop/scripts/chunks/Chunk_5051_5075.txt",5058,"/home/chinmay/ChinmayPersonalProjects/gopdfsuit/sampledata/filler/compressed/generate_medical_form.py",324,"python_perf_layer_database_access_orm_query_inside_loop",false_positive,"Rule does not clearly match the cited snippet context"
"/home/chinmay/ChinmayPersonalProjects/deslop/scripts/chunks/Chunk_5051_5075.txt",5059,"/home/chinmay/ChinmayPersonalProjects/gopdfsuit/sampledata/filler/compressed/generate_medical_form.py",326,"python_perf_layer_io_operations_path_exists_before_open_race",false_positive,"Rule does not clearly match the cited snippet context"
"/home/chinmay/ChinmayPersonalProjects/deslop/scripts/chunks/Chunk_5051_5075.txt",5060,"/home/chinmay/ChinmayPersonalProjects/gopdfsuit/sampledata/filler/compressed/generate_medical_form.py",326,"python_perf_layer_io_operations_small_file_writes_without_buffer",false_positive,"Rule does not clearly match the cited snippet context"
"/home/chinmay/ChinmayPersonalProjects/deslop/scripts/chunks/Chunk_5051_5075.txt",5061,"/home/chinmay/ChinmayPersonalProjects/gopdfsuit/sampledata/financialreport/data/generate_charts.py",11,"binary_or_multipart_response_missing_explicit_content_type",false_positive,"Rule does not clearly match the cited snippet context"
"/home/chinmay/ChinmayPersonalProjects/deslop/scripts/chunks/Chunk_5051_5075.txt",5062,"/home/chinmay/ChinmayPersonalProjects/gopdfsuit/sampledata/financialreport/data/generate_charts.py",11,"full_response_or_export_buffered_before_incremental_consumer_use",false_positive,"Rule does not clearly match the cited snippet context"
"/home/chinmay/ChinmayPersonalProjects/deslop/scripts/chunks/Chunk_5051_5075.txt",5063,"/home/chinmay/ChinmayPersonalProjects/gopdfsuit/sampledata/financialreport/data/generate_charts.py",11,"invariant_computation_not_hoisted_out_of_nested_loop",false_positive,"Rule does not clearly match the cited snippet context"
"/home/chinmay/ChinmayPersonalProjects/deslop/scripts/chunks/Chunk_5051_5075.txt",5064,"/home/chinmay/ChinmayPersonalProjects/gopdfsuit/sampledata/financialreport/data/generate_charts.py",11,"magic_thresholds_duplicated_across_modules",false_positive,"Rule does not clearly match the cited snippet context"
"/home/chinmay/ChinmayPersonalProjects/deslop/scripts/chunks/Chunk_5051_5075.txt",5065,"/home/chinmay/ChinmayPersonalProjects/gopdfsuit/sampledata/financialreport/data/generate_charts.py",12,"python_perf_layer_string_handling_bytes_decode_encode_roundtrip",false_positive,"Rule does not clearly match the cited snippet context"
"/home/chinmay/ChinmayPersonalProjects/deslop/scripts/chunks/Chunk_5051_5075.txt",5066,"/home/chinmay/ChinmayPersonalProjects/gopdfsuit/sampledata/financialreport/data/generate_charts.py",17,"python_perf_layer_collection_iteration_generator_materialized_for_truthiness",false_positive,"Rule does not clearly match the cited snippet context"
"/home/chinmay/ChinmayPersonalProjects/deslop/scripts/chunks/Chunk_5051_5075.txt",5067,"/home/chinmay/ChinmayPersonalProjects/gopdfsuit/sampledata/financialreport/data/generate_charts.py",17,"python_perf_layer_network_calls_retry_without_backoff_or_jitter",false_positive,"Rule does not clearly match the cited snippet context"
"/home/chinmay/ChinmayPersonalProjects/deslop/scripts/chunks/Chunk_5051_5075.txt",5068,"/home/chinmay/ChinmayPersonalProjects/gopdfsuit/sampledata/financialreport/data/generate_charts.py",28,"python_perf_layer_database_access_orm_query_inside_loop",false_positive,"Rule does not clearly match the cited snippet context"
"/home/chinmay/ChinmayPersonalProjects/deslop/scripts/chunks/Chunk_5051_5075.txt",5069,"/home/chinmay/ChinmayPersonalProjects/gopdfsuit/sampledata/financialreport/data/generate_charts.py",35,"python_perf_layer_io_operations_temporary_file_for_bytes_transform",false_positive,"Rule does not clearly match the cited snippet context"
"/home/chinmay/ChinmayPersonalProjects/deslop/scripts/chunks/Chunk_5051_5075.txt",5070,"/home/chinmay/ChinmayPersonalProjects/gopdfsuit/sampledata/financialreport/data/generate_charts.py",37,"print_debugging_leftover",false_positive,"Rule does not clearly match the cited snippet context"
"/home/chinmay/ChinmayPersonalProjects/deslop/scripts/chunks/Chunk_5051_5075.txt",5071,"/home/chinmay/ChinmayPersonalProjects/gopdfsuit/sampledata/financialreport/data/generate_charts.py",40,"python_perf_layer_resource_pooling_large_buffer_pool_without_cap",false_positive,"Rule does not clearly match the cited snippet context"
"/home/chinmay/ChinmayPersonalProjects/deslop/scripts/chunks/Chunk_5051_5075.txt",5072,"/home/chinmay/ChinmayPersonalProjects/gopdfsuit/sampledata/financialreport/data/generate_charts.py",47,"binary_or_multipart_response_missing_explicit_content_type",false_positive,"Rule does not clearly match the cited snippet context"
"/home/chinmay/ChinmayPersonalProjects/deslop/scripts/chunks/Chunk_5051_5075.txt",5073,"/home/chinmay/ChinmayPersonalProjects/gopdfsuit/sampledata/financialreport/data/generate_charts.py",47,"full_response_or_export_buffered_before_incremental_consumer_use",false_positive,"Rule does not clearly match the cited snippet context"
"/home/chinmay/ChinmayPersonalProjects/deslop/scripts/chunks/Chunk_5051_5075.txt",5074,"/home/chinmay/ChinmayPersonalProjects/gopdfsuit/sampledata/financialreport/data/generate_charts.py",48,"python_perf_layer_algorithmic_complexity_full_sort_for_top_n",false_positive,"Rule does not clearly match the cited snippet context"
"/home/chinmay/ChinmayPersonalProjects/deslop/scripts/chunks/Chunk_5051_5075.txt",5075,"/home/chinmay/ChinmayPersonalProjects/gopdfsuit/sampledata/financialreport/data/generate_charts.py",48,"python_perf_layer_serialization_json_dumps_for_equality_or_hash",false_positive,"Rule does not clearly match the cited snippet context"
"/home/chinmay/ChinmayPersonalProjects/deslop/scripts/chunks/Chunk_5076_5100.txt",5076,"/home/chinmay/ChinmayPersonalProjects/gopdfsuit/sampledata/financialreport/data/generate_charts.py",48,"python_perf_layer_string_handling_bytes_decode_encode_roundtrip",false_positive,"Rule does not clearly match the cited snippet context"
"/home/chinmay/ChinmayPersonalProjects/deslop/scripts/chunks/Chunk_5076_5100.txt",5077,"/home/chinmay/ChinmayPersonalProjects/gopdfsuit/sampledata/financialreport/data/generate_charts.py",48,"python_perf_layer_string_handling_lowercase_compare_allocates",false_positive,"Rule does not clearly match the cited snippet context"
"/home/chinmay/ChinmayPersonalProjects/deslop/scripts/chunks/Chunk_5076_5100.txt",5078,"/home/chinmay/ChinmayPersonalProjects/gopdfsuit/sampledata/financialreport/data/generate_charts.py",61,"python_perf_layer_io_operations_temporary_file_for_bytes_transform",false_positive,"Rule does not clearly match the cited snippet context"
"/home/chinmay/ChinmayPersonalProjects/deslop/scripts/chunks/Chunk_5076_5100.txt",5079,"/home/chinmay/ChinmayPersonalProjects/gopdfsuit/sampledata/financialreport/data/generate_charts.py",63,"print_debugging_leftover",false_positive,"Rule does not clearly match the cited snippet context"
"/home/chinmay/ChinmayPersonalProjects/deslop/scripts/chunks/Chunk_5076_5100.txt",5080,"/home/chinmay/ChinmayPersonalProjects/gopdfsuit/sampledata/financialreport/data/generate_charts.py",66,"python_perf_layer_resource_pooling_large_buffer_pool_without_cap",false_positive,"Rule does not clearly match the cited snippet context"
"/home/chinmay/ChinmayPersonalProjects/deslop/scripts/chunks/Chunk_5076_5100.txt",5081,"/home/chinmay/ChinmayPersonalProjects/gopdfsuit/sampledata/financialreport/data/generate_charts.py",73,"public_api_missing_type_hints",false_positive,"Rule does not clearly match the cited snippet context"
"/home/chinmay/ChinmayPersonalProjects/deslop/scripts/chunks/Chunk_5076_5100.txt",5082,"/home/chinmay/ChinmayPersonalProjects/gopdfsuit/sampledata/financialreport/data/generate_charts.py",73,"repeated_file_open_for_same_resource_within_single_operation",false_positive,"Rule does not clearly match the cited snippet context"
"/home/chinmay/ChinmayPersonalProjects/deslop/scripts/chunks/Chunk_5076_5100.txt",5083,"/home/chinmay/ChinmayPersonalProjects/gopdfsuit/sampledata/financialreport/data/generate_charts.py",73,"repeated_split_or_join_on_invariant_separator_inside_loop",false_positive,"Rule does not clearly match the cited snippet context"
"/home/chinmay/ChinmayPersonalProjects/deslop/scripts/chunks/Chunk_5076_5100.txt",5084,"/home/chinmay/ChinmayPersonalProjects/gopdfsuit/sampledata/financialreport/data/generate_charts.py",73,"same_contextmanager_pattern_copied_across_modules",false_positive,"Rule does not clearly match the cited snippet context"
"/home/chinmay/ChinmayPersonalProjects/deslop/scripts/chunks/Chunk_5076_5100.txt",5085,"/home/chinmay/ChinmayPersonalProjects/gopdfsuit/sampledata/financialreport/data/generate_charts.py",73,"text_bytes_boundary_relies_on_implicit_default_encoding",false_positive,"Rule does not clearly match the cited snippet context"
"/home/chinmay/ChinmayPersonalProjects/deslop/scripts/chunks/Chunk_5076_5100.txt",5086,"/home/chinmay/ChinmayPersonalProjects/gopdfsuit/sampledata/financialreport/data/generate_charts.py",75,"python_perf_layer_io_operations_path_exists_before_open_race",false_positive,"Rule does not clearly match the cited snippet context"
"/home/chinmay/ChinmayPersonalProjects/deslop/scripts/chunks/Chunk_5076_5100.txt",5087,"/home/chinmay/ChinmayPersonalProjects/gopdfsuit/sampledata/gopdflib/financial_report/main.go",19,"go_perf_layer_io_operations_stat_before_open_without_branch",false_positive,"Rule does not clearly match the cited snippet context"
"/home/chinmay/ChinmayPersonalProjects/deslop/scripts/chunks/Chunk_5076_5100.txt",5088,"/home/chinmay/ChinmayPersonalProjects/gopdfsuit/sampledata/gopdflib/financial_report/main.go",21,"go_perf_layer_string_handling_fmt_sprintf_for_simple_concat",false_positive,"Rule does not clearly match the cited snippet context"
"/home/chinmay/ChinmayPersonalProjects/deslop/scripts/chunks/Chunk_5076_5100.txt",5089,"/home/chinmay/ChinmayPersonalProjects/gopdfsuit/sampledata/gopdflib/financial_report/main.go",27,"go_perf_layer_async_concurrency_context_timeout_allocated_per_inner_call",false_positive,"Rule does not clearly match the cited snippet context"
"/home/chinmay/ChinmayPersonalProjects/deslop/scripts/chunks/Chunk_5076_5100.txt",5090,"/home/chinmay/ChinmayPersonalProjects/gopdfsuit/sampledata/gopdflib/financial_report/main.go",31,"go_perf_layer_network_calls_retry_loop_without_backoff",false_positive,"Rule does not clearly match the cited snippet context"
"/home/chinmay/ChinmayPersonalProjects/deslop/scripts/chunks/Chunk_5076_5100.txt",5091,"/home/chinmay/ChinmayPersonalProjects/gopdfsuit/sampledata/gopdflib/financial_report/main.go",32,"go_perf_layer_async_concurrency_channel_buffer_too_small_for_known_burst",false_positive,"Rule does not clearly match the cited snippet context"
"/home/chinmay/ChinmayPersonalProjects/deslop/scripts/chunks/Chunk_5076_5100.txt",5092,"/home/chinmay/ChinmayPersonalProjects/gopdfsuit/sampledata/gopdflib/financial_report/main.go",32,"go_perf_layer_database_access_query_inside_loop_without_batching",false_positive,"Rule does not clearly match the cited snippet context"
"/home/chinmay/ChinmayPersonalProjects/deslop/scripts/chunks/Chunk_5076_5100.txt",5093,"/home/chinmay/ChinmayPersonalProjects/gopdfsuit/sampledata/gopdflib/financial_report/main.go",32,"go_perf_layer_database_access_select_star_on_hot_query",false_positive,"Rule does not clearly match the cited snippet context"
"/home/chinmay/ChinmayPersonalProjects/deslop/scripts/chunks/Chunk_5076_5100.txt",5094,"/home/chinmay/ChinmayPersonalProjects/gopdfsuit/sampledata/gopdflib/financial_report/main.go",37,"go_perf_layer_io_operations_stat_before_open_without_branch",false_positive,"Rule does not clearly match the cited snippet context"
"/home/chinmay/ChinmayPersonalProjects/deslop/scripts/chunks/Chunk_5076_5100.txt",5095,"/home/chinmay/ChinmayPersonalProjects/gopdfsuit/sampledata/gopdflib/financial_report/main.go",50,"go_perf_layer_algorithmic_complexity_quadratic_append_filter_pipeline",false_positive,"Rule does not clearly match the cited snippet context"
"/home/chinmay/ChinmayPersonalProjects/deslop/scripts/chunks/Chunk_5076_5100.txt",5096,"/home/chinmay/ChinmayPersonalProjects/gopdfsuit/sampledata/gopdflib/financial_report/main.go",50,"go_perf_layer_algorithmic_complexity_repeated_nested_slice_scans",false_positive,"Rule does not clearly match the cited snippet context"
"/home/chinmay/ChinmayPersonalProjects/deslop/scripts/chunks/Chunk_5076_5100.txt",5097,"/home/chinmay/ChinmayPersonalProjects/gopdfsuit/sampledata/gopdflib/financial_report/main.go",50,"go_perf_layer_collection_iteration_copy_slice_before_readonly_range",false_positive,"Rule does not clearly match the cited snippet context"
"/home/chinmay/ChinmayPersonalProjects/deslop/scripts/chunks/Chunk_5076_5100.txt",5098,"/home/chinmay/ChinmayPersonalProjects/gopdfsuit/sampledata/gopdflib/financial_report/main.go",50,"go_perf_layer_collection_iteration_len_called_after_materializing_channel",false_positive,"Rule does not clearly match the cited snippet context"
"/home/chinmay/ChinmayPersonalProjects/deslop/scripts/chunks/Chunk_5076_5100.txt",5099,"/home/chinmay/ChinmayPersonalProjects/gopdfsuit/sampledata/gopdflib/financial_report/main.go",50,"go_perf_layer_hot_path_optimization_allocation_in_hash_or_less_func",false_positive,"Rule does not clearly match the cited snippet context"
"/home/chinmay/ChinmayPersonalProjects/deslop/scripts/chunks/Chunk_5076_5100.txt",5100,"/home/chinmay/ChinmayPersonalProjects/gopdfsuit/sampledata/gopdflib/financial_report/main.go",50,"go_perf_layer_hot_path_optimization_time_now_called_many_times_per_item",false_positive,"Rule does not clearly match the cited snippet context"
"/home/chinmay/ChinmayPersonalProjects/deslop/scripts/chunks/Chunk_5101_5125.txt",5101,"/home/chinmay/ChinmayPersonalProjects/gopdfsuit/sampledata/gopdflib/financial_report/main.go",50,"go_perf_layer_io_operations_scanner_used_for_large_token_stream",false_positive,"Rule does not clearly match the cited snippet context"
"/home/chinmay/ChinmayPersonalProjects/deslop/scripts/chunks/Chunk_5101_5125.txt",5102,"/home/chinmay/ChinmayPersonalProjects/gopdfsuit/sampledata/gopdflib/financial_report/main.go",50,"go_perf_layer_io_operations_temporary_file_for_stream_transform",false_positive,"Rule does not clearly match the cited snippet context"
"/home/chinmay/ChinmayPersonalProjects/deslop/scripts/chunks/Chunk_5101_5125.txt",5103,"/home/chinmay/ChinmayPersonalProjects/gopdfsuit/sampledata/gopdflib/financial_report/main.go",50,"go_perf_layer_network_calls_retry_loop_without_backoff",false_positive,"Rule does not clearly match the cited snippet context"
"/home/chinmay/ChinmayPersonalProjects/deslop/scripts/chunks/Chunk_5101_5125.txt",5104,"/home/chinmay/ChinmayPersonalProjects/gopdfsuit/sampledata/gopdflib/financial_report/main.go",54,"go_perf_layer_async_concurrency_context_timeout_allocated_per_inner_call",false_positive,"Rule does not clearly match the cited snippet context"
"/home/chinmay/ChinmayPersonalProjects/deslop/scripts/chunks/Chunk_5101_5125.txt",5105,"/home/chinmay/ChinmayPersonalProjects/gopdfsuit/sampledata/gopdflib/financial_report/main.go",60,"go_perf_layer_lazy_loading_eager_metric_label_cardinality_build",false_positive,"Rule does not clearly match the cited snippet context"
"/home/chinmay/ChinmayPersonalProjects/deslop/scripts/chunks/Chunk_5101_5125.txt",5106,"/home/chinmay/ChinmayPersonalProjects/gopdfsuit/sampledata/gopdflib/financial_report/main.go",65,"go_perf_layer_error_handling_cost_sentinel_error_allocated_per_call",false_positive,"Rule does not clearly match the cited snippet context"
"/home/chinmay/ChinmayPersonalProjects/deslop/scripts/chunks/Chunk_5101_5125.txt",5107,"/home/chinmay/ChinmayPersonalProjects/gopdfsuit/sampledata/gopdflib/financial_report/main.go",65,"go_perf_layer_resource_pooling_rate_limiter_per_request",false_positive,"Rule does not clearly match the cited snippet context"
"/home/chinmay/ChinmayPersonalProjects/deslop/scripts/chunks/Chunk_5101_5125.txt",5108,"/home/chinmay/ChinmayPersonalProjects/gopdfsuit/sampledata/gopdflib/financial_report/main.go",71,"go_perf_layer_async_concurrency_channel_buffer_too_small_for_known_burst",false_positive,"Rule does not clearly match the cited snippet context"
"/home/chinmay/ChinmayPersonalProjects/deslop/scripts/chunks/Chunk_5101_5125.txt",5109,"/home/chinmay/ChinmayPersonalProjects/gopdfsuit/sampledata/gopdflib/financial_report/main.go",72,"go_perf_layer_memory_allocation_append_without_known_capacity",false_positive,"Rule does not clearly match the cited snippet context"
"/home/chinmay/ChinmayPersonalProjects/deslop/scripts/chunks/Chunk_5101_5125.txt",5110,"/home/chinmay/ChinmayPersonalProjects/gopdfsuit/sampledata/gopdflib/financial_report/main.go",72,"go_perf_layer_memory_allocation_bytes_buffer_allocated_per_record",false_positive,"Rule does not clearly match the cited snippet context"
"/home/chinmay/ChinmayPersonalProjects/deslop/scripts/chunks/Chunk_5101_5125.txt",5111,"/home/chinmay/ChinmayPersonalProjects/gopdfsuit/sampledata/gopdflib/financial_report/main.go",72,"go_perf_layer_memory_allocation_temporary_byte_slice_for_string_write",false_positive,"Rule does not clearly match the cited snippet context"
"/home/chinmay/ChinmayPersonalProjects/deslop/scripts/chunks/Chunk_5101_5125.txt",5112,"/home/chinmay/ChinmayPersonalProjects/gopdfsuit/sampledata/gopdflib/financial_report/main.go",81,"waitgroup_fanout_without_errgroup_on_error_path",false_positive,"Rule does not clearly match the cited snippet context"
"/home/chinmay/ChinmayPersonalProjects/deslop/scripts/chunks/Chunk_5101_5125.txt",5113,"/home/chinmay/ChinmayPersonalProjects/gopdfsuit/sampledata/gopdflib/financial_report/main.go",86,"waitgroup_add_inside_loop",false_positive,"Rule does not clearly match the cited snippet context"
"/home/chinmay/ChinmayPersonalProjects/deslop/scripts/chunks/Chunk_5101_5125.txt",5114,"/home/chinmay/ChinmayPersonalProjects/gopdfsuit/sampledata/gopdflib/financial_report/main.go",87,"goroutine_for_sync_work",false_positive,"Rule does not clearly match the cited snippet context"
"/home/chinmay/ChinmayPersonalProjects/deslop/scripts/chunks/Chunk_5101_5125.txt",5115,"/home/chinmay/ChinmayPersonalProjects/gopdfsuit/sampledata/gopdflib/financial_report/main.go",87,"goroutine_without_shutdown_path",false_positive,"Rule does not clearly match the cited snippet context"
"/home/chinmay/ChinmayPersonalProjects/deslop/scripts/chunks/Chunk_5101_5125.txt",5116,"/home/chinmay/ChinmayPersonalProjects/gopdfsuit/sampledata/gopdflib/financial_report/main.go",90,"time_now_in_tight_loop",false_positive,"Rule does not clearly match the cited snippet context"
"/home/chinmay/ChinmayPersonalProjects/deslop/scripts/chunks/Chunk_5101_5125.txt",5117,"/home/chinmay/ChinmayPersonalProjects/gopdfsuit/sampledata/gopdflib/financial_report/main.go",133,"shared_slice_append_race",false_positive,"Rule does not clearly match the cited snippet context"
"/home/chinmay/ChinmayPersonalProjects/deslop/scripts/chunks/Chunk_5101_5125.txt",5118,"/home/chinmay/ChinmayPersonalProjects/gopdfsuit/sampledata/gopdflib/financial_report/main.go",133,"slice_append_without_prealloc_known_bound",false_positive,"Rule does not clearly match the cited snippet context"
"/home/chinmay/ChinmayPersonalProjects/deslop/scripts/chunks/Chunk_5101_5125.txt",5119,"/home/chinmay/ChinmayPersonalProjects/gopdfsuit/sampledata/gopdflib/financial_report/main.go",133,"slice_grow_without_cap_hint",false_positive,"Rule does not clearly match the cited snippet context"
"/home/chinmay/ChinmayPersonalProjects/deslop/scripts/chunks/Chunk_5101_5125.txt",5120,"/home/chinmay/ChinmayPersonalProjects/gopdfsuit/sampledata/gopdflib/financial_report/main.go",137,"go_perf_layer_io_operations_stat_before_open_without_branch",false_positive,"Rule does not clearly match the cited snippet context"
"/home/chinmay/ChinmayPersonalProjects/deslop/scripts/chunks/Chunk_5101_5125.txt",5121,"/home/chinmay/ChinmayPersonalProjects/gopdfsuit/sampledata/gopdflib/financial_report/main.go",194,"go_perf_layer_data_structure_choice_map_string_bool_for_membership",false_positive,"Rule does not clearly match the cited snippet context"
"/home/chinmay/ChinmayPersonalProjects/deslop/scripts/chunks/Chunk_5101_5125.txt",5122,"/home/chinmay/ChinmayPersonalProjects/gopdfsuit/sampledata/gopdflib/financial_report/main.go",202,"go_perf_layer_string_handling_string_lower_for_case_insensitive_compare",false_positive,"Rule does not clearly match the cited snippet context"
"/home/chinmay/ChinmayPersonalProjects/deslop/scripts/chunks/Chunk_5101_5125.txt",5123,"/home/chinmay/ChinmayPersonalProjects/gopdfsuit/sampledata/gopdflib/financial_report/main.go",204,"go_perf_layer_algorithmic_complexity_repeated_nested_slice_scans",false_positive,"Rule does not clearly match the cited snippet context"
"/home/chinmay/ChinmayPersonalProjects/deslop/scripts/chunks/Chunk_5101_5125.txt",5124,"/home/chinmay/ChinmayPersonalProjects/gopdfsuit/sampledata/gopdflib/financial_report/main.go",204,"go_perf_layer_data_structure_choice_slice_queue_pop_front",false_positive,"Rule does not clearly match the cited snippet context"
"/home/chinmay/ChinmayPersonalProjects/deslop/scripts/chunks/Chunk_5101_5125.txt",5125,"/home/chinmay/ChinmayPersonalProjects/gopdfsuit/sampledata/gopdflib/financial_report/main.go",204,"go_perf_layer_memory_allocation_temporary_byte_slice_for_string_write",false_positive,"Rule does not clearly match the cited snippet context"
"/home/chinmay/ChinmayPersonalProjects/deslop/scripts/chunks/Chunk_5126_5150.txt",5126,"/home/chinmay/ChinmayPersonalProjects/gopdfsuit/sampledata/gopdflib/financial_report/main.go",204,"go_perf_layer_string_handling_strings_join_single_element_loop",false_positive,"Rule does not clearly match the cited snippet context"
"/home/chinmay/ChinmayPersonalProjects/deslop/scripts/chunks/Chunk_5126_5150.txt",5127,"/home/chinmay/ChinmayPersonalProjects/gopdfsuit/sampledata/gopdflib/financial_report/main.go",216,"go_perf_layer_database_access_rows_scan_into_map_per_row",false_positive,"Rule does not clearly match the cited snippet context"
"/home/chinmay/ChinmayPersonalProjects/deslop/scripts/chunks/Chunk_5126_5150.txt",5128,"/home/chinmay/ChinmayPersonalProjects/gopdfsuit/sampledata/gopdflib/financial_report/main.go",224,"go_perf_layer_network_calls_retry_loop_without_backoff",false_positive,"Rule does not clearly match the cited snippet context"
"/home/chinmay/ChinmayPersonalProjects/deslop/scripts/chunks/Chunk_5126_5150.txt",5129,"/home/chinmay/ChinmayPersonalProjects/gopdfsuit/sampledata/gopdflib/financial_report/main.go",269,"go_perf_layer_io_operations_stat_before_open_without_branch",false_positive,"Rule does not clearly match the cited snippet context"
"/home/chinmay/ChinmayPersonalProjects/deslop/scripts/chunks/Chunk_5126_5150.txt",5130,"/home/chinmay/ChinmayPersonalProjects/gopdfsuit/sampledata/gopdflib/financial_report/main.go",276,"go_perf_layer_async_concurrency_goroutine_per_item_without_worker_limit",false_positive,"Rule does not clearly match the cited snippet context"
"/home/chinmay/ChinmayPersonalProjects/deslop/scripts/chunks/Chunk_5126_5150.txt",5131,"/home/chinmay/ChinmayPersonalProjects/gopdfsuit/sampledata/gopdflib/load_from_json/main.go",18,"go_perf_layer_lazy_loading_eager_template_parse_for_unused_routes",false_positive,"Rule does not clearly match the cited snippet context"
"/home/chinmay/ChinmayPersonalProjects/deslop/scripts/chunks/Chunk_5126_5150.txt",5132,"/home/chinmay/ChinmayPersonalProjects/gopdfsuit/sampledata/gopdflib/load_from_json/main.go",18,"go_perf_layer_serialization_json_decoder_without_reuse_for_stream",false_positive,"Rule does not clearly match the cited snippet context"
"/home/chinmay/ChinmayPersonalProjects/deslop/scripts/chunks/Chunk_5126_5150.txt",5133,"/home/chinmay/ChinmayPersonalProjects/gopdfsuit/sampledata/gopdflib/load_from_json/main.go",18,"go_perf_layer_serialization_json_marshal_for_deep_equal",false_positive,"Rule does not clearly match the cited snippet context"
"/home/chinmay/ChinmayPersonalProjects/deslop/scripts/chunks/Chunk_5126_5150.txt",5134,"/home/chinmay/ChinmayPersonalProjects/gopdfsuit/sampledata/gopdflib/load_from_json/main.go",18,"go_perf_layer_serialization_map_any_json_decode_in_hot_path",false_positive,"Rule does not clearly match the cited snippet context"
"/home/chinmay/ChinmayPersonalProjects/deslop/scripts/chunks/Chunk_5126_5150.txt",5135,"/home/chinmay/ChinmayPersonalProjects/gopdfsuit/sampledata/gopdflib/load_from_json/main.go",21,"go_perf_layer_io_operations_scanner_used_for_large_token_stream",false_positive,"Rule does not clearly match the cited snippet context"
"/home/chinmay/ChinmayPersonalProjects/deslop/scripts/chunks/Chunk_5126_5150.txt",5136,"/home/chinmay/ChinmayPersonalProjects/gopdfsuit/sampledata/gopdflib/load_from_json/main.go",21,"go_perf_layer_io_operations_stat_before_open_without_branch",false_positive,"Rule does not clearly match the cited snippet context"
"/home/chinmay/ChinmayPersonalProjects/deslop/scripts/chunks/Chunk_5126_5150.txt",5137,"/home/chinmay/ChinmayPersonalProjects/gopdfsuit/sampledata/gopdflib/load_from_json/main.go",21,"go_perf_layer_io_operations_temporary_file_for_stream_transform",false_positive,"Rule does not clearly match the cited snippet context"
"/home/chinmay/ChinmayPersonalProjects/deslop/scripts/chunks/Chunk_5126_5150.txt",5138,"/home/chinmay/ChinmayPersonalProjects/gopdfsuit/sampledata/gopdflib/load_from_json/main.go",26,"go_perf_layer_framework_performance_grpc_metadata_parsed_repeatedly",false_positive,"Rule does not clearly match the cited snippet context"
"/home/chinmay/ChinmayPersonalProjects/deslop/scripts/chunks/Chunk_5126_5150.txt",5139,"/home/chinmay/ChinmayPersonalProjects/gopdfsuit/sampledata/gopdflib/load_from_json/main.go",27,"go_perf_layer_database_access_query_inside_loop_without_batching",false_positive,"Rule does not clearly match the cited snippet context"
"/home/chinmay/ChinmayPersonalProjects/deslop/scripts/chunks/Chunk_5126_5150.txt",5140,"/home/chinmay/ChinmayPersonalProjects/gopdfsuit/sampledata/gopdflib/load_from_json/main.go",27,"go_perf_layer_database_access_select_star_on_hot_query",false_positive,"Rule does not clearly match the cited snippet context"
"/home/chinmay/ChinmayPersonalProjects/deslop/scripts/chunks/Chunk_5126_5150.txt",5141,"/home/chinmay/ChinmayPersonalProjects/gopdfsuit/sampledata/gopdflib/load_from_json/main.go",28,"go_perf_layer_async_concurrency_goroutine_per_item_without_worker_limit",false_positive,"Rule does not clearly match the cited snippet context"
"/home/chinmay/ChinmayPersonalProjects/deslop/scripts/chunks/Chunk_5126_5150.txt",5142,"/home/chinmay/ChinmayPersonalProjects/gopdfsuit/sampledata/gopdflib/load_from_json/main.go",34,"go_perf_layer_collection_iteration_copy_slice_before_readonly_range",false_positive,"Rule does not clearly match the cited snippet context"
"/home/chinmay/ChinmayPersonalProjects/deslop/scripts/chunks/Chunk_5126_5150.txt",5143,"/home/chinmay/ChinmayPersonalProjects/gopdfsuit/sampledata/gopdflib/load_from_json/main.go",35,"full_dataset_load",false_positive,"Rule does not clearly match the cited snippet context"
"/home/chinmay/ChinmayPersonalProjects/deslop/scripts/chunks/Chunk_5126_5150.txt",5144,"/home/chinmay/ChinmayPersonalProjects/gopdfsuit/sampledata/gopdflib/load_from_json/main.go",49,"go_perf_layer_hot_path_optimization_invariant_parse_inside_handler",false_positive,"Rule does not clearly match the cited snippet context"
"/home/chinmay/ChinmayPersonalProjects/deslop/scripts/chunks/Chunk_5126_5150.txt",5145,"/home/chinmay/ChinmayPersonalProjects/gopdfsuit/sampledata/gopdflib/load_from_json/main.go",49,"go_perf_layer_hot_path_optimization_time_now_called_many_times_per_item",false_positive,"Rule does not clearly match the cited snippet context"
"/home/chinmay/ChinmayPersonalProjects/deslop/scripts/chunks/Chunk_5126_5150.txt",5146,"/home/chinmay/ChinmayPersonalProjects/gopdfsuit/sampledata/gopdflib/load_from_json/main.go",51,"go_perf_layer_profiling_benchmarking_benchmark_missing_allocs_report",false_positive,"Rule does not clearly match the cited snippet context"
"/home/chinmay/ChinmayPersonalProjects/deslop/scripts/chunks/Chunk_5126_5150.txt",5147,"/home/chinmay/ChinmayPersonalProjects/gopdfsuit/sampledata/gopdflib/load_from_json/main.go",56,"go_perf_layer_memory_allocation_temporary_byte_slice_for_string_write",false_positive,"Rule does not clearly match the cited snippet context"
"/home/chinmay/ChinmayPersonalProjects/deslop/scripts/chunks/Chunk_5126_5150.txt",5148,"/home/chinmay/ChinmayPersonalProjects/gopdfsuit/sampledata/gopdflib/load_from_json/main.go",59,"go_perf_layer_resource_pooling_rate_limiter_per_request",false_positive,"Rule does not clearly match the cited snippet context"
"/home/chinmay/ChinmayPersonalProjects/deslop/scripts/chunks/Chunk_5126_5150.txt",5149,"/home/chinmay/ChinmayPersonalProjects/gopdfsuit/sampledata/gopdflib/load_from_json/main.go",65,"go_perf_layer_network_calls_retry_loop_without_backoff",false_positive,"Rule does not clearly match the cited snippet context"
"/home/chinmay/ChinmayPersonalProjects/deslop/scripts/chunks/Chunk_5126_5150.txt",5150,"/home/chinmay/ChinmayPersonalProjects/gopdfsuit/sampledata/gopdflib/load_from_json/main.go",66,"time_now_in_tight_loop",false_positive,"Rule does not clearly match the cited snippet context"
"/home/chinmay/ChinmayPersonalProjects/deslop/scripts/chunks/Chunk_5151_5175.txt",5151,"/home/chinmay/ChinmayPersonalProjects/gopdfsuit/sampledata/gopdflib/text_wrapping/main.go",15,"go_perf_layer_error_handling_cost_errors_wrap_in_tight_loop",false_positive,"Rule does not clearly match the cited snippet context"
"/home/chinmay/ChinmayPersonalProjects/deslop/scripts/chunks/Chunk_5151_5175.txt",5152,"/home/chinmay/ChinmayPersonalProjects/gopdfsuit/sampledata/gopdflib/text_wrapping/main.go",22,"go_perf_layer_memory_allocation_bytes_buffer_allocated_per_record",false_positive,"Rule does not clearly match the cited snippet context"
"/home/chinmay/ChinmayPersonalProjects/deslop/scripts/chunks/Chunk_5151_5175.txt",5153,"/home/chinmay/ChinmayPersonalProjects/gopdfsuit/sampledata/gopdflib/text_wrapping/main.go",40,"go_perf_layer_database_access_rows_scan_into_map_per_row",false_positive,"Rule does not clearly match the cited snippet context"
"/home/chinmay/ChinmayPersonalProjects/deslop/scripts/chunks/Chunk_5151_5175.txt",5154,"/home/chinmay/ChinmayPersonalProjects/gopdfsuit/sampledata/gopdflib/text_wrapping/main.go",41,"go_perf_layer_network_calls_retry_loop_without_backoff",false_positive,"Rule does not clearly match the cited snippet context"
"/home/chinmay/ChinmayPersonalProjects/deslop/scripts/chunks/Chunk_5151_5175.txt",5155,"/home/chinmay/ChinmayPersonalProjects/gopdfsuit/sampledata/gopdflib/text_wrapping/main.go",49,"go_perf_layer_garbage_collection_cleanup_large_slice_retained_after_truncate",false_positive,"Rule does not clearly match the cited snippet context"
"/home/chinmay/ChinmayPersonalProjects/deslop/scripts/chunks/Chunk_5151_5175.txt",5156,"/home/chinmay/ChinmayPersonalProjects/gopdfsuit/sampledata/gopdflib/text_wrapping/main.go",50,"go_perf_layer_runtime_configuration_reflection_config_loaded_per_call",false_positive,"Rule does not clearly match the cited snippet context"
"/home/chinmay/ChinmayPersonalProjects/deslop/scripts/chunks/Chunk_5151_5175.txt",5157,"/home/chinmay/ChinmayPersonalProjects/gopdfsuit/sampledata/gopdflib/text_wrapping/main.go",59,"go_perf_layer_algorithmic_complexity_repeated_nested_slice_scans",false_positive,"Rule does not clearly match the cited snippet context"
"/home/chinmay/ChinmayPersonalProjects/deslop/scripts/chunks/Chunk_5151_5175.txt",5158,"/home/chinmay/ChinmayPersonalProjects/gopdfsuit/sampledata/gopdflib/text_wrapping/main.go",59,"go_perf_layer_data_structure_choice_slice_queue_pop_front",false_positive,"Rule does not clearly match the cited snippet context"
"/home/chinmay/ChinmayPersonalProjects/deslop/scripts/chunks/Chunk_5151_5175.txt",5159,"/home/chinmay/ChinmayPersonalProjects/gopdfsuit/sampledata/gopdflib/text_wrapping/main.go",60,"go_perf_layer_database_access_rows_scan_into_map_per_row",false_positive,"Rule does not clearly match the cited snippet context"
"/home/chinmay/ChinmayPersonalProjects/deslop/scripts/chunks/Chunk_5151_5175.txt",5160,"/home/chinmay/ChinmayPersonalProjects/gopdfsuit/sampledata/gopdflib/text_wrapping/main.go",104,"go_perf_layer_resource_pooling_rate_limiter_per_request",false_positive,"Rule does not clearly match the cited snippet context"
"/home/chinmay/ChinmayPersonalProjects/deslop/scripts/chunks/Chunk_5151_5175.txt",5161,"/home/chinmay/ChinmayPersonalProjects/gopdfsuit/sampledata/gopdflib/text_wrapping/main.go",109,"go_perf_layer_async_concurrency_goroutine_per_item_without_worker_limit",false_positive,"Rule does not clearly match the cited snippet context"
"/home/chinmay/ChinmayPersonalProjects/deslop/scripts/chunks/Chunk_5151_5175.txt",5162,"/home/chinmay/ChinmayPersonalProjects/gopdfsuit/sampledata/gopdflib/text_wrapping/main.go",109,"go_perf_layer_hot_path_optimization_time_now_called_many_times_per_item",false_positive,"Rule does not clearly match the cited snippet context"
"/home/chinmay/ChinmayPersonalProjects/deslop/scripts/chunks/Chunk_5151_5175.txt",5163,"/home/chinmay/ChinmayPersonalProjects/gopdfsuit/sampledata/gopdflib/text_wrapping/main.go",110,"go_perf_layer_io_operations_scanner_used_for_large_token_stream",false_positive,"Rule does not clearly match the cited snippet context"
"/home/chinmay/ChinmayPersonalProjects/deslop/scripts/chunks/Chunk_5151_5175.txt",5164,"/home/chinmay/ChinmayPersonalProjects/gopdfsuit/sampledata/gopdflib/text_wrapping/main.go",110,"go_perf_layer_network_calls_retry_loop_without_backoff",false_positive,"Rule does not clearly match the cited snippet context"
"/home/chinmay/ChinmayPersonalProjects/deslop/scripts/chunks/Chunk_5151_5175.txt",5165,"/home/chinmay/ChinmayPersonalProjects/gopdfsuit/sampledata/gopdflib/text_wrapping/main.go",111,"go_perf_layer_data_structure_choice_interface_map_for_typed_values",false_positive,"Rule does not clearly match the cited snippet context"
"/home/chinmay/ChinmayPersonalProjects/deslop/scripts/chunks/Chunk_5151_5175.txt",5166,"/home/chinmay/ChinmayPersonalProjects/gopdfsuit/sampledata/gopdflib/text_wrapping/main.go",185,"go_perf_layer_io_operations_stat_before_open_without_branch",false_positive,"Rule does not clearly match the cited snippet context"
"/home/chinmay/ChinmayPersonalProjects/deslop/scripts/chunks/Chunk_5151_5175.txt",5167,"/home/chinmay/ChinmayPersonalProjects/gopdfsuit/sampledata/gopdflib/text_wrapping/main.go",204,"go_perf_layer_profiling_benchmarking_benchmark_missing_allocs_report",false_positive,"Rule does not clearly match the cited snippet context"
"/home/chinmay/ChinmayPersonalProjects/deslop/scripts/chunks/Chunk_5151_5175.txt",5168,"/home/chinmay/ChinmayPersonalProjects/gopdfsuit/sampledata/gopdflib/typst_math/main.go",17,"go_perf_layer_string_handling_string_lower_for_case_insensitive_compare",false_positive,"Rule does not clearly match the cited snippet context"
"/home/chinmay/ChinmayPersonalProjects/deslop/scripts/chunks/Chunk_5151_5175.txt",5169,"/home/chinmay/ChinmayPersonalProjects/gopdfsuit/sampledata/gopdflib/zerodha/analyze_bench.py",5,"blocking_io_call_executed_per_item_without_batching",false_positive,"Rule does not clearly match the cited snippet context"
"/home/chinmay/ChinmayPersonalProjects/deslop/scripts/chunks/Chunk_5151_5175.txt",5170,"/home/chinmay/ChinmayPersonalProjects/gopdfsuit/sampledata/gopdflib/zerodha/analyze_bench.py",5,"fallback_branch_swallows_invariant_violation_and_returns_plausible_default",false_positive,"Rule does not clearly match the cited snippet context"
"/home/chinmay/ChinmayPersonalProjects/deslop/scripts/chunks/Chunk_5151_5175.txt",5171,"/home/chinmay/ChinmayPersonalProjects/gopdfsuit/sampledata/gopdflib/zerodha/analyze_bench.py",5,"orchestrator_performs_low_level_tokenization_or_parsing",false_positive,"Rule does not clearly match the cited snippet context"
"/home/chinmay/ChinmayPersonalProjects/deslop/scripts/chunks/Chunk_5151_5175.txt",5172,"/home/chinmay/ChinmayPersonalProjects/gopdfsuit/sampledata/gopdflib/zerodha/analyze_bench.py",5,"public_api_missing_type_hints",false_positive,"Rule does not clearly match the cited snippet context"
"/home/chinmay/ChinmayPersonalProjects/deslop/scripts/chunks/Chunk_5151_5175.txt",5173,"/home/chinmay/ChinmayPersonalProjects/gopdfsuit/sampledata/gopdflib/zerodha/analyze_bench.py",5,"repeated_split_or_join_on_invariant_separator_inside_loop",false_positive,"Rule does not clearly match the cited snippet context"
"/home/chinmay/ChinmayPersonalProjects/deslop/scripts/chunks/Chunk_5151_5175.txt",5174,"/home/chinmay/ChinmayPersonalProjects/gopdfsuit/sampledata/gopdflib/zerodha/analyze_bench.py",5,"text_bytes_boundary_relies_on_implicit_default_encoding",false_positive,"Rule does not clearly match the cited snippet context"
"/home/chinmay/ChinmayPersonalProjects/deslop/scripts/chunks/Chunk_5151_5175.txt",5175,"/home/chinmay/ChinmayPersonalProjects/gopdfsuit/sampledata/gopdflib/zerodha/analyze_bench.py",9,"python_perf_layer_error_handling_cost_raise_from_none_hides_retriable_error_context",false_positive,"Rule does not clearly match the cited snippet context"
"/home/chinmay/ChinmayPersonalProjects/deslop/scripts/chunks/Chunk_5176_5200.txt",5176,"/home/chinmay/ChinmayPersonalProjects/gopdfsuit/sampledata/gopdflib/zerodha/analyze_bench.py",9,"python_perf_layer_io_operations_path_exists_before_open_race",false_positive,"Rule does not clearly match the cited snippet context"
"/home/chinmay/ChinmayPersonalProjects/deslop/scripts/chunks/Chunk_5176_5200.txt",5177,"/home/chinmay/ChinmayPersonalProjects/gopdfsuit/sampledata/gopdflib/zerodha/analyze_bench.py",9,"python_perf_layer_io_operations_read_entire_file_for_line_processing",false_positive,"Rule does not clearly match the cited snippet context"
"/home/chinmay/ChinmayPersonalProjects/deslop/scripts/chunks/Chunk_5176_5200.txt",5178,"/home/chinmay/ChinmayPersonalProjects/gopdfsuit/sampledata/gopdflib/zerodha/analyze_bench.py",9,"python_perf_layer_io_operations_small_file_writes_without_buffer",false_positive,"Rule does not clearly match the cited snippet context"
"/home/chinmay/ChinmayPersonalProjects/deslop/scripts/chunks/Chunk_5176_5200.txt",5179,"/home/chinmay/ChinmayPersonalProjects/gopdfsuit/sampledata/gopdflib/zerodha/analyze_bench.py",10,"python_perf_layer_error_handling_cost_broad_except_retries_cpu_work",false_positive,"Rule does not clearly match the cited snippet context"
"/home/chinmay/ChinmayPersonalProjects/deslop/scripts/chunks/Chunk_5176_5200.txt",5180,"/home/chinmay/ChinmayPersonalProjects/gopdfsuit/sampledata/gopdflib/zerodha/analyze_bench.py",10,"python_perf_layer_network_calls_retry_without_backoff_or_jitter",false_positive,"Rule does not clearly match the cited snippet context"
"/home/chinmay/ChinmayPersonalProjects/deslop/scripts/chunks/Chunk_5176_5200.txt",5181,"/home/chinmay/ChinmayPersonalProjects/gopdfsuit/sampledata/gopdflib/zerodha/analyze_bench.py",13,"python_perf_layer_memory_allocation_list_append_without_generator_stream",false_positive,"Rule does not clearly match the cited snippet context"
"/home/chinmay/ChinmayPersonalProjects/deslop/scripts/chunks/Chunk_5176_5200.txt",5182,"/home/chinmay/ChinmayPersonalProjects/gopdfsuit/sampledata/gopdflib/zerodha/analyze_bench.py",17,"exception_handler_returns_default_without_any_logging",false_positive,"Rule does not clearly match the cited snippet context"
"/home/chinmay/ChinmayPersonalProjects/deslop/scripts/chunks/Chunk_5176_5200.txt",5183,"/home/chinmay/ChinmayPersonalProjects/gopdfsuit/sampledata/gopdflib/zerodha/analyze_bench.py",24,"public_api_missing_type_hints",false_positive,"Rule does not clearly match the cited snippet context"
"/home/chinmay/ChinmayPersonalProjects/deslop/scripts/chunks/Chunk_5176_5200.txt",5184,"/home/chinmay/ChinmayPersonalProjects/gopdfsuit/sampledata/gopdflib/zerodha/analyze_bench.py",26,"python_perf_layer_collection_iteration_generator_materialized_for_truthiness",false_positive,"Rule does not clearly match the cited snippet context"
"/home/chinmay/ChinmayPersonalProjects/deslop/scripts/chunks/Chunk_5176_5200.txt",5185,"/home/chinmay/ChinmayPersonalProjects/gopdfsuit/sampledata/gopdflib/zerodha/analyze_bench.py",26,"python_perf_layer_network_calls_retry_without_backoff_or_jitter",false_positive,"Rule does not clearly match the cited snippet context"
"/home/chinmay/ChinmayPersonalProjects/deslop/scripts/chunks/Chunk_5176_5200.txt",5186,"/home/chinmay/ChinmayPersonalProjects/gopdfsuit/sampledata/gopdflib/zerodha/main.go",30,"go_perf_layer_io_operations_stat_before_open_without_branch",false_positive,"Rule does not clearly match the cited snippet context"
"/home/chinmay/ChinmayPersonalProjects/deslop/scripts/chunks/Chunk_5176_5200.txt",5187,"/home/chinmay/ChinmayPersonalProjects/gopdfsuit/sampledata/gopdflib/zerodha/main.go",32,"go_perf_layer_string_handling_fmt_sprintf_for_simple_concat",false_positive,"Rule does not clearly match the cited snippet context"
"/home/chinmay/ChinmayPersonalProjects/deslop/scripts/chunks/Chunk_5176_5200.txt",5188,"/home/chinmay/ChinmayPersonalProjects/gopdfsuit/sampledata/gopdflib/zerodha/main.go",38,"go_perf_layer_async_concurrency_context_timeout_allocated_per_inner_call",false_positive,"Rule does not clearly match the cited snippet context"
"/home/chinmay/ChinmayPersonalProjects/deslop/scripts/chunks/Chunk_5176_5200.txt",5189,"/home/chinmay/ChinmayPersonalProjects/gopdfsuit/sampledata/gopdflib/zerodha/main.go",41,"go_perf_layer_network_calls_retry_loop_without_backoff",false_positive,"Rule does not clearly match the cited snippet context"
"/home/chinmay/ChinmayPersonalProjects/deslop/scripts/chunks/Chunk_5176_5200.txt",5190,"/home/chinmay/ChinmayPersonalProjects/gopdfsuit/sampledata/gopdflib/zerodha/main.go",42,"go_perf_layer_async_concurrency_channel_buffer_too_small_for_known_burst",false_positive,"Rule does not clearly match the cited snippet context"
"/home/chinmay/ChinmayPersonalProjects/deslop/scripts/chunks/Chunk_5176_5200.txt",5191,"/home/chinmay/ChinmayPersonalProjects/gopdfsuit/sampledata/gopdflib/zerodha/main.go",42,"go_perf_layer_database_access_query_inside_loop_without_batching",false_positive,"Rule does not clearly match the cited snippet context"
"/home/chinmay/ChinmayPersonalProjects/deslop/scripts/chunks/Chunk_5176_5200.txt",5192,"/home/chinmay/ChinmayPersonalProjects/gopdfsuit/sampledata/gopdflib/zerodha/main.go",42,"go_perf_layer_database_access_select_star_on_hot_query",false_positive,"Rule does not clearly match the cited snippet context"
"/home/chinmay/ChinmayPersonalProjects/deslop/scripts/chunks/Chunk_5176_5200.txt",5193,"/home/chinmay/ChinmayPersonalProjects/gopdfsuit/sampledata/gopdflib/zerodha/main.go",47,"go_perf_layer_io_operations_stat_before_open_without_branch",false_positive,"Rule does not clearly match the cited snippet context"
"/home/chinmay/ChinmayPersonalProjects/deslop/scripts/chunks/Chunk_5176_5200.txt",5194,"/home/chinmay/ChinmayPersonalProjects/gopdfsuit/sampledata/gopdflib/zerodha/main.go",60,"mutable_package_global",false_positive,"Rule does not clearly match the cited snippet context"
"/home/chinmay/ChinmayPersonalProjects/deslop/scripts/chunks/Chunk_5176_5200.txt",5195,"/home/chinmay/ChinmayPersonalProjects/gopdfsuit/sampledata/gopdflib/zerodha/main.go",68,"mutable_package_global",false_positive,"Rule does not clearly match the cited snippet context"
"/home/chinmay/ChinmayPersonalProjects/deslop/scripts/chunks/Chunk_5176_5200.txt",5196,"/home/chinmay/ChinmayPersonalProjects/gopdfsuit/sampledata/gopdflib/zerodha/main.go",82,"go_perf_layer_collection_iteration_copy_slice_before_readonly_range",false_positive,"Rule does not clearly match the cited snippet context"
"/home/chinmay/ChinmayPersonalProjects/deslop/scripts/chunks/Chunk_5176_5200.txt",5197,"/home/chinmay/ChinmayPersonalProjects/gopdfsuit/sampledata/gopdflib/zerodha/main.go",82,"go_perf_layer_memory_allocation_temporary_byte_slice_for_string_write",false_positive,"Rule does not clearly match the cited snippet context"
"/home/chinmay/ChinmayPersonalProjects/deslop/scripts/chunks/Chunk_5176_5200.txt",5198,"/home/chinmay/ChinmayPersonalProjects/gopdfsuit/sampledata/gopdflib/zerodha/main.go",84,"go_perf_layer_network_calls_retry_loop_without_backoff",false_positive,"Rule does not clearly match the cited snippet context"
"/home/chinmay/ChinmayPersonalProjects/deslop/scripts/chunks/Chunk_5176_5200.txt",5199,"/home/chinmay/ChinmayPersonalProjects/gopdfsuit/sampledata/gopdflib/zerodha/main.go",92,"fmt_hot_path",false_positive,"Rule does not clearly match the cited snippet context"
"/home/chinmay/ChinmayPersonalProjects/deslop/scripts/chunks/Chunk_5176_5200.txt",5200,"/home/chinmay/ChinmayPersonalProjects/gopdfsuit/sampledata/gopdflib/zerodha/main.go",92,"go_perf_layer_string_handling_fmt_sprintf_for_simple_concat",false_positive,"Rule does not clearly match the cited snippet context"
"/home/chinmay/ChinmayPersonalProjects/deslop/scripts/chunks/Chunk_5201_5225.txt",5201,"/home/chinmay/ChinmayPersonalProjects/gopdfsuit/sampledata/gopdflib/zerodha/main.go",129,"go_perf_layer_data_structure_choice_map_string_bool_for_membership",false_positive,"Rule does not clearly match the cited snippet context"
"/home/chinmay/ChinmayPersonalProjects/deslop/scripts/chunks/Chunk_5201_5225.txt",5202,"/home/chinmay/ChinmayPersonalProjects/gopdfsuit/sampledata/gopdflib/zerodha/main.go",138,"go_perf_layer_string_handling_string_lower_for_case_insensitive_compare",false_positive,"Rule does not clearly match the cited snippet context"
"/home/chinmay/ChinmayPersonalProjects/deslop/scripts/chunks/Chunk_5201_5225.txt",5203,"/home/chinmay/ChinmayPersonalProjects/gopdfsuit/sampledata/gopdflib/zerodha/main.go",140,"go_perf_layer_memory_allocation_temporary_byte_slice_for_string_write",false_positive,"Rule does not clearly match the cited snippet context"
"/home/chinmay/ChinmayPersonalProjects/deslop/scripts/chunks/Chunk_5201_5225.txt",5204,"/home/chinmay/ChinmayPersonalProjects/gopdfsuit/sampledata/gopdflib/zerodha/main.go",295,"go_perf_layer_memory_allocation_bytes_buffer_allocated_per_record",false_positive,"Rule does not clearly match the cited snippet context"
"/home/chinmay/ChinmayPersonalProjects/deslop/scripts/chunks/Chunk_5201_5225.txt",5205,"/home/chinmay/ChinmayPersonalProjects/gopdfsuit/sampledata/gopdflib/zerodha/main.go",295,"go_perf_layer_memory_allocation_temporary_byte_slice_for_string_write",false_positive,"Rule does not clearly match the cited snippet context"
"/home/chinmay/ChinmayPersonalProjects/deslop/scripts/chunks/Chunk_5201_5225.txt",5206,"/home/chinmay/ChinmayPersonalProjects/gopdfsuit/sampledata/gopdflib/zerodha/main.go",295,"rand_new_per_call",false_positive,"Rule does not clearly match the cited snippet context"
"/home/chinmay/ChinmayPersonalProjects/deslop/scripts/chunks/Chunk_5201_5225.txt",5207,"/home/chinmay/ChinmayPersonalProjects/gopdfsuit/sampledata/gopdflib/zerodha/main.go",295,"rand_newsource_per_call",false_positive,"Rule does not clearly match the cited snippet context"
"/home/chinmay/ChinmayPersonalProjects/deslop/scripts/chunks/Chunk_5201_5225.txt",5208,"/home/chinmay/ChinmayPersonalProjects/gopdfsuit/sampledata/gopdflib/zerodha/main.go",298,"go_perf_layer_database_access_rows_scan_into_map_per_row",false_positive,"Rule does not clearly match the cited snippet context"
"/home/chinmay/ChinmayPersonalProjects/deslop/scripts/chunks/Chunk_5201_5225.txt",5209,"/home/chinmay/ChinmayPersonalProjects/gopdfsuit/sampledata/gopdflib/zerodha/main.go",299,"go_perf_layer_algorithmic_complexity_repeated_nested_slice_scans",false_positive,"Rule does not clearly match the cited snippet context"
"/home/chinmay/ChinmayPersonalProjects/deslop/scripts/chunks/Chunk_5201_5225.txt",5210,"/home/chinmay/ChinmayPersonalProjects/gopdfsuit/sampledata/gopdflib/zerodha/main.go",299,"go_perf_layer_collection_iteration_copy_slice_before_readonly_range",false_positive,"Rule does not clearly match the cited snippet context"
"/home/chinmay/ChinmayPersonalProjects/deslop/scripts/chunks/Chunk_5201_5225.txt",5211,"/home/chinmay/ChinmayPersonalProjects/gopdfsuit/sampledata/gopdflib/zerodha/main.go",301,"go_perf_layer_algorithmic_complexity_quadratic_append_filter_pipeline",false_positive,"Rule does not clearly match the cited snippet context"
"/home/chinmay/ChinmayPersonalProjects/deslop/scripts/chunks/Chunk_5201_5225.txt",5212,"/home/chinmay/ChinmayPersonalProjects/gopdfsuit/sampledata/gopdflib/zerodha/main.go",308,"go_perf_layer_network_calls_retry_loop_without_backoff",false_positive,"Rule does not clearly match the cited snippet context"
"/home/chinmay/ChinmayPersonalProjects/deslop/scripts/chunks/Chunk_5201_5225.txt",5213,"/home/chinmay/ChinmayPersonalProjects/gopdfsuit/sampledata/gopdflib/zerodha/main.go",310,"go_perf_layer_string_handling_string_lower_for_case_insensitive_compare",false_positive,"Rule does not clearly match the cited snippet context"
"/home/chinmay/ChinmayPersonalProjects/deslop/scripts/chunks/Chunk_5201_5225.txt",5214,"/home/chinmay/ChinmayPersonalProjects/gopdfsuit/sampledata/gopdflib/zerodha/main.go",320,"fmt_hot_path",false_positive,"Rule does not clearly match the cited snippet context"
"/home/chinmay/ChinmayPersonalProjects/deslop/scripts/chunks/Chunk_5201_5225.txt",5215,"/home/chinmay/ChinmayPersonalProjects/gopdfsuit/sampledata/gopdflib/zerodha/main.go",320,"go_perf_layer_data_structure_choice_map_string_bool_for_membership",false_positive,"Rule does not clearly match the cited snippet context"
"/home/chinmay/ChinmayPersonalProjects/deslop/scripts/chunks/Chunk_5201_5225.txt",5216,"/home/chinmay/ChinmayPersonalProjects/gopdfsuit/sampledata/gopdflib/zerodha/main.go",320,"go_perf_layer_string_handling_fmt_sprintf_for_simple_concat",false_positive,"Rule does not clearly match the cited snippet context"
"/home/chinmay/ChinmayPersonalProjects/deslop/scripts/chunks/Chunk_5201_5225.txt",5217,"/home/chinmay/ChinmayPersonalProjects/gopdfsuit/sampledata/gopdflib/zerodha/main.go",320,"go_perf_layer_string_handling_strings_join_single_element_loop",false_positive,"Rule does not clearly match the cited snippet context"
"/home/chinmay/ChinmayPersonalProjects/deslop/scripts/chunks/Chunk_5201_5225.txt",5218,"/home/chinmay/ChinmayPersonalProjects/gopdfsuit/sampledata/gopdflib/zerodha/main.go",320,"sprintf_for_simple_int_to_string",false_positive,"Rule does not clearly match the cited snippet context"
"/home/chinmay/ChinmayPersonalProjects/deslop/scripts/chunks/Chunk_5201_5225.txt",5219,"/home/chinmay/ChinmayPersonalProjects/gopdfsuit/sampledata/gopdflib/zerodha/main.go",321,"fmt_hot_path",false_positive,"Rule does not clearly match the cited snippet context"
"/home/chinmay/ChinmayPersonalProjects/deslop/scripts/chunks/Chunk_5201_5225.txt",5220,"/home/chinmay/ChinmayPersonalProjects/gopdfsuit/sampledata/gopdflib/zerodha/main.go",322,"fmt_hot_path",false_positive,"Rule does not clearly match the cited snippet context"
"/home/chinmay/ChinmayPersonalProjects/deslop/scripts/chunks/Chunk_5201_5225.txt",5221,"/home/chinmay/ChinmayPersonalProjects/gopdfsuit/sampledata/gopdflib/zerodha/main.go",394,"go_perf_layer_async_concurrency_goroutine_per_item_without_worker_limit",false_positive,"Rule does not clearly match the cited snippet context"
"/home/chinmay/ChinmayPersonalProjects/deslop/scripts/chunks/Chunk_5201_5225.txt",5222,"/home/chinmay/ChinmayPersonalProjects/gopdfsuit/sampledata/gopdflib/zerodha/main.go",466,"go_perf_layer_memory_allocation_bytes_buffer_allocated_per_record",false_positive,"Rule does not clearly match the cited snippet context"
"/home/chinmay/ChinmayPersonalProjects/deslop/scripts/chunks/Chunk_5201_5225.txt",5223,"/home/chinmay/ChinmayPersonalProjects/gopdfsuit/sampledata/gopdflib/zerodha/main.go",466,"go_perf_layer_memory_allocation_temporary_byte_slice_for_string_write",false_positive,"Rule does not clearly match the cited snippet context"
"/home/chinmay/ChinmayPersonalProjects/deslop/scripts/chunks/Chunk_5201_5225.txt",5224,"/home/chinmay/ChinmayPersonalProjects/gopdfsuit/sampledata/gopdflib/zerodha/main.go",466,"rand_new_per_call",false_positive,"Rule does not clearly match the cited snippet context"
"/home/chinmay/ChinmayPersonalProjects/deslop/scripts/chunks/Chunk_5201_5225.txt",5225,"/home/chinmay/ChinmayPersonalProjects/gopdfsuit/sampledata/gopdflib/zerodha/main.go",466,"rand_newsource_per_call",false_positive,"Rule does not clearly match the cited snippet context"
"/home/chinmay/ChinmayPersonalProjects/deslop/scripts/chunks/Chunk_5226_5250.txt",5226,"/home/chinmay/ChinmayPersonalProjects/gopdfsuit/sampledata/gopdflib/zerodha/main.go",467,"go_perf_layer_resource_pooling_rate_limiter_per_request",false_positive,"Rule does not clearly match the cited snippet context"
"/home/chinmay/ChinmayPersonalProjects/deslop/scripts/chunks/Chunk_5226_5250.txt",5227,"/home/chinmay/ChinmayPersonalProjects/gopdfsuit/sampledata/gopdflib/zerodha/main.go",469,"go_perf_layer_collection_iteration_copy_slice_before_readonly_range",false_positive,"Rule does not clearly match the cited snippet context"
"/home/chinmay/ChinmayPersonalProjects/deslop/scripts/chunks/Chunk_5226_5250.txt",5228,"/home/chinmay/ChinmayPersonalProjects/gopdfsuit/sampledata/gopdflib/zerodha/main.go",469,"go_perf_layer_database_access_rows_scan_into_map_per_row",false_positive,"Rule does not clearly match the cited snippet context"
"/home/chinmay/ChinmayPersonalProjects/deslop/scripts/chunks/Chunk_5226_5250.txt",5229,"/home/chinmay/ChinmayPersonalProjects/gopdfsuit/sampledata/gopdflib/zerodha/main.go",469,"go_perf_layer_logging_overhead_per_record_debug_log_in_batch",false_positive,"Rule does not clearly match the cited snippet context"
"/home/chinmay/ChinmayPersonalProjects/deslop/scripts/chunks/Chunk_5226_5250.txt",5230,"/home/chinmay/ChinmayPersonalProjects/gopdfsuit/sampledata/gopdflib/zerodha/main.go",479,"go_perf_layer_network_calls_retry_loop_without_backoff",false_positive,"Rule does not clearly match the cited snippet context"
"/home/chinmay/ChinmayPersonalProjects/deslop/scripts/chunks/Chunk_5226_5250.txt",5231,"/home/chinmay/ChinmayPersonalProjects/gopdfsuit/sampledata/gopdflib/zerodha/main.go",481,"go_perf_layer_string_handling_string_lower_for_case_insensitive_compare",false_positive,"Rule does not clearly match the cited snippet context"
"/home/chinmay/ChinmayPersonalProjects/deslop/scripts/chunks/Chunk_5226_5250.txt",5232,"/home/chinmay/ChinmayPersonalProjects/gopdfsuit/sampledata/gopdflib/zerodha/main.go",489,"fmt_hot_path",false_positive,"Rule does not clearly match the cited snippet context"
"/home/chinmay/ChinmayPersonalProjects/deslop/scripts/chunks/Chunk_5226_5250.txt",5233,"/home/chinmay/ChinmayPersonalProjects/gopdfsuit/sampledata/gopdflib/zerodha/main.go",489,"go_perf_layer_data_structure_choice_map_string_bool_for_membership",false_positive,"Rule does not clearly match the cited snippet context"
"/home/chinmay/ChinmayPersonalProjects/deslop/scripts/chunks/Chunk_5226_5250.txt",5234,"/home/chinmay/ChinmayPersonalProjects/gopdfsuit/sampledata/gopdflib/zerodha/main.go",489,"go_perf_layer_string_handling_fmt_sprintf_for_simple_concat",false_positive,"Rule does not clearly match the cited snippet context"
"/home/chinmay/ChinmayPersonalProjects/deslop/scripts/chunks/Chunk_5226_5250.txt",5235,"/home/chinmay/ChinmayPersonalProjects/gopdfsuit/sampledata/gopdflib/zerodha/main.go",489,"go_perf_layer_string_handling_strings_join_single_element_loop",false_positive,"Rule does not clearly match the cited snippet context"
"/home/chinmay/ChinmayPersonalProjects/deslop/scripts/chunks/Chunk_5226_5250.txt",5236,"/home/chinmay/ChinmayPersonalProjects/gopdfsuit/sampledata/gopdflib/zerodha/main.go",489,"sprintf_for_simple_int_to_string",false_positive,"Rule does not clearly match the cited snippet context"
"/home/chinmay/ChinmayPersonalProjects/deslop/scripts/chunks/Chunk_5226_5250.txt",5237,"/home/chinmay/ChinmayPersonalProjects/gopdfsuit/sampledata/gopdflib/zerodha/main.go",493,"fmt_hot_path",false_positive,"Rule does not clearly match the cited snippet context"
"/home/chinmay/ChinmayPersonalProjects/deslop/scripts/chunks/Chunk_5226_5250.txt",5238,"/home/chinmay/ChinmayPersonalProjects/gopdfsuit/sampledata/gopdflib/zerodha/main.go",493,"sprintf_for_simple_int_to_string",false_positive,"Rule does not clearly match the cited snippet context"
"/home/chinmay/ChinmayPersonalProjects/deslop/scripts/chunks/Chunk_5226_5250.txt",5239,"/home/chinmay/ChinmayPersonalProjects/gopdfsuit/sampledata/gopdflib/zerodha/main.go",494,"fmt_hot_path",false_positive,"Rule does not clearly match the cited snippet context"
"/home/chinmay/ChinmayPersonalProjects/deslop/scripts/chunks/Chunk_5226_5250.txt",5240,"/home/chinmay/ChinmayPersonalProjects/gopdfsuit/sampledata/gopdflib/zerodha/main.go",495,"fmt_hot_path",false_positive,"Rule does not clearly match the cited snippet context"
"/home/chinmay/ChinmayPersonalProjects/deslop/scripts/chunks/Chunk_5226_5250.txt",5241,"/home/chinmay/ChinmayPersonalProjects/gopdfsuit/sampledata/gopdflib/zerodha/main.go",504,"go_perf_layer_async_concurrency_goroutine_per_item_without_worker_limit",false_positive,"Rule does not clearly match the cited snippet context"
"/home/chinmay/ChinmayPersonalProjects/deslop/scripts/chunks/Chunk_5226_5250.txt",5242,"/home/chinmay/ChinmayPersonalProjects/gopdfsuit/sampledata/gopdflib/zerodha/main.go",627,"go_perf_layer_profiling_benchmarking_benchmark_missing_allocs_report",false_positive,"Rule does not clearly match the cited snippet context"
"/home/chinmay/ChinmayPersonalProjects/deslop/scripts/chunks/Chunk_5226_5250.txt",5243,"/home/chinmay/ChinmayPersonalProjects/gopdfsuit/sampledata/gopdflib/zerodha/main.go",627,"go_perf_layer_string_handling_string_lower_for_case_insensitive_compare",false_positive,"Rule does not clearly match the cited snippet context"
"/home/chinmay/ChinmayPersonalProjects/deslop/scripts/chunks/Chunk_5226_5250.txt",5244,"/home/chinmay/ChinmayPersonalProjects/gopdfsuit/sampledata/gopdflib/zerodha/main.go",628,"go_perf_layer_caching_cache_miss_does_duplicate_work",false_positive,"Rule does not clearly match the cited snippet context"
"/home/chinmay/ChinmayPersonalProjects/deslop/scripts/chunks/Chunk_5226_5250.txt",5245,"/home/chinmay/ChinmayPersonalProjects/gopdfsuit/sampledata/gopdflib/zerodha/main.go",631,"go_perf_layer_data_structure_choice_linked_list_for_cache_iteration",false_positive,"Rule does not clearly match the cited snippet context"
"/home/chinmay/ChinmayPersonalProjects/deslop/scripts/chunks/Chunk_5226_5250.txt",5246,"/home/chinmay/ChinmayPersonalProjects/gopdfsuit/sampledata/gopdflib/zerodha/main.go",631,"go_perf_layer_io_operations_scanner_used_for_large_token_stream",false_positive,"Rule does not clearly match the cited snippet context"
"/home/chinmay/ChinmayPersonalProjects/deslop/scripts/chunks/Chunk_5226_5250.txt",5247,"/home/chinmay/ChinmayPersonalProjects/gopdfsuit/sampledata/gopdflib/zerodha/main.go",631,"go_perf_layer_io_operations_temporary_file_for_stream_transform",false_positive,"Rule does not clearly match the cited snippet context"
"/home/chinmay/ChinmayPersonalProjects/deslop/scripts/chunks/Chunk_5226_5250.txt",5248,"/home/chinmay/ChinmayPersonalProjects/gopdfsuit/sampledata/gopdflib/zerodha/main.go",634,"go_perf_layer_logging_overhead_log_fields_built_before_level_check",false_positive,"Rule does not clearly match the cited snippet context"
"/home/chinmay/ChinmayPersonalProjects/deslop/scripts/chunks/Chunk_5226_5250.txt",5249,"/home/chinmay/ChinmayPersonalProjects/gopdfsuit/sampledata/gopdflib/zerodha/main.go",637,"go_perf_layer_garbage_collection_cleanup_large_slice_retained_after_truncate",false_positive,"Rule does not clearly match the cited snippet context"
"/home/chinmay/ChinmayPersonalProjects/deslop/scripts/chunks/Chunk_5226_5250.txt",5250,"/home/chinmay/ChinmayPersonalProjects/gopdfsuit/sampledata/gopdflib/zerodha/main.go",637,"go_perf_layer_garbage_collection_cleanup_sync_pool_stores_large_unbounded_buffers",false_positive,"Rule does not clearly match the cited snippet context"
"/home/chinmay/ChinmayPersonalProjects/deslop/scripts/chunks/Chunk_5251_5275.txt",5251,"/home/chinmay/ChinmayPersonalProjects/gopdfsuit/sampledata/gopdflib/zerodha/main.go",642,"go_perf_layer_caching_cache_key_built_with_fmt",false_positive,"Rule does not clearly match the cited snippet context"
"/home/chinmay/ChinmayPersonalProjects/deslop/scripts/chunks/Chunk_5251_5275.txt",5252,"/home/chinmay/ChinmayPersonalProjects/gopdfsuit/sampledata/gopdflib/zerodha/main.go",642,"go_perf_layer_error_handling_cost_error_string_built_before_error_needed",false_positive,"Rule does not clearly match the cited snippet context"
"/home/chinmay/ChinmayPersonalProjects/deslop/scripts/chunks/Chunk_5251_5275.txt",5253,"/home/chinmay/ChinmayPersonalProjects/gopdfsuit/sampledata/gopdflib/zerodha/main.go",646,"go_perf_layer_error_handling_cost_sentinel_error_allocated_per_call",false_positive,"Rule does not clearly match the cited snippet context"
"/home/chinmay/ChinmayPersonalProjects/deslop/scripts/chunks/Chunk_5251_5275.txt",5254,"/home/chinmay/ChinmayPersonalProjects/gopdfsuit/sampledata/gopdflib/zerodha/main.go",646,"go_perf_layer_resource_pooling_rate_limiter_per_request",false_positive,"Rule does not clearly match the cited snippet context"
"/home/chinmay/ChinmayPersonalProjects/deslop/scripts/chunks/Chunk_5251_5275.txt",5255,"/home/chinmay/ChinmayPersonalProjects/gopdfsuit/sampledata/gopdflib/zerodha/main.go",647,"go_perf_layer_algorithmic_complexity_quadratic_append_filter_pipeline",false_positive,"Rule does not clearly match the cited snippet context"
"/home/chinmay/ChinmayPersonalProjects/deslop/scripts/chunks/Chunk_5251_5275.txt",5256,"/home/chinmay/ChinmayPersonalProjects/gopdfsuit/sampledata/gopdflib/zerodha/main.go",661,"go_perf_layer_collection_iteration_len_called_after_materializing_channel",false_positive,"Rule does not clearly match the cited snippet context"
"/home/chinmay/ChinmayPersonalProjects/deslop/scripts/chunks/Chunk_5251_5275.txt",5257,"/home/chinmay/ChinmayPersonalProjects/gopdfsuit/sampledata/gopdflib/zerodha/main.go",661,"go_perf_layer_memory_allocation_bytes_buffer_allocated_per_record",false_positive,"Rule does not clearly match the cited snippet context"
"/home/chinmay/ChinmayPersonalProjects/deslop/scripts/chunks/Chunk_5251_5275.txt",5258,"/home/chinmay/ChinmayPersonalProjects/gopdfsuit/sampledata/gopdflib/zerodha/main.go",661,"go_perf_layer_memory_allocation_temporary_byte_slice_for_string_write",false_positive,"Rule does not clearly match the cited snippet context"
"/home/chinmay/ChinmayPersonalProjects/deslop/scripts/chunks/Chunk_5251_5275.txt",5259,"/home/chinmay/ChinmayPersonalProjects/gopdfsuit/sampledata/gopdflib/zerodha/main.go",661,"go_perf_layer_string_handling_byte_string_roundtrip_for_contains",false_positive,"Rule does not clearly match the cited snippet context"
"/home/chinmay/ChinmayPersonalProjects/deslop/scripts/chunks/Chunk_5251_5275.txt",5260,"/home/chinmay/ChinmayPersonalProjects/gopdfsuit/sampledata/gopdflib/zerodha/main.go",667,"go_perf_layer_data_structure_choice_map_string_bool_for_membership",false_positive,"Rule does not clearly match the cited snippet context"
"/home/chinmay/ChinmayPersonalProjects/deslop/scripts/chunks/Chunk_5251_5275.txt",5261,"/home/chinmay/ChinmayPersonalProjects/gopdfsuit/sampledata/gopdflib/zerodha/main.go",667,"go_perf_layer_data_structure_choice_small_enum_string_switch_map",false_positive,"Rule does not clearly match the cited snippet context"
"/home/chinmay/ChinmayPersonalProjects/deslop/scripts/chunks/Chunk_5251_5275.txt",5262,"/home/chinmay/ChinmayPersonalProjects/gopdfsuit/sampledata/gopdflib/zerodha/main.go",669,"go_perf_layer_async_concurrency_channel_buffer_too_small_for_known_burst",false_positive,"Rule does not clearly match the cited snippet context"
"/home/chinmay/ChinmayPersonalProjects/deslop/scripts/chunks/Chunk_5251_5275.txt",5263,"/home/chinmay/ChinmayPersonalProjects/gopdfsuit/sampledata/gopdflib/zerodha/main.go",669,"go_perf_layer_async_concurrency_context_timeout_allocated_per_inner_call",false_positive,"Rule does not clearly match the cited snippet context"
"/home/chinmay/ChinmayPersonalProjects/deslop/scripts/chunks/Chunk_5251_5275.txt",5264,"/home/chinmay/ChinmayPersonalProjects/gopdfsuit/sampledata/gopdflib/zerodha/main.go",670,"go_perf_layer_hot_path_optimization_allocation_in_hash_or_less_func",false_positive,"Rule does not clearly match the cited snippet context"
"/home/chinmay/ChinmayPersonalProjects/deslop/scripts/chunks/Chunk_5251_5275.txt",5265,"/home/chinmay/ChinmayPersonalProjects/gopdfsuit/sampledata/gopdflib/zerodha/main.go",670,"go_perf_layer_memory_allocation_append_without_known_capacity",false_positive,"Rule does not clearly match the cited snippet context"
"/home/chinmay/ChinmayPersonalProjects/deslop/scripts/chunks/Chunk_5251_5275.txt",5266,"/home/chinmay/ChinmayPersonalProjects/gopdfsuit/sampledata/gopdflib/zerodha/main.go",670,"go_perf_layer_memory_allocation_map_recreated_for_static_lookup",false_positive,"Rule does not clearly match the cited snippet context"
"/home/chinmay/ChinmayPersonalProjects/deslop/scripts/chunks/Chunk_5251_5275.txt",5267,"/home/chinmay/ChinmayPersonalProjects/gopdfsuit/sampledata/gopdflib/zerodha/main.go",671,"go_perf_layer_hot_path_optimization_time_now_called_many_times_per_item",false_positive,"Rule does not clearly match the cited snippet context"
"/home/chinmay/ChinmayPersonalProjects/deslop/scripts/chunks/Chunk_5251_5275.txt",5268,"/home/chinmay/ChinmayPersonalProjects/gopdfsuit/sampledata/gopdflib/zerodha/main.go",683,"go_perf_layer_algorithmic_complexity_repeated_nested_slice_scans",false_positive,"Rule does not clearly match the cited snippet context"
"/home/chinmay/ChinmayPersonalProjects/deslop/scripts/chunks/Chunk_5251_5275.txt",5269,"/home/chinmay/ChinmayPersonalProjects/gopdfsuit/sampledata/gopdflib/zerodha/main.go",683,"go_perf_layer_collection_iteration_copy_slice_before_readonly_range",false_positive,"Rule does not clearly match the cited snippet context"
"/home/chinmay/ChinmayPersonalProjects/deslop/scripts/chunks/Chunk_5251_5275.txt",5270,"/home/chinmay/ChinmayPersonalProjects/gopdfsuit/sampledata/gopdflib/zerodha/main.go",683,"go_perf_layer_collection_iteration_range_over_map_for_deterministic_first",false_positive,"Rule does not clearly match the cited snippet context"
"/home/chinmay/ChinmayPersonalProjects/deslop/scripts/chunks/Chunk_5251_5275.txt",5271,"/home/chinmay/ChinmayPersonalProjects/gopdfsuit/sampledata/gopdflib/zerodha/main.go",683,"go_perf_layer_database_access_rows_scan_into_map_per_row",false_positive,"Rule does not clearly match the cited snippet context"
"/home/chinmay/ChinmayPersonalProjects/deslop/scripts/chunks/Chunk_5251_5275.txt",5272,"/home/chinmay/ChinmayPersonalProjects/gopdfsuit/sampledata/gopdflib/zerodha/main.go",683,"go_perf_layer_network_calls_retry_loop_without_backoff",false_positive,"Rule does not clearly match the cited snippet context"
"/home/chinmay/ChinmayPersonalProjects/deslop/scripts/chunks/Chunk_5251_5275.txt",5273,"/home/chinmay/ChinmayPersonalProjects/gopdfsuit/sampledata/gopdflib/zerodha/main.go",684,"waitgroup_add_inside_loop",false_positive,"Rule does not clearly match the cited snippet context"
"/home/chinmay/ChinmayPersonalProjects/deslop/scripts/chunks/Chunk_5251_5275.txt",5274,"/home/chinmay/ChinmayPersonalProjects/gopdfsuit/sampledata/gopdflib/zerodha/main.go",685,"goroutine_without_shutdown_path",false_positive,"Rule does not clearly match the cited snippet context"
"/home/chinmay/ChinmayPersonalProjects/deslop/scripts/chunks/Chunk_5251_5275.txt",5275,"/home/chinmay/ChinmayPersonalProjects/gopdfsuit/sampledata/gopdflib/zerodha/main.go",687,"global_rand_source_contention",false_positive,"Rule does not clearly match the cited snippet context"
"/home/chinmay/ChinmayPersonalProjects/deslop/scripts/chunks/Chunk_5276_5300.txt",5276,"/home/chinmay/ChinmayPersonalProjects/gopdfsuit/sampledata/gopdflib/zerodha/main.go",687,"rand_new_per_call",false_positive,"Rule does not clearly match the cited snippet context"
"/home/chinmay/ChinmayPersonalProjects/deslop/scripts/chunks/Chunk_5276_5300.txt",5277,"/home/chinmay/ChinmayPersonalProjects/gopdfsuit/sampledata/gopdflib/zerodha/main.go",687,"rand_newsource_per_call",false_positive,"Rule does not clearly match the cited snippet context"
"/home/chinmay/ChinmayPersonalProjects/deslop/scripts/chunks/Chunk_5276_5300.txt",5278,"/home/chinmay/ChinmayPersonalProjects/gopdfsuit/sampledata/gopdflib/zerodha/main.go",687,"rand_newsource_with_time_now_per_call",false_positive,"Rule does not clearly match the cited snippet context"
"/home/chinmay/ChinmayPersonalProjects/deslop/scripts/chunks/Chunk_5276_5300.txt",5279,"/home/chinmay/ChinmayPersonalProjects/gopdfsuit/sampledata/gopdflib/zerodha/main.go",687,"time_now_in_tight_loop",false_positive,"Rule does not clearly match the cited snippet context"
"/home/chinmay/ChinmayPersonalProjects/deslop/scripts/chunks/Chunk_5276_5300.txt",5280,"/home/chinmay/ChinmayPersonalProjects/gopdfsuit/sampledata/gopdflib/zerodha/main.go",703,"time_now_in_tight_loop",false_positive,"Rule does not clearly match the cited snippet context"
"/home/chinmay/ChinmayPersonalProjects/deslop/scripts/chunks/Chunk_5276_5300.txt",5281,"/home/chinmay/ChinmayPersonalProjects/gopdfsuit/sampledata/gopdflib/zerodha/main.go",739,"filter_then_count_then_iterate",false_positive,"Rule does not clearly match the cited snippet context"
"/home/chinmay/ChinmayPersonalProjects/deslop/scripts/chunks/Chunk_5276_5300.txt",5282,"/home/chinmay/ChinmayPersonalProjects/gopdfsuit/sampledata/gopdflib/zerodha/main.go",750,"shared_slice_append_race",false_positive,"Rule does not clearly match the cited snippet context"
"/home/chinmay/ChinmayPersonalProjects/deslop/scripts/chunks/Chunk_5276_5300.txt",5283,"/home/chinmay/ChinmayPersonalProjects/gopdfsuit/sampledata/gopdflib/zerodha/main.go",750,"slice_append_without_prealloc_known_bound",false_positive,"Rule does not clearly match the cited snippet context"
"/home/chinmay/ChinmayPersonalProjects/deslop/scripts/chunks/Chunk_5276_5300.txt",5284,"/home/chinmay/ChinmayPersonalProjects/gopdfsuit/sampledata/gopdflib/zerodha/main.go",750,"slice_grow_without_cap_hint",false_positive,"Rule does not clearly match the cited snippet context"
"/home/chinmay/ChinmayPersonalProjects/deslop/scripts/chunks/Chunk_5276_5300.txt",5285,"/home/chinmay/ChinmayPersonalProjects/gopdfsuit/sampledata/gopdflib/zerodha/main.go",790,"go_perf_layer_io_operations_readall_on_known_large_file",false_positive,"Rule does not clearly match the cited snippet context"
"/home/chinmay/ChinmayPersonalProjects/deslop/scripts/chunks/Chunk_5276_5300.txt",5286,"/home/chinmay/ChinmayPersonalProjects/gopdfsuit/sampledata/gopdflib/zerodha/main.go",793,"go_perf_layer_caching_json_cache_value_stored_as_string",false_positive,"Rule does not clearly match the cited snippet context"
"/home/chinmay/ChinmayPersonalProjects/deslop/scripts/chunks/Chunk_5276_5300.txt",5287,"/home/chinmay/ChinmayPersonalProjects/gopdfsuit/sampledata/gopdflib/zerodha/main.go",793,"go_perf_layer_caching_unbounded_cache_map",false_positive,"Rule does not clearly match the cited snippet context"
"/home/chinmay/ChinmayPersonalProjects/deslop/scripts/chunks/Chunk_5276_5300.txt",5288,"/home/chinmay/ChinmayPersonalProjects/gopdfsuit/sampledata/gopdflib/zerodha/main.go",793,"go_perf_layer_network_calls_dns_lookup_per_request_path",false_positive,"Rule does not clearly match the cited snippet context"
"/home/chinmay/ChinmayPersonalProjects/deslop/scripts/chunks/Chunk_5276_5300.txt",5289,"/home/chinmay/ChinmayPersonalProjects/gopdfsuit/sampledata/gopdflib/zerodha/pypdfsuit_bench.py",35,"module_constant_rebound_after_public_import",false_positive,"Rule does not clearly match the cited snippet context"
"/home/chinmay/ChinmayPersonalProjects/deslop/scripts/chunks/Chunk_5276_5300.txt",5290,"/home/chinmay/ChinmayPersonalProjects/gopdfsuit/sampledata/gopdflib/zerodha/pypdfsuit_bench.py",42,"module_constant_rebound_after_public_import",false_positive,"Rule does not clearly match the cited snippet context"
"/home/chinmay/ChinmayPersonalProjects/deslop/scripts/chunks/Chunk_5276_5300.txt",5291,"/home/chinmay/ChinmayPersonalProjects/gopdfsuit/sampledata/gopdflib/zerodha/pypdfsuit_bench.py",45,"eager_full_file_or_stream_read_when_incremental_iteration_suffices",false_positive,"Rule does not clearly match the cited snippet context"
"/home/chinmay/ChinmayPersonalProjects/deslop/scripts/chunks/Chunk_5276_5300.txt",5292,"/home/chinmay/ChinmayPersonalProjects/gopdfsuit/sampledata/gopdflib/zerodha/pypdfsuit_bench.py",46,"python_perf_layer_memory_allocation_deepcopy_before_readonly_transform",false_positive,"Rule does not clearly match the cited snippet context"
"/home/chinmay/ChinmayPersonalProjects/deslop/scripts/chunks/Chunk_5276_5300.txt",5293,"/home/chinmay/ChinmayPersonalProjects/gopdfsuit/sampledata/gopdflib/zerodha/pypdfsuit_bench.py",49,"eager_full_file_or_stream_read_when_incremental_iteration_suffices",false_positive,"Rule does not clearly match the cited snippet context"
"/home/chinmay/ChinmayPersonalProjects/deslop/scripts/chunks/Chunk_5276_5300.txt",5294,"/home/chinmay/ChinmayPersonalProjects/gopdfsuit/sampledata/gopdflib/zerodha/pypdfsuit_bench.py",50,"python_perf_layer_algorithmic_complexity_repeated_dataframe_filter_chain",false_positive,"Rule does not clearly match the cited snippet context"
"/home/chinmay/ChinmayPersonalProjects/deslop/scripts/chunks/Chunk_5276_5300.txt",5295,"/home/chinmay/ChinmayPersonalProjects/gopdfsuit/sampledata/gopdflib/zerodha/pypdfsuit_bench.py",50,"python_perf_layer_memory_allocation_deepcopy_before_readonly_transform",false_positive,"Rule does not clearly match the cited snippet context"
"/home/chinmay/ChinmayPersonalProjects/deslop/scripts/chunks/Chunk_5276_5300.txt",5296,"/home/chinmay/ChinmayPersonalProjects/gopdfsuit/sampledata/gopdflib/zerodha/pypdfsuit_bench.py",52,"python_perf_layer_network_calls_retry_without_backoff_or_jitter",false_positive,"Rule does not clearly match the cited snippet context"
"/home/chinmay/ChinmayPersonalProjects/deslop/scripts/chunks/Chunk_5276_5300.txt",5297,"/home/chinmay/ChinmayPersonalProjects/gopdfsuit/sampledata/gopdflib/zerodha/pypdfsuit_bench.py",55,"python_perf_layer_memory_allocation_list_append_without_generator_stream",false_positive,"Rule does not clearly match the cited snippet context"
"/home/chinmay/ChinmayPersonalProjects/deslop/scripts/chunks/Chunk_5276_5300.txt",5298,"/home/chinmay/ChinmayPersonalProjects/gopdfsuit/sampledata/gopdflib/zerodha/pypdfsuit_bench.py",59,"cross_cutting_policies_embedded_in_leaf_modules_instead_of_shared_boundary",false_positive,"Rule does not clearly match the cited snippet context"
"/home/chinmay/ChinmayPersonalProjects/deslop/scripts/chunks/Chunk_5276_5300.txt",5299,"/home/chinmay/ChinmayPersonalProjects/gopdfsuit/sampledata/gopdflib/zerodha/pypdfsuit_bench.py",67,"python_perf_layer_memory_allocation_deepcopy_before_readonly_transform",false_positive,"Rule does not clearly match the cited snippet context"
"/home/chinmay/ChinmayPersonalProjects/deslop/scripts/chunks/Chunk_5276_5300.txt",5300,"/home/chinmay/ChinmayPersonalProjects/gopdfsuit/sampledata/gopdflib/zerodha/pypdfsuit_bench.py",73,"magic_value_branching",false_positive,"Rule does not clearly match the cited snippet context"
"/home/chinmay/ChinmayPersonalProjects/deslop/scripts/chunks/Chunk_5301_5325.txt",5301,"/home/chinmay/ChinmayPersonalProjects/gopdfsuit/sampledata/gopdflib/zerodha/pypdfsuit_bench.py",73,"quadratic_string_building_via_plus_equals",false_positive,"Rule does not clearly match the cited snippet context"
"/home/chinmay/ChinmayPersonalProjects/deslop/scripts/chunks/Chunk_5301_5325.txt",5302,"/home/chinmay/ChinmayPersonalProjects/gopdfsuit/sampledata/gopdflib/zerodha/pypdfsuit_bench.py",77,"builtin_reduction_candidate",false_positive,"Rule does not clearly match the cited snippet context"
"/home/chinmay/ChinmayPersonalProjects/deslop/scripts/chunks/Chunk_5301_5325.txt",5303,"/home/chinmay/ChinmayPersonalProjects/gopdfsuit/sampledata/gopdflib/zerodha/pypdfsuit_bench.py",77,"python_perf_layer_network_calls_retry_without_backoff_or_jitter",false_positive,"Rule does not clearly match the cited snippet context"
"/home/chinmay/ChinmayPersonalProjects/deslop/scripts/chunks/Chunk_5301_5325.txt",5304,"/home/chinmay/ChinmayPersonalProjects/gopdfsuit/sampledata/gopdflib/zerodha/pypdfsuit_bench.py",83,"python_perf_layer_memory_allocation_list_append_without_generator_stream",false_positive,"Rule does not clearly match the cited snippet context"
"/home/chinmay/ChinmayPersonalProjects/deslop/scripts/chunks/Chunk_5301_5325.txt",5305,"/home/chinmay/ChinmayPersonalProjects/gopdfsuit/sampledata/gopdflib/zerodha/pypdfsuit_bench.py",105,"optional_parameter_used_without_none_guard",false_positive,"Rule does not clearly match the cited snippet context"
"/home/chinmay/ChinmayPersonalProjects/deslop/scripts/chunks/Chunk_5301_5325.txt",5306,"/home/chinmay/ChinmayPersonalProjects/gopdfsuit/sampledata/gopdflib/zerodha/pypdfsuit_bench.py",109,"blocking_io_call_executed_per_item_without_batching",false_positive,"Rule does not clearly match the cited snippet context"
"/home/chinmay/ChinmayPersonalProjects/deslop/scripts/chunks/Chunk_5301_5325.txt",5307,"/home/chinmay/ChinmayPersonalProjects/gopdfsuit/sampledata/gopdflib/zerodha/pypdfsuit_bench.py",109,"cache_object_exists_without_size_or_eviction_policy_documentation",false_positive,"Rule does not clearly match the cited snippet context"
"/home/chinmay/ChinmayPersonalProjects/deslop/scripts/chunks/Chunk_5301_5325.txt",5308,"/home/chinmay/ChinmayPersonalProjects/gopdfsuit/sampledata/gopdflib/zerodha/pypdfsuit_bench.py",109,"comment_required_to_explain_opaque_branching_that_code_could_express",false_positive,"Rule does not clearly match the cited snippet context"
"/home/chinmay/ChinmayPersonalProjects/deslop/scripts/chunks/Chunk_5301_5325.txt",5309,"/home/chinmay/ChinmayPersonalProjects/gopdfsuit/sampledata/gopdflib/zerodha/pypdfsuit_bench.py",109,"condition_tree_nests_past_two_business_decision_levels",false_positive,"Rule does not clearly match the cited snippet context"
"/home/chinmay/ChinmayPersonalProjects/deslop/scripts/chunks/Chunk_5301_5325.txt",5310,"/home/chinmay/ChinmayPersonalProjects/gopdfsuit/sampledata/gopdflib/zerodha/pypdfsuit_bench.py",109,"god_function",false_positive,"Rule does not clearly match the cited snippet context"
"/home/chinmay/ChinmayPersonalProjects/deslop/scripts/chunks/Chunk_5301_5325.txt",5311,"/home/chinmay/ChinmayPersonalProjects/gopdfsuit/sampledata/gopdflib/zerodha/pypdfsuit_bench.py",109,"repeated_split_or_join_on_invariant_separator_inside_loop",false_positive,"Rule does not clearly match the cited snippet context"
"/home/chinmay/ChinmayPersonalProjects/deslop/scripts/chunks/Chunk_5301_5325.txt",5312,"/home/chinmay/ChinmayPersonalProjects/gopdfsuit/sampledata/gopdflib/zerodha/pypdfsuit_bench.py",109,"subprocess_or_shell_call_inside_record_processing_loop",false_positive,"Rule does not clearly match the cited snippet context"
"/home/chinmay/ChinmayPersonalProjects/deslop/scripts/chunks/Chunk_5301_5325.txt",5313,"/home/chinmay/ChinmayPersonalProjects/gopdfsuit/sampledata/gopdflib/zerodha/pypdfsuit_bench.py",110,"python_perf_layer_algorithmic_complexity_full_sort_for_top_n",false_positive,"Rule does not clearly match the cited snippet context"
"/home/chinmay/ChinmayPersonalProjects/deslop/scripts/chunks/Chunk_5301_5325.txt",5314,"/home/chinmay/ChinmayPersonalProjects/gopdfsuit/sampledata/gopdflib/zerodha/pypdfsuit_bench.py",111,"python_perf_layer_database_access_orm_query_inside_loop",false_positive,"Rule does not clearly match the cited snippet context"
"/home/chinmay/ChinmayPersonalProjects/deslop/scripts/chunks/Chunk_5301_5325.txt",5315,"/home/chinmay/ChinmayPersonalProjects/gopdfsuit/sampledata/gopdflib/zerodha/pypdfsuit_bench.py",113,"python_perf_layer_hot_path_optimization_datetime_now_called_per_field",false_positive,"Rule does not clearly match the cited snippet context"
"/home/chinmay/ChinmayPersonalProjects/deslop/scripts/chunks/Chunk_5301_5325.txt",5316,"/home/chinmay/ChinmayPersonalProjects/gopdfsuit/sampledata/gopdflib/zerodha/pypdfsuit_bench.py",113,"python_perf_layer_resource_pooling_process_pool_without_shutdown",false_positive,"Rule does not clearly match the cited snippet context"
"/home/chinmay/ChinmayPersonalProjects/deslop/scripts/chunks/Chunk_5301_5325.txt",5317,"/home/chinmay/ChinmayPersonalProjects/gopdfsuit/sampledata/gopdflib/zerodha/pypdfsuit_bench.py",115,"python_perf_layer_error_handling_cost_broad_except_retries_cpu_work",false_positive,"Rule does not clearly match the cited snippet context"
"/home/chinmay/ChinmayPersonalProjects/deslop/scripts/chunks/Chunk_5301_5325.txt",5318,"/home/chinmay/ChinmayPersonalProjects/gopdfsuit/sampledata/gopdflib/zerodha/pypdfsuit_bench.py",115,"python_perf_layer_string_handling_regex_compiled_per_call",false_positive,"Rule does not clearly match the cited snippet context"
"/home/chinmay/ChinmayPersonalProjects/deslop/scripts/chunks/Chunk_5301_5325.txt",5319,"/home/chinmay/ChinmayPersonalProjects/gopdfsuit/sampledata/gopdflib/zerodha/pypdfsuit_bench.py",119,"python_perf_layer_io_operations_subprocess_per_item",false_positive,"Rule does not clearly match the cited snippet context"
"/home/chinmay/ChinmayPersonalProjects/deslop/scripts/chunks/Chunk_5301_5325.txt",5320,"/home/chinmay/ChinmayPersonalProjects/gopdfsuit/sampledata/gopdflib/zerodha/pypdfsuit_bench.py",124,"python_perf_layer_io_operations_read_entire_file_for_line_processing",false_positive,"Rule does not clearly match the cited snippet context"
"/home/chinmay/ChinmayPersonalProjects/deslop/scripts/chunks/Chunk_5301_5325.txt",5321,"/home/chinmay/ChinmayPersonalProjects/gopdfsuit/sampledata/gopdflib/zerodha/pypdfsuit_bench.py",127,"python_perf_layer_memory_allocation_deepcopy_before_readonly_transform",false_positive,"Rule does not clearly match the cited snippet context"
"/home/chinmay/ChinmayPersonalProjects/deslop/scripts/chunks/Chunk_5301_5325.txt",5322,"/home/chinmay/ChinmayPersonalProjects/gopdfsuit/sampledata/gopdflib/zerodha/pypdfsuit_bench.py",131,"python_perf_layer_collection_iteration_generator_materialized_for_truthiness",false_positive,"Rule does not clearly match the cited snippet context"
"/home/chinmay/ChinmayPersonalProjects/deslop/scripts/chunks/Chunk_5301_5325.txt",5323,"/home/chinmay/ChinmayPersonalProjects/gopdfsuit/sampledata/gopdflib/zerodha/pypdfsuit_bench.py",131,"python_perf_layer_network_calls_retry_without_backoff_or_jitter",false_positive,"Rule does not clearly match the cited snippet context"
"/home/chinmay/ChinmayPersonalProjects/deslop/scripts/chunks/Chunk_5301_5325.txt",5324,"/home/chinmay/ChinmayPersonalProjects/gopdfsuit/sampledata/gopdflib/zerodha/pypdfsuit_bench.py",134,"temporary_collection_in_loop",false_positive,"Rule does not clearly match the cited snippet context"
"/home/chinmay/ChinmayPersonalProjects/deslop/scripts/chunks/Chunk_5301_5325.txt",5325,"/home/chinmay/ChinmayPersonalProjects/gopdfsuit/sampledata/gopdflib/zerodha/pypdfsuit_bench.py",137,"duplicate_error_handler_block",false_positive,"Rule does not clearly match the cited snippet context"
"/home/chinmay/ChinmayPersonalProjects/deslop/scripts/chunks/Chunk_5326_5350.txt",5326,"/home/chinmay/ChinmayPersonalProjects/gopdfsuit/sampledata/gopdflib/zerodha/pypdfsuit_bench.py",153,"exception_handler_returns_default_without_any_logging",false_positive,"Rule does not clearly match the cited snippet context"
"/home/chinmay/ChinmayPersonalProjects/deslop/scripts/chunks/Chunk_5326_5350.txt",5327,"/home/chinmay/ChinmayPersonalProjects/gopdfsuit/sampledata/gopdflib/zerodha/pypdfsuit_bench.py",157,"repeated_string_literal",false_positive,"Rule does not clearly match the cited snippet context"
"/home/chinmay/ChinmayPersonalProjects/deslop/scripts/chunks/Chunk_5326_5350.txt",5328,"/home/chinmay/ChinmayPersonalProjects/gopdfsuit/sampledata/gopdflib/zerodha/pypdfsuit_bench.py",250,"quadratic_string_building_via_plus_equals",false_positive,"Rule does not clearly match the cited snippet context"
"/home/chinmay/ChinmayPersonalProjects/deslop/scripts/chunks/Chunk_5326_5350.txt",5329,"/home/chinmay/ChinmayPersonalProjects/gopdfsuit/sampledata/gopdflib/zerodha/pypdfsuit_bench.py",252,"python_perf_layer_database_access_orm_query_inside_loop",false_positive,"Rule does not clearly match the cited snippet context"
"/home/chinmay/ChinmayPersonalProjects/deslop/scripts/chunks/Chunk_5326_5350.txt",5330,"/home/chinmay/ChinmayPersonalProjects/gopdfsuit/sampledata/gopdflib/zerodha/pypdfsuit_bench.py",252,"python_perf_layer_database_access_row_by_row_bulk_insert",false_positive,"Rule does not clearly match the cited snippet context"
"/home/chinmay/ChinmayPersonalProjects/deslop/scripts/chunks/Chunk_5326_5350.txt",5331,"/home/chinmay/ChinmayPersonalProjects/gopdfsuit/sampledata/gopdflib/zerodha/pypdfsuit_bench.py",262,"builtin_reduction_candidate",false_positive,"Rule does not clearly match the cited snippet context"
"/home/chinmay/ChinmayPersonalProjects/deslop/scripts/chunks/Chunk_5326_5350.txt",5332,"/home/chinmay/ChinmayPersonalProjects/gopdfsuit/sampledata/gopdflib/zerodha/pypdfsuit_bench.py",262,"python_perf_layer_collection_iteration_enumerate_list_materialized",false_positive,"Rule does not clearly match the cited snippet context"
"/home/chinmay/ChinmayPersonalProjects/deslop/scripts/chunks/Chunk_5326_5350.txt",5333,"/home/chinmay/ChinmayPersonalProjects/gopdfsuit/sampledata/gopdflib/zerodha/pypdfsuit_bench.py",262,"python_perf_layer_network_calls_retry_without_backoff_or_jitter",false_positive,"Rule does not clearly match the cited snippet context"
"/home/chinmay/ChinmayPersonalProjects/deslop/scripts/chunks/Chunk_5326_5350.txt",5334,"/home/chinmay/ChinmayPersonalProjects/gopdfsuit/sampledata/gopdflib/zerodha/pypdfsuit_bench.py",265,"python_perf_layer_memory_allocation_list_append_without_generator_stream",false_positive,"Rule does not clearly match the cited snippet context"
"/home/chinmay/ChinmayPersonalProjects/deslop/scripts/chunks/Chunk_5326_5350.txt",5335,"/home/chinmay/ChinmayPersonalProjects/gopdfsuit/sampledata/gopdflib/zerodha/pypdfsuit_bench.py",267,"python_perf_layer_string_handling_lowercase_compare_allocates",false_positive,"Rule does not clearly match the cited snippet context"
"/home/chinmay/ChinmayPersonalProjects/deslop/scripts/chunks/Chunk_5326_5350.txt",5336,"/home/chinmay/ChinmayPersonalProjects/gopdfsuit/sampledata/gopdflib/zerodha/pypdfsuit_bench.py",333,"repeated_string_literal",false_positive,"Rule does not clearly match the cited snippet context"
"/home/chinmay/ChinmayPersonalProjects/deslop/scripts/chunks/Chunk_5326_5350.txt",5337,"/home/chinmay/ChinmayPersonalProjects/gopdfsuit/sampledata/gopdflib/zerodha/pypdfsuit_bench.py",335,"python_perf_layer_database_access_orm_query_inside_loop",false_positive,"Rule does not clearly match the cited snippet context"
"/home/chinmay/ChinmayPersonalProjects/deslop/scripts/chunks/Chunk_5326_5350.txt",5338,"/home/chinmay/ChinmayPersonalProjects/gopdfsuit/sampledata/gopdflib/zerodha/pypdfsuit_bench.py",335,"python_perf_layer_database_access_row_by_row_bulk_insert",false_positive,"Rule does not clearly match the cited snippet context"
"/home/chinmay/ChinmayPersonalProjects/deslop/scripts/chunks/Chunk_5326_5350.txt",5339,"/home/chinmay/ChinmayPersonalProjects/gopdfsuit/sampledata/gopdflib/zerodha/pypdfsuit_bench.py",346,"python_perf_layer_collection_iteration_enumerate_list_materialized",false_positive,"Rule does not clearly match the cited snippet context"
"/home/chinmay/ChinmayPersonalProjects/deslop/scripts/chunks/Chunk_5326_5350.txt",5340,"/home/chinmay/ChinmayPersonalProjects/gopdfsuit/sampledata/gopdflib/zerodha/pypdfsuit_bench.py",346,"python_perf_layer_network_calls_retry_without_backoff_or_jitter",false_positive,"Rule does not clearly match the cited snippet context"
"/home/chinmay/ChinmayPersonalProjects/deslop/scripts/chunks/Chunk_5326_5350.txt",5341,"/home/chinmay/ChinmayPersonalProjects/gopdfsuit/sampledata/gopdflib/zerodha/pypdfsuit_bench.py",348,"python_perf_layer_memory_allocation_list_append_without_generator_stream",false_positive,"Rule does not clearly match the cited snippet context"
"/home/chinmay/ChinmayPersonalProjects/deslop/scripts/chunks/Chunk_5326_5350.txt",5342,"/home/chinmay/ChinmayPersonalProjects/gopdfsuit/sampledata/gopdflib/zerodha/pypdfsuit_bench.py",349,"python_perf_layer_string_handling_lowercase_compare_allocates",false_positive,"Rule does not clearly match the cited snippet context"
"/home/chinmay/ChinmayPersonalProjects/deslop/scripts/chunks/Chunk_5326_5350.txt",5343,"/home/chinmay/ChinmayPersonalProjects/gopdfsuit/sampledata/gopdflib/zerodha/pypdfsuit_bench.py",378,"python_perf_layer_logging_overhead_per_item_info_log_in_batch",false_positive,"Rule does not clearly match the cited snippet context"
"/home/chinmay/ChinmayPersonalProjects/deslop/scripts/chunks/Chunk_5326_5350.txt",5344,"/home/chinmay/ChinmayPersonalProjects/gopdfsuit/sampledata/gopdflib/zerodha/pypdfsuit_bench.py",378,"python_perf_layer_resource_pooling_process_pool_without_shutdown",false_positive,"Rule does not clearly match the cited snippet context"
"/home/chinmay/ChinmayPersonalProjects/deslop/scripts/chunks/Chunk_5326_5350.txt",5345,"/home/chinmay/ChinmayPersonalProjects/gopdfsuit/sampledata/gopdflib/zerodha/pypdfsuit_bench.py",415,"cache_object_exists_without_size_or_eviction_policy_documentation",false_positive,"Rule does not clearly match the cited snippet context"
"/home/chinmay/ChinmayPersonalProjects/deslop/scripts/chunks/Chunk_5326_5350.txt",5346,"/home/chinmay/ChinmayPersonalProjects/gopdfsuit/sampledata/gopdflib/zerodha/pypdfsuit_bench.py",415,"metric_name_contains_dynamic_user_or_data_values",false_positive,"Rule does not clearly match the cited snippet context"
"/home/chinmay/ChinmayPersonalProjects/deslop/scripts/chunks/Chunk_5326_5350.txt",5347,"/home/chinmay/ChinmayPersonalProjects/gopdfsuit/sampledata/gopdflib/zerodha/pypdfsuit_bench.py",415,"mixed_concerns_function",false_positive,"Rule does not clearly match the cited snippet context"
"/home/chinmay/ChinmayPersonalProjects/deslop/scripts/chunks/Chunk_5326_5350.txt",5348,"/home/chinmay/ChinmayPersonalProjects/gopdfsuit/sampledata/gopdflib/zerodha/pypdfsuit_bench.py",415,"quadratic_string_building_via_plus_equals",false_positive,"Rule does not clearly match the cited snippet context"
"/home/chinmay/ChinmayPersonalProjects/deslop/scripts/chunks/Chunk_5326_5350.txt",5349,"/home/chinmay/ChinmayPersonalProjects/gopdfsuit/sampledata/gopdflib/zerodha/pypdfsuit_bench.py",415,"same_contextmanager_pattern_copied_across_modules",false_positive,"Rule does not clearly match the cited snippet context"
"/home/chinmay/ChinmayPersonalProjects/deslop/scripts/chunks/Chunk_5326_5350.txt",5350,"/home/chinmay/ChinmayPersonalProjects/gopdfsuit/sampledata/gopdflib/zerodha/pypdfsuit_bench.py",415,"string_sentinel_values_duplicated_instead_of_constant_or_enum",false_positive,"Rule does not clearly match the cited snippet context"
"/home/chinmay/ChinmayPersonalProjects/deslop/scripts/chunks/Chunk_5351_5375.txt",5351,"/home/chinmay/ChinmayPersonalProjects/gopdfsuit/sampledata/gopdflib/zerodha/pypdfsuit_bench.py",415,"thread_pool_or_process_pool_created_and_destroyed_per_call",false_positive,"Rule does not clearly match the cited snippet context"
"/home/chinmay/ChinmayPersonalProjects/deslop/scripts/chunks/Chunk_5351_5375.txt",5352,"/home/chinmay/ChinmayPersonalProjects/gopdfsuit/sampledata/gopdflib/zerodha/pypdfsuit_bench.py",416,"python_perf_layer_profiling_benchmarking_benchmark_missing_warmup",false_positive,"Rule does not clearly match the cited snippet context"
"/home/chinmay/ChinmayPersonalProjects/deslop/scripts/chunks/Chunk_5351_5375.txt",5353,"/home/chinmay/ChinmayPersonalProjects/gopdfsuit/sampledata/gopdflib/zerodha/pypdfsuit_bench.py",416,"python_perf_layer_string_handling_lowercase_compare_allocates",false_positive,"Rule does not clearly match the cited snippet context"
"/home/chinmay/ChinmayPersonalProjects/deslop/scripts/chunks/Chunk_5351_5375.txt",5354,"/home/chinmay/ChinmayPersonalProjects/gopdfsuit/sampledata/gopdflib/zerodha/pypdfsuit_bench.py",417,"python_perf_layer_caching_cache_miss_duplicate_concurrent_work",false_positive,"Rule does not clearly match the cited snippet context"
"/home/chinmay/ChinmayPersonalProjects/deslop/scripts/chunks/Chunk_5351_5375.txt",5355,"/home/chinmay/ChinmayPersonalProjects/gopdfsuit/sampledata/gopdflib/zerodha/pypdfsuit_bench.py",417,"python_perf_layer_error_handling_cost_broad_except_retries_cpu_work",false_positive,"Rule does not clearly match the cited snippet context"
"/home/chinmay/ChinmayPersonalProjects/deslop/scripts/chunks/Chunk_5351_5375.txt",5356,"/home/chinmay/ChinmayPersonalProjects/gopdfsuit/sampledata/gopdflib/zerodha/pypdfsuit_bench.py",423,"python_perf_layer_resource_pooling_process_pool_without_shutdown",false_positive,"Rule does not clearly match the cited snippet context"
"/home/chinmay/ChinmayPersonalProjects/deslop/scripts/chunks/Chunk_5351_5375.txt",5357,"/home/chinmay/ChinmayPersonalProjects/gopdfsuit/sampledata/gopdflib/zerodha/pypdfsuit_bench.py",423,"python_perf_layer_runtime_configuration_debug_mode_enabled_in_perf_sensitive_path",false_positive,"Rule does not clearly match the cited snippet context"
"/home/chinmay/ChinmayPersonalProjects/deslop/scripts/chunks/Chunk_5351_5375.txt",5358,"/home/chinmay/ChinmayPersonalProjects/gopdfsuit/sampledata/gopdflib/zerodha/pypdfsuit_bench.py",425,"python_perf_layer_io_operations_read_entire_file_for_line_processing",false_positive,"Rule does not clearly match the cited snippet context"
"/home/chinmay/ChinmayPersonalProjects/deslop/scripts/chunks/Chunk_5351_5375.txt",5359,"/home/chinmay/ChinmayPersonalProjects/gopdfsuit/sampledata/gopdflib/zerodha/pypdfsuit_bench.py",425,"python_perf_layer_io_operations_small_file_writes_without_buffer",false_positive,"Rule does not clearly match the cited snippet context"
"/home/chinmay/ChinmayPersonalProjects/deslop/scripts/chunks/Chunk_5351_5375.txt",5360,"/home/chinmay/ChinmayPersonalProjects/gopdfsuit/sampledata/gopdflib/zerodha/pypdfsuit_bench.py",425,"python_perf_layer_io_operations_subprocess_per_item",false_positive,"Rule does not clearly match the cited snippet context"
"/home/chinmay/ChinmayPersonalProjects/deslop/scripts/chunks/Chunk_5351_5375.txt",5361,"/home/chinmay/ChinmayPersonalProjects/gopdfsuit/sampledata/gopdflib/zerodha/pypdfsuit_bench.py",425,"python_perf_layer_io_operations_temporary_file_for_bytes_transform",false_positive,"Rule does not clearly match the cited snippet context"
"/home/chinmay/ChinmayPersonalProjects/deslop/scripts/chunks/Chunk_5351_5375.txt",5362,"/home/chinmay/ChinmayPersonalProjects/gopdfsuit/sampledata/gopdflib/zerodha/pypdfsuit_bench.py",425,"python_perf_layer_memory_allocation_deepcopy_before_readonly_transform",false_positive,"Rule does not clearly match the cited snippet context"
"/home/chinmay/ChinmayPersonalProjects/deslop/scripts/chunks/Chunk_5351_5375.txt",5363,"/home/chinmay/ChinmayPersonalProjects/gopdfsuit/sampledata/gopdflib/zerodha/pypdfsuit_bench.py",429,"python_perf_layer_hot_path_optimization_numpy_python_loop_over_array",false_positive,"Rule does not clearly match the cited snippet context"
"/home/chinmay/ChinmayPersonalProjects/deslop/scripts/chunks/Chunk_5351_5375.txt",5364,"/home/chinmay/ChinmayPersonalProjects/gopdfsuit/sampledata/gopdflib/zerodha/pypdfsuit_bench.py",437,"python_perf_layer_network_calls_tls_context_built_per_request",false_positive,"Rule does not clearly match the cited snippet context"
"/home/chinmay/ChinmayPersonalProjects/deslop/scripts/chunks/Chunk_5351_5375.txt",5365,"/home/chinmay/ChinmayPersonalProjects/gopdfsuit/sampledata/gopdflib/zerodha/pypdfsuit_bench.py",443,"python_perf_layer_collection_iteration_generator_materialized_for_truthiness",false_positive,"Rule does not clearly match the cited snippet context"
"/home/chinmay/ChinmayPersonalProjects/deslop/scripts/chunks/Chunk_5351_5375.txt",5366,"/home/chinmay/ChinmayPersonalProjects/gopdfsuit/sampledata/gopdflib/zerodha/pypdfsuit_bench.py",457,"python_perf_layer_memory_allocation_closure_or_lambda_allocated_in_inner_loop",false_positive,"Rule does not clearly match the cited snippet context"
"/home/chinmay/ChinmayPersonalProjects/deslop/scripts/chunks/Chunk_5351_5375.txt",5367,"/home/chinmay/ChinmayPersonalProjects/gopdfsuit/sampledata/gopdflib/zerodha/pypdfsuit_bench.py",477,"concurrent_futures_executor_not_shut_down",false_positive,"Rule does not clearly match the cited snippet context"
"/home/chinmay/ChinmayPersonalProjects/deslop/scripts/chunks/Chunk_5351_5375.txt",5368,"/home/chinmay/ChinmayPersonalProjects/gopdfsuit/sampledata/gopdflib/zerodha/pypdfsuit_bench.py",478,"python_perf_layer_resource_pooling_http_pool_not_reused",false_positive,"Rule does not clearly match the cited snippet context"
"/home/chinmay/ChinmayPersonalProjects/deslop/scripts/chunks/Chunk_5351_5375.txt",5369,"/home/chinmay/ChinmayPersonalProjects/gopdfsuit/sampledata/gopdflib/zerodha/pypdfsuit_bench.py",478,"python_perf_layer_resource_pooling_large_buffer_pool_without_cap",false_positive,"Rule does not clearly match the cited snippet context"
"/home/chinmay/ChinmayPersonalProjects/deslop/scripts/chunks/Chunk_5351_5375.txt",5370,"/home/chinmay/ChinmayPersonalProjects/gopdfsuit/sampledata/gopdflib/zerodha/pypdfsuit_bench.py",479,"python_perf_layer_network_calls_retry_without_backoff_or_jitter",false_positive,"Rule does not clearly match the cited snippet context"
"/home/chinmay/ChinmayPersonalProjects/deslop/scripts/chunks/Chunk_5351_5375.txt",5371,"/home/chinmay/ChinmayPersonalProjects/gopdfsuit/sampledata/gopdflib/zerodha/pypdfsuit_bench.py",480,"python_perf_layer_memory_allocation_list_append_without_generator_stream",false_positive,"Rule does not clearly match the cited snippet context"
"/home/chinmay/ChinmayPersonalProjects/deslop/scripts/chunks/Chunk_5351_5375.txt",5372,"/home/chinmay/ChinmayPersonalProjects/gopdfsuit/sampledata/gopdflib/zerodha/pypdfsuit_bench.py",483,"python_perf_layer_database_access_orm_query_inside_loop",false_positive,"Rule does not clearly match the cited snippet context"
"/home/chinmay/ChinmayPersonalProjects/deslop/scripts/chunks/Chunk_5351_5375.txt",5373,"/home/chinmay/ChinmayPersonalProjects/gopdfsuit/sampledata/librarybook/data/generate_codes.py",18,"binary_or_multipart_response_missing_explicit_content_type",false_positive,"Rule does not clearly match the cited snippet context"
"/home/chinmay/ChinmayPersonalProjects/deslop/scripts/chunks/Chunk_5351_5375.txt",5374,"/home/chinmay/ChinmayPersonalProjects/gopdfsuit/sampledata/librarybook/data/generate_codes.py",18,"full_response_or_export_buffered_before_incremental_consumer_use",false_positive,"Rule does not clearly match the cited snippet context"
"/home/chinmay/ChinmayPersonalProjects/deslop/scripts/chunks/Chunk_5351_5375.txt",5375,"/home/chinmay/ChinmayPersonalProjects/gopdfsuit/sampledata/librarybook/data/generate_codes.py",19,"python_perf_layer_string_handling_bytes_decode_encode_roundtrip",false_positive,"Rule does not clearly match the cited snippet context"
"/home/chinmay/ChinmayPersonalProjects/deslop/scripts/chunks/Chunk_5376_5400.txt",5376,"/home/chinmay/ChinmayPersonalProjects/gopdfsuit/sampledata/librarybook/data/generate_codes.py",19,"python_perf_layer_string_handling_lowercase_compare_allocates",false_positive,"Rule does not clearly match the cited snippet context"
"/home/chinmay/ChinmayPersonalProjects/deslop/scripts/chunks/Chunk_5376_5400.txt",5377,"/home/chinmay/ChinmayPersonalProjects/gopdfsuit/sampledata/librarybook/data/generate_codes.py",22,"python_perf_layer_error_handling_cost_error_message_formatted_on_success_path",false_positive,"Rule does not clearly match the cited snippet context"
"/home/chinmay/ChinmayPersonalProjects/deslop/scripts/chunks/Chunk_5376_5400.txt",5378,"/home/chinmay/ChinmayPersonalProjects/gopdfsuit/sampledata/librarybook/data/generate_codes.py",22,"python_perf_layer_error_handling_cost_multi_error_list_allocated_before_failure",false_positive,"Rule does not clearly match the cited snippet context"
"/home/chinmay/ChinmayPersonalProjects/deslop/scripts/chunks/Chunk_5376_5400.txt",5379,"/home/chinmay/ChinmayPersonalProjects/gopdfsuit/sampledata/librarybook/data/generate_codes.py",34,"python_perf_layer_io_operations_temporary_file_for_bytes_transform",false_positive,"Rule does not clearly match the cited snippet context"
"/home/chinmay/ChinmayPersonalProjects/deslop/scripts/chunks/Chunk_5376_5400.txt",5380,"/home/chinmay/ChinmayPersonalProjects/gopdfsuit/sampledata/librarybook/data/generate_codes.py",36,"print_debugging_leftover",false_positive,"Rule does not clearly match the cited snippet context"
"/home/chinmay/ChinmayPersonalProjects/deslop/scripts/chunks/Chunk_5376_5400.txt",5381,"/home/chinmay/ChinmayPersonalProjects/gopdfsuit/sampledata/librarybook/data/generate_codes.py",39,"python_perf_layer_resource_pooling_large_buffer_pool_without_cap",false_positive,"Rule does not clearly match the cited snippet context"
"/home/chinmay/ChinmayPersonalProjects/deslop/scripts/chunks/Chunk_5376_5400.txt",5382,"/home/chinmay/ChinmayPersonalProjects/gopdfsuit/sampledata/librarybook/data/generate_codes.py",46,"atomic_replace_semantics_implemented_with_non_atomic_file_write",false_positive,"Rule does not clearly match the cited snippet context"
"/home/chinmay/ChinmayPersonalProjects/deslop/scripts/chunks/Chunk_5376_5400.txt",5383,"/home/chinmay/ChinmayPersonalProjects/gopdfsuit/sampledata/librarybook/data/generate_codes.py",46,"batchable_writes_executed_one_at_a_time",false_positive,"Rule does not clearly match the cited snippet context"
"/home/chinmay/ChinmayPersonalProjects/deslop/scripts/chunks/Chunk_5376_5400.txt",5384,"/home/chinmay/ChinmayPersonalProjects/gopdfsuit/sampledata/librarybook/data/generate_codes.py",46,"binary_or_multipart_response_missing_explicit_content_type",false_positive,"Rule does not clearly match the cited snippet context"
"/home/chinmay/ChinmayPersonalProjects/deslop/scripts/chunks/Chunk_5376_5400.txt",5385,"/home/chinmay/ChinmayPersonalProjects/gopdfsuit/sampledata/librarybook/data/generate_codes.py",46,"blocking_io_call_executed_per_item_without_batching",false_positive,"Rule does not clearly match the cited snippet context"
"/home/chinmay/ChinmayPersonalProjects/deslop/scripts/chunks/Chunk_5376_5400.txt",5386,"/home/chinmay/ChinmayPersonalProjects/gopdfsuit/sampledata/librarybook/data/generate_codes.py",46,"full_response_or_export_buffered_before_incremental_consumer_use",false_positive,"Rule does not clearly match the cited snippet context"
"/home/chinmay/ChinmayPersonalProjects/deslop/scripts/chunks/Chunk_5376_5400.txt",5387,"/home/chinmay/ChinmayPersonalProjects/gopdfsuit/sampledata/librarybook/data/generate_codes.py",46,"same_contextmanager_pattern_copied_across_modules",false_positive,"Rule does not clearly match the cited snippet context"
"/home/chinmay/ChinmayPersonalProjects/deslop/scripts/chunks/Chunk_5376_5400.txt",5388,"/home/chinmay/ChinmayPersonalProjects/gopdfsuit/sampledata/librarybook/data/generate_codes.py",47,"python_perf_layer_string_handling_bytes_decode_encode_roundtrip",false_positive,"Rule does not clearly match the cited snippet context"
"/home/chinmay/ChinmayPersonalProjects/deslop/scripts/chunks/Chunk_5376_5400.txt",5389,"/home/chinmay/ChinmayPersonalProjects/gopdfsuit/sampledata/librarybook/data/generate_codes.py",51,"python_perf_layer_io_operations_path_exists_before_open_race",false_positive,"Rule does not clearly match the cited snippet context"
"/home/chinmay/ChinmayPersonalProjects/deslop/scripts/chunks/Chunk_5376_5400.txt",5390,"/home/chinmay/ChinmayPersonalProjects/gopdfsuit/sampledata/librarybook/data/generate_codes.py",51,"python_perf_layer_io_operations_read_entire_file_for_line_processing",false_positive,"Rule does not clearly match the cited snippet context"
"/home/chinmay/ChinmayPersonalProjects/deslop/scripts/chunks/Chunk_5376_5400.txt",5391,"/home/chinmay/ChinmayPersonalProjects/gopdfsuit/sampledata/librarybook/data/generate_codes.py",51,"python_perf_layer_io_operations_temporary_file_for_bytes_transform",false_positive,"Rule does not clearly match the cited snippet context"
"/home/chinmay/ChinmayPersonalProjects/deslop/scripts/chunks/Chunk_5376_5400.txt",5392,"/home/chinmay/ChinmayPersonalProjects/gopdfsuit/sampledata/librarybook/data/generate_codes.py",62,"python_perf_layer_network_calls_retry_without_backoff_or_jitter",false_positive,"Rule does not clearly match the cited snippet context"
"/home/chinmay/ChinmayPersonalProjects/deslop/scripts/chunks/Chunk_5376_5400.txt",5393,"/home/chinmay/ChinmayPersonalProjects/gopdfsuit/sampledata/librarybook/data/generate_codes.py",63,"python_perf_layer_memory_allocation_deepcopy_before_readonly_transform",false_positive,"Rule does not clearly match the cited snippet context"
"/home/chinmay/ChinmayPersonalProjects/deslop/scripts/chunks/Chunk_5376_5400.txt",5394,"/home/chinmay/ChinmayPersonalProjects/gopdfsuit/sampledata/librarybook/data/generate_codes.py",69,"print_debugging_leftover",false_positive,"Rule does not clearly match the cited snippet context"
"/home/chinmay/ChinmayPersonalProjects/deslop/scripts/chunks/Chunk_5376_5400.txt",5395,"/home/chinmay/ChinmayPersonalProjects/gopdfsuit/sampledata/librarybook/data/generate_codes.py",76,"python_perf_layer_resource_pooling_large_buffer_pool_without_cap",false_positive,"Rule does not clearly match the cited snippet context"
"/home/chinmay/ChinmayPersonalProjects/deslop/scripts/chunks/Chunk_5376_5400.txt",5396,"/home/chinmay/ChinmayPersonalProjects/gopdfsuit/sampledata/librarybook/data/generate_codes.py",77,"python_perf_layer_database_access_orm_query_inside_loop",false_positive,"Rule does not clearly match the cited snippet context"
"/home/chinmay/ChinmayPersonalProjects/deslop/scripts/chunks/Chunk_5376_5400.txt",5397,"/home/chinmay/ChinmayPersonalProjects/gopdfsuit/sampledata/librarybook/data/generate_codes.py",83,"batchable_writes_executed_one_at_a_time",false_positive,"Rule does not clearly match the cited snippet context"
"/home/chinmay/ChinmayPersonalProjects/deslop/scripts/chunks/Chunk_5376_5400.txt",5398,"/home/chinmay/ChinmayPersonalProjects/gopdfsuit/sampledata/librarybook/data/generate_codes.py",83,"blocking_io_call_executed_per_item_without_batching",false_positive,"Rule does not clearly match the cited snippet context"
"/home/chinmay/ChinmayPersonalProjects/deslop/scripts/chunks/Chunk_5376_5400.txt",5399,"/home/chinmay/ChinmayPersonalProjects/gopdfsuit/sampledata/librarybook/data/generate_codes.py",83,"public_api_missing_type_hints",false_positive,"Rule does not clearly match the cited snippet context"
"/home/chinmay/ChinmayPersonalProjects/deslop/scripts/chunks/Chunk_5376_5400.txt",5400,"/home/chinmay/ChinmayPersonalProjects/gopdfsuit/sampledata/librarybook/data/generate_codes.py",83,"repeated_file_open_for_same_resource_within_single_operation",false_positive,"Rule does not clearly match the cited snippet context"
"/home/chinmay/ChinmayPersonalProjects/deslop/scripts/chunks/Chunk_5401_5425.txt",5401,"/home/chinmay/ChinmayPersonalProjects/gopdfsuit/sampledata/librarybook/data/generate_codes.py",83,"repeated_small_writes_without_buffering_or_join",false_positive,"Rule does not clearly match the cited snippet context"
"/home/chinmay/ChinmayPersonalProjects/deslop/scripts/chunks/Chunk_5401_5425.txt",5402,"/home/chinmay/ChinmayPersonalProjects/gopdfsuit/sampledata/librarybook/data/generate_codes.py",83,"repeated_split_or_join_on_invariant_separator_inside_loop",false_positive,"Rule does not clearly match the cited snippet context"
"/home/chinmay/ChinmayPersonalProjects/deslop/scripts/chunks/Chunk_5401_5425.txt",5403,"/home/chinmay/ChinmayPersonalProjects/gopdfsuit/sampledata/librarybook/data/generate_codes.py",83,"same_contextmanager_pattern_copied_across_modules",false_positive,"Rule does not clearly match the cited snippet context"
"/home/chinmay/ChinmayPersonalProjects/deslop/scripts/chunks/Chunk_5401_5425.txt",5404,"/home/chinmay/ChinmayPersonalProjects/gopdfsuit/sampledata/librarybook/data/generate_codes.py",83,"text_bytes_boundary_relies_on_implicit_default_encoding",false_positive,"Rule does not clearly match the cited snippet context"
"/home/chinmay/ChinmayPersonalProjects/deslop/scripts/chunks/Chunk_5401_5425.txt",5405,"/home/chinmay/ChinmayPersonalProjects/gopdfsuit/sampledata/librarybook/data/generate_codes.py",85,"python_perf_layer_io_operations_path_exists_before_open_race",false_positive,"Rule does not clearly match the cited snippet context"
"/home/chinmay/ChinmayPersonalProjects/deslop/scripts/chunks/Chunk_5401_5425.txt",5406,"/home/chinmay/ChinmayPersonalProjects/gopdfsuit/sampledata/librarybook/data/generate_codes.py",105,"python_perf_layer_network_calls_retry_without_backoff_or_jitter",false_positive,"Rule does not clearly match the cited snippet context"
"/home/chinmay/ChinmayPersonalProjects/deslop/scripts/chunks/Chunk_5401_5425.txt",5407,"/home/chinmay/ChinmayPersonalProjects/gopdfsuit/sampledata/python/JsonFileExample.py",14,"logging_basic_config_called_from_library_package",false_positive,"Rule does not clearly match the cited snippet context"
"/home/chinmay/ChinmayPersonalProjects/deslop/scripts/chunks/Chunk_5401_5425.txt",5408,"/home/chinmay/ChinmayPersonalProjects/gopdfsuit/sampledata/python/JsonFileExample.py",16,"expensive_work_starts_before_input_validation",false_positive,"Rule does not clearly match the cited snippet context"
"/home/chinmay/ChinmayPersonalProjects/deslop/scripts/chunks/Chunk_5401_5425.txt",5409,"/home/chinmay/ChinmayPersonalProjects/gopdfsuit/sampledata/python/JsonFileExample.py",16,"public_api_missing_type_hints",false_positive,"Rule does not clearly match the cited snippet context"
"/home/chinmay/ChinmayPersonalProjects/deslop/scripts/chunks/Chunk_5401_5425.txt",5410,"/home/chinmay/ChinmayPersonalProjects/gopdfsuit/sampledata/python/JsonFileExample.py",16,"repeated_path_exists_check_before_open_or_replace_in_loop",false_positive,"Rule does not clearly match the cited snippet context"
"/home/chinmay/ChinmayPersonalProjects/deslop/scripts/chunks/Chunk_5401_5425.txt",5411,"/home/chinmay/ChinmayPersonalProjects/gopdfsuit/sampledata/python/JsonFileExample.py",18,"python_perf_layer_io_operations_path_exists_before_open_race",false_positive,"Rule does not clearly match the cited snippet context"
"/home/chinmay/ChinmayPersonalProjects/deslop/scripts/chunks/Chunk_5401_5425.txt",5412,"/home/chinmay/ChinmayPersonalProjects/gopdfsuit/sampledata/python/JsonFileExample.py",18,"python_perf_layer_io_operations_small_file_writes_without_buffer",false_positive,"Rule does not clearly match the cited snippet context"
"/home/chinmay/ChinmayPersonalProjects/deslop/scripts/chunks/Chunk_5401_5425.txt",5413,"/home/chinmay/ChinmayPersonalProjects/gopdfsuit/sampledata/python/JsonFileExample.py",20,"python_perf_layer_error_handling_cost_error_message_formatted_on_success_path",false_positive,"Rule does not clearly match the cited snippet context"
"/home/chinmay/ChinmayPersonalProjects/deslop/scripts/chunks/Chunk_5401_5425.txt",5414,"/home/chinmay/ChinmayPersonalProjects/gopdfsuit/sampledata/python/JsonFileExample.py",23,"python_perf_layer_error_handling_cost_raise_from_none_hides_retriable_error_context",false_positive,"Rule does not clearly match the cited snippet context"
"/home/chinmay/ChinmayPersonalProjects/deslop/scripts/chunks/Chunk_5401_5425.txt",5415,"/home/chinmay/ChinmayPersonalProjects/gopdfsuit/sampledata/python/JsonFileExample.py",26,"f_string_evaluated_eagerly_inside_logging_call",false_positive,"Rule does not clearly match the cited snippet context"
"/home/chinmay/ChinmayPersonalProjects/deslop/scripts/chunks/Chunk_5401_5425.txt",5416,"/home/chinmay/ChinmayPersonalProjects/gopdfsuit/sampledata/python/amazonReceipt/amazonReceipt.py",3,"cli_only_dependency_imported_by_library_entry_module",false_positive,"Rule does not clearly match the cited snippet context"
"/home/chinmay/ChinmayPersonalProjects/deslop/scripts/chunks/Chunk_5401_5425.txt",5417,"/home/chinmay/ChinmayPersonalProjects/gopdfsuit/sampledata/python/amazonReceipt/amazonReceipt.py",14,"sibling_modules_depend_on_private_helpers_from_each_other",false_positive,"Rule does not clearly match the cited snippet context"
"/home/chinmay/ChinmayPersonalProjects/deslop/scripts/chunks/Chunk_5401_5425.txt",5418,"/home/chinmay/ChinmayPersonalProjects/gopdfsuit/sampledata/python/amazonReceipt/amazonReceipt.py",25,"over_abstracted_wrapper",false_positive,"Rule does not clearly match the cited snippet context"
"/home/chinmay/ChinmayPersonalProjects/deslop/scripts/chunks/Chunk_5401_5425.txt",5419,"/home/chinmay/ChinmayPersonalProjects/gopdfsuit/sampledata/python/amazonReceipt/amazonReceipt.py",31,"function_returns_multiple_unlabeled_shape_variants",false_positive,"Rule does not clearly match the cited snippet context"
"/home/chinmay/ChinmayPersonalProjects/deslop/scripts/chunks/Chunk_5401_5425.txt",5420,"/home/chinmay/ChinmayPersonalProjects/gopdfsuit/sampledata/python/amazonReceipt/amazonReceipt.py",31,"helper_returns_index_based_tuple_instead_of_named_structure",false_positive,"Rule does not clearly match the cited snippet context"
"/home/chinmay/ChinmayPersonalProjects/deslop/scripts/chunks/Chunk_5401_5425.txt",5421,"/home/chinmay/ChinmayPersonalProjects/gopdfsuit/sampledata/python/amazonReceipt/amazonReceipt.py",63,"python_perf_layer_io_operations_subprocess_per_item",false_positive,"Rule does not clearly match the cited snippet context"
"/home/chinmay/ChinmayPersonalProjects/deslop/scripts/chunks/Chunk_5401_5425.txt",5422,"/home/chinmay/ChinmayPersonalProjects/gopdfsuit/sampledata/python/amazonReceipt/amazonReceipt.py",63,"python_perf_layer_network_calls_retry_without_backoff_or_jitter",false_positive,"Rule does not clearly match the cited snippet context"
"/home/chinmay/ChinmayPersonalProjects/deslop/scripts/chunks/Chunk_5401_5425.txt",5423,"/home/chinmay/ChinmayPersonalProjects/gopdfsuit/sampledata/python/amazonReceipt/amazonReceipt.py",109,"function_returns_multiple_unlabeled_shape_variants",false_positive,"Rule does not clearly match the cited snippet context"
"/home/chinmay/ChinmayPersonalProjects/deslop/scripts/chunks/Chunk_5401_5425.txt",5424,"/home/chinmay/ChinmayPersonalProjects/gopdfsuit/sampledata/python/amazonReceipt/amazonReceipt.py",109,"helper_returns_index_based_tuple_instead_of_named_structure",false_positive,"Rule does not clearly match the cited snippet context"
"/home/chinmay/ChinmayPersonalProjects/deslop/scripts/chunks/Chunk_5401_5425.txt",5425,"/home/chinmay/ChinmayPersonalProjects/gopdfsuit/sampledata/python/amazonReceipt/amazonReceipt.py",109,"tuple_return_with_three_or_more_positional_fields_in_public_api",false_positive,"Rule does not clearly match the cited snippet context"
"/home/chinmay/ChinmayPersonalProjects/deslop/scripts/chunks/Chunk_5426_5450.txt",5426,"/home/chinmay/ChinmayPersonalProjects/gopdfsuit/sampledata/python/amazonReceipt/amazonReceipt.py",111,"python_perf_layer_collection_iteration_generator_materialized_for_truthiness",false_positive,"Rule does not clearly match the cited snippet context"
"/home/chinmay/ChinmayPersonalProjects/deslop/scripts/chunks/Chunk_5426_5450.txt",5427,"/home/chinmay/ChinmayPersonalProjects/gopdfsuit/sampledata/python/amazonReceipt/amazonReceipt.py",118,"comment_required_to_explain_opaque_branching_that_code_could_express",false_positive,"Rule does not clearly match the cited snippet context"
"/home/chinmay/ChinmayPersonalProjects/deslop/scripts/chunks/Chunk_5426_5450.txt",5428,"/home/chinmay/ChinmayPersonalProjects/gopdfsuit/sampledata/python/amazonReceipt/amazonReceipt.py",118,"compression_hashing_or_encoding_performed_before_cheap_reject_checks",false_positive,"Rule does not clearly match the cited snippet context"
"/home/chinmay/ChinmayPersonalProjects/deslop/scripts/chunks/Chunk_5426_5450.txt",5429,"/home/chinmay/ChinmayPersonalProjects/gopdfsuit/sampledata/python/amazonReceipt/amazonReceipt.py",118,"magic_value_branching",false_positive,"Rule does not clearly match the cited snippet context"
"/home/chinmay/ChinmayPersonalProjects/deslop/scripts/chunks/Chunk_5426_5450.txt",5430,"/home/chinmay/ChinmayPersonalProjects/gopdfsuit/sampledata/python/amazonReceipt/amazonReceipt.py",118,"quadratic_string_building_via_plus_equals",false_positive,"Rule does not clearly match the cited snippet context"
"/home/chinmay/ChinmayPersonalProjects/deslop/scripts/chunks/Chunk_5426_5450.txt",5431,"/home/chinmay/ChinmayPersonalProjects/gopdfsuit/sampledata/python/amazonReceipt/amazonReceipt.py",118,"same_sequence_scanned_multiple_times_for_related_aggregates",false_positive,"Rule does not clearly match the cited snippet context"
"/home/chinmay/ChinmayPersonalProjects/deslop/scripts/chunks/Chunk_5426_5450.txt",5432,"/home/chinmay/ChinmayPersonalProjects/gopdfsuit/sampledata/python/amazonReceipt/amazonReceipt.py",121,"python_perf_layer_collection_iteration_enumerate_list_materialized",false_positive,"Rule does not clearly match the cited snippet context"
"/home/chinmay/ChinmayPersonalProjects/deslop/scripts/chunks/Chunk_5426_5450.txt",5433,"/home/chinmay/ChinmayPersonalProjects/gopdfsuit/sampledata/python/amazonReceipt/amazonReceipt.py",121,"python_perf_layer_data_structure_choice_list_as_fifo_queue",false_positive,"Rule does not clearly match the cited snippet context"
"/home/chinmay/ChinmayPersonalProjects/deslop/scripts/chunks/Chunk_5426_5450.txt",5434,"/home/chinmay/ChinmayPersonalProjects/gopdfsuit/sampledata/python/amazonReceipt/amazonReceipt.py",121,"python_perf_layer_database_access_row_by_row_bulk_insert",false_positive,"Rule does not clearly match the cited snippet context"
"/home/chinmay/ChinmayPersonalProjects/deslop/scripts/chunks/Chunk_5426_5450.txt",5435,"/home/chinmay/ChinmayPersonalProjects/gopdfsuit/sampledata/python/amazonReceipt/amazonReceipt.py",121,"python_perf_layer_memory_allocation_list_append_without_generator_stream",false_positive,"Rule does not clearly match the cited snippet context"
"/home/chinmay/ChinmayPersonalProjects/deslop/scripts/chunks/Chunk_5426_5450.txt",5436,"/home/chinmay/ChinmayPersonalProjects/gopdfsuit/sampledata/python/amazonReceipt/amazonReceipt.py",121,"python_perf_layer_string_handling_bytes_decode_encode_roundtrip",false_positive,"Rule does not clearly match the cited snippet context"
"/home/chinmay/ChinmayPersonalProjects/deslop/scripts/chunks/Chunk_5426_5450.txt",5437,"/home/chinmay/ChinmayPersonalProjects/gopdfsuit/sampledata/python/amazonReceipt/amazonReceipt.py",123,"python_perf_layer_algorithmic_complexity_cartesian_product_materialized_before_filter",false_positive,"Rule does not clearly match the cited snippet context"
"/home/chinmay/ChinmayPersonalProjects/deslop/scripts/chunks/Chunk_5426_5450.txt",5438,"/home/chinmay/ChinmayPersonalProjects/gopdfsuit/sampledata/python/amazonReceipt/amazonReceipt.py",123,"python_perf_layer_network_calls_retry_without_backoff_or_jitter",false_positive,"Rule does not clearly match the cited snippet context"
"/home/chinmay/ChinmayPersonalProjects/deslop/scripts/chunks/Chunk_5426_5450.txt",5439,"/home/chinmay/ChinmayPersonalProjects/gopdfsuit/sampledata/python/amazonReceipt/amazonReceipt.py",143,"python_perf_layer_serialization_gzip_compress_tiny_payloads",false_positive,"Rule does not clearly match the cited snippet context"
"/home/chinmay/ChinmayPersonalProjects/deslop/scripts/chunks/Chunk_5426_5450.txt",5440,"/home/chinmay/ChinmayPersonalProjects/gopdfsuit/sampledata/python/amazonReceipt/amazonReceipt.py",154,"cross_cutting_policies_embedded_in_leaf_modules_instead_of_shared_boundary",false_positive,"Rule does not clearly match the cited snippet context"
"/home/chinmay/ChinmayPersonalProjects/deslop/scripts/chunks/Chunk_5426_5450.txt",5441,"/home/chinmay/ChinmayPersonalProjects/gopdfsuit/sampledata/python/amazonReceipt/amazonReceipt.py",231,"python_perf_layer_database_access_row_by_row_bulk_insert",false_positive,"Rule does not clearly match the cited snippet context"
"/home/chinmay/ChinmayPersonalProjects/deslop/scripts/chunks/Chunk_5426_5450.txt",5442,"/home/chinmay/ChinmayPersonalProjects/gopdfsuit/sampledata/python/amazonReceipt/amazonReceipt.py",242,"python_perf_layer_io_operations_subprocess_per_item",false_positive,"Rule does not clearly match the cited snippet context"
"/home/chinmay/ChinmayPersonalProjects/deslop/scripts/chunks/Chunk_5426_5450.txt",5443,"/home/chinmay/ChinmayPersonalProjects/gopdfsuit/sampledata/python/amazonReceipt/amazonReceipt.py",242,"python_perf_layer_network_calls_retry_without_backoff_or_jitter",false_positive,"Rule does not clearly match the cited snippet context"
"/home/chinmay/ChinmayPersonalProjects/deslop/scripts/chunks/Chunk_5426_5450.txt",5444,"/home/chinmay/ChinmayPersonalProjects/gopdfsuit/sampledata/python/amazonReceipt/amazonReceipt.py",243,"python_perf_layer_memory_allocation_list_append_without_generator_stream",false_positive,"Rule does not clearly match the cited snippet context"
"/home/chinmay/ChinmayPersonalProjects/deslop/scripts/chunks/Chunk_5426_5450.txt",5445,"/home/chinmay/ChinmayPersonalProjects/gopdfsuit/sampledata/python/amazonReceipt/amazonReceipt.py",329,"python_perf_layer_io_operations_subprocess_per_item",false_positive,"Rule does not clearly match the cited snippet context"
"/home/chinmay/ChinmayPersonalProjects/deslop/scripts/chunks/Chunk_5426_5450.txt",5446,"/home/chinmay/ChinmayPersonalProjects/gopdfsuit/sampledata/python/amazonReceipt/amazonReceipt.py",356,"python_perf_layer_network_calls_retry_without_backoff_or_jitter",false_positive,"Rule does not clearly match the cited snippet context"
"/home/chinmay/ChinmayPersonalProjects/deslop/scripts/chunks/Chunk_5426_5450.txt",5447,"/home/chinmay/ChinmayPersonalProjects/gopdfsuit/sampledata/python/amazonReceipt/amazonReceipt.py",361,"python_perf_layer_caching_unbounded_dict_cache",false_positive,"Rule does not clearly match the cited snippet context"
"/home/chinmay/ChinmayPersonalProjects/deslop/scripts/chunks/Chunk_5426_5450.txt",5448,"/home/chinmay/ChinmayPersonalProjects/gopdfsuit/sampledata/python/amazonReceipt/amazonReceipt.py",361,"python_perf_layer_data_structure_choice_dict_of_dicts_for_fixed_records",false_positive,"Rule does not clearly match the cited snippet context"
"/home/chinmay/ChinmayPersonalProjects/deslop/scripts/chunks/Chunk_5426_5450.txt",5449,"/home/chinmay/ChinmayPersonalProjects/gopdfsuit/sampledata/python/amazonReceipt/amazonReceipt.py",361,"python_perf_layer_string_handling_lowercase_compare_allocates",false_positive,"Rule does not clearly match the cited snippet context"
"/home/chinmay/ChinmayPersonalProjects/deslop/scripts/chunks/Chunk_5426_5450.txt",5450,"/home/chinmay/ChinmayPersonalProjects/gopdfsuit/sampledata/python/amazonReceipt/amazonReceipt.py",362,"python_perf_layer_runtime_configuration_profiling_hooks_enabled_by_default",false_positive,"Rule does not clearly match the cited snippet context"
"/home/chinmay/ChinmayPersonalProjects/deslop/scripts/chunks/Chunk_5451_5475.txt",5451,"/home/chinmay/ChinmayPersonalProjects/gopdfsuit/sampledata/python/amazonReceipt/amazonReceipt.py",376,"compression_hashing_or_encoding_performed_before_cheap_reject_checks",false_positive,"Rule does not clearly match the cited snippet context"
"/home/chinmay/ChinmayPersonalProjects/deslop/scripts/chunks/Chunk_5451_5475.txt",5452,"/home/chinmay/ChinmayPersonalProjects/gopdfsuit/sampledata/python/amazonReceipt/amazonReceipt.py",376,"full_response_or_export_buffered_before_incremental_consumer_use",false_positive,"Rule does not clearly match the cited snippet context"
"/home/chinmay/ChinmayPersonalProjects/deslop/scripts/chunks/Chunk_5451_5475.txt",5453,"/home/chinmay/ChinmayPersonalProjects/gopdfsuit/sampledata/python/amazonReceipt/amazonReceipt.py",376,"generic_class_used_without_type_parameter_application",false_positive,"Rule does not clearly match the cited snippet context"
"/home/chinmay/ChinmayPersonalProjects/deslop/scripts/chunks/Chunk_5451_5475.txt",5454,"/home/chinmay/ChinmayPersonalProjects/gopdfsuit/sampledata/python/amazonReceipt/amazonReceipt.py",376,"overlong_name",false_positive,"Rule does not clearly match the cited snippet context"
"/home/chinmay/ChinmayPersonalProjects/deslop/scripts/chunks/Chunk_5451_5475.txt",5455,"/home/chinmay/ChinmayPersonalProjects/gopdfsuit/sampledata/python/amazonReceipt/amazonReceipt.py",378,"python_perf_layer_caching_unbounded_dict_cache",false_positive,"Rule does not clearly match the cited snippet context"
"/home/chinmay/ChinmayPersonalProjects/deslop/scripts/chunks/Chunk_5451_5475.txt",5456,"/home/chinmay/ChinmayPersonalProjects/gopdfsuit/sampledata/python/amazonReceipt/amazonReceipt.py",378,"python_perf_layer_data_structure_choice_dict_of_dicts_for_fixed_records",false_positive,"Rule does not clearly match the cited snippet context"
"/home/chinmay/ChinmayPersonalProjects/deslop/scripts/chunks/Chunk_5451_5475.txt",5457,"/home/chinmay/ChinmayPersonalProjects/gopdfsuit/sampledata/python/amazonReceipt/amazonReceipt.py",378,"python_perf_layer_serialization_json_dumps_for_equality_or_hash",false_positive,"Rule does not clearly match the cited snippet context"
"/home/chinmay/ChinmayPersonalProjects/deslop/scripts/chunks/Chunk_5451_5475.txt",5458,"/home/chinmay/ChinmayPersonalProjects/gopdfsuit/sampledata/python/amazonReceipt/amazonReceipt.py",378,"python_perf_layer_string_handling_bytes_decode_encode_roundtrip",false_positive,"Rule does not clearly match the cited snippet context"
"/home/chinmay/ChinmayPersonalProjects/deslop/scripts/chunks/Chunk_5451_5475.txt",5459,"/home/chinmay/ChinmayPersonalProjects/gopdfsuit/sampledata/python/amazonReceipt/amazonReceipt.py",382,"cross_cutting_policies_embedded_in_leaf_modules_instead_of_shared_boundary",false_positive,"Rule does not clearly match the cited snippet context"
"/home/chinmay/ChinmayPersonalProjects/deslop/scripts/chunks/Chunk_5451_5475.txt",5460,"/home/chinmay/ChinmayPersonalProjects/gopdfsuit/sampledata/python/amazonReceipt/amazonReceipt.py",388,"rate_limit_429_response_missing_retry_after_header_or_stable_body",false_positive,"Rule does not clearly match the cited snippet context"
"/home/chinmay/ChinmayPersonalProjects/deslop/scripts/chunks/Chunk_5451_5475.txt",5461,"/home/chinmay/ChinmayPersonalProjects/gopdfsuit/sampledata/python/amazonReceipt/amazonReceipt.py",400,"python_perf_layer_io_operations_subprocess_per_item",false_positive,"Rule does not clearly match the cited snippet context"
"/home/chinmay/ChinmayPersonalProjects/deslop/scripts/chunks/Chunk_5451_5475.txt",5462,"/home/chinmay/ChinmayPersonalProjects/gopdfsuit/sampledata/python/amazonReceipt/amazonReceipt.py",410,"python_perf_layer_network_calls_retry_without_backoff_or_jitter",false_positive,"Rule does not clearly match the cited snippet context"
"/home/chinmay/ChinmayPersonalProjects/deslop/scripts/chunks/Chunk_5451_5475.txt",5463,"/home/chinmay/ChinmayPersonalProjects/gopdfsuit/sampledata/python/amazonReceipt/amazonReceipt.py",414,"python_perf_layer_resource_pooling_http_pool_not_reused",false_positive,"Rule does not clearly match the cited snippet context"
"/home/chinmay/ChinmayPersonalProjects/deslop/scripts/chunks/Chunk_5451_5475.txt",5464,"/home/chinmay/ChinmayPersonalProjects/gopdfsuit/sampledata/python/amazonReceipt/amazonReceipt.py",420,"python_perf_layer_framework_performance_django_queryset_evaluated_in_template_loop",false_positive,"Rule does not clearly match the cited snippet context"
"/home/chinmay/ChinmayPersonalProjects/deslop/scripts/chunks/Chunk_5451_5475.txt",5465,"/home/chinmay/ChinmayPersonalProjects/gopdfsuit/sampledata/python/amazonReceipt/amazonReceipt.py",420,"python_perf_layer_garbage_collection_cleanup_file_handle_closed_by_gc",false_positive,"Rule does not clearly match the cited snippet context"
"/home/chinmay/ChinmayPersonalProjects/deslop/scripts/chunks/Chunk_5451_5475.txt",5466,"/home/chinmay/ChinmayPersonalProjects/gopdfsuit/sampledata/python/amazonReceipt/amazonReceipt.py",420,"python_perf_layer_lazy_loading_eager_template_compile_for_unused_views",false_positive,"Rule does not clearly match the cited snippet context"
"/home/chinmay/ChinmayPersonalProjects/deslop/scripts/chunks/Chunk_5451_5475.txt",5467,"/home/chinmay/ChinmayPersonalProjects/gopdfsuit/sampledata/python/amazonReceipt/amazonReceipt.py",421,"python_perf_layer_io_operations_temporary_file_for_bytes_transform",false_positive,"Rule does not clearly match the cited snippet context"
"/home/chinmay/ChinmayPersonalProjects/deslop/scripts/chunks/Chunk_5451_5475.txt",5468,"/home/chinmay/ChinmayPersonalProjects/gopdfsuit/sampledata/python/amazonReceipt/amazonReceipt.py",422,"python_perf_layer_error_handling_cost_broad_except_retries_cpu_work",false_positive,"Rule does not clearly match the cited snippet context"
"/home/chinmay/ChinmayPersonalProjects/deslop/scripts/chunks/Chunk_5451_5475.txt",5469,"/home/chinmay/ChinmayPersonalProjects/gopdfsuit/sampledata/python/amazonReceipt/amazonReceipt.py",422,"python_perf_layer_error_handling_cost_raise_from_none_hides_retriable_error_context",false_positive,"Rule does not clearly match the cited snippet context"
"/home/chinmay/ChinmayPersonalProjects/deslop/scripts/chunks/Chunk_5451_5475.txt",5470,"/home/chinmay/ChinmayPersonalProjects/gopdfsuit/sampledata/python/amazonReceipt/amazonReceipt.py",422,"python_perf_layer_io_operations_small_file_writes_without_buffer",false_positive,"Rule does not clearly match the cited snippet context"
"/home/chinmay/ChinmayPersonalProjects/deslop/scripts/chunks/Chunk_5451_5475.txt",5471,"/home/chinmay/ChinmayPersonalProjects/gopdfsuit/sampledata/python/amazonReceipt/amazonReceipt.py",424,"python_perf_layer_database_access_orm_query_inside_loop",false_positive,"Rule does not clearly match the cited snippet context"
"/home/chinmay/ChinmayPersonalProjects/deslop/scripts/chunks/Chunk_5451_5475.txt",5472,"/home/chinmay/ChinmayPersonalProjects/gopdfsuit/sampledata/python/amazonReceipt/amazonReceipt.py",424,"python_perf_layer_hot_path_optimization_schema_parsed_inside_handler",false_positive,"Rule does not clearly match the cited snippet context"
"/home/chinmay/ChinmayPersonalProjects/deslop/scripts/chunks/Chunk_5451_5475.txt",5473,"/home/chinmay/ChinmayPersonalProjects/gopdfsuit/sampledata/python/amazonReceipt/amazonReceipt.py",424,"python_perf_layer_network_calls_retry_without_backoff_or_jitter",false_positive,"Rule does not clearly match the cited snippet context"
"/home/chinmay/ChinmayPersonalProjects/deslop/scripts/chunks/Chunk_5451_5475.txt",5474,"/home/chinmay/ChinmayPersonalProjects/gopdfsuit/sampledata/python/amazonReceipt/amazonReceipt.py",434,"python_perf_layer_error_handling_cost_raise_from_none_hides_retriable_error_context",false_positive,"Rule does not clearly match the cited snippet context"
"/home/chinmay/ChinmayPersonalProjects/deslop/scripts/chunks/Chunk_5451_5475.txt",5475,"/home/chinmay/ChinmayPersonalProjects/gopdfsuit/sampledata/python/amazonReceipt/amazonReceipt.py",438,"python_perf_layer_error_handling_cost_error_message_formatted_on_success_path",false_positive,"Rule does not clearly match the cited snippet context"
"/home/chinmay/ChinmayPersonalProjects/deslop/scripts/chunks/Chunk_5476_5500.txt",5476,"/home/chinmay/ChinmayPersonalProjects/gopdfsuit/sampledata/python/amazonReceipt/amazonReceipt.py",439,"python_perf_layer_garbage_collection_cleanup_temporary_directory_not_cleaned_promptly",false_positive,"Rule does not clearly match the cited snippet context"
"/home/chinmay/ChinmayPersonalProjects/deslop/scripts/chunks/Chunk_5476_5500.txt",5477,"/home/chinmay/ChinmayPersonalProjects/gopdfsuit/sampledata/python/amazonReceipt/amazonReceipt.py",447,"python_perf_layer_io_operations_small_file_writes_without_buffer",false_positive,"Rule does not clearly match the cited snippet context"
"/home/chinmay/ChinmayPersonalProjects/deslop/scripts/chunks/Chunk_5476_5500.txt",5478,"/home/chinmay/ChinmayPersonalProjects/gopdfsuit/sampledata/python/amazonReceipt/amazonReceipt.py",449,"python_perf_layer_resource_pooling_http_pool_not_reused",false_positive,"Rule does not clearly match the cited snippet context"
"/home/chinmay/ChinmayPersonalProjects/deslop/scripts/chunks/Chunk_5476_5500.txt",5479,"/home/chinmay/ChinmayPersonalProjects/gopdfsuit/sampledata/python/amazonReceipt/amazonReceipt.py",452,"exception_raised_without_chaining_original_cause",false_positive,"Rule does not clearly match the cited snippet context"
"/home/chinmay/ChinmayPersonalProjects/deslop/scripts/chunks/Chunk_5476_5500.txt",5480,"/home/chinmay/ChinmayPersonalProjects/gopdfsuit/sampledata/python/financial_report_pypdfsuit.py",42,"repeated_string_literal",false_positive,"Rule does not clearly match the cited snippet context"
"/home/chinmay/ChinmayPersonalProjects/deslop/scripts/chunks/Chunk_5476_5500.txt",5481,"/home/chinmay/ChinmayPersonalProjects/gopdfsuit/sampledata/python/financial_report_pypdfsuit.py",53,"python_perf_layer_data_structure_choice_pandas_object_dtype_for_numeric_hot_columns",false_positive,"Rule does not clearly match the cited snippet context"
"/home/chinmay/ChinmayPersonalProjects/deslop/scripts/chunks/Chunk_5476_5500.txt",5482,"/home/chinmay/ChinmayPersonalProjects/gopdfsuit/sampledata/python/financial_report_pypdfsuit.py",53,"python_perf_layer_lazy_loading_feature_flag_data_loaded_before_needed",false_positive,"Rule does not clearly match the cited snippet context"
"/home/chinmay/ChinmayPersonalProjects/deslop/scripts/chunks/Chunk_5476_5500.txt",5483,"/home/chinmay/ChinmayPersonalProjects/gopdfsuit/sampledata/python/financial_report_pypdfsuit.py",53,"python_perf_layer_serialization_json_dumps_for_equality_or_hash",false_positive,"Rule does not clearly match the cited snippet context"
"/home/chinmay/ChinmayPersonalProjects/deslop/scripts/chunks/Chunk_5476_5500.txt",5484,"/home/chinmay/ChinmayPersonalProjects/gopdfsuit/sampledata/python/financial_report_pypdfsuit.py",53,"python_perf_layer_string_handling_lowercase_compare_allocates",false_positive,"Rule does not clearly match the cited snippet context"
"/home/chinmay/ChinmayPersonalProjects/deslop/scripts/chunks/Chunk_5476_5500.txt",5485,"/home/chinmay/ChinmayPersonalProjects/gopdfsuit/sampledata/python/financial_report_pypdfsuit.py",55,"python_perf_layer_algorithmic_complexity_repeated_dataframe_filter_chain",false_positive,"Rule does not clearly match the cited snippet context"
"/home/chinmay/ChinmayPersonalProjects/deslop/scripts/chunks/Chunk_5476_5500.txt",5486,"/home/chinmay/ChinmayPersonalProjects/gopdfsuit/sampledata/python/financial_report_pypdfsuit.py",81,"python_perf_layer_database_access_orm_query_inside_loop",false_positive,"Rule does not clearly match the cited snippet context"
"/home/chinmay/ChinmayPersonalProjects/deslop/scripts/chunks/Chunk_5476_5500.txt",5487,"/home/chinmay/ChinmayPersonalProjects/gopdfsuit/sampledata/python/financial_report_pypdfsuit.py",81,"python_perf_layer_database_access_row_by_row_bulk_insert",false_positive,"Rule does not clearly match the cited snippet context"
"/home/chinmay/ChinmayPersonalProjects/deslop/scripts/chunks/Chunk_5476_5500.txt",5488,"/home/chinmay/ChinmayPersonalProjects/gopdfsuit/sampledata/python/financial_report_pypdfsuit.py",89,"python_perf_layer_network_calls_retry_without_backoff_or_jitter",false_positive,"Rule does not clearly match the cited snippet context"
"/home/chinmay/ChinmayPersonalProjects/deslop/scripts/chunks/Chunk_5476_5500.txt",5489,"/home/chinmay/ChinmayPersonalProjects/gopdfsuit/sampledata/python/financial_report_pypdfsuit.py",89,"python_perf_layer_resource_pooling_http_pool_not_reused",false_positive,"Rule does not clearly match the cited snippet context"
"/home/chinmay/ChinmayPersonalProjects/deslop/scripts/chunks/Chunk_5476_5500.txt",5490,"/home/chinmay/ChinmayPersonalProjects/gopdfsuit/sampledata/python/financial_report_pypdfsuit.py",100,"python_perf_layer_memory_allocation_list_append_without_generator_stream",false_positive,"Rule does not clearly match the cited snippet context"
"/home/chinmay/ChinmayPersonalProjects/deslop/scripts/chunks/Chunk_5476_5500.txt",5491,"/home/chinmay/ChinmayPersonalProjects/gopdfsuit/sampledata/python/financial_report_pypdfsuit.py",190,"python_perf_layer_collection_iteration_generator_materialized_for_truthiness",false_positive,"Rule does not clearly match the cited snippet context"
"/home/chinmay/ChinmayPersonalProjects/deslop/scripts/chunks/Chunk_5476_5500.txt",5492,"/home/chinmay/ChinmayPersonalProjects/gopdfsuit/sampledata/python/financial_report_pypdfsuit.py",190,"python_perf_layer_io_operations_subprocess_per_item",false_positive,"Rule does not clearly match the cited snippet context"
"/home/chinmay/ChinmayPersonalProjects/deslop/scripts/chunks/Chunk_5476_5500.txt",5493,"/home/chinmay/ChinmayPersonalProjects/gopdfsuit/sampledata/python/financial_report_pypdfsuit.py",342,"metric_name_contains_dynamic_user_or_data_values",false_positive,"Rule does not clearly match the cited snippet context"
"/home/chinmay/ChinmayPersonalProjects/deslop/scripts/chunks/Chunk_5476_5500.txt",5494,"/home/chinmay/ChinmayPersonalProjects/gopdfsuit/sampledata/python/financial_report_pypdfsuit.py",342,"public_api_missing_type_hints",false_positive,"Rule does not clearly match the cited snippet context"
"/home/chinmay/ChinmayPersonalProjects/deslop/scripts/chunks/Chunk_5476_5500.txt",5495,"/home/chinmay/ChinmayPersonalProjects/gopdfsuit/sampledata/python/financial_report_pypdfsuit.py",342,"same_sequence_scanned_multiple_times_for_related_aggregates",false_positive,"Rule does not clearly match the cited snippet context"
"/home/chinmay/ChinmayPersonalProjects/deslop/scripts/chunks/Chunk_5476_5500.txt",5496,"/home/chinmay/ChinmayPersonalProjects/gopdfsuit/sampledata/python/financial_report_pypdfsuit.py",343,"python_perf_layer_string_handling_lowercase_compare_allocates",false_positive,"Rule does not clearly match the cited snippet context"
"/home/chinmay/ChinmayPersonalProjects/deslop/scripts/chunks/Chunk_5476_5500.txt",5497,"/home/chinmay/ChinmayPersonalProjects/gopdfsuit/sampledata/python/financial_report_pypdfsuit.py",346,"python_perf_layer_algorithmic_complexity_cartesian_product_materialized_before_filter",false_positive,"Rule does not clearly match the cited snippet context"
"/home/chinmay/ChinmayPersonalProjects/deslop/scripts/chunks/Chunk_5476_5500.txt",5498,"/home/chinmay/ChinmayPersonalProjects/gopdfsuit/sampledata/python/financial_report_pypdfsuit.py",346,"python_perf_layer_collection_iteration_enumerate_list_materialized",false_positive,"Rule does not clearly match the cited snippet context"
"/home/chinmay/ChinmayPersonalProjects/deslop/scripts/chunks/Chunk_5476_5500.txt",5499,"/home/chinmay/ChinmayPersonalProjects/gopdfsuit/sampledata/python/financial_report_pypdfsuit.py",346,"python_perf_layer_collection_iteration_generator_materialized_for_truthiness",false_positive,"Rule does not clearly match the cited snippet context"
"/home/chinmay/ChinmayPersonalProjects/deslop/scripts/chunks/Chunk_5476_5500.txt",5500,"/home/chinmay/ChinmayPersonalProjects/gopdfsuit/sampledata/python/financial_report_pypdfsuit.py",346,"python_perf_layer_collection_iteration_multiple_passes_over_same_iterable",false_positive,"Rule does not clearly match the cited snippet context"
"/home/chinmay/ChinmayPersonalProjects/deslop/scripts/chunks/Chunk_5501_5525.txt",5501,"/home/chinmay/ChinmayPersonalProjects/gopdfsuit/sampledata/python/financial_report_pypdfsuit.py",346,"python_perf_layer_error_handling_cost_broad_except_retries_cpu_work",false_positive,"Rule does not clearly match the cited snippet context"
"/home/chinmay/ChinmayPersonalProjects/deslop/scripts/chunks/Chunk_5501_5525.txt",5502,"/home/chinmay/ChinmayPersonalProjects/gopdfsuit/sampledata/python/financial_report_pypdfsuit.py",346,"python_perf_layer_network_calls_retry_without_backoff_or_jitter",false_positive,"Rule does not clearly match the cited snippet context"
"/home/chinmay/ChinmayPersonalProjects/deslop/scripts/chunks/Chunk_5501_5525.txt",5503,"/home/chinmay/ChinmayPersonalProjects/gopdfsuit/sampledata/python/financial_report_pypdfsuit.py",346,"python_perf_layer_profiling_benchmarking_benchmark_missing_warmup",false_positive,"Rule does not clearly match the cited snippet context"
"/home/chinmay/ChinmayPersonalProjects/deslop/scripts/chunks/Chunk_5501_5525.txt",5504,"/home/chinmay/ChinmayPersonalProjects/gopdfsuit/sampledata/python/financial_report_pypdfsuit.py",356,"broad_exception_handler",false_positive,"Rule does not clearly match the cited snippet context"
"/home/chinmay/ChinmayPersonalProjects/deslop/scripts/chunks/Chunk_5501_5525.txt",5505,"/home/chinmay/ChinmayPersonalProjects/gopdfsuit/sampledata/python/financial_report_pypdfsuit.py",356,"python_perf_layer_error_handling_cost_error_message_formatted_on_success_path",false_positive,"Rule does not clearly match the cited snippet context"
"/home/chinmay/ChinmayPersonalProjects/deslop/scripts/chunks/Chunk_5501_5525.txt",5506,"/home/chinmay/ChinmayPersonalProjects/gopdfsuit/sampledata/python/financial_report_pypdfsuit.py",356,"python_perf_layer_error_handling_cost_multi_error_list_allocated_before_failure",false_positive,"Rule does not clearly match the cited snippet context"
"/home/chinmay/ChinmayPersonalProjects/deslop/scripts/chunks/Chunk_5501_5525.txt",5507,"/home/chinmay/ChinmayPersonalProjects/gopdfsuit/sampledata/python/financial_report_pypdfsuit.py",356,"python_perf_layer_error_handling_cost_raise_from_none_hides_retriable_error_context",false_positive,"Rule does not clearly match the cited snippet context"
"/home/chinmay/ChinmayPersonalProjects/deslop/scripts/chunks/Chunk_5501_5525.txt",5508,"/home/chinmay/ChinmayPersonalProjects/gopdfsuit/sampledata/python/financial_report_pypdfsuit.py",368,"python_perf_layer_io_operations_temporary_file_for_bytes_transform",false_positive,"Rule does not clearly match the cited snippet context"
"/home/chinmay/ChinmayPersonalProjects/deslop/scripts/chunks/Chunk_5501_5525.txt",5509,"/home/chinmay/ChinmayPersonalProjects/gopdfsuit/sampledata/python/financial_report_pypdfsuit.py",375,"python_perf_layer_memory_allocation_list_append_without_generator_stream",false_positive,"Rule does not clearly match the cited snippet context"
"/home/chinmay/ChinmayPersonalProjects/deslop/scripts/chunks/Chunk_5501_5525.txt",5510,"/home/chinmay/ChinmayPersonalProjects/gopdfsuit/sampledata/python/financial_report_pypdfsuit.py",387,"python_perf_layer_database_access_orm_query_inside_loop",false_positive,"Rule does not clearly match the cited snippet context"
"/home/chinmay/ChinmayPersonalProjects/deslop/scripts/chunks/Chunk_5501_5525.txt",5511,"/home/chinmay/ChinmayPersonalProjects/gopdfsuit/sampledata/python/financial_report_pypdfsuit.py",396,"python_perf_layer_io_operations_small_file_writes_without_buffer",false_positive,"Rule does not clearly match the cited snippet context"
"/home/chinmay/ChinmayPersonalProjects/deslop/scripts/chunks/Chunk_5501_5525.txt",5512,"/home/chinmay/ChinmayPersonalProjects/gopdfsuit/sampledata/python/gopdf/__init__.py",1,"package_root_reexports_large_dependency_tree_by_default",false_positive,"Rule does not clearly match the cited snippet context"
"/home/chinmay/ChinmayPersonalProjects/deslop/scripts/chunks/Chunk_5501_5525.txt",5513,"/home/chinmay/ChinmayPersonalProjects/gopdfsuit/sampledata/python/gopdf/__init__.py",1,"public_api_surface_defined_only_by_import_side_effects",false_positive,"Rule does not clearly match the cited snippet context"
"/home/chinmay/ChinmayPersonalProjects/deslop/scripts/chunks/Chunk_5501_5525.txt",5514,"/home/chinmay/ChinmayPersonalProjects/gopdfsuit/sampledata/python/gopdf/client.py",1,"name_responsibility_mismatch",false_positive,"Rule does not clearly match the cited snippet context"
"/home/chinmay/ChinmayPersonalProjects/deslop/scripts/chunks/Chunk_5501_5525.txt",5515,"/home/chinmay/ChinmayPersonalProjects/gopdfsuit/sampledata/python/gopdf/client.py",9,"logger_instance_created_inside_function_body",false_positive,"Rule does not clearly match the cited snippet context"
"/home/chinmay/ChinmayPersonalProjects/deslop/scripts/chunks/Chunk_5501_5525.txt",5516,"/home/chinmay/ChinmayPersonalProjects/gopdfsuit/sampledata/python/gopdf/client.py",13,"condition_tree_nests_past_two_business_decision_levels",false_positive,"Rule does not clearly match the cited snippet context"
"/home/chinmay/ChinmayPersonalProjects/deslop/scripts/chunks/Chunk_5501_5525.txt",5517,"/home/chinmay/ChinmayPersonalProjects/gopdfsuit/sampledata/python/gopdf/client.py",13,"debug_log_serializes_full_large_object_graph",false_positive,"Rule does not clearly match the cited snippet context"
"/home/chinmay/ChinmayPersonalProjects/deslop/scripts/chunks/Chunk_5501_5525.txt",5518,"/home/chinmay/ChinmayPersonalProjects/gopdfsuit/sampledata/python/gopdf/client.py",13,"default_timeout_missing_on_external_boundary_wrapper",false_positive,"Rule does not clearly match the cited snippet context"
"/home/chinmay/ChinmayPersonalProjects/deslop/scripts/chunks/Chunk_5501_5525.txt",5519,"/home/chinmay/ChinmayPersonalProjects/gopdfsuit/sampledata/python/gopdf/client.py",13,"exception_log_omits_operation_identifier_or_input_summary",false_positive,"Rule does not clearly match the cited snippet context"
"/home/chinmay/ChinmayPersonalProjects/deslop/scripts/chunks/Chunk_5501_5525.txt",5520,"/home/chinmay/ChinmayPersonalProjects/gopdfsuit/sampledata/python/gopdf/client.py",13,"network_boundary_without_timeout",false_positive,"Rule does not clearly match the cited snippet context"
"/home/chinmay/ChinmayPersonalProjects/deslop/scripts/chunks/Chunk_5501_5525.txt",5521,"/home/chinmay/ChinmayPersonalProjects/gopdfsuit/sampledata/python/gopdf/client.py",13,"public_api_forwards_library_specific_exception_shape",false_positive,"Rule does not clearly match the cited snippet context"
"/home/chinmay/ChinmayPersonalProjects/deslop/scripts/chunks/Chunk_5501_5525.txt",5522,"/home/chinmay/ChinmayPersonalProjects/gopdfsuit/sampledata/python/gopdf/client.py",13,"public_api_returns_none_or_value_without_explicit_optional_contract",false_positive,"Rule does not clearly match the cited snippet context"
"/home/chinmay/ChinmayPersonalProjects/deslop/scripts/chunks/Chunk_5501_5525.txt",5523,"/home/chinmay/ChinmayPersonalProjects/gopdfsuit/sampledata/python/gopdf/client.py",13,"third_party_exception_type_leaks_across_architecture_boundary",false_positive,"Rule does not clearly match the cited snippet context"
"/home/chinmay/ChinmayPersonalProjects/deslop/scripts/chunks/Chunk_5501_5525.txt",5524,"/home/chinmay/ChinmayPersonalProjects/gopdfsuit/sampledata/python/gopdf/client.py",13,"type_branch_and_mode_branch_compounded_in_same_function",false_positive,"Rule does not clearly match the cited snippet context"
"/home/chinmay/ChinmayPersonalProjects/deslop/scripts/chunks/Chunk_5501_5525.txt",5525,"/home/chinmay/ChinmayPersonalProjects/gopdfsuit/sampledata/python/gopdf/client.py",13,"validation_only_happens_after_expensive_side_effect_has_started",false_positive,"Rule does not clearly match the cited snippet context"
"/home/chinmay/ChinmayPersonalProjects/deslop/scripts/chunks/Chunk_5526_5550.txt",5526,"/home/chinmay/ChinmayPersonalProjects/gopdfsuit/sampledata/python/gopdf/client.py",13,"warning_or_error_logs_emit_unbounded_payload_text",false_positive,"Rule does not clearly match the cited snippet context"
"/home/chinmay/ChinmayPersonalProjects/deslop/scripts/chunks/Chunk_5526_5550.txt",5527,"/home/chinmay/ChinmayPersonalProjects/gopdfsuit/sampledata/python/gopdf/client.py",15,"python_perf_layer_caching_per_request_settings_cache_rebuilt",false_positive,"Rule does not clearly match the cited snippet context"
"/home/chinmay/ChinmayPersonalProjects/deslop/scripts/chunks/Chunk_5526_5550.txt",5528,"/home/chinmay/ChinmayPersonalProjects/gopdfsuit/sampledata/python/gopdf/client.py",15,"python_perf_layer_logging_overhead_logger_created_per_request",false_positive,"Rule does not clearly match the cited snippet context"
"/home/chinmay/ChinmayPersonalProjects/deslop/scripts/chunks/Chunk_5526_5550.txt",5529,"/home/chinmay/ChinmayPersonalProjects/gopdfsuit/sampledata/python/gopdf/client.py",15,"python_perf_layer_network_calls_dns_or_url_parse_repeated_per_request",false_positive,"Rule does not clearly match the cited snippet context"
"/home/chinmay/ChinmayPersonalProjects/deslop/scripts/chunks/Chunk_5526_5550.txt",5530,"/home/chinmay/ChinmayPersonalProjects/gopdfsuit/sampledata/python/gopdf/client.py",15,"python_perf_layer_network_calls_http_session_created_per_call",false_positive,"Rule does not clearly match the cited snippet context"
"/home/chinmay/ChinmayPersonalProjects/deslop/scripts/chunks/Chunk_5526_5550.txt",5531,"/home/chinmay/ChinmayPersonalProjects/gopdfsuit/sampledata/python/gopdf/client.py",15,"python_perf_layer_network_calls_large_response_downloaded_before_status_check",false_positive,"Rule does not clearly match the cited snippet context"
"/home/chinmay/ChinmayPersonalProjects/deslop/scripts/chunks/Chunk_5526_5550.txt",5532,"/home/chinmay/ChinmayPersonalProjects/gopdfsuit/sampledata/python/gopdf/client.py",15,"python_perf_layer_network_calls_tls_context_built_per_request",false_positive,"Rule does not clearly match the cited snippet context"
"/home/chinmay/ChinmayPersonalProjects/deslop/scripts/chunks/Chunk_5526_5550.txt",5533,"/home/chinmay/ChinmayPersonalProjects/gopdfsuit/sampledata/python/gopdf/client.py",15,"python_perf_layer_resource_pooling_rate_limiter_created_per_request",false_positive,"Rule does not clearly match the cited snippet context"
"/home/chinmay/ChinmayPersonalProjects/deslop/scripts/chunks/Chunk_5526_5550.txt",5534,"/home/chinmay/ChinmayPersonalProjects/gopdfsuit/sampledata/python/gopdf/client.py",15,"python_perf_layer_serialization_pickle_in_request_hot_path",false_positive,"Rule does not clearly match the cited snippet context"
"/home/chinmay/ChinmayPersonalProjects/deslop/scripts/chunks/Chunk_5526_5550.txt",5535,"/home/chinmay/ChinmayPersonalProjects/gopdfsuit/sampledata/python/gopdf/client.py",18,"python_perf_layer_caching_cache_key_uses_json_dumps_in_hot_path",false_positive,"Rule does not clearly match the cited snippet context"
"/home/chinmay/ChinmayPersonalProjects/deslop/scripts/chunks/Chunk_5526_5550.txt",5536,"/home/chinmay/ChinmayPersonalProjects/gopdfsuit/sampledata/python/gopdf/client.py",18,"python_perf_layer_caching_unbounded_dict_cache",false_positive,"Rule does not clearly match the cited snippet context"
"/home/chinmay/ChinmayPersonalProjects/deslop/scripts/chunks/Chunk_5526_5550.txt",5537,"/home/chinmay/ChinmayPersonalProjects/gopdfsuit/sampledata/python/gopdf/client.py",21,"python_perf_layer_error_handling_cost_error_message_formatted_on_success_path",false_positive,"Rule does not clearly match the cited snippet context"
"/home/chinmay/ChinmayPersonalProjects/deslop/scripts/chunks/Chunk_5526_5550.txt",5538,"/home/chinmay/ChinmayPersonalProjects/gopdfsuit/sampledata/python/gopdf/client.py",21,"python_perf_layer_error_handling_cost_raise_from_none_hides_retriable_error_context",false_positive,"Rule does not clearly match the cited snippet context"
"/home/chinmay/ChinmayPersonalProjects/deslop/scripts/chunks/Chunk_5526_5550.txt",5539,"/home/chinmay/ChinmayPersonalProjects/gopdfsuit/sampledata/python/gopdf/client.py",27,"broad_exception_handler",false_positive,"Rule does not clearly match the cited snippet context"
"/home/chinmay/ChinmayPersonalProjects/deslop/scripts/chunks/Chunk_5526_5550.txt",5540,"/home/chinmay/ChinmayPersonalProjects/gopdfsuit/sampledata/python/gopdf/client.py",27,"duplicate_error_handler_block",false_positive,"Rule does not clearly match the cited snippet context"
"/home/chinmay/ChinmayPersonalProjects/deslop/scripts/chunks/Chunk_5526_5550.txt",5541,"/home/chinmay/ChinmayPersonalProjects/gopdfsuit/sampledata/python/gopdf/client.py",27,"logger_error_inside_except_without_exc_info",false_positive,"Rule does not clearly match the cited snippet context"
"/home/chinmay/ChinmayPersonalProjects/deslop/scripts/chunks/Chunk_5526_5550.txt",5542,"/home/chinmay/ChinmayPersonalProjects/gopdfsuit/sampledata/python/gopdf/client.py",28,"python_perf_layer_logging_overhead_log_message_formatted_before_level_check",false_positive,"Rule does not clearly match the cited snippet context"
"/home/chinmay/ChinmayPersonalProjects/deslop/scripts/chunks/Chunk_5526_5550.txt",5543,"/home/chinmay/ChinmayPersonalProjects/gopdfsuit/sampledata/python/gopdf/client.py",29,"redundant_return_none",false_positive,"Rule does not clearly match the cited snippet context"
"/home/chinmay/ChinmayPersonalProjects/deslop/scripts/chunks/Chunk_5526_5550.txt",5544,"/home/chinmay/ChinmayPersonalProjects/gopdfsuit/sampledata/python/gopdf/client.py",31,"python_perf_layer_serialization_json_dumps_for_equality_or_hash",false_positive,"Rule does not clearly match the cited snippet context"
"/home/chinmay/ChinmayPersonalProjects/deslop/scripts/chunks/Chunk_5526_5550.txt",5545,"/home/chinmay/ChinmayPersonalProjects/gopdfsuit/sampledata/python/gopdf/client.py",32,"f_string_evaluated_eagerly_inside_logging_call",false_positive,"Rule does not clearly match the cited snippet context"
"/home/chinmay/ChinmayPersonalProjects/deslop/scripts/chunks/Chunk_5526_5550.txt",5546,"/home/chinmay/ChinmayPersonalProjects/gopdfsuit/sampledata/python/gopdf/client.py",35,"python_perf_layer_resource_pooling_http_pool_not_reused",false_positive,"Rule does not clearly match the cited snippet context"
"/home/chinmay/ChinmayPersonalProjects/deslop/scripts/chunks/Chunk_5526_5550.txt",5547,"/home/chinmay/ChinmayPersonalProjects/gopdfsuit/sampledata/python/gopdf/client.py",37,"python_perf_layer_string_handling_lowercase_compare_allocates",false_positive,"Rule does not clearly match the cited snippet context"
"/home/chinmay/ChinmayPersonalProjects/deslop/scripts/chunks/Chunk_5526_5550.txt",5548,"/home/chinmay/ChinmayPersonalProjects/gopdfsuit/sampledata/python/gopdf/client.py",43,"redundant_return_none",false_positive,"Rule does not clearly match the cited snippet context"
"/home/chinmay/ChinmayPersonalProjects/deslop/scripts/chunks/Chunk_5526_5550.txt",5549,"/home/chinmay/ChinmayPersonalProjects/gopdfsuit/sampledata/python/gopdf/client.py",47,"redundant_return_none",false_positive,"Rule does not clearly match the cited snippet context"
"/home/chinmay/ChinmayPersonalProjects/deslop/scripts/chunks/Chunk_5526_5550.txt",5550,"/home/chinmay/ChinmayPersonalProjects/gopdfsuit/sampledata/python/gopdf/client.py",49,"exception_log_omits_operation_identifier_or_input_summary",false_positive,"Rule does not clearly match the cited snippet context"
"/home/chinmay/ChinmayPersonalProjects/deslop/scripts/chunks/Chunk_5551_5575.txt",5551,"/home/chinmay/ChinmayPersonalProjects/gopdfsuit/sampledata/python/gopdf/client.py",49,"public_api_returns_none_or_value_without_explicit_optional_contract",false_positive,"Rule does not clearly match the cited snippet context"
"/home/chinmay/ChinmayPersonalProjects/deslop/scripts/chunks/Chunk_5551_5575.txt",5552,"/home/chinmay/ChinmayPersonalProjects/gopdfsuit/sampledata/python/gopdf/client.py",49,"text_bytes_boundary_relies_on_implicit_default_encoding",false_positive,"Rule does not clearly match the cited snippet context"
"/home/chinmay/ChinmayPersonalProjects/deslop/scripts/chunks/Chunk_5551_5575.txt",5553,"/home/chinmay/ChinmayPersonalProjects/gopdfsuit/sampledata/python/gopdf/client.py",51,"python_perf_layer_io_operations_path_exists_before_open_race",false_positive,"Rule does not clearly match the cited snippet context"
"/home/chinmay/ChinmayPersonalProjects/deslop/scripts/chunks/Chunk_5551_5575.txt",5554,"/home/chinmay/ChinmayPersonalProjects/gopdfsuit/sampledata/python/gopdf/client.py",51,"python_perf_layer_io_operations_read_entire_file_for_line_processing",false_positive,"Rule does not clearly match the cited snippet context"
"/home/chinmay/ChinmayPersonalProjects/deslop/scripts/chunks/Chunk_5551_5575.txt",5555,"/home/chinmay/ChinmayPersonalProjects/gopdfsuit/sampledata/python/gopdf/client.py",51,"python_perf_layer_io_operations_small_file_writes_without_buffer",false_positive,"Rule does not clearly match the cited snippet context"
"/home/chinmay/ChinmayPersonalProjects/deslop/scripts/chunks/Chunk_5551_5575.txt",5556,"/home/chinmay/ChinmayPersonalProjects/gopdfsuit/sampledata/python/gopdf/client.py",54,"python_perf_layer_error_handling_cost_raise_from_none_hides_retriable_error_context",false_positive,"Rule does not clearly match the cited snippet context"
"/home/chinmay/ChinmayPersonalProjects/deslop/scripts/chunks/Chunk_5551_5575.txt",5557,"/home/chinmay/ChinmayPersonalProjects/gopdfsuit/sampledata/python/gopdf/client.py",57,"broad_exception_handler",false_positive,"Rule does not clearly match the cited snippet context"
"/home/chinmay/ChinmayPersonalProjects/deslop/scripts/chunks/Chunk_5551_5575.txt",5558,"/home/chinmay/ChinmayPersonalProjects/gopdfsuit/sampledata/python/gopdf/client.py",57,"logger_error_inside_except_without_exc_info",false_positive,"Rule does not clearly match the cited snippet context"
"/home/chinmay/ChinmayPersonalProjects/deslop/scripts/chunks/Chunk_5551_5575.txt",5559,"/home/chinmay/ChinmayPersonalProjects/gopdfsuit/sampledata/python/gopdf/client.py",57,"python_perf_layer_error_handling_cost_error_message_formatted_on_success_path",false_positive,"Rule does not clearly match the cited snippet context"
"/home/chinmay/ChinmayPersonalProjects/deslop/scripts/chunks/Chunk_5551_5575.txt",5560,"/home/chinmay/ChinmayPersonalProjects/gopdfsuit/sampledata/python/gopdf/client.py",58,"python_perf_layer_memory_allocation_deepcopy_before_readonly_transform",false_positive,"Rule does not clearly match the cited snippet context"
"/home/chinmay/ChinmayPersonalProjects/deslop/scripts/chunks/Chunk_5551_5575.txt",5561,"/home/chinmay/ChinmayPersonalProjects/gopdfsuit/sampledata/python/gopdf/client.py",59,"redundant_return_none",false_positive,"Rule does not clearly match the cited snippet context"
"/home/chinmay/ChinmayPersonalProjects/deslop/scripts/chunks/Chunk_5551_5575.txt",5562,"/home/chinmay/ChinmayPersonalProjects/gopdfsuit/sampledata/python/main.py",14,"function_returns_multiple_unlabeled_shape_variants",false_positive,"Rule does not clearly match the cited snippet context"
"/home/chinmay/ChinmayPersonalProjects/deslop/scripts/chunks/Chunk_5551_5575.txt",5563,"/home/chinmay/ChinmayPersonalProjects/gopdfsuit/sampledata/python/main.py",14,"public_api_missing_type_hints",false_positive,"Rule does not clearly match the cited snippet context"
"/home/chinmay/ChinmayPersonalProjects/deslop/scripts/chunks/Chunk_5551_5575.txt",5564,"/home/chinmay/ChinmayPersonalProjects/gopdfsuit/sampledata/python/main.py",14,"recursive_walk_over_untrusted_input_lacks_depth_limit",false_positive,"Rule does not clearly match the cited snippet context"
"/home/chinmay/ChinmayPersonalProjects/deslop/scripts/chunks/Chunk_5551_5575.txt",5565,"/home/chinmay/ChinmayPersonalProjects/gopdfsuit/sampledata/python/main.py",16,"python_perf_layer_algorithmic_complexity_recursive_walk_without_iterative_guard",false_positive,"Rule does not clearly match the cited snippet context"
"/home/chinmay/ChinmayPersonalProjects/deslop/scripts/chunks/Chunk_5551_5575.txt",5566,"/home/chinmay/ChinmayPersonalProjects/gopdfsuit/sampledata/python/main.py",16,"python_perf_layer_caching_cached_value_immediately_deserialized",false_positive,"Rule does not clearly match the cited snippet context"
"/home/chinmay/ChinmayPersonalProjects/deslop/scripts/chunks/Chunk_5551_5575.txt",5567,"/home/chinmay/ChinmayPersonalProjects/gopdfsuit/sampledata/python/main.py",16,"python_perf_layer_caching_unbounded_dict_cache",false_positive,"Rule does not clearly match the cited snippet context"
"/home/chinmay/ChinmayPersonalProjects/deslop/scripts/chunks/Chunk_5551_5575.txt",5568,"/home/chinmay/ChinmayPersonalProjects/gopdfsuit/sampledata/python/main.py",16,"python_perf_layer_collection_iteration_enumerate_list_materialized",false_positive,"Rule does not clearly match the cited snippet context"
"/home/chinmay/ChinmayPersonalProjects/deslop/scripts/chunks/Chunk_5551_5575.txt",5569,"/home/chinmay/ChinmayPersonalProjects/gopdfsuit/sampledata/python/main.py",16,"python_perf_layer_data_structure_choice_list_as_fifo_queue",false_positive,"Rule does not clearly match the cited snippet context"
"/home/chinmay/ChinmayPersonalProjects/deslop/scripts/chunks/Chunk_5551_5575.txt",5570,"/home/chinmay/ChinmayPersonalProjects/gopdfsuit/sampledata/python/main.py",16,"python_perf_layer_memory_allocation_list_append_without_generator_stream",false_positive,"Rule does not clearly match the cited snippet context"
"/home/chinmay/ChinmayPersonalProjects/deslop/scripts/chunks/Chunk_5551_5575.txt",5571,"/home/chinmay/ChinmayPersonalProjects/gopdfsuit/sampledata/python/main.py",18,"overloaded_dispatch_without_typing_overload_decorator",false_positive,"Rule does not clearly match the cited snippet context"
"/home/chinmay/ChinmayPersonalProjects/deslop/scripts/chunks/Chunk_5551_5575.txt",5572,"/home/chinmay/ChinmayPersonalProjects/gopdfsuit/sampledata/python/main.py",20,"python_perf_layer_io_operations_subprocess_per_item",false_positive,"Rule does not clearly match the cited snippet context"
"/home/chinmay/ChinmayPersonalProjects/deslop/scripts/chunks/Chunk_5551_5575.txt",5573,"/home/chinmay/ChinmayPersonalProjects/gopdfsuit/sampledata/python/main.py",20,"python_perf_layer_network_calls_retry_without_backoff_or_jitter",false_positive,"Rule does not clearly match the cited snippet context"
"/home/chinmay/ChinmayPersonalProjects/deslop/scripts/chunks/Chunk_5551_5575.txt",5574,"/home/chinmay/ChinmayPersonalProjects/gopdfsuit/sampledata/python/main.py",20,"recursive_traversal_risk",false_positive,"Rule does not clearly match the cited snippet context"
"/home/chinmay/ChinmayPersonalProjects/deslop/scripts/chunks/Chunk_5551_5575.txt",5575,"/home/chinmay/ChinmayPersonalProjects/gopdfsuit/sampledata/python/main.py",22,"recursive_traversal_risk",false_positive,"Rule does not clearly match the cited snippet context"
"/home/chinmay/ChinmayPersonalProjects/deslop/scripts/chunks/Chunk_5576_5600.txt",5576,"/home/chinmay/ChinmayPersonalProjects/gopdfsuit/sampledata/python/main.py",25,"python_perf_layer_database_access_orm_query_inside_loop",false_positive,"Rule does not clearly match the cited snippet context"
"/home/chinmay/ChinmayPersonalProjects/deslop/scripts/chunks/Chunk_5576_5600.txt",5577,"/home/chinmay/ChinmayPersonalProjects/gopdfsuit/sampledata/python/main.py",26,"python_perf_layer_memory_allocation_closure_or_lambda_allocated_in_inner_loop",false_positive,"Rule does not clearly match the cited snippet context"
"/home/chinmay/ChinmayPersonalProjects/deslop/scripts/chunks/Chunk_5576_5600.txt",5578,"/home/chinmay/ChinmayPersonalProjects/gopdfsuit/sampledata/python/main.py",36,"blocking_io_call_executed_per_item_without_batching",false_positive,"Rule does not clearly match the cited snippet context"
"/home/chinmay/ChinmayPersonalProjects/deslop/scripts/chunks/Chunk_5576_5600.txt",5579,"/home/chinmay/ChinmayPersonalProjects/gopdfsuit/sampledata/python/main.py",36,"comment_required_to_explain_opaque_branching_that_code_could_express",false_positive,"Rule does not clearly match the cited snippet context"
"/home/chinmay/ChinmayPersonalProjects/deslop/scripts/chunks/Chunk_5576_5600.txt",5580,"/home/chinmay/ChinmayPersonalProjects/gopdfsuit/sampledata/python/main.py",36,"condition_tree_nests_past_two_business_decision_levels",false_positive,"Rule does not clearly match the cited snippet context"
"/home/chinmay/ChinmayPersonalProjects/deslop/scripts/chunks/Chunk_5576_5600.txt",5581,"/home/chinmay/ChinmayPersonalProjects/gopdfsuit/sampledata/python/main.py",36,"expensive_work_starts_before_input_validation",false_positive,"Rule does not clearly match the cited snippet context"
"/home/chinmay/ChinmayPersonalProjects/deslop/scripts/chunks/Chunk_5576_5600.txt",5582,"/home/chinmay/ChinmayPersonalProjects/gopdfsuit/sampledata/python/main.py",36,"feature_logic_embedded_in_process_entrypoint",false_positive,"Rule does not clearly match the cited snippet context"
"/home/chinmay/ChinmayPersonalProjects/deslop/scripts/chunks/Chunk_5576_5600.txt",5583,"/home/chinmay/ChinmayPersonalProjects/gopdfsuit/sampledata/python/main.py",36,"god_function",false_positive,"Rule does not clearly match the cited snippet context"
"/home/chinmay/ChinmayPersonalProjects/deslop/scripts/chunks/Chunk_5576_5600.txt",5584,"/home/chinmay/ChinmayPersonalProjects/gopdfsuit/sampledata/python/main.py",36,"magic_value_branching",false_positive,"Rule does not clearly match the cited snippet context"
"/home/chinmay/ChinmayPersonalProjects/deslop/scripts/chunks/Chunk_5576_5600.txt",5585,"/home/chinmay/ChinmayPersonalProjects/gopdfsuit/sampledata/python/main.py",36,"mixed_concerns_function",false_positive,"Rule does not clearly match the cited snippet context"
"/home/chinmay/ChinmayPersonalProjects/deslop/scripts/chunks/Chunk_5576_5600.txt",5586,"/home/chinmay/ChinmayPersonalProjects/gopdfsuit/sampledata/python/main.py",36,"public_api_missing_type_hints",false_positive,"Rule does not clearly match the cited snippet context"
"/home/chinmay/ChinmayPersonalProjects/deslop/scripts/chunks/Chunk_5576_5600.txt",5587,"/home/chinmay/ChinmayPersonalProjects/gopdfsuit/sampledata/python/main.py",36,"repeated_file_open_for_same_resource_within_single_operation",false_positive,"Rule does not clearly match the cited snippet context"
"/home/chinmay/ChinmayPersonalProjects/deslop/scripts/chunks/Chunk_5576_5600.txt",5588,"/home/chinmay/ChinmayPersonalProjects/gopdfsuit/sampledata/python/main.py",36,"repeated_path_exists_check_before_open_or_replace_in_loop",false_positive,"Rule does not clearly match the cited snippet context"
"/home/chinmay/ChinmayPersonalProjects/deslop/scripts/chunks/Chunk_5576_5600.txt",5589,"/home/chinmay/ChinmayPersonalProjects/gopdfsuit/sampledata/python/main.py",36,"repeated_small_writes_without_buffering_or_join",false_positive,"Rule does not clearly match the cited snippet context"
"/home/chinmay/ChinmayPersonalProjects/deslop/scripts/chunks/Chunk_5576_5600.txt",5590,"/home/chinmay/ChinmayPersonalProjects/gopdfsuit/sampledata/python/main.py",36,"same_contextmanager_pattern_copied_across_modules",false_positive,"Rule does not clearly match the cited snippet context"
"/home/chinmay/ChinmayPersonalProjects/deslop/scripts/chunks/Chunk_5576_5600.txt",5591,"/home/chinmay/ChinmayPersonalProjects/gopdfsuit/sampledata/python/main.py",36,"type_branch_and_mode_branch_compounded_in_same_function",false_positive,"Rule does not clearly match the cited snippet context"
"/home/chinmay/ChinmayPersonalProjects/deslop/scripts/chunks/Chunk_5576_5600.txt",5592,"/home/chinmay/ChinmayPersonalProjects/gopdfsuit/sampledata/python/main.py",38,"python_perf_layer_io_operations_path_exists_before_open_race",false_positive,"Rule does not clearly match the cited snippet context"
"/home/chinmay/ChinmayPersonalProjects/deslop/scripts/chunks/Chunk_5576_5600.txt",5593,"/home/chinmay/ChinmayPersonalProjects/gopdfsuit/sampledata/python/main.py",38,"python_perf_layer_io_operations_read_entire_file_for_line_processing",false_positive,"Rule does not clearly match the cited snippet context"
"/home/chinmay/ChinmayPersonalProjects/deslop/scripts/chunks/Chunk_5576_5600.txt",5594,"/home/chinmay/ChinmayPersonalProjects/gopdfsuit/sampledata/python/main.py",38,"python_perf_layer_io_operations_small_file_writes_without_buffer",false_positive,"Rule does not clearly match the cited snippet context"
"/home/chinmay/ChinmayPersonalProjects/deslop/scripts/chunks/Chunk_5576_5600.txt",5595,"/home/chinmay/ChinmayPersonalProjects/gopdfsuit/sampledata/python/main.py",38,"python_perf_layer_io_operations_temporary_file_for_bytes_transform",false_positive,"Rule does not clearly match the cited snippet context"
"/home/chinmay/ChinmayPersonalProjects/deslop/scripts/chunks/Chunk_5576_5600.txt",5596,"/home/chinmay/ChinmayPersonalProjects/gopdfsuit/sampledata/python/main.py",39,"python_perf_layer_serialization_json_dumps_for_equality_or_hash",false_positive,"Rule does not clearly match the cited snippet context"
"/home/chinmay/ChinmayPersonalProjects/deslop/scripts/chunks/Chunk_5576_5600.txt",5597,"/home/chinmay/ChinmayPersonalProjects/gopdfsuit/sampledata/python/main.py",39,"python_perf_layer_serialization_pickle_in_request_hot_path",false_positive,"Rule does not clearly match the cited snippet context"
"/home/chinmay/ChinmayPersonalProjects/deslop/scripts/chunks/Chunk_5576_5600.txt",5598,"/home/chinmay/ChinmayPersonalProjects/gopdfsuit/sampledata/python/main.py",40,"python_perf_layer_error_handling_cost_error_message_formatted_on_success_path",false_positive,"Rule does not clearly match the cited snippet context"
"/home/chinmay/ChinmayPersonalProjects/deslop/scripts/chunks/Chunk_5576_5600.txt",5599,"/home/chinmay/ChinmayPersonalProjects/gopdfsuit/sampledata/python/main.py",43,"python_perf_layer_error_handling_cost_broad_except_retries_cpu_work",false_positive,"Rule does not clearly match the cited snippet context"
"/home/chinmay/ChinmayPersonalProjects/deslop/scripts/chunks/Chunk_5576_5600.txt",5600,"/home/chinmay/ChinmayPersonalProjects/gopdfsuit/sampledata/python/main.py",43,"python_perf_layer_error_handling_cost_multi_error_list_allocated_before_failure",false_positive,"Rule does not clearly match the cited snippet context"
"/home/chinmay/ChinmayPersonalProjects/deslop/scripts/chunks/Chunk_5601_5625.txt",5601,"/home/chinmay/ChinmayPersonalProjects/gopdfsuit/sampledata/python/main.py",43,"python_perf_layer_error_handling_cost_raise_from_none_hides_retriable_error_context",false_positive,"Rule does not clearly match the cited snippet context"
"/home/chinmay/ChinmayPersonalProjects/deslop/scripts/chunks/Chunk_5601_5625.txt",5602,"/home/chinmay/ChinmayPersonalProjects/gopdfsuit/sampledata/python/main.py",43,"python_perf_layer_framework_performance_fastapi_dependency_builds_client_per_request",false_positive,"Rule does not clearly match the cited snippet context"
"/home/chinmay/ChinmayPersonalProjects/deslop/scripts/chunks/Chunk_5601_5625.txt",5603,"/home/chinmay/ChinmayPersonalProjects/gopdfsuit/sampledata/python/main.py",46,"python_perf_layer_lazy_loading_feature_flag_data_loaded_before_needed",false_positive,"Rule does not clearly match the cited snippet context"
"/home/chinmay/ChinmayPersonalProjects/deslop/scripts/chunks/Chunk_5601_5625.txt",5604,"/home/chinmay/ChinmayPersonalProjects/gopdfsuit/sampledata/python/main.py",46,"python_perf_layer_lazy_loading_lazy_init_on_first_user_request",false_positive,"Rule does not clearly match the cited snippet context"
"/home/chinmay/ChinmayPersonalProjects/deslop/scripts/chunks/Chunk_5601_5625.txt",5605,"/home/chinmay/ChinmayPersonalProjects/gopdfsuit/sampledata/python/main.py",48,"python_perf_layer_string_handling_lowercase_compare_allocates",false_positive,"Rule does not clearly match the cited snippet context"
"/home/chinmay/ChinmayPersonalProjects/deslop/scripts/chunks/Chunk_5601_5625.txt",5606,"/home/chinmay/ChinmayPersonalProjects/gopdfsuit/sampledata/python/main.py",49,"python_perf_layer_network_calls_dns_or_url_parse_repeated_per_request",false_positive,"Rule does not clearly match the cited snippet context"
"/home/chinmay/ChinmayPersonalProjects/deslop/scripts/chunks/Chunk_5601_5625.txt",5607,"/home/chinmay/ChinmayPersonalProjects/gopdfsuit/sampledata/python/main.py",49,"python_perf_layer_network_calls_retry_without_backoff_or_jitter",false_positive,"Rule does not clearly match the cited snippet context"
"/home/chinmay/ChinmayPersonalProjects/deslop/scripts/chunks/Chunk_5601_5625.txt",5608,"/home/chinmay/ChinmayPersonalProjects/gopdfsuit/sampledata/python/main.py",49,"python_perf_layer_network_calls_tls_context_built_per_request",false_positive,"Rule does not clearly match the cited snippet context"
"/home/chinmay/ChinmayPersonalProjects/deslop/scripts/chunks/Chunk_5601_5625.txt",5609,"/home/chinmay/ChinmayPersonalProjects/gopdfsuit/sampledata/python/main.py",49,"python_perf_layer_resource_pooling_http_pool_not_reused",false_positive,"Rule does not clearly match the cited snippet context"
"/home/chinmay/ChinmayPersonalProjects/deslop/scripts/chunks/Chunk_5601_5625.txt",5610,"/home/chinmay/ChinmayPersonalProjects/gopdfsuit/sampledata/python/main.py",66,"python_perf_layer_data_structure_choice_list_as_fifo_queue",false_positive,"Rule does not clearly match the cited snippet context"
"/home/chinmay/ChinmayPersonalProjects/deslop/scripts/chunks/Chunk_5601_5625.txt",5611,"/home/chinmay/ChinmayPersonalProjects/gopdfsuit/sampledata/python/main.py",74,"f_string_evaluated_eagerly_inside_logging_call",false_positive,"Rule does not clearly match the cited snippet context"
"/home/chinmay/ChinmayPersonalProjects/deslop/scripts/chunks/Chunk_5601_5625.txt",5612,"/home/chinmay/ChinmayPersonalProjects/gopdfsuit/sampledata/python/main.py",75,"python_perf_layer_lazy_loading_optional_model_loaded_at_startup",false_positive,"Rule does not clearly match the cited snippet context"
"/home/chinmay/ChinmayPersonalProjects/deslop/scripts/chunks/Chunk_5601_5625.txt",5613,"/home/chinmay/ChinmayPersonalProjects/gopdfsuit/sampledata/python/main.py",80,"broad_exception_handler",false_positive,"Rule does not clearly match the cited snippet context"
"/home/chinmay/ChinmayPersonalProjects/deslop/scripts/chunks/Chunk_5601_5625.txt",5614,"/home/chinmay/ChinmayPersonalProjects/gopdfsuit/sampledata/python/main.py",88,"python_perf_layer_database_access_orm_query_inside_loop",false_positive,"Rule does not clearly match the cited snippet context"
"/home/chinmay/ChinmayPersonalProjects/deslop/scripts/chunks/Chunk_5601_5625.txt",5615,"/home/chinmay/ChinmayPersonalProjects/gopdfsuit/sampledata/python/main.py",88,"python_perf_layer_memory_allocation_deepcopy_before_readonly_transform",false_positive,"Rule does not clearly match the cited snippet context"
"/home/chinmay/ChinmayPersonalProjects/deslop/scripts/chunks/Chunk_5601_5625.txt",5616,"/home/chinmay/ChinmayPersonalProjects/gopdfsuit/sampledata/python/main.py",89,"python_perf_layer_collection_iteration_enumerate_list_materialized",false_positive,"Rule does not clearly match the cited snippet context"
"/home/chinmay/ChinmayPersonalProjects/deslop/scripts/chunks/Chunk_5601_5625.txt",5617,"/home/chinmay/ChinmayPersonalProjects/gopdfsuit/sampledata/python/main.py",89,"python_perf_layer_memory_allocation_list_append_without_generator_stream",false_positive,"Rule does not clearly match the cited snippet context"
"/home/chinmay/ChinmayPersonalProjects/deslop/scripts/chunks/Chunk_5601_5625.txt",5618,"/home/chinmay/ChinmayPersonalProjects/gopdfsuit/sampledata/python/main.py",90,"python_perf_layer_resource_pooling_rate_limiter_created_per_request",false_positive,"Rule does not clearly match the cited snippet context"
"/home/chinmay/ChinmayPersonalProjects/deslop/scripts/chunks/Chunk_5601_5625.txt",5619,"/home/chinmay/ChinmayPersonalProjects/gopdfsuit/sampledata/python/main.py",98,"python_perf_layer_collection_iteration_generator_materialized_for_truthiness",false_positive,"Rule does not clearly match the cited snippet context"
"/home/chinmay/ChinmayPersonalProjects/deslop/scripts/chunks/Chunk_5601_5625.txt",5620,"/home/chinmay/ChinmayPersonalProjects/gopdfsuit/sampledata/python/test_redact.py",13,"test_without_assertion_signal",false_positive,"Rule does not clearly match the cited snippet context"
"/home/chinmay/ChinmayPersonalProjects/deslop/scripts/chunks/Chunk_5601_5625.txt",5621,"/home/chinmay/ChinmayPersonalProjects/gopdfsuit/sampledata/python/test_redact.py",28,"test_wraps_sut_in_try_except_hiding_exception_detail",false_positive,"Rule does not clearly match the cited snippet context"
"/home/chinmay/ChinmayPersonalProjects/deslop/scripts/chunks/Chunk_5601_5625.txt",5622,"/home/chinmay/ChinmayPersonalProjects/gopdfsuit/sampledata/samplecode/main.go",60,"go_perf_layer_async_concurrency_context_timeout_allocated_per_inner_call",false_positive,"Rule does not clearly match the cited snippet context"
"/home/chinmay/ChinmayPersonalProjects/deslop/scripts/chunks/Chunk_5601_5625.txt",5623,"/home/chinmay/ChinmayPersonalProjects/gopdfsuit/sampledata/samplecode/main.go",60,"go_perf_layer_hot_path_optimization_allocation_in_hash_or_less_func",false_positive,"Rule does not clearly match the cited snippet context"
"/home/chinmay/ChinmayPersonalProjects/deslop/scripts/chunks/Chunk_5601_5625.txt",5624,"/home/chinmay/ChinmayPersonalProjects/gopdfsuit/sampledata/samplecode/main.go",60,"go_perf_layer_hot_path_optimization_time_now_called_many_times_per_item",false_positive,"Rule does not clearly match the cited snippet context"
"/home/chinmay/ChinmayPersonalProjects/deslop/scripts/chunks/Chunk_5601_5625.txt",5625,"/home/chinmay/ChinmayPersonalProjects/gopdfsuit/sampledata/samplecode/main.go",64,"go_perf_layer_collection_iteration_range_over_map_for_deterministic_first",false_positive,"Rule does not clearly match the cited snippet context"
"/home/chinmay/ChinmayPersonalProjects/deslop/scripts/chunks/Chunk_5626_5650.txt",5626,"/home/chinmay/ChinmayPersonalProjects/gopdfsuit/sampledata/samplecode/main.go",70,"go_perf_layer_string_handling_byte_string_roundtrip_for_contains",false_positive,"Rule does not clearly match the cited snippet context"
"/home/chinmay/ChinmayPersonalProjects/deslop/scripts/chunks/Chunk_5626_5650.txt",5627,"/home/chinmay/ChinmayPersonalProjects/gopdfsuit/sampledata/samplecode/main.go",72,"go_perf_layer_io_operations_stat_before_open_without_branch",false_positive,"Rule does not clearly match the cited snippet context"
"/home/chinmay/ChinmayPersonalProjects/deslop/scripts/chunks/Chunk_5626_5650.txt",5628,"/home/chinmay/ChinmayPersonalProjects/gopdfsuit/sampledata/samplecode/main.go",76,"go_perf_layer_caching_cache_miss_does_duplicate_work",false_positive,"Rule does not clearly match the cited snippet context"
"/home/chinmay/ChinmayPersonalProjects/deslop/scripts/chunks/Chunk_5626_5650.txt",5629,"/home/chinmay/ChinmayPersonalProjects/gopdfsuit/sampledata/samplecode/main.go",82,"go_perf_layer_data_structure_choice_interface_map_for_typed_values",false_positive,"Rule does not clearly match the cited snippet context"
"/home/chinmay/ChinmayPersonalProjects/deslop/scripts/chunks/Chunk_5626_5650.txt",5630,"/home/chinmay/ChinmayPersonalProjects/gopdfsuit/sampledata/samplecode/main.go",82,"go_perf_layer_serialization_map_any_json_decode_in_hot_path",false_positive,"Rule does not clearly match the cited snippet context"
"/home/chinmay/ChinmayPersonalProjects/deslop/scripts/chunks/Chunk_5626_5650.txt",5631,"/home/chinmay/ChinmayPersonalProjects/gopdfsuit/sampledata/samplecode/main.go",90,"go_perf_layer_error_handling_cost_error_string_built_before_error_needed",false_positive,"Rule does not clearly match the cited snippet context"
"/home/chinmay/ChinmayPersonalProjects/deslop/scripts/chunks/Chunk_5626_5650.txt",5632,"/home/chinmay/ChinmayPersonalProjects/gopdfsuit/sampledata/samplecode/main.go",90,"go_perf_layer_error_handling_cost_sentinel_error_allocated_per_call",false_positive,"Rule does not clearly match the cited snippet context"
"/home/chinmay/ChinmayPersonalProjects/deslop/scripts/chunks/Chunk_5626_5650.txt",5633,"/home/chinmay/ChinmayPersonalProjects/gopdfsuit/sampledata/samplecode/main.go",93,"go_perf_layer_io_operations_readall_on_known_large_file",false_positive,"Rule does not clearly match the cited snippet context"
"/home/chinmay/ChinmayPersonalProjects/deslop/scripts/chunks/Chunk_5626_5650.txt",5634,"/home/chinmay/ChinmayPersonalProjects/gopdfsuit/sampledata/samplecode/main.go",95,"go_perf_layer_collection_iteration_copy_slice_before_readonly_range",false_positive,"Rule does not clearly match the cited snippet context"
"/home/chinmay/ChinmayPersonalProjects/deslop/scripts/chunks/Chunk_5626_5650.txt",5635,"/home/chinmay/ChinmayPersonalProjects/gopdfsuit/sampledata/samplecode/main.go",95,"go_perf_layer_database_access_rows_scan_into_map_per_row",false_positive,"Rule does not clearly match the cited snippet context"
"/home/chinmay/ChinmayPersonalProjects/deslop/scripts/chunks/Chunk_5626_5650.txt",5636,"/home/chinmay/ChinmayPersonalProjects/gopdfsuit/sampledata/samplecode/main.go",95,"go_perf_layer_io_operations_scanner_used_for_large_token_stream",false_positive,"Rule does not clearly match the cited snippet context"
"/home/chinmay/ChinmayPersonalProjects/deslop/scripts/chunks/Chunk_5626_5650.txt",5637,"/home/chinmay/ChinmayPersonalProjects/gopdfsuit/sampledata/samplecode/main.go",95,"go_perf_layer_network_calls_retry_loop_without_backoff",false_positive,"Rule does not clearly match the cited snippet context"
"/home/chinmay/ChinmayPersonalProjects/deslop/scripts/chunks/Chunk_5626_5650.txt",5638,"/home/chinmay/ChinmayPersonalProjects/gopdfsuit/sampledata/samplecode/main.go",107,"go_perf_layer_caching_json_cache_value_stored_as_string",false_positive,"Rule does not clearly match the cited snippet context"
"/home/chinmay/ChinmayPersonalProjects/deslop/scripts/chunks/Chunk_5626_5650.txt",5639,"/home/chinmay/ChinmayPersonalProjects/gopdfsuit/sampledata/samplecode/main.go",107,"go_perf_layer_caching_unbounded_cache_map",false_positive,"Rule does not clearly match the cited snippet context"
"/home/chinmay/ChinmayPersonalProjects/deslop/scripts/chunks/Chunk_5626_5650.txt",5640,"/home/chinmay/ChinmayPersonalProjects/gopdfsuit/sampledata/samplecode/main.go",107,"go_perf_layer_data_structure_choice_map_string_bool_for_membership",false_positive,"Rule does not clearly match the cited snippet context"
"/home/chinmay/ChinmayPersonalProjects/deslop/scripts/chunks/Chunk_5626_5650.txt",5641,"/home/chinmay/ChinmayPersonalProjects/gopdfsuit/sampledata/samplecode/main.go",107,"go_perf_layer_data_structure_choice_small_enum_string_switch_map",false_positive,"Rule does not clearly match the cited snippet context"
"/home/chinmay/ChinmayPersonalProjects/deslop/scripts/chunks/Chunk_5626_5650.txt",5642,"/home/chinmay/ChinmayPersonalProjects/gopdfsuit/sampledata/samplecode/main.go",108,"go_perf_layer_framework_performance_template_execute_to_string_then_write",false_positive,"Rule does not clearly match the cited snippet context"
"/home/chinmay/ChinmayPersonalProjects/deslop/scripts/chunks/Chunk_5626_5650.txt",5643,"/home/chinmay/ChinmayPersonalProjects/gopdfsuit/sampledata/samplecode/main.go",108,"go_perf_layer_memory_allocation_bytes_buffer_allocated_per_record",false_positive,"Rule does not clearly match the cited snippet context"
"/home/chinmay/ChinmayPersonalProjects/deslop/scripts/chunks/Chunk_5626_5650.txt",5644,"/home/chinmay/ChinmayPersonalProjects/gopdfsuit/sampledata/samplecode/main.go",108,"go_perf_layer_memory_allocation_map_recreated_for_static_lookup",false_positive,"Rule does not clearly match the cited snippet context"
"/home/chinmay/ChinmayPersonalProjects/deslop/scripts/chunks/Chunk_5626_5650.txt",5645,"/home/chinmay/ChinmayPersonalProjects/gopdfsuit/sampledata/samplecode/main.go",108,"go_perf_layer_memory_allocation_temporary_byte_slice_for_string_write",false_positive,"Rule does not clearly match the cited snippet context"
"/home/chinmay/ChinmayPersonalProjects/deslop/scripts/chunks/Chunk_5626_5650.txt",5646,"/home/chinmay/ChinmayPersonalProjects/gopdfsuit/sampledata/samplecode/main.go",108,"go_perf_layer_network_calls_dns_lookup_per_request_path",false_positive,"Rule does not clearly match the cited snippet context"
"/home/chinmay/ChinmayPersonalProjects/deslop/scripts/chunks/Chunk_5626_5650.txt",5647,"/home/chinmay/ChinmayPersonalProjects/gopdfsuit/sampledata/samplecode/main.go",109,"go_perf_layer_serialization_json_decoder_without_reuse_for_stream",false_positive,"Rule does not clearly match the cited snippet context"
"/home/chinmay/ChinmayPersonalProjects/deslop/scripts/chunks/Chunk_5626_5650.txt",5648,"/home/chinmay/ChinmayPersonalProjects/gopdfsuit/sampledata/samplecode/main.go",109,"go_perf_layer_serialization_json_marshal_for_deep_equal",false_positive,"Rule does not clearly match the cited snippet context"
"/home/chinmay/ChinmayPersonalProjects/deslop/scripts/chunks/Chunk_5626_5650.txt",5649,"/home/chinmay/ChinmayPersonalProjects/gopdfsuit/sampledata/samplecode/main.go",111,"json_number_vs_float64_decode",false_positive,"Rule does not clearly match the cited snippet context"
"/home/chinmay/ChinmayPersonalProjects/deslop/scripts/chunks/Chunk_5626_5650.txt",5650,"/home/chinmay/ChinmayPersonalProjects/gopdfsuit/sampledata/samplecode/main.go",116,"fmt_hot_path",false_positive,"Rule does not clearly match the cited snippet context"
"/home/chinmay/ChinmayPersonalProjects/deslop/scripts/chunks/Chunk_5651_5675.txt",5651,"/home/chinmay/ChinmayPersonalProjects/gopdfsuit/sampledata/samplecode/main.go",119,"go_perf_layer_io_operations_temporary_file_for_stream_transform",false_positive,"Rule does not clearly match the cited snippet context"
"/home/chinmay/ChinmayPersonalProjects/deslop/scripts/chunks/Chunk_5651_5675.txt",5652,"/home/chinmay/ChinmayPersonalProjects/gopdfsuit/sampledata/samplecode/main.go",121,"full_dataset_load",false_positive,"Rule does not clearly match the cited snippet context"
"/home/chinmay/ChinmayPersonalProjects/deslop/scripts/chunks/Chunk_5651_5675.txt",5653,"/home/chinmay/ChinmayPersonalProjects/gopdfsuit/sampledata/samplecode/main.go",151,"go_perf_layer_resource_pooling_rate_limiter_per_request",false_positive,"Rule does not clearly match the cited snippet context"
"/home/chinmay/ChinmayPersonalProjects/deslop/scripts/chunks/Chunk_5651_5675.txt",5654,"/home/chinmay/ChinmayPersonalProjects/gopdfsuit/sampledata/samplecode/main.go",181,"weak_typing",false_positive,"Rule does not clearly match the cited snippet context"
"/home/chinmay/ChinmayPersonalProjects/deslop/scripts/chunks/Chunk_5651_5675.txt",5655,"/home/chinmay/ChinmayPersonalProjects/gopdfsuit/sampledata/samplecode/main.go",182,"go_perf_layer_collection_iteration_copy_slice_before_readonly_range",false_positive,"Rule does not clearly match the cited snippet context"
"/home/chinmay/ChinmayPersonalProjects/deslop/scripts/chunks/Chunk_5651_5675.txt",5656,"/home/chinmay/ChinmayPersonalProjects/gopdfsuit/sampledata/samplecode/main.go",182,"go_perf_layer_collection_iteration_range_over_map_for_deterministic_first",false_positive,"Rule does not clearly match the cited snippet context"
"/home/chinmay/ChinmayPersonalProjects/deslop/scripts/chunks/Chunk_5651_5675.txt",5657,"/home/chinmay/ChinmayPersonalProjects/gopdfsuit/sampledata/samplecode/main.go",182,"go_perf_layer_database_access_rows_scan_into_map_per_row",false_positive,"Rule does not clearly match the cited snippet context"
"/home/chinmay/ChinmayPersonalProjects/deslop/scripts/chunks/Chunk_5651_5675.txt",5658,"/home/chinmay/ChinmayPersonalProjects/gopdfsuit/sampledata/samplecode/main.go",182,"go_perf_layer_network_calls_retry_loop_without_backoff",false_positive,"Rule does not clearly match the cited snippet context"
"/home/chinmay/ChinmayPersonalProjects/deslop/scripts/chunks/Chunk_5651_5675.txt",5659,"/home/chinmay/ChinmayPersonalProjects/gopdfsuit/sampledata/samplecode/main.go",183,"go_perf_layer_data_structure_choice_small_enum_string_switch_map",false_positive,"Rule does not clearly match the cited snippet context"
"/home/chinmay/ChinmayPersonalProjects/deslop/scripts/chunks/Chunk_5651_5675.txt",5660,"/home/chinmay/ChinmayPersonalProjects/gopdfsuit/sampledata/samplecode/main.go",184,"go_perf_layer_caching_json_cache_value_stored_as_string",false_positive,"Rule does not clearly match the cited snippet context"
"/home/chinmay/ChinmayPersonalProjects/deslop/scripts/chunks/Chunk_5651_5675.txt",5661,"/home/chinmay/ChinmayPersonalProjects/gopdfsuit/sampledata/samplecode/main.go",184,"go_perf_layer_data_structure_choice_map_string_bool_for_membership",false_positive,"Rule does not clearly match the cited snippet context"
"/home/chinmay/ChinmayPersonalProjects/deslop/scripts/chunks/Chunk_5651_5675.txt",5662,"/home/chinmay/ChinmayPersonalProjects/gopdfsuit/sampledata/samplecode/main.go",184,"go_perf_layer_memory_allocation_temporary_byte_slice_for_string_write",false_positive,"Rule does not clearly match the cited snippet context"
"/home/chinmay/ChinmayPersonalProjects/deslop/scripts/chunks/Chunk_5651_5675.txt",5663,"/home/chinmay/ChinmayPersonalProjects/gopdfsuit/sampledata/samplecode/main.go",184,"go_perf_layer_string_handling_string_lower_for_case_insensitive_compare",false_positive,"Rule does not clearly match the cited snippet context"
"/home/chinmay/ChinmayPersonalProjects/deslop/scripts/chunks/Chunk_5651_5675.txt",5664,"/home/chinmay/ChinmayPersonalProjects/gopdfsuit/sampledata/samplecode/main.go",186,"go_perf_layer_caching_unbounded_cache_map",false_positive,"Rule does not clearly match the cited snippet context"
"/home/chinmay/ChinmayPersonalProjects/deslop/scripts/chunks/Chunk_5651_5675.txt",5665,"/home/chinmay/ChinmayPersonalProjects/gopdfsuit/sampledata/samplecode/main.go",186,"go_perf_layer_data_structure_choice_interface_map_for_typed_values",false_positive,"Rule does not clearly match the cited snippet context"
"/home/chinmay/ChinmayPersonalProjects/deslop/scripts/chunks/Chunk_5651_5675.txt",5666,"/home/chinmay/ChinmayPersonalProjects/gopdfsuit/sampledata/samplecode/main.go",186,"go_perf_layer_memory_allocation_map_recreated_for_static_lookup",false_positive,"Rule does not clearly match the cited snippet context"
"/home/chinmay/ChinmayPersonalProjects/deslop/scripts/chunks/Chunk_5651_5675.txt",5667,"/home/chinmay/ChinmayPersonalProjects/gopdfsuit/sampledata/samplecode/main.go",186,"go_perf_layer_network_calls_dns_lookup_per_request_path",false_positive,"Rule does not clearly match the cited snippet context"
"/home/chinmay/ChinmayPersonalProjects/deslop/scripts/chunks/Chunk_5651_5675.txt",5668,"/home/chinmay/ChinmayPersonalProjects/gopdfsuit/sampledata/samplecode/main.go",195,"weak_typing",false_positive,"Rule does not clearly match the cited snippet context"
"/home/chinmay/ChinmayPersonalProjects/deslop/scripts/chunks/Chunk_5651_5675.txt",5669,"/home/chinmay/ChinmayPersonalProjects/gopdfsuit/sampledata/samplecode/main.go",196,"go_perf_layer_collection_iteration_copy_slice_before_readonly_range",false_positive,"Rule does not clearly match the cited snippet context"
"/home/chinmay/ChinmayPersonalProjects/deslop/scripts/chunks/Chunk_5651_5675.txt",5670,"/home/chinmay/ChinmayPersonalProjects/gopdfsuit/sampledata/samplecode/main.go",196,"go_perf_layer_collection_iteration_range_over_map_for_deterministic_first",false_positive,"Rule does not clearly match the cited snippet context"
"/home/chinmay/ChinmayPersonalProjects/deslop/scripts/chunks/Chunk_5651_5675.txt",5671,"/home/chinmay/ChinmayPersonalProjects/gopdfsuit/sampledata/samplecode/main.go",196,"go_perf_layer_database_access_rows_scan_into_map_per_row",false_positive,"Rule does not clearly match the cited snippet context"
"/home/chinmay/ChinmayPersonalProjects/deslop/scripts/chunks/Chunk_5651_5675.txt",5672,"/home/chinmay/ChinmayPersonalProjects/gopdfsuit/sampledata/samplecode/main.go",196,"go_perf_layer_network_calls_retry_loop_without_backoff",false_positive,"Rule does not clearly match the cited snippet context"
"/home/chinmay/ChinmayPersonalProjects/deslop/scripts/chunks/Chunk_5651_5675.txt",5673,"/home/chinmay/ChinmayPersonalProjects/gopdfsuit/sampledata/samplecode/main.go",197,"go_perf_layer_data_structure_choice_small_enum_string_switch_map",false_positive,"Rule does not clearly match the cited snippet context"
"/home/chinmay/ChinmayPersonalProjects/deslop/scripts/chunks/Chunk_5651_5675.txt",5674,"/home/chinmay/ChinmayPersonalProjects/gopdfsuit/sampledata/samplecode/main.go",198,"go_perf_layer_caching_json_cache_value_stored_as_string",false_positive,"Rule does not clearly match the cited snippet context"
"/home/chinmay/ChinmayPersonalProjects/deslop/scripts/chunks/Chunk_5651_5675.txt",5675,"/home/chinmay/ChinmayPersonalProjects/gopdfsuit/sampledata/samplecode/main.go",198,"go_perf_layer_data_structure_choice_map_string_bool_for_membership",false_positive,"Rule does not clearly match the cited snippet context"
"/home/chinmay/ChinmayPersonalProjects/deslop/scripts/chunks/Chunk_5676_5700.txt",5676,"/home/chinmay/ChinmayPersonalProjects/gopdfsuit/sampledata/samplecode/main.go",198,"go_perf_layer_memory_allocation_temporary_byte_slice_for_string_write",false_positive,"Rule does not clearly match the cited snippet context"
"/home/chinmay/ChinmayPersonalProjects/deslop/scripts/chunks/Chunk_5676_5700.txt",5677,"/home/chinmay/ChinmayPersonalProjects/gopdfsuit/sampledata/samplecode/main.go",198,"go_perf_layer_string_handling_string_lower_for_case_insensitive_compare",false_positive,"Rule does not clearly match the cited snippet context"
"/home/chinmay/ChinmayPersonalProjects/deslop/scripts/chunks/Chunk_5676_5700.txt",5678,"/home/chinmay/ChinmayPersonalProjects/gopdfsuit/sampledata/samplecode/main.go",200,"go_perf_layer_caching_unbounded_cache_map",false_positive,"Rule does not clearly match the cited snippet context"
"/home/chinmay/ChinmayPersonalProjects/deslop/scripts/chunks/Chunk_5676_5700.txt",5679,"/home/chinmay/ChinmayPersonalProjects/gopdfsuit/sampledata/samplecode/main.go",200,"go_perf_layer_data_structure_choice_interface_map_for_typed_values",false_positive,"Rule does not clearly match the cited snippet context"
"/home/chinmay/ChinmayPersonalProjects/deslop/scripts/chunks/Chunk_5676_5700.txt",5680,"/home/chinmay/ChinmayPersonalProjects/gopdfsuit/sampledata/samplecode/main.go",200,"go_perf_layer_memory_allocation_map_recreated_for_static_lookup",false_positive,"Rule does not clearly match the cited snippet context"
"/home/chinmay/ChinmayPersonalProjects/deslop/scripts/chunks/Chunk_5676_5700.txt",5681,"/home/chinmay/ChinmayPersonalProjects/gopdfsuit/sampledata/samplecode/main.go",200,"go_perf_layer_network_calls_dns_lookup_per_request_path",false_positive,"Rule does not clearly match the cited snippet context"
"/home/chinmay/ChinmayPersonalProjects/deslop/scripts/chunks/Chunk_5676_5700.txt",5682,"/home/chinmay/ChinmayPersonalProjects/gopdfsuit/sampledata/svg/generate_math_svg.py",5,"public_api_missing_type_hints",false_positive,"Rule does not clearly match the cited snippet context"
"/home/chinmay/ChinmayPersonalProjects/deslop/scripts/chunks/Chunk_5676_5700.txt",5683,"/home/chinmay/ChinmayPersonalProjects/gopdfsuit/sampledata/svg/generate_math_svg.py",6,"python_perf_layer_database_access_orm_query_inside_loop",false_positive,"Rule does not clearly match the cited snippet context"
"/home/chinmay/ChinmayPersonalProjects/deslop/scripts/chunks/Chunk_5676_5700.txt",5684,"/home/chinmay/ChinmayPersonalProjects/gopdfsuit/sampledata/svg/generate_math_svg.py",8,"python_perf_layer_network_calls_retry_without_backoff_or_jitter",false_positive,"Rule does not clearly match the cited snippet context"
"/home/chinmay/ChinmayPersonalProjects/deslop/scripts/chunks/Chunk_5676_5700.txt",5685,"/home/chinmay/ChinmayPersonalProjects/gopdfsuit/sampledata/svg/generate_math_svg.py",38,"public_api_missing_type_hints",false_positive,"Rule does not clearly match the cited snippet context"
"/home/chinmay/ChinmayPersonalProjects/deslop/scripts/chunks/Chunk_5676_5700.txt",5686,"/home/chinmay/ChinmayPersonalProjects/gopdfsuit/sampledata/svg/generate_math_svg.py",49,"public_api_missing_type_hints",false_positive,"Rule does not clearly match the cited snippet context"
"/home/chinmay/ChinmayPersonalProjects/deslop/scripts/chunks/Chunk_5676_5700.txt",5687,"/home/chinmay/ChinmayPersonalProjects/gopdfsuit/sampledata/svg/generate_math_svg.py",59,"comparison_or_merge_logic_assumes_unique_keys_without_assertion",false_positive,"Rule does not clearly match the cited snippet context"
"/home/chinmay/ChinmayPersonalProjects/deslop/scripts/chunks/Chunk_5676_5700.txt",5688,"/home/chinmay/ChinmayPersonalProjects/gopdfsuit/sampledata/svg/generate_math_svg.py",59,"multiple_regex_passes_over_same_text_without_precompiled_plan",false_positive,"Rule does not clearly match the cited snippet context"
"/home/chinmay/ChinmayPersonalProjects/deslop/scripts/chunks/Chunk_5676_5700.txt",5689,"/home/chinmay/ChinmayPersonalProjects/gopdfsuit/sampledata/svg/generate_math_svg.py",59,"public_api_missing_type_hints",false_positive,"Rule does not clearly match the cited snippet context"
"/home/chinmay/ChinmayPersonalProjects/deslop/scripts/chunks/Chunk_5676_5700.txt",5690,"/home/chinmay/ChinmayPersonalProjects/gopdfsuit/sampledata/svg/generate_math_svg.py",60,"python_perf_layer_io_operations_small_file_writes_without_buffer",false_positive,"Rule does not clearly match the cited snippet context"
"/home/chinmay/ChinmayPersonalProjects/deslop/scripts/chunks/Chunk_5676_5700.txt",5691,"/home/chinmay/ChinmayPersonalProjects/gopdfsuit/sampledata/svg/generate_math_svg.py",61,"python_perf_layer_network_calls_retry_without_backoff_or_jitter",false_positive,"Rule does not clearly match the cited snippet context"
"/home/chinmay/ChinmayPersonalProjects/deslop/scripts/chunks/Chunk_5676_5700.txt",5692,"/home/chinmay/ChinmayPersonalProjects/gopdfsuit/sampledata/svg/generate_math_svg.py",65,"python_perf_layer_error_handling_cost_raise_from_none_hides_retriable_error_context",false_positive,"Rule does not clearly match the cited snippet context"
"/home/chinmay/ChinmayPersonalProjects/deslop/scripts/chunks/Chunk_5676_5700.txt",5693,"/home/chinmay/ChinmayPersonalProjects/gopdfsuit/sampledata/svg/generate_math_svg.py",65,"python_perf_layer_string_handling_regex_compiled_per_call",false_positive,"Rule does not clearly match the cited snippet context"
"/home/chinmay/ChinmayPersonalProjects/deslop/scripts/chunks/Chunk_5676_5700.txt",5694,"/home/chinmay/ChinmayPersonalProjects/gopdfsuit/sampledata/svg/generate_math_svg.py",77,"python_perf_layer_database_access_orm_query_inside_loop",false_positive,"Rule does not clearly match the cited snippet context"
"/home/chinmay/ChinmayPersonalProjects/deslop/scripts/chunks/Chunk_5676_5700.txt",5695,"/home/chinmay/ChinmayPersonalProjects/gopdfsuit/sampledata/svg/generate_math_svg.py",79,"print_debugging_leftover",false_positive,"Rule does not clearly match the cited snippet context"
"/home/chinmay/ChinmayPersonalProjects/deslop/scripts/chunks/Chunk_5676_5700.txt",5696,"/home/chinmay/ChinmayPersonalProjects/gopdfsuit/sampledata/svg/generate_math_svg.py",79,"python_perf_layer_error_handling_cost_error_message_formatted_on_success_path",false_positive,"Rule does not clearly match the cited snippet context"
"/home/chinmay/ChinmayPersonalProjects/deslop/scripts/chunks/Chunk_5676_5700.txt",5697,"/home/chinmay/ChinmayPersonalProjects/gopdfsuit/sampledata/svg/generate_math_svg.py",80,"print_debugging_leftover",false_positive,"Rule does not clearly match the cited snippet context"
"/home/chinmay/ChinmayPersonalProjects/deslop/scripts/chunks/Chunk_5676_5700.txt",5698,"/home/chinmay/ChinmayPersonalProjects/gopdfsuit/test/integration_test.go",64,"overlong_name",false_positive,"Rule does not clearly match the cited snippet context"
"/home/chinmay/ChinmayPersonalProjects/deslop/scripts/chunks/Chunk_5676_5700.txt",5699,"/home/chinmay/ChinmayPersonalProjects/gopdfsuit/test/integration_test.go",79,"happy_path_only_test",false_positive,"Rule does not clearly match the cited snippet context"
"/home/chinmay/ChinmayPersonalProjects/deslop/scripts/chunks/Chunk_5676_5700.txt",5700,"/home/chinmay/ChinmayPersonalProjects/gopdfsuit/test/integration_test.go",82,"full_dataset_load",false_positive,"Rule does not clearly match the cited snippet context"
"/home/chinmay/ChinmayPersonalProjects/deslop/scripts/chunks/Chunk_5701_5725.txt",5701,"/home/chinmay/ChinmayPersonalProjects/gopdfsuit/test/integration_test.go",96,"full_dataset_load",false_positive,"Rule does not clearly match the cited snippet context"
"/home/chinmay/ChinmayPersonalProjects/deslop/scripts/chunks/Chunk_5701_5725.txt",5702,"/home/chinmay/ChinmayPersonalProjects/gopdfsuit/test/integration_test.go",119,"full_dataset_load",false_positive,"Rule does not clearly match the cited snippet context"
"/home/chinmay/ChinmayPersonalProjects/deslop/scripts/chunks/Chunk_5701_5725.txt",5703,"/home/chinmay/ChinmayPersonalProjects/gopdfsuit/test/integration_test.go",142,"full_dataset_load",false_positive,"Rule does not clearly match the cited snippet context"
"/home/chinmay/ChinmayPersonalProjects/deslop/scripts/chunks/Chunk_5701_5725.txt",5704,"/home/chinmay/ChinmayPersonalProjects/gopdfsuit/test/integration_test.go",166,"full_dataset_load",false_positive,"Rule does not clearly match the cited snippet context"
"/home/chinmay/ChinmayPersonalProjects/deslop/scripts/chunks/Chunk_5701_5725.txt",5705,"/home/chinmay/ChinmayPersonalProjects/gopdfsuit/test/integration_test.go",177,"full_dataset_load",false_positive,"Rule does not clearly match the cited snippet context"
"/home/chinmay/ChinmayPersonalProjects/deslop/scripts/chunks/Chunk_5701_5725.txt",5706,"/home/chinmay/ChinmayPersonalProjects/gopdfsuit/test/integration_test.go",200,"full_dataset_load",false_positive,"Rule does not clearly match the cited snippet context"
"/home/chinmay/ChinmayPersonalProjects/deslop/scripts/chunks/Chunk_5701_5725.txt",5707,"/home/chinmay/ChinmayPersonalProjects/gopdfsuit/test/integration_test.go",213,"happy_path_only_test",false_positive,"Rule does not clearly match the cited snippet context"
"/home/chinmay/ChinmayPersonalProjects/deslop/scripts/chunks/Chunk_5701_5725.txt",5708,"/home/chinmay/ChinmayPersonalProjects/gopdfsuit/test/integration_test.go",235,"full_dataset_load",false_positive,"Rule does not clearly match the cited snippet context"
"/home/chinmay/ChinmayPersonalProjects/deslop/scripts/chunks/Chunk_5701_5725.txt",5709,"/home/chinmay/ChinmayPersonalProjects/gopdfsuit/test/integration_test.go",253,"happy_path_only_test",false_positive,"Rule does not clearly match the cited snippet context"
"/home/chinmay/ChinmayPersonalProjects/deslop/scripts/chunks/Chunk_5701_5725.txt",5710,"/home/chinmay/ChinmayPersonalProjects/gopdfsuit/test/integration_test.go",276,"full_dataset_load",false_positive,"Rule does not clearly match the cited snippet context"
"/home/chinmay/ChinmayPersonalProjects/deslop/scripts/chunks/Chunk_5701_5725.txt",5711,"/home/chinmay/ChinmayPersonalProjects/gopdfsuit/test/integration_test.go",299,"full_dataset_load",false_positive,"Rule does not clearly match the cited snippet context"
"/home/chinmay/ChinmayPersonalProjects/deslop/scripts/chunks/Chunk_5701_5725.txt",5712,"/home/chinmay/ChinmayPersonalProjects/gopdfsuit/test/integration_test.go",333,"full_dataset_load",false_positive,"Rule does not clearly match the cited snippet context"
"/home/chinmay/ChinmayPersonalProjects/deslop/scripts/chunks/Chunk_5701_5725.txt",5713,"/home/chinmay/ChinmayPersonalProjects/gopdfsuit/test/integration_test.go",351,"full_dataset_load",false_positive,"Rule does not clearly match the cited snippet context"
"/home/chinmay/ChinmayPersonalProjects/deslop/scripts/chunks/Chunk_5701_5725.txt",5714,"/home/chinmay/ChinmayPersonalProjects/gopdfsuit/test/integration_test.go",385,"full_dataset_load",false_positive,"Rule does not clearly match the cited snippet context"
"/home/chinmay/ChinmayPersonalProjects/deslop/scripts/chunks/Chunk_5701_5725.txt",5715,"/home/chinmay/ChinmayPersonalProjects/gopdfsuit/test/integration_test.go",403,"full_dataset_load",false_positive,"Rule does not clearly match the cited snippet context"
"/home/chinmay/ChinmayPersonalProjects/deslop/scripts/chunks/Chunk_5701_5725.txt",5716,"/home/chinmay/ChinmayPersonalProjects/gopdfsuit/test/integration_test.go",437,"full_dataset_load",false_positive,"Rule does not clearly match the cited snippet context"
"/home/chinmay/ChinmayPersonalProjects/deslop/scripts/chunks/Chunk_5701_5725.txt",5717,"/home/chinmay/ChinmayPersonalProjects/gopdfsuit/test/integration_test.go",450,"happy_path_only_test",false_positive,"Rule does not clearly match the cited snippet context"
"/home/chinmay/ChinmayPersonalProjects/deslop/scripts/chunks/Chunk_5701_5725.txt",5718,"/home/chinmay/ChinmayPersonalProjects/gopdfsuit/test/integration_test.go",453,"full_dataset_load",false_positive,"Rule does not clearly match the cited snippet context"
"/home/chinmay/ChinmayPersonalProjects/deslop/scripts/chunks/Chunk_5701_5725.txt",5719,"/home/chinmay/ChinmayPersonalProjects/gopdfsuit/test/integration_test.go",465,"full_dataset_load",false_positive,"Rule does not clearly match the cited snippet context"
"/home/chinmay/ChinmayPersonalProjects/deslop/scripts/chunks/Chunk_5701_5725.txt",5720,"/home/chinmay/ChinmayPersonalProjects/gopdfsuit/test/integration_test.go",487,"full_dataset_load",false_positive,"Rule does not clearly match the cited snippet context"
"/home/chinmay/ChinmayPersonalProjects/deslop/scripts/chunks/Chunk_5701_5725.txt",5721,"/home/chinmay/ChinmayPersonalProjects/gopdfsuit/test/integration_test.go",512,"full_dataset_load",false_positive,"Rule does not clearly match the cited snippet context"
"/home/chinmay/ChinmayPersonalProjects/deslop/scripts/chunks/Chunk_5701_5725.txt",5722,"/home/chinmay/ChinmayPersonalProjects/gopdfsuit/test/integration_test.go",526,"overlong_name",false_positive,"Rule does not clearly match the cited snippet context"
"/home/chinmay/ChinmayPersonalProjects/deslop/scripts/chunks/Chunk_5701_5725.txt",5723,"/home/chinmay/ChinmayPersonalProjects/gopdfsuit/typstsyntax/lexer.go",62,"go_perf_layer_io_operations_scanner_used_for_large_token_stream",false_positive,"Rule does not clearly match the cited snippet context"
"/home/chinmay/ChinmayPersonalProjects/deslop/scripts/chunks/Chunk_5701_5725.txt",5724,"/home/chinmay/ChinmayPersonalProjects/gopdfsuit/typstsyntax/lexer.go",62,"go_perf_layer_network_calls_retry_loop_without_backoff",false_positive,"Rule does not clearly match the cited snippet context"
"/home/chinmay/ChinmayPersonalProjects/deslop/scripts/chunks/Chunk_5701_5725.txt",5725,"/home/chinmay/ChinmayPersonalProjects/gopdfsuit/typstsyntax/lexer.go",70,"go_perf_layer_data_structure_choice_small_enum_string_switch_map",false_positive,"Rule does not clearly match the cited snippet context"
"/home/chinmay/ChinmayPersonalProjects/deslop/scripts/chunks/Chunk_5726_5750.txt",5726,"/home/chinmay/ChinmayPersonalProjects/gopdfsuit/typstsyntax/lexer.go",71,"go_perf_layer_string_handling_string_lower_for_case_insensitive_compare",false_positive,"Rule does not clearly match the cited snippet context"
"/home/chinmay/ChinmayPersonalProjects/deslop/scripts/chunks/Chunk_5726_5750.txt",5727,"/home/chinmay/ChinmayPersonalProjects/gopdfsuit/typstsyntax/lexer.go",141,"go_perf_layer_memory_allocation_append_without_known_capacity",false_positive,"Rule does not clearly match the cited snippet context"
"/home/chinmay/ChinmayPersonalProjects/deslop/scripts/chunks/Chunk_5726_5750.txt",5728,"/home/chinmay/ChinmayPersonalProjects/gopdfsuit/typstsyntax/lexer.go",153,"go_perf_layer_io_operations_scanner_used_for_large_token_stream",false_positive,"Rule does not clearly match the cited snippet context"
"/home/chinmay/ChinmayPersonalProjects/deslop/scripts/chunks/Chunk_5726_5750.txt",5729,"/home/chinmay/ChinmayPersonalProjects/gopdfsuit/typstsyntax/lexer.go",153,"go_perf_layer_network_calls_retry_loop_without_backoff",false_positive,"Rule does not clearly match the cited snippet context"
"/home/chinmay/ChinmayPersonalProjects/deslop/scripts/chunks/Chunk_5726_5750.txt",5730,"/home/chinmay/ChinmayPersonalProjects/gopdfsuit/typstsyntax/lexer.go",153,"go_perf_layer_string_handling_string_lower_for_case_insensitive_compare",false_positive,"Rule does not clearly match the cited snippet context"
"/home/chinmay/ChinmayPersonalProjects/deslop/scripts/chunks/Chunk_5726_5750.txt",5731,"/home/chinmay/ChinmayPersonalProjects/gopdfsuit/typstsyntax/lexer.go",163,"go_perf_layer_io_operations_scanner_used_for_large_token_stream",false_positive,"Rule does not clearly match the cited snippet context"
"/home/chinmay/ChinmayPersonalProjects/deslop/scripts/chunks/Chunk_5726_5750.txt",5732,"/home/chinmay/ChinmayPersonalProjects/gopdfsuit/typstsyntax/lexer.go",163,"go_perf_layer_network_calls_retry_loop_without_backoff",false_positive,"Rule does not clearly match the cited snippet context"
"/home/chinmay/ChinmayPersonalProjects/deslop/scripts/chunks/Chunk_5726_5750.txt",5733,"/home/chinmay/ChinmayPersonalProjects/gopdfsuit/typstsyntax/lexer.go",163,"go_perf_layer_string_handling_string_lower_for_case_insensitive_compare",false_positive,"Rule does not clearly match the cited snippet context"
"/home/chinmay/ChinmayPersonalProjects/deslop/scripts/chunks/Chunk_5726_5750.txt",5734,"/home/chinmay/ChinmayPersonalProjects/gopdfsuit/typstsyntax/lexer.go",171,"go_perf_layer_database_access_rows_scan_into_map_per_row",false_positive,"Rule does not clearly match the cited snippet context"
"/home/chinmay/ChinmayPersonalProjects/deslop/scripts/chunks/Chunk_5726_5750.txt",5735,"/home/chinmay/ChinmayPersonalProjects/gopdfsuit/typstsyntax/lexer.go",171,"go_perf_layer_io_operations_scanner_used_for_large_token_stream",false_positive,"Rule does not clearly match the cited snippet context"
"/home/chinmay/ChinmayPersonalProjects/deslop/scripts/chunks/Chunk_5726_5750.txt",5736,"/home/chinmay/ChinmayPersonalProjects/gopdfsuit/typstsyntax/lexer.go",171,"go_perf_layer_network_calls_retry_loop_without_backoff",false_positive,"Rule does not clearly match the cited snippet context"
"/home/chinmay/ChinmayPersonalProjects/deslop/scripts/chunks/Chunk_5726_5750.txt",5737,"/home/chinmay/ChinmayPersonalProjects/gopdfsuit/typstsyntax/lexer.go",174,"go_perf_layer_string_handling_string_lower_for_case_insensitive_compare",false_positive,"Rule does not clearly match the cited snippet context"
"/home/chinmay/ChinmayPersonalProjects/deslop/scripts/chunks/Chunk_5726_5750.txt",5738,"/home/chinmay/ChinmayPersonalProjects/gopdfsuit/typstsyntax/lexer.go",232,"go_perf_layer_io_operations_stat_before_open_without_branch",false_positive,"Rule does not clearly match the cited snippet context"
"/home/chinmay/ChinmayPersonalProjects/deslop/scripts/chunks/Chunk_5726_5750.txt",5739,"/home/chinmay/ChinmayPersonalProjects/gopdfsuit/typstsyntax/lexer.go",234,"go_perf_layer_io_operations_scanner_used_for_large_token_stream",false_positive,"Rule does not clearly match the cited snippet context"
"/home/chinmay/ChinmayPersonalProjects/deslop/scripts/chunks/Chunk_5726_5750.txt",5740,"/home/chinmay/ChinmayPersonalProjects/gopdfsuit/typstsyntax/lexer.go",234,"go_perf_layer_network_calls_retry_loop_without_backoff",false_positive,"Rule does not clearly match the cited snippet context"
"/home/chinmay/ChinmayPersonalProjects/deslop/scripts/chunks/Chunk_5726_5750.txt",5741,"/home/chinmay/ChinmayPersonalProjects/gopdfsuit/typstsyntax/lexer.go",246,"go_perf_layer_io_operations_scanner_used_for_large_token_stream",false_positive,"Rule does not clearly match the cited snippet context"
"/home/chinmay/ChinmayPersonalProjects/deslop/scripts/chunks/Chunk_5726_5750.txt",5742,"/home/chinmay/ChinmayPersonalProjects/gopdfsuit/typstsyntax/lexer.go",246,"go_perf_layer_network_calls_retry_loop_without_backoff",false_positive,"Rule does not clearly match the cited snippet context"
"/home/chinmay/ChinmayPersonalProjects/deslop/scripts/chunks/Chunk_5726_5750.txt",5743,"/home/chinmay/ChinmayPersonalProjects/gopdfsuit/typstsyntax/lexer.go",246,"go_perf_layer_string_handling_string_lower_for_case_insensitive_compare",false_positive,"Rule does not clearly match the cited snippet context"
"/home/chinmay/ChinmayPersonalProjects/deslop/scripts/chunks/Chunk_5726_5750.txt",5744,"/home/chinmay/ChinmayPersonalProjects/gopdfsuit/typstsyntax/lexer.go",273,"go_perf_layer_io_operations_scanner_used_for_large_token_stream",false_positive,"Rule does not clearly match the cited snippet context"
"/home/chinmay/ChinmayPersonalProjects/deslop/scripts/chunks/Chunk_5726_5750.txt",5745,"/home/chinmay/ChinmayPersonalProjects/gopdfsuit/typstsyntax/lexer.go",273,"go_perf_layer_network_calls_retry_loop_without_backoff",false_positive,"Rule does not clearly match the cited snippet context"
"/home/chinmay/ChinmayPersonalProjects/deslop/scripts/chunks/Chunk_5726_5750.txt",5746,"/home/chinmay/ChinmayPersonalProjects/gopdfsuit/typstsyntax/lexer.go",274,"go_perf_layer_string_handling_string_lower_for_case_insensitive_compare",false_positive,"Rule does not clearly match the cited snippet context"
"/home/chinmay/ChinmayPersonalProjects/deslop/scripts/chunks/Chunk_5726_5750.txt",5747,"/home/chinmay/ChinmayPersonalProjects/gopdfsuit/typstsyntax/lexer.go",297,"go_perf_layer_data_structure_choice_small_enum_string_switch_map",false_positive,"Rule does not clearly match the cited snippet context"
"/home/chinmay/ChinmayPersonalProjects/deslop/scripts/chunks/Chunk_5726_5750.txt",5748,"/home/chinmay/ChinmayPersonalProjects/gopdfsuit/typstsyntax/lexer.go",298,"go_perf_layer_string_handling_string_lower_for_case_insensitive_compare",false_positive,"Rule does not clearly match the cited snippet context"
"/home/chinmay/ChinmayPersonalProjects/deslop/scripts/chunks/Chunk_5726_5750.txt",5749,"/home/chinmay/ChinmayPersonalProjects/gopdfsuit/typstsyntax/parser.go",100,"go_perf_layer_io_operations_scanner_used_for_large_token_stream",false_positive,"Rule does not clearly match the cited snippet context"
"/home/chinmay/ChinmayPersonalProjects/deslop/scripts/chunks/Chunk_5726_5750.txt",5750,"/home/chinmay/ChinmayPersonalProjects/gopdfsuit/typstsyntax/parser.go",100,"go_perf_layer_network_calls_retry_loop_without_backoff",false_positive,"Rule does not clearly match the cited snippet context"
"/home/chinmay/ChinmayPersonalProjects/deslop/scripts/chunks/Chunk_5751_5775.txt",5751,"/home/chinmay/ChinmayPersonalProjects/gopdfsuit/typstsyntax/parser.go",107,"go_perf_layer_memory_allocation_append_without_known_capacity",false_positive,"Rule does not clearly match the cited snippet context"
"/home/chinmay/ChinmayPersonalProjects/deslop/scripts/chunks/Chunk_5751_5775.txt",5752,"/home/chinmay/ChinmayPersonalProjects/gopdfsuit/typstsyntax/parser.go",107,"slice_grow_without_cap_hint",false_positive,"Rule does not clearly match the cited snippet context"
"/home/chinmay/ChinmayPersonalProjects/deslop/scripts/chunks/Chunk_5751_5775.txt",5753,"/home/chinmay/ChinmayPersonalProjects/gopdfsuit/typstsyntax/parser.go",116,"go_perf_layer_string_handling_string_lower_for_case_insensitive_compare",false_positive,"Rule does not clearly match the cited snippet context"
"/home/chinmay/ChinmayPersonalProjects/deslop/scripts/chunks/Chunk_5751_5775.txt",5754,"/home/chinmay/ChinmayPersonalProjects/gopdfsuit/typstsyntax/parser.go",121,"go_perf_layer_algorithmic_complexity_repeated_nested_slice_scans",false_positive,"Rule does not clearly match the cited snippet context"
"/home/chinmay/ChinmayPersonalProjects/deslop/scripts/chunks/Chunk_5751_5775.txt",5755,"/home/chinmay/ChinmayPersonalProjects/gopdfsuit/typstsyntax/parser.go",121,"go_perf_layer_io_operations_scanner_used_for_large_token_stream",false_positive,"Rule does not clearly match the cited snippet context"
"/home/chinmay/ChinmayPersonalProjects/deslop/scripts/chunks/Chunk_5751_5775.txt",5756,"/home/chinmay/ChinmayPersonalProjects/gopdfsuit/typstsyntax/parser.go",121,"go_perf_layer_network_calls_retry_loop_without_backoff",false_positive,"Rule does not clearly match the cited snippet context"
"/home/chinmay/ChinmayPersonalProjects/deslop/scripts/chunks/Chunk_5751_5775.txt",5757,"/home/chinmay/ChinmayPersonalProjects/gopdfsuit/typstsyntax/parser.go",123,"go_perf_layer_data_structure_choice_interface_map_for_typed_values",false_positive,"Rule does not clearly match the cited snippet context"
"/home/chinmay/ChinmayPersonalProjects/deslop/scripts/chunks/Chunk_5751_5775.txt",5758,"/home/chinmay/ChinmayPersonalProjects/gopdfsuit/typstsyntax/parser.go",127,"go_perf_layer_garbage_collection_cleanup_large_slice_retained_after_truncate",false_positive,"Rule does not clearly match the cited snippet context"
"/home/chinmay/ChinmayPersonalProjects/deslop/scripts/chunks/Chunk_5751_5775.txt",5759,"/home/chinmay/ChinmayPersonalProjects/gopdfsuit/typstsyntax/parser.go",157,"go_perf_layer_data_structure_choice_interface_map_for_typed_values",false_positive,"Rule does not clearly match the cited snippet context"
"/home/chinmay/ChinmayPersonalProjects/deslop/scripts/chunks/Chunk_5751_5775.txt",5760,"/home/chinmay/ChinmayPersonalProjects/gopdfsuit/typstsyntax/parser.go",158,"go_perf_layer_io_operations_scanner_used_for_large_token_stream",false_positive,"Rule does not clearly match the cited snippet context"
"/home/chinmay/ChinmayPersonalProjects/deslop/scripts/chunks/Chunk_5751_5775.txt",5761,"/home/chinmay/ChinmayPersonalProjects/gopdfsuit/typstsyntax/parser.go",158,"go_perf_layer_string_handling_string_lower_for_case_insensitive_compare",false_positive,"Rule does not clearly match the cited snippet context"
"/home/chinmay/ChinmayPersonalProjects/deslop/scripts/chunks/Chunk_5751_5775.txt",5762,"/home/chinmay/ChinmayPersonalProjects/gopdfsuit/typstsyntax/parser.go",174,"go_perf_layer_io_operations_readall_on_known_large_file",false_positive,"Rule does not clearly match the cited snippet context"
"/home/chinmay/ChinmayPersonalProjects/deslop/scripts/chunks/Chunk_5751_5775.txt",5763,"/home/chinmay/ChinmayPersonalProjects/gopdfsuit/typstsyntax/parser.go",213,"go_perf_layer_network_calls_retry_loop_without_backoff",false_positive,"Rule does not clearly match the cited snippet context"
"/home/chinmay/ChinmayPersonalProjects/deslop/scripts/chunks/Chunk_5751_5775.txt",5764,"/home/chinmay/ChinmayPersonalProjects/gopdfsuit/typstsyntax/parser.go",227,"go_perf_layer_io_operations_scanner_used_for_large_token_stream",false_positive,"Rule does not clearly match the cited snippet context"
"/home/chinmay/ChinmayPersonalProjects/deslop/scripts/chunks/Chunk_5751_5775.txt",5765,"/home/chinmay/ChinmayPersonalProjects/gopdfsuit/typstsyntax/parser.go",229,"go_perf_layer_algorithmic_complexity_repeated_nested_slice_scans",false_positive,"Rule does not clearly match the cited snippet context"
"/home/chinmay/ChinmayPersonalProjects/deslop/scripts/chunks/Chunk_5751_5775.txt",5766,"/home/chinmay/ChinmayPersonalProjects/gopdfsuit/typstsyntax/parser.go",230,"go_perf_layer_algorithmic_complexity_quadratic_append_filter_pipeline",false_positive,"Rule does not clearly match the cited snippet context"
"/home/chinmay/ChinmayPersonalProjects/deslop/scripts/chunks/Chunk_5751_5775.txt",5767,"/home/chinmay/ChinmayPersonalProjects/gopdfsuit/typstsyntax/parser.go",230,"go_perf_layer_database_access_rows_scan_into_map_per_row",false_positive,"Rule does not clearly match the cited snippet context"
"/home/chinmay/ChinmayPersonalProjects/deslop/scripts/chunks/Chunk_5751_5775.txt",5768,"/home/chinmay/ChinmayPersonalProjects/gopdfsuit/typstsyntax/parser.go",230,"go_perf_layer_network_calls_retry_loop_without_backoff",false_positive,"Rule does not clearly match the cited snippet context"
"/home/chinmay/ChinmayPersonalProjects/deslop/scripts/chunks/Chunk_5751_5775.txt",5769,"/home/chinmay/ChinmayPersonalProjects/gopdfsuit/typstsyntax/parser.go",233,"go_perf_layer_memory_allocation_append_without_known_capacity",false_positive,"Rule does not clearly match the cited snippet context"
"/home/chinmay/ChinmayPersonalProjects/deslop/scripts/chunks/Chunk_5751_5775.txt",5770,"/home/chinmay/ChinmayPersonalProjects/gopdfsuit/typstsyntax/parser.go",233,"slice_grow_without_cap_hint",false_positive,"Rule does not clearly match the cited snippet context"
"/home/chinmay/ChinmayPersonalProjects/deslop/scripts/chunks/Chunk_5751_5775.txt",5771,"/home/chinmay/ChinmayPersonalProjects/gopdfsuit/typstsyntax/parser.go",235,"slice_grow_without_cap_hint",false_positive,"Rule does not clearly match the cited snippet context"
"/home/chinmay/ChinmayPersonalProjects/deslop/scripts/chunks/Chunk_5751_5775.txt",5772,"/home/chinmay/ChinmayPersonalProjects/gopdfsuit/typstsyntax/parser.go",253,"go_perf_layer_io_operations_scanner_used_for_large_token_stream",false_positive,"Rule does not clearly match the cited snippet context"
"/home/chinmay/ChinmayPersonalProjects/deslop/scripts/chunks/Chunk_5751_5775.txt",5773,"/home/chinmay/ChinmayPersonalProjects/gopdfsuit/typstsyntax/parser.go",253,"go_perf_layer_network_calls_retry_loop_without_backoff",false_positive,"Rule does not clearly match the cited snippet context"
"/home/chinmay/ChinmayPersonalProjects/deslop/scripts/chunks/Chunk_5751_5775.txt",5774,"/home/chinmay/ChinmayPersonalProjects/gopdfsuit/typstsyntax/parser.go",260,"go_perf_layer_memory_allocation_append_without_known_capacity",false_positive,"Rule does not clearly match the cited snippet context"
"/home/chinmay/ChinmayPersonalProjects/deslop/scripts/chunks/Chunk_5751_5775.txt",5775,"/home/chinmay/ChinmayPersonalProjects/gopdfsuit/typstsyntax/parser.go",260,"slice_grow_without_cap_hint",false_positive,"Rule does not clearly match the cited snippet context"
"/home/chinmay/ChinmayPersonalProjects/deslop/scripts/chunks/Chunk_5776_5800.txt",5776,"/home/chinmay/ChinmayPersonalProjects/gopdfsuit/typstsyntax/parser.go",414,"go_perf_layer_string_handling_string_lower_for_case_insensitive_compare",false_positive,"Rule does not clearly match the cited snippet context"
"/home/chinmay/ChinmayPersonalProjects/deslop/scripts/chunks/Chunk_5776_5800.txt",5777,"/home/chinmay/ChinmayPersonalProjects/gopdfsuit/typstsyntax/parser.go",424,"go_perf_layer_data_structure_choice_interface_map_for_typed_values",false_positive,"Rule does not clearly match the cited snippet context"
"/home/chinmay/ChinmayPersonalProjects/deslop/scripts/chunks/Chunk_5776_5800.txt",5778,"/home/chinmay/ChinmayPersonalProjects/gopdfsuit/typstsyntax/parser.go",424,"go_perf_layer_data_structure_choice_small_enum_string_switch_map",false_positive,"Rule does not clearly match the cited snippet context"
"/home/chinmay/ChinmayPersonalProjects/deslop/scripts/chunks/Chunk_5776_5800.txt",5779,"/home/chinmay/ChinmayPersonalProjects/gopdfsuit/typstsyntax/parser.go",425,"go_perf_layer_io_operations_scanner_used_for_large_token_stream",false_positive,"Rule does not clearly match the cited snippet context"
"/home/chinmay/ChinmayPersonalProjects/deslop/scripts/chunks/Chunk_5776_5800.txt",5780,"/home/chinmay/ChinmayPersonalProjects/gopdfsuit/typstsyntax/parser.go",425,"go_perf_layer_string_handling_string_lower_for_case_insensitive_compare",false_positive,"Rule does not clearly match the cited snippet context"
"/home/chinmay/ChinmayPersonalProjects/deslop/scripts/chunks/Chunk_5776_5800.txt",5781,"/home/chinmay/ChinmayPersonalProjects/gopdfsuit/typstsyntax/parser.go",426,"go_perf_layer_caching_json_cache_value_stored_as_string",false_positive,"Rule does not clearly match the cited snippet context"
"/home/chinmay/ChinmayPersonalProjects/deslop/scripts/chunks/Chunk_5776_5800.txt",5782,"/home/chinmay/ChinmayPersonalProjects/gopdfsuit/typstsyntax/parser.go",469,"go_perf_layer_network_calls_retry_loop_without_backoff",false_positive,"Rule does not clearly match the cited snippet context"
"/home/chinmay/ChinmayPersonalProjects/deslop/scripts/chunks/Chunk_5776_5800.txt",5783,"/home/chinmay/ChinmayPersonalProjects/gopdfsuit/typstsyntax/parser.go",528,"go_perf_layer_caching_json_cache_value_stored_as_string",false_positive,"Rule does not clearly match the cited snippet context"
"/home/chinmay/ChinmayPersonalProjects/deslop/scripts/chunks/Chunk_5776_5800.txt",5784,"/home/chinmay/ChinmayPersonalProjects/gopdfsuit/typstsyntax/parser.go",528,"go_perf_layer_io_operations_scanner_used_for_large_token_stream",false_positive,"Rule does not clearly match the cited snippet context"
"/home/chinmay/ChinmayPersonalProjects/deslop/scripts/chunks/Chunk_5776_5800.txt",5785,"/home/chinmay/ChinmayPersonalProjects/gopdfsuit/typstsyntax/parser.go",530,"go_perf_layer_network_calls_retry_loop_without_backoff",false_positive,"Rule does not clearly match the cited snippet context"
"/home/chinmay/ChinmayPersonalProjects/deslop/scripts/chunks/Chunk_5776_5800.txt",5786,"/home/chinmay/ChinmayPersonalProjects/gopdfsuit/typstsyntax/parser.go",543,"go_perf_layer_caching_json_cache_value_stored_as_string",false_positive,"Rule does not clearly match the cited snippet context"
"/home/chinmay/ChinmayPersonalProjects/deslop/scripts/chunks/Chunk_5776_5800.txt",5787,"/home/chinmay/ChinmayPersonalProjects/gopdfsuit/typstsyntax/parser.go",549,"go_perf_layer_caching_json_cache_value_stored_as_string",false_positive,"Rule does not clearly match the cited snippet context"
"/home/chinmay/ChinmayPersonalProjects/deslop/scripts/chunks/Chunk_5776_5800.txt",5788,"/home/chinmay/ChinmayPersonalProjects/gopdfsuit/typstsyntax/parser.go",549,"go_perf_layer_caching_unbounded_cache_map",false_positive,"Rule does not clearly match the cited snippet context"
"/home/chinmay/ChinmayPersonalProjects/deslop/scripts/chunks/Chunk_5776_5800.txt",5789,"/home/chinmay/ChinmayPersonalProjects/gopdfsuit/typstsyntax/parser.go",549,"go_perf_layer_data_structure_choice_map_string_bool_for_membership",false_positive,"Rule does not clearly match the cited snippet context"
"/home/chinmay/ChinmayPersonalProjects/deslop/scripts/chunks/Chunk_5776_5800.txt",5790,"/home/chinmay/ChinmayPersonalProjects/gopdfsuit/typstsyntax/parser.go",549,"go_perf_layer_data_structure_choice_small_enum_string_switch_map",false_positive,"Rule does not clearly match the cited snippet context"
"/home/chinmay/ChinmayPersonalProjects/deslop/scripts/chunks/Chunk_5776_5800.txt",5791,"/home/chinmay/ChinmayPersonalProjects/gopdfsuit/typstsyntax/parser.go",549,"go_perf_layer_memory_allocation_map_recreated_for_static_lookup",false_positive,"Rule does not clearly match the cited snippet context"
"/home/chinmay/ChinmayPersonalProjects/deslop/scripts/chunks/Chunk_5776_5800.txt",5792,"/home/chinmay/ChinmayPersonalProjects/gopdfsuit/typstsyntax/parser.go",556,"go_perf_layer_io_operations_stat_before_open_without_branch",false_positive,"Rule does not clearly match the cited snippet context"
"/home/chinmay/ChinmayPersonalProjects/deslop/scripts/chunks/Chunk_5776_5800.txt",5793,"/home/chinmay/ChinmayPersonalProjects/gopdfsuit/typstsyntax/parser.go",557,"go_perf_layer_string_handling_string_lower_for_case_insensitive_compare",false_positive,"Rule does not clearly match the cited snippet context"
"/home/chinmay/ChinmayPersonalProjects/deslop/scripts/chunks/Chunk_5776_5800.txt",5794,"/home/chinmay/ChinmayPersonalProjects/gopdfsuit/typstsyntax/parser.go",561,"go_perf_layer_network_calls_retry_loop_without_backoff",false_positive,"Rule does not clearly match the cited snippet context"
"/home/chinmay/ChinmayPersonalProjects/deslop/scripts/chunks/Chunk_5776_5800.txt",5795,"/home/chinmay/ChinmayPersonalProjects/gopdfsuit/typstsyntax/parser.go",582,"go_perf_layer_network_calls_retry_loop_without_backoff",false_positive,"Rule does not clearly match the cited snippet context"
"/home/chinmay/ChinmayPersonalProjects/deslop/scripts/chunks/Chunk_5776_5800.txt",5796,"/home/chinmay/ChinmayPersonalProjects/gopdfsuit/typstsyntax/parser.go",597,"go_perf_layer_io_operations_scanner_used_for_large_token_stream",false_positive,"Rule does not clearly match the cited snippet context"
"/home/chinmay/ChinmayPersonalProjects/deslop/scripts/chunks/Chunk_5776_5800.txt",5797,"/home/chinmay/ChinmayPersonalProjects/gopdfsuit/typstsyntax/parser.go",599,"go_perf_layer_network_calls_retry_loop_without_backoff",false_positive,"Rule does not clearly match the cited snippet context"
"/home/chinmay/ChinmayPersonalProjects/deslop/scripts/chunks/Chunk_5776_5800.txt",5798,"/home/chinmay/ChinmayPersonalProjects/gopdfsuit/typstsyntax/parser.go",620,"go_perf_layer_caching_json_cache_value_stored_as_string",false_positive,"Rule does not clearly match the cited snippet context"
"/home/chinmay/ChinmayPersonalProjects/deslop/scripts/chunks/Chunk_5776_5800.txt",5799,"/home/chinmay/ChinmayPersonalProjects/gopdfsuit/typstsyntax/parser.go",630,"go_perf_layer_network_calls_retry_loop_without_backoff",false_positive,"Rule does not clearly match the cited snippet context"
"/home/chinmay/ChinmayPersonalProjects/deslop/scripts/chunks/Chunk_5776_5800.txt",5800,"/home/chinmay/ChinmayPersonalProjects/gopdfsuit/typstsyntax/parser.go",641,"go_perf_layer_memory_allocation_temporary_byte_slice_for_string_write",false_positive,"Rule does not clearly match the cited snippet context"
"/home/chinmay/ChinmayPersonalProjects/deslop/scripts/chunks/Chunk_5801_5825.txt",5801,"/home/chinmay/ChinmayPersonalProjects/gopdfsuit/typstsyntax/parser.go",642,"go_perf_layer_io_operations_scanner_used_for_large_token_stream",false_positive,"Rule does not clearly match the cited snippet context"
"/home/chinmay/ChinmayPersonalProjects/deslop/scripts/chunks/Chunk_5801_5825.txt",5802,"/home/chinmay/ChinmayPersonalProjects/gopdfsuit/typstsyntax/parser.go",642,"go_perf_layer_network_calls_retry_loop_without_backoff",false_positive,"Rule does not clearly match the cited snippet context"
"/home/chinmay/ChinmayPersonalProjects/deslop/scripts/chunks/Chunk_5801_5825.txt",5803,"/home/chinmay/ChinmayPersonalProjects/gopdfsuit/typstsyntax/parser.go",644,"go_perf_layer_io_operations_small_writes_without_bufio_writer",false_positive,"Rule does not clearly match the cited snippet context"
"/home/chinmay/ChinmayPersonalProjects/deslop/scripts/chunks/Chunk_5801_5825.txt",5804,"/home/chinmay/ChinmayPersonalProjects/gopdfsuit/typstsyntax/parser.go",654,"go_perf_layer_memory_allocation_temporary_byte_slice_for_string_write",false_positive,"Rule does not clearly match the cited snippet context"
"/home/chinmay/ChinmayPersonalProjects/deslop/scripts/chunks/Chunk_5801_5825.txt",5805,"/home/chinmay/ChinmayPersonalProjects/gopdfsuit/typstsyntax/parser.go",655,"go_perf_layer_io_operations_scanner_used_for_large_token_stream",false_positive,"Rule does not clearly match the cited snippet context"
"/home/chinmay/ChinmayPersonalProjects/deslop/scripts/chunks/Chunk_5801_5825.txt",5806,"/home/chinmay/ChinmayPersonalProjects/gopdfsuit/typstsyntax/parser.go",655,"go_perf_layer_network_calls_retry_loop_without_backoff",false_positive,"Rule does not clearly match the cited snippet context"
"/home/chinmay/ChinmayPersonalProjects/deslop/scripts/chunks/Chunk_5801_5825.txt",5807,"/home/chinmay/ChinmayPersonalProjects/gopdfsuit/typstsyntax/parser.go",657,"go_perf_layer_io_operations_small_writes_without_bufio_writer",false_positive,"Rule does not clearly match the cited snippet context"
"/home/chinmay/ChinmayPersonalProjects/deslop/scripts/chunks/Chunk_5801_5825.txt",5808,"/home/chinmay/ChinmayPersonalProjects/gopdfsuit/typstsyntax/parser.go",666,"go_perf_layer_data_structure_choice_small_enum_string_switch_map",false_positive,"Rule does not clearly match the cited snippet context"
"/home/chinmay/ChinmayPersonalProjects/deslop/scripts/chunks/Chunk_5801_5825.txt",5809,"/home/chinmay/ChinmayPersonalProjects/gopdfsuit/typstsyntax/parser.go",667,"go_perf_layer_memory_allocation_temporary_byte_slice_for_string_write",false_positive,"Rule does not clearly match the cited snippet context"
"/home/chinmay/ChinmayPersonalProjects/deslop/scripts/chunks/Chunk_5801_5825.txt",5810,"/home/chinmay/ChinmayPersonalProjects/gopdfsuit/typstsyntax/parser.go",667,"go_perf_layer_string_handling_string_lower_for_case_insensitive_compare",false_positive,"Rule does not clearly match the cited snippet context"
"/home/chinmay/ChinmayPersonalProjects/deslop/scripts/chunks/Chunk_5801_5825.txt",5811,"/home/chinmay/ChinmayPersonalProjects/gopdfsuit/typstsyntax/parser.go",677,"go_perf_layer_data_structure_choice_small_enum_string_switch_map",false_positive,"Rule does not clearly match the cited snippet context"
"/home/chinmay/ChinmayPersonalProjects/deslop/scripts/chunks/Chunk_5801_5825.txt",5812,"/home/chinmay/ChinmayPersonalProjects/gopdfsuit/typstsyntax/parser.go",678,"go_perf_layer_string_handling_string_lower_for_case_insensitive_compare",false_positive,"Rule does not clearly match the cited snippet context"
"/home/chinmay/ChinmayPersonalProjects/deslop/scripts/chunks/Chunk_5801_5825.txt",5813,"/home/chinmay/ChinmayPersonalProjects/gopdfsuit/typstsyntax/renderer.go",85,"go_perf_layer_data_structure_choice_interface_map_for_typed_values",false_positive,"Rule does not clearly match the cited snippet context"
"/home/chinmay/ChinmayPersonalProjects/deslop/scripts/chunks/Chunk_5801_5825.txt",5814,"/home/chinmay/ChinmayPersonalProjects/gopdfsuit/typstsyntax/renderer.go",151,"go_perf_layer_network_calls_retry_loop_without_backoff",false_positive,"Rule does not clearly match the cited snippet context"
"/home/chinmay/ChinmayPersonalProjects/deslop/scripts/chunks/Chunk_5801_5825.txt",5815,"/home/chinmay/ChinmayPersonalProjects/gopdfsuit/typstsyntax/renderer.go",226,"go_perf_layer_collection_iteration_copy_slice_before_readonly_range",false_positive,"Rule does not clearly match the cited snippet context"
"/home/chinmay/ChinmayPersonalProjects/deslop/scripts/chunks/Chunk_5801_5825.txt",5816,"/home/chinmay/ChinmayPersonalProjects/gopdfsuit/typstsyntax/renderer.go",230,"go_perf_layer_network_calls_retry_loop_without_backoff",false_positive,"Rule does not clearly match the cited snippet context"
"/home/chinmay/ChinmayPersonalProjects/deslop/scripts/chunks/Chunk_5801_5825.txt",5817,"/home/chinmay/ChinmayPersonalProjects/gopdfsuit/typstsyntax/renderer.go",260,"go_perf_layer_collection_iteration_copy_slice_before_readonly_range",false_positive,"Rule does not clearly match the cited snippet context"
"/home/chinmay/ChinmayPersonalProjects/deslop/scripts/chunks/Chunk_5801_5825.txt",5818,"/home/chinmay/ChinmayPersonalProjects/gopdfsuit/typstsyntax/renderer.go",263,"go_perf_layer_network_calls_retry_loop_without_backoff",false_positive,"Rule does not clearly match the cited snippet context"
"/home/chinmay/ChinmayPersonalProjects/deslop/scripts/chunks/Chunk_5801_5825.txt",5819,"/home/chinmay/ChinmayPersonalProjects/gopdfsuit/typstsyntax/renderer.go",287,"go_perf_layer_algorithmic_complexity_repeated_nested_slice_scans",false_positive,"Rule does not clearly match the cited snippet context"
"/home/chinmay/ChinmayPersonalProjects/deslop/scripts/chunks/Chunk_5801_5825.txt",5820,"/home/chinmay/ChinmayPersonalProjects/gopdfsuit/typstsyntax/renderer.go",287,"go_perf_layer_collection_iteration_copy_slice_before_readonly_range",false_positive,"Rule does not clearly match the cited snippet context"
"/home/chinmay/ChinmayPersonalProjects/deslop/scripts/chunks/Chunk_5801_5825.txt",5821,"/home/chinmay/ChinmayPersonalProjects/gopdfsuit/typstsyntax/renderer.go",290,"go_perf_layer_network_calls_retry_loop_without_backoff",false_positive,"Rule does not clearly match the cited snippet context"
"/home/chinmay/ChinmayPersonalProjects/deslop/scripts/chunks/Chunk_5801_5825.txt",5822,"/home/chinmay/ChinmayPersonalProjects/gopdfsuit/typstsyntax/renderer.go",292,"slice_grow_without_cap_hint",false_positive,"Rule does not clearly match the cited snippet context"
"/home/chinmay/ChinmayPersonalProjects/deslop/scripts/chunks/Chunk_5801_5825.txt",5823,"/home/chinmay/ChinmayPersonalProjects/gopdfsuit/typstsyntax/renderer.go",308,"slice_grow_without_cap_hint",false_positive,"Rule does not clearly match the cited snippet context"
"/home/chinmay/ChinmayPersonalProjects/deslop/scripts/chunks/Chunk_5801_5825.txt",5824,"/home/chinmay/ChinmayPersonalProjects/gopdfsuit/typstsyntax/renderer.go",318,"go_perf_layer_async_concurrency_context_timeout_allocated_per_inner_call",false_positive,"Rule does not clearly match the cited snippet context"
"/home/chinmay/ChinmayPersonalProjects/deslop/scripts/chunks/Chunk_5801_5825.txt",5825,"/home/chinmay/ChinmayPersonalProjects/gopdfsuit/typstsyntax/renderer.go",326,"go_perf_layer_collection_iteration_copy_slice_before_readonly_range",false_positive,"Rule does not clearly match the cited snippet context"
"/home/chinmay/ChinmayPersonalProjects/deslop/scripts/chunks/Chunk_5826_5850.txt",5826,"/home/chinmay/ChinmayPersonalProjects/gopdfsuit/typstsyntax/renderer.go",345,"go_perf_layer_network_calls_retry_loop_without_backoff",false_positive,"Rule does not clearly match the cited snippet context"
"/home/chinmay/ChinmayPersonalProjects/deslop/scripts/chunks/Chunk_5826_5850.txt",5827,"/home/chinmay/ChinmayPersonalProjects/gopdfsuit/typstsyntax/renderer.go",347,"slice_grow_without_cap_hint",false_positive,"Rule does not clearly match the cited snippet context"
"/home/chinmay/ChinmayPersonalProjects/deslop/scripts/chunks/Chunk_5826_5850.txt",5828,"/home/chinmay/ChinmayPersonalProjects/gopdfsuit/typstsyntax/renderer.go",354,"go_perf_layer_collection_iteration_manual_index_loop_without_bounds_need",false_positive,"Rule does not clearly match the cited snippet context"
"/home/chinmay/ChinmayPersonalProjects/deslop/scripts/chunks/Chunk_5826_5850.txt",5829,"/home/chinmay/ChinmayPersonalProjects/gopdfsuit/typstsyntax/renderer.go",355,"go_perf_layer_async_concurrency_context_timeout_allocated_per_inner_call",false_positive,"Rule does not clearly match the cited snippet context"
"/home/chinmay/ChinmayPersonalProjects/deslop/scripts/chunks/Chunk_5826_5850.txt",5830,"/home/chinmay/ChinmayPersonalProjects/gopdfsuit/typstsyntax/renderer.go",361,"go_perf_layer_algorithmic_complexity_repeated_nested_slice_scans",false_positive,"Rule does not clearly match the cited snippet context"
"/home/chinmay/ChinmayPersonalProjects/deslop/scripts/chunks/Chunk_5826_5850.txt",5831,"/home/chinmay/ChinmayPersonalProjects/gopdfsuit/typstsyntax/renderer.go",361,"go_perf_layer_collection_iteration_copy_slice_before_readonly_range",false_positive,"Rule does not clearly match the cited snippet context"
"/home/chinmay/ChinmayPersonalProjects/deslop/scripts/chunks/Chunk_5826_5850.txt",5832,"/home/chinmay/ChinmayPersonalProjects/gopdfsuit/typstsyntax/renderer.go",363,"go_perf_layer_io_operations_small_writes_without_bufio_writer",false_positive,"Rule does not clearly match the cited snippet context"
"/home/chinmay/ChinmayPersonalProjects/deslop/scripts/chunks/Chunk_5826_5850.txt",5833,"/home/chinmay/ChinmayPersonalProjects/gopdfsuit/typstsyntax/renderer.go",364,"go_perf_layer_network_calls_retry_loop_without_backoff",false_positive,"Rule does not clearly match the cited snippet context"
"/home/chinmay/ChinmayPersonalProjects/deslop/scripts/chunks/Chunk_5826_5850.txt",5834,"/home/chinmay/ChinmayPersonalProjects/gopdfsuit/typstsyntax/renderer.go",366,"slice_grow_without_cap_hint",false_positive,"Rule does not clearly match the cited snippet context"
"/home/chinmay/ChinmayPersonalProjects/deslop/scripts/chunks/Chunk_5826_5850.txt",5835,"/home/chinmay/ChinmayPersonalProjects/gopdfsuit/typstsyntax/renderer.go",388,"slice_grow_without_cap_hint",false_positive,"Rule does not clearly match the cited snippet context"
"/home/chinmay/ChinmayPersonalProjects/deslop/scripts/chunks/Chunk_5826_5850.txt",5836,"/home/chinmay/ChinmayPersonalProjects/gopdfsuit/typstsyntax/renderer.go",395,"go_perf_layer_async_concurrency_context_timeout_allocated_per_inner_call",false_positive,"Rule does not clearly match the cited snippet context"
"/home/chinmay/ChinmayPersonalProjects/deslop/scripts/chunks/Chunk_5826_5850.txt",5837,"/home/chinmay/ChinmayPersonalProjects/gopdfsuit/typstsyntax/renderer.go",397,"go_perf_layer_io_operations_scanner_used_for_large_token_stream",false_positive,"Rule does not clearly match the cited snippet context"
"/home/chinmay/ChinmayPersonalProjects/deslop/scripts/chunks/Chunk_5826_5850.txt",5838,"/home/chinmay/ChinmayPersonalProjects/gopdfsuit/typstsyntax/renderer.go",413,"go_perf_layer_collection_iteration_copy_slice_before_readonly_range",false_positive,"Rule does not clearly match the cited snippet context"
"/home/chinmay/ChinmayPersonalProjects/deslop/scripts/chunks/Chunk_5826_5850.txt",5839,"/home/chinmay/ChinmayPersonalProjects/gopdfsuit/typstsyntax/renderer.go",422,"go_perf_layer_network_calls_retry_loop_without_backoff",false_positive,"Rule does not clearly match the cited snippet context"
"/home/chinmay/ChinmayPersonalProjects/deslop/scripts/chunks/Chunk_5826_5850.txt",5840,"/home/chinmay/ChinmayPersonalProjects/gopdfsuit/typstsyntax/renderer.go",424,"slice_grow_without_cap_hint",false_positive,"Rule does not clearly match the cited snippet context"
"/home/chinmay/ChinmayPersonalProjects/deslop/scripts/chunks/Chunk_5826_5850.txt",5841,"/home/chinmay/ChinmayPersonalProjects/gopdfsuit/typstsyntax/renderer.go",440,"go_perf_layer_caching_unbounded_cache_map",false_positive,"Rule does not clearly match the cited snippet context"
"/home/chinmay/ChinmayPersonalProjects/deslop/scripts/chunks/Chunk_5826_5850.txt",5842,"/home/chinmay/ChinmayPersonalProjects/gopdfsuit/typstsyntax/renderer.go",440,"go_perf_layer_memory_allocation_map_recreated_for_static_lookup",false_positive,"Rule does not clearly match the cited snippet context"
"/home/chinmay/ChinmayPersonalProjects/deslop/scripts/chunks/Chunk_5826_5850.txt",5843,"/home/chinmay/ChinmayPersonalProjects/gopdfsuit/typstsyntax/renderer.go",462,"go_perf_layer_algorithmic_complexity_quadratic_append_filter_pipeline",false_positive,"Rule does not clearly match the cited snippet context"
"/home/chinmay/ChinmayPersonalProjects/deslop/scripts/chunks/Chunk_5826_5850.txt",5844,"/home/chinmay/ChinmayPersonalProjects/gopdfsuit/typstsyntax/renderer.go",463,"go_perf_layer_algorithmic_complexity_repeated_nested_slice_scans",false_positive,"Rule does not clearly match the cited snippet context"
"/home/chinmay/ChinmayPersonalProjects/deslop/scripts/chunks/Chunk_5826_5850.txt",5845,"/home/chinmay/ChinmayPersonalProjects/gopdfsuit/typstsyntax/renderer.go",463,"go_perf_layer_collection_iteration_copy_slice_before_readonly_range",false_positive,"Rule does not clearly match the cited snippet context"
"/home/chinmay/ChinmayPersonalProjects/deslop/scripts/chunks/Chunk_5826_5850.txt",5846,"/home/chinmay/ChinmayPersonalProjects/gopdfsuit/typstsyntax/renderer.go",469,"go_perf_layer_database_access_rows_scan_into_map_per_row",false_positive,"Rule does not clearly match the cited snippet context"
"/home/chinmay/ChinmayPersonalProjects/deslop/scripts/chunks/Chunk_5826_5850.txt",5847,"/home/chinmay/ChinmayPersonalProjects/gopdfsuit/typstsyntax/renderer.go",469,"go_perf_layer_memory_allocation_bytes_buffer_allocated_per_record",false_positive,"Rule does not clearly match the cited snippet context"
"/home/chinmay/ChinmayPersonalProjects/deslop/scripts/chunks/Chunk_5826_5850.txt",5848,"/home/chinmay/ChinmayPersonalProjects/gopdfsuit/typstsyntax/renderer.go",471,"go_perf_layer_async_concurrency_context_timeout_allocated_per_inner_call",false_positive,"Rule does not clearly match the cited snippet context"
"/home/chinmay/ChinmayPersonalProjects/deslop/scripts/chunks/Chunk_5826_5850.txt",5849,"/home/chinmay/ChinmayPersonalProjects/gopdfsuit/typstsyntax/renderer.go",476,"go_perf_layer_io_operations_scanner_used_for_large_token_stream",false_positive,"Rule does not clearly match the cited snippet context"
"/home/chinmay/ChinmayPersonalProjects/deslop/scripts/chunks/Chunk_5826_5850.txt",5850,"/home/chinmay/ChinmayPersonalProjects/gopdfsuit/typstsyntax/renderer.go",476,"go_perf_layer_network_calls_retry_loop_without_backoff",false_positive,"Rule does not clearly match the cited snippet context"
"/home/chinmay/ChinmayPersonalProjects/deslop/scripts/chunks/Chunk_5851_5875.txt",5851,"/home/chinmay/ChinmayPersonalProjects/gopdfsuit/typstsyntax/renderer.go",477,"allocation_churn_in_loop",false_positive,"Rule does not clearly match the cited snippet context"
"/home/chinmay/ChinmayPersonalProjects/deslop/scripts/chunks/Chunk_5851_5875.txt",5852,"/home/chinmay/ChinmayPersonalProjects/gopdfsuit/typstsyntax/renderer.go",477,"make_slice_inside_hot_loop_same_shape",false_positive,"Rule does not clearly match the cited snippet context"
"/home/chinmay/ChinmayPersonalProjects/deslop/scripts/chunks/Chunk_5851_5875.txt",5853,"/home/chinmay/ChinmayPersonalProjects/gopdfsuit/typstsyntax/renderer.go",547,"slice_append_without_prealloc_known_bound",false_positive,"Rule does not clearly match the cited snippet context"
"/home/chinmay/ChinmayPersonalProjects/deslop/scripts/chunks/Chunk_5851_5875.txt",5854,"/home/chinmay/ChinmayPersonalProjects/gopdfsuit/typstsyntax/renderer.go",547,"slice_grow_without_cap_hint",false_positive,"Rule does not clearly match the cited snippet context"
"/home/chinmay/ChinmayPersonalProjects/deslop/scripts/chunks/Chunk_5851_5875.txt",5855,"/home/chinmay/ChinmayPersonalProjects/gopdfsuit/typstsyntax/renderer.go",567,"go_perf_layer_collection_iteration_copy_slice_before_readonly_range",false_positive,"Rule does not clearly match the cited snippet context"
"/home/chinmay/ChinmayPersonalProjects/deslop/scripts/chunks/Chunk_5851_5875.txt",5856,"/home/chinmay/ChinmayPersonalProjects/gopdfsuit/typstsyntax/renderer.go",570,"go_perf_layer_memory_allocation_append_without_known_capacity",false_positive,"Rule does not clearly match the cited snippet context"
"/home/chinmay/ChinmayPersonalProjects/deslop/scripts/chunks/Chunk_5851_5875.txt",5857,"/home/chinmay/ChinmayPersonalProjects/gopdfsuit/typstsyntax/renderer.go",572,"go_perf_layer_io_operations_scanner_used_for_large_token_stream",false_positive,"Rule does not clearly match the cited snippet context"
"/home/chinmay/ChinmayPersonalProjects/deslop/scripts/chunks/Chunk_5851_5875.txt",5858,"/home/chinmay/ChinmayPersonalProjects/gopdfsuit/typstsyntax/renderer.go",573,"go_perf_layer_network_calls_retry_loop_without_backoff",false_positive,"Rule does not clearly match the cited snippet context"
"/home/chinmay/ChinmayPersonalProjects/deslop/scripts/chunks/Chunk_5851_5875.txt",5859,"/home/chinmay/ChinmayPersonalProjects/gopdfsuit/typstsyntax/renderer.go",575,"slice_append_without_prealloc_known_bound",false_positive,"Rule does not clearly match the cited snippet context"
"/home/chinmay/ChinmayPersonalProjects/deslop/scripts/chunks/Chunk_5851_5875.txt",5860,"/home/chinmay/ChinmayPersonalProjects/gopdfsuit/typstsyntax/renderer.go",575,"slice_grow_without_cap_hint",false_positive,"Rule does not clearly match the cited snippet context"
"/home/chinmay/ChinmayPersonalProjects/deslop/scripts/chunks/Chunk_5851_5875.txt",5861,"/home/chinmay/ChinmayPersonalProjects/gopdfsuit/typstsyntax/renderer.go",589,"go_perf_layer_algorithmic_complexity_quadratic_append_filter_pipeline",false_positive,"Rule does not clearly match the cited snippet context"
"/home/chinmay/ChinmayPersonalProjects/deslop/scripts/chunks/Chunk_5851_5875.txt",5862,"/home/chinmay/ChinmayPersonalProjects/gopdfsuit/typstsyntax/renderer.go",590,"go_perf_layer_algorithmic_complexity_repeated_nested_slice_scans",false_positive,"Rule does not clearly match the cited snippet context"
"/home/chinmay/ChinmayPersonalProjects/deslop/scripts/chunks/Chunk_5851_5875.txt",5863,"/home/chinmay/ChinmayPersonalProjects/gopdfsuit/typstsyntax/renderer.go",590,"go_perf_layer_collection_iteration_copy_slice_before_readonly_range",false_positive,"Rule does not clearly match the cited snippet context"
"/home/chinmay/ChinmayPersonalProjects/deslop/scripts/chunks/Chunk_5851_5875.txt",5864,"/home/chinmay/ChinmayPersonalProjects/gopdfsuit/typstsyntax/renderer.go",594,"go_perf_layer_async_concurrency_context_timeout_allocated_per_inner_call",false_positive,"Rule does not clearly match the cited snippet context"
"/home/chinmay/ChinmayPersonalProjects/deslop/scripts/chunks/Chunk_5851_5875.txt",5865,"/home/chinmay/ChinmayPersonalProjects/gopdfsuit/typstsyntax/renderer.go",595,"go_perf_layer_database_access_rows_scan_into_map_per_row",false_positive,"Rule does not clearly match the cited snippet context"
"/home/chinmay/ChinmayPersonalProjects/deslop/scripts/chunks/Chunk_5851_5875.txt",5866,"/home/chinmay/ChinmayPersonalProjects/gopdfsuit/typstsyntax/renderer.go",595,"go_perf_layer_memory_allocation_bytes_buffer_allocated_per_record",false_positive,"Rule does not clearly match the cited snippet context"
"/home/chinmay/ChinmayPersonalProjects/deslop/scripts/chunks/Chunk_5851_5875.txt",5867,"/home/chinmay/ChinmayPersonalProjects/gopdfsuit/typstsyntax/renderer.go",598,"go_perf_layer_network_calls_retry_loop_without_backoff",false_positive,"Rule does not clearly match the cited snippet context"
"/home/chinmay/ChinmayPersonalProjects/deslop/scripts/chunks/Chunk_5851_5875.txt",5868,"/home/chinmay/ChinmayPersonalProjects/gopdfsuit/typstsyntax/renderer.go",642,"slice_append_without_prealloc_known_bound",false_positive,"Rule does not clearly match the cited snippet context"
"/home/chinmay/ChinmayPersonalProjects/deslop/scripts/chunks/Chunk_5851_5875.txt",5869,"/home/chinmay/ChinmayPersonalProjects/gopdfsuit/typstsyntax/renderer.go",642,"slice_grow_without_cap_hint",false_positive,"Rule does not clearly match the cited snippet context"
"/home/chinmay/ChinmayPersonalProjects/deslop/scripts/chunks/Chunk_5851_5875.txt",5870,"/home/chinmay/ChinmayPersonalProjects/gopdfsuit/typstsyntax/renderer.go",660,"go_perf_layer_string_handling_string_lower_for_case_insensitive_compare",false_positive,"Rule does not clearly match the cited snippet context"
"/home/chinmay/ChinmayPersonalProjects/deslop/scripts/chunks/Chunk_5851_5875.txt",5871,"/home/chinmay/ChinmayPersonalProjects/gopdfsuit/typstsyntax/renderer.go",662,"go_perf_layer_data_structure_choice_interface_map_for_typed_values",false_positive,"Rule does not clearly match the cited snippet context"
"/home/chinmay/ChinmayPersonalProjects/deslop/scripts/chunks/Chunk_5851_5875.txt",5872,"/home/chinmay/ChinmayPersonalProjects/gopdfsuit/typstsyntax/renderer.go",665,"go_perf_layer_io_operations_scanner_used_for_large_token_stream",false_positive,"Rule does not clearly match the cited snippet context"
"/home/chinmay/ChinmayPersonalProjects/deslop/scripts/chunks/Chunk_5851_5875.txt",5873,"/home/chinmay/ChinmayPersonalProjects/gopdfsuit/typstsyntax/renderer.go",665,"go_perf_layer_network_calls_retry_loop_without_backoff",false_positive,"Rule does not clearly match the cited snippet context"
"/home/chinmay/ChinmayPersonalProjects/deslop/scripts/chunks/Chunk_5851_5875.txt",5874,"/home/chinmay/ChinmayPersonalProjects/gopdfsuit/typstsyntax/renderer.go",665,"go_perf_layer_string_handling_strings_join_single_element_loop",false_positive,"Rule does not clearly match the cited snippet context"
"/home/chinmay/ChinmayPersonalProjects/deslop/scripts/chunks/Chunk_5851_5875.txt",5875,"/home/chinmay/ChinmayPersonalProjects/gopdfsuit/typstsyntax/renderer.go",669,"go_perf_layer_caching_json_cache_value_stored_as_string",false_positive,"Rule does not clearly match the cited snippet context"
"/home/chinmay/ChinmayPersonalProjects/deslop/scripts/chunks/Chunk_5876_5900.txt",5876,"/home/chinmay/ChinmayPersonalProjects/gopdfsuit/typstsyntax/renderer.go",702,"go_perf_layer_algorithmic_complexity_quadratic_append_filter_pipeline",false_positive,"Rule does not clearly match the cited snippet context"
"/home/chinmay/ChinmayPersonalProjects/deslop/scripts/chunks/Chunk_5876_5900.txt",5877,"/home/chinmay/ChinmayPersonalProjects/gopdfsuit/typstsyntax/renderer.go",702,"go_perf_layer_algorithmic_complexity_repeated_nested_slice_scans",false_positive,"Rule does not clearly match the cited snippet context"
"/home/chinmay/ChinmayPersonalProjects/deslop/scripts/chunks/Chunk_5876_5900.txt",5878,"/home/chinmay/ChinmayPersonalProjects/gopdfsuit/typstsyntax/renderer.go",702,"go_perf_layer_collection_iteration_copy_slice_before_readonly_range",false_positive,"Rule does not clearly match the cited snippet context"
"/home/chinmay/ChinmayPersonalProjects/deslop/scripts/chunks/Chunk_5876_5900.txt",5879,"/home/chinmay/ChinmayPersonalProjects/gopdfsuit/typstsyntax/renderer.go",702,"go_perf_layer_network_calls_retry_loop_without_backoff",false_positive,"Rule does not clearly match the cited snippet context"
"/home/chinmay/ChinmayPersonalProjects/deslop/scripts/chunks/Chunk_5876_5900.txt",5880,"/home/chinmay/ChinmayPersonalProjects/gopdfsuit/typstsyntax/renderer.go",703,"go_perf_layer_string_handling_string_lower_for_case_insensitive_compare",false_positive,"Rule does not clearly match the cited snippet context"
"/home/chinmay/ChinmayPersonalProjects/deslop/scripts/chunks/Chunk_5876_5900.txt",5881,"/home/chinmay/ChinmayPersonalProjects/gopdfsuit/typstsyntax/renderer.go",741,"go_perf_layer_memory_allocation_append_without_known_capacity",false_positive,"Rule does not clearly match the cited snippet context"
"/home/chinmay/ChinmayPersonalProjects/deslop/scripts/chunks/Chunk_5876_5900.txt",5882,"/home/chinmay/ChinmayPersonalProjects/gopdfsuit/typstsyntax/renderer.go",741,"slice_append_without_prealloc_known_bound",false_positive,"Rule does not clearly match the cited snippet context"
"/home/chinmay/ChinmayPersonalProjects/deslop/scripts/chunks/Chunk_5876_5900.txt",5883,"/home/chinmay/ChinmayPersonalProjects/gopdfsuit/typstsyntax/renderer.go",741,"slice_grow_without_cap_hint",false_positive,"Rule does not clearly match the cited snippet context"
"/home/chinmay/ChinmayPersonalProjects/deslop/scripts/chunks/Chunk_5876_5900.txt",5884,"/home/chinmay/ChinmayPersonalProjects/gopdfsuit/typstsyntax/renderer.go",752,"slice_append_without_prealloc_known_bound",false_positive,"Rule does not clearly match the cited snippet context"
"/home/chinmay/ChinmayPersonalProjects/deslop/scripts/chunks/Chunk_5876_5900.txt",5885,"/home/chinmay/ChinmayPersonalProjects/gopdfsuit/typstsyntax/renderer.go",752,"slice_grow_without_cap_hint",false_positive,"Rule does not clearly match the cited snippet context"
"/home/chinmay/ChinmayPersonalProjects/deslop/scripts/chunks/Chunk_5876_5900.txt",5886,"/home/chinmay/ChinmayPersonalProjects/gopdfsuit/typstsyntax/renderer.go",760,"filter_then_count_then_iterate",false_positive,"Rule does not clearly match the cited snippet context"
"/home/chinmay/ChinmayPersonalProjects/deslop/scripts/chunks/Chunk_5876_5900.txt",5887,"/home/chinmay/ChinmayPersonalProjects/gopdfsuit/typstsyntax/renderer.go",762,"slice_append_without_prealloc_known_bound",false_positive,"Rule does not clearly match the cited snippet context"
"/home/chinmay/ChinmayPersonalProjects/deslop/scripts/chunks/Chunk_5876_5900.txt",5888,"/home/chinmay/ChinmayPersonalProjects/gopdfsuit/typstsyntax/renderer.go",762,"slice_grow_without_cap_hint",false_positive,"Rule does not clearly match the cited snippet context"
"/home/chinmay/ChinmayPersonalProjects/deslop/scripts/chunks/Chunk_5876_5900.txt",5889,"/home/chinmay/ChinmayPersonalProjects/gopdfsuit/typstsyntax/renderer.go",771,"go_perf_layer_data_structure_choice_interface_map_for_typed_values",false_positive,"Rule does not clearly match the cited snippet context"
"/home/chinmay/ChinmayPersonalProjects/deslop/scripts/chunks/Chunk_5876_5900.txt",5890,"/home/chinmay/ChinmayPersonalProjects/gopdfsuit/typstsyntax/renderer.go",781,"go_perf_layer_async_concurrency_context_timeout_allocated_per_inner_call",false_positive,"Rule does not clearly match the cited snippet context"
"/home/chinmay/ChinmayPersonalProjects/deslop/scripts/chunks/Chunk_5876_5900.txt",5891,"/home/chinmay/ChinmayPersonalProjects/gopdfsuit/typstsyntax/renderer.go",789,"go_perf_layer_algorithmic_complexity_repeated_nested_slice_scans",false_positive,"Rule does not clearly match the cited snippet context"
"/home/chinmay/ChinmayPersonalProjects/deslop/scripts/chunks/Chunk_5876_5900.txt",5892,"/home/chinmay/ChinmayPersonalProjects/gopdfsuit/typstsyntax/renderer.go",789,"go_perf_layer_collection_iteration_copy_slice_before_readonly_range",false_positive,"Rule does not clearly match the cited snippet context"
"/home/chinmay/ChinmayPersonalProjects/deslop/scripts/chunks/Chunk_5876_5900.txt",5893,"/home/chinmay/ChinmayPersonalProjects/gopdfsuit/typstsyntax/renderer.go",799,"go_perf_layer_network_calls_retry_loop_without_backoff",false_positive,"Rule does not clearly match the cited snippet context"
"/home/chinmay/ChinmayPersonalProjects/deslop/scripts/chunks/Chunk_5876_5900.txt",5894,"/home/chinmay/ChinmayPersonalProjects/gopdfsuit/typstsyntax/renderer.go",801,"slice_grow_without_cap_hint",false_positive,"Rule does not clearly match the cited snippet context"
"/home/chinmay/ChinmayPersonalProjects/deslop/scripts/chunks/Chunk_5876_5900.txt",5895,"/home/chinmay/ChinmayPersonalProjects/gopdfsuit/typstsyntax/renderer.go",808,"slice_grow_without_cap_hint",false_positive,"Rule does not clearly match the cited snippet context"
"/home/chinmay/ChinmayPersonalProjects/deslop/scripts/chunks/Chunk_5876_5900.txt",5896,"/home/chinmay/ChinmayPersonalProjects/gopdfsuit/typstsyntax/renderer.go",827,"go_perf_layer_algorithmic_complexity_repeated_nested_slice_scans",false_positive,"Rule does not clearly match the cited snippet context"
"/home/chinmay/ChinmayPersonalProjects/deslop/scripts/chunks/Chunk_5876_5900.txt",5897,"/home/chinmay/ChinmayPersonalProjects/gopdfsuit/typstsyntax/renderer.go",827,"go_perf_layer_collection_iteration_copy_slice_before_readonly_range",false_positive,"Rule does not clearly match the cited snippet context"
"/home/chinmay/ChinmayPersonalProjects/deslop/scripts/chunks/Chunk_5876_5900.txt",5898,"/home/chinmay/ChinmayPersonalProjects/gopdfsuit/typstsyntax/renderer.go",832,"go_perf_layer_algorithmic_complexity_quadratic_append_filter_pipeline",false_positive,"Rule does not clearly match the cited snippet context"
"/home/chinmay/ChinmayPersonalProjects/deslop/scripts/chunks/Chunk_5876_5900.txt",5899,"/home/chinmay/ChinmayPersonalProjects/gopdfsuit/typstsyntax/renderer.go",832,"go_perf_layer_memory_allocation_append_without_known_capacity",false_positive,"Rule does not clearly match the cited snippet context"
"/home/chinmay/ChinmayPersonalProjects/deslop/scripts/chunks/Chunk_5876_5900.txt",5900,"/home/chinmay/ChinmayPersonalProjects/gopdfsuit/typstsyntax/renderer.go",839,"go_perf_layer_network_calls_retry_loop_without_backoff",false_positive,"Rule does not clearly match the cited snippet context"
"/home/chinmay/ChinmayPersonalProjects/deslop/scripts/chunks/Chunk_5901_5925.txt",5901,"/home/chinmay/ChinmayPersonalProjects/gopdfsuit/typstsyntax/renderer.go",846,"slice_append_without_prealloc_known_bound",false_positive,"Rule does not clearly match the cited snippet context"
"/home/chinmay/ChinmayPersonalProjects/deslop/scripts/chunks/Chunk_5901_5925.txt",5902,"/home/chinmay/ChinmayPersonalProjects/gopdfsuit/typstsyntax/renderer.go",846,"slice_grow_without_cap_hint",false_positive,"Rule does not clearly match the cited snippet context"
"/home/chinmay/ChinmayPersonalProjects/deslop/scripts/chunks/Chunk_5901_5925.txt",5903,"/home/chinmay/ChinmayPersonalProjects/gopdfsuit/typstsyntax/renderer.go",861,"go_perf_layer_async_concurrency_context_timeout_allocated_per_inner_call",false_positive,"Rule does not clearly match the cited snippet context"
"/home/chinmay/ChinmayPersonalProjects/deslop/scripts/chunks/Chunk_5901_5925.txt",5904,"/home/chinmay/ChinmayPersonalProjects/gopdfsuit/typstsyntax/renderer.go",880,"go_perf_layer_io_operations_scanner_used_for_large_token_stream",false_positive,"Rule does not clearly match the cited snippet context"
"/home/chinmay/ChinmayPersonalProjects/deslop/scripts/chunks/Chunk_5901_5925.txt",5905,"/home/chinmay/ChinmayPersonalProjects/gopdfsuit/typstsyntax/renderer.go",882,"go_perf_layer_algorithmic_complexity_quadratic_append_filter_pipeline",false_positive,"Rule does not clearly match the cited snippet context"
"/home/chinmay/ChinmayPersonalProjects/deslop/scripts/chunks/Chunk_5901_5925.txt",5906,"/home/chinmay/ChinmayPersonalProjects/gopdfsuit/typstsyntax/renderer.go",882,"go_perf_layer_string_handling_string_lower_for_case_insensitive_compare",false_positive,"Rule does not clearly match the cited snippet context"
"/home/chinmay/ChinmayPersonalProjects/deslop/scripts/chunks/Chunk_5901_5925.txt",5907,"/home/chinmay/ChinmayPersonalProjects/gopdfsuit/typstsyntax/renderer.go",884,"go_perf_layer_database_access_query_inside_loop_without_batching",false_positive,"Rule does not clearly match the cited snippet context"
"/home/chinmay/ChinmayPersonalProjects/deslop/scripts/chunks/Chunk_5901_5925.txt",5908,"/home/chinmay/ChinmayPersonalProjects/gopdfsuit/typstsyntax/renderer.go",884,"go_perf_layer_string_handling_strings_join_single_element_loop",false_positive,"Rule does not clearly match the cited snippet context"
"/home/chinmay/ChinmayPersonalProjects/deslop/scripts/chunks/Chunk_5901_5925.txt",5909,"/home/chinmay/ChinmayPersonalProjects/gopdfsuit/typstsyntax/renderer.go",888,"go_perf_layer_async_concurrency_context_timeout_allocated_per_inner_call",false_positive,"Rule does not clearly match the cited snippet context"
"/home/chinmay/ChinmayPersonalProjects/deslop/scripts/chunks/Chunk_5901_5925.txt",5910,"/home/chinmay/ChinmayPersonalProjects/gopdfsuit/typstsyntax/renderer.go",892,"go_perf_layer_algorithmic_complexity_repeated_nested_slice_scans",false_positive,"Rule does not clearly match the cited snippet context"
"/home/chinmay/ChinmayPersonalProjects/deslop/scripts/chunks/Chunk_5901_5925.txt",5911,"/home/chinmay/ChinmayPersonalProjects/gopdfsuit/typstsyntax/renderer.go",892,"go_perf_layer_collection_iteration_copy_slice_before_readonly_range",false_positive,"Rule does not clearly match the cited snippet context"
"/home/chinmay/ChinmayPersonalProjects/deslop/scripts/chunks/Chunk_5901_5925.txt",5912,"/home/chinmay/ChinmayPersonalProjects/gopdfsuit/typstsyntax/renderer.go",894,"go_perf_layer_network_calls_retry_loop_without_backoff",false_positive,"Rule does not clearly match the cited snippet context"
"/home/chinmay/ChinmayPersonalProjects/deslop/scripts/chunks/Chunk_5901_5925.txt",5913,"/home/chinmay/ChinmayPersonalProjects/gopdfsuit/typstsyntax/renderer.go",900,"slice_append_without_prealloc_known_bound",false_positive,"Rule does not clearly match the cited snippet context"
"/home/chinmay/ChinmayPersonalProjects/deslop/scripts/chunks/Chunk_5901_5925.txt",5914,"/home/chinmay/ChinmayPersonalProjects/gopdfsuit/typstsyntax/renderer.go",900,"slice_grow_without_cap_hint",false_positive,"Rule does not clearly match the cited snippet context"
"/home/chinmay/ChinmayPersonalProjects/deslop/scripts/chunks/Chunk_5901_5925.txt",5915,"/home/chinmay/ChinmayPersonalProjects/gopdfsuit/typstsyntax/renderer.go",920,"slice_append_without_prealloc_known_bound",false_positive,"Rule does not clearly match the cited snippet context"
"/home/chinmay/ChinmayPersonalProjects/deslop/scripts/chunks/Chunk_5901_5925.txt",5916,"/home/chinmay/ChinmayPersonalProjects/gopdfsuit/typstsyntax/renderer.go",920,"slice_grow_without_cap_hint",false_positive,"Rule does not clearly match the cited snippet context"
"/home/chinmay/ChinmayPersonalProjects/deslop/scripts/chunks/Chunk_5901_5925.txt",5917,"/home/chinmay/ChinmayPersonalProjects/gopdfsuit/typstsyntax/renderer.go",956,"slice_grow_without_cap_hint",false_positive,"Rule does not clearly match the cited snippet context"
"/home/chinmay/ChinmayPersonalProjects/deslop/scripts/chunks/Chunk_5901_5925.txt",5918,"/home/chinmay/ChinmayPersonalProjects/gopdfsuit/typstsyntax/renderer.go",969,"go_perf_layer_async_concurrency_context_timeout_allocated_per_inner_call",false_positive,"Rule does not clearly match the cited snippet context"
"/home/chinmay/ChinmayPersonalProjects/deslop/scripts/chunks/Chunk_5901_5925.txt",5919,"/home/chinmay/ChinmayPersonalProjects/gopdfsuit/typstsyntax/renderer.go",993,"go_perf_layer_string_handling_string_lower_for_case_insensitive_compare",false_positive,"Rule does not clearly match the cited snippet context"
"/home/chinmay/ChinmayPersonalProjects/deslop/scripts/chunks/Chunk_5901_5925.txt",5920,"/home/chinmay/ChinmayPersonalProjects/gopdfsuit/typstsyntax/renderer.go",998,"go_perf_layer_collection_iteration_copy_slice_before_readonly_range",false_positive,"Rule does not clearly match the cited snippet context"
"/home/chinmay/ChinmayPersonalProjects/deslop/scripts/chunks/Chunk_5901_5925.txt",5921,"/home/chinmay/ChinmayPersonalProjects/gopdfsuit/typstsyntax/renderer.go",998,"go_perf_layer_memory_allocation_temporary_byte_slice_for_string_write",false_positive,"Rule does not clearly match the cited snippet context"
"/home/chinmay/ChinmayPersonalProjects/deslop/scripts/chunks/Chunk_5901_5925.txt",5922,"/home/chinmay/ChinmayPersonalProjects/gopdfsuit/typstsyntax/renderer.go",998,"go_perf_layer_string_handling_strings_join_single_element_loop",false_positive,"Rule does not clearly match the cited snippet context"
"/home/chinmay/ChinmayPersonalProjects/deslop/scripts/chunks/Chunk_5901_5925.txt",5923,"/home/chinmay/ChinmayPersonalProjects/gopdfsuit/typstsyntax/renderer.go",1035,"go_perf_layer_network_calls_retry_loop_without_backoff",false_positive,"Rule does not clearly match the cited snippet context"
"/home/chinmay/ChinmayPersonalProjects/deslop/scripts/chunks/Chunk_5901_5925.txt",5924,"/home/chinmay/ChinmayPersonalProjects/gopdfsuit/typstsyntax/renderer.go",1072,"go_perf_layer_algorithmic_complexity_repeated_nested_slice_scans",false_positive,"Rule does not clearly match the cited snippet context"
"/home/chinmay/ChinmayPersonalProjects/deslop/scripts/chunks/Chunk_5901_5925.txt",5925,"/home/chinmay/ChinmayPersonalProjects/gopdfsuit/typstsyntax/renderer.go",1072,"go_perf_layer_collection_iteration_copy_slice_before_readonly_range",false_positive,"Rule does not clearly match the cited snippet context"
"/home/chinmay/ChinmayPersonalProjects/deslop/scripts/chunks/Chunk_5926_5950.txt",5926,"/home/chinmay/ChinmayPersonalProjects/gopdfsuit/typstsyntax/renderer.go",1077,"go_perf_layer_algorithmic_complexity_quadratic_append_filter_pipeline",false_positive,"Rule does not clearly match the cited snippet context"
"/home/chinmay/ChinmayPersonalProjects/deslop/scripts/chunks/Chunk_5926_5950.txt",5927,"/home/chinmay/ChinmayPersonalProjects/gopdfsuit/typstsyntax/renderer.go",1077,"go_perf_layer_network_calls_retry_loop_without_backoff",false_positive,"Rule does not clearly match the cited snippet context"
"/home/chinmay/ChinmayPersonalProjects/deslop/scripts/chunks/Chunk_5926_5950.txt",5928,"/home/chinmay/ChinmayPersonalProjects/gopdfsuit/typstsyntax/renderer.go",1081,"go_perf_layer_memory_allocation_append_without_known_capacity",false_positive,"Rule does not clearly match the cited snippet context"
"/home/chinmay/ChinmayPersonalProjects/deslop/scripts/chunks/Chunk_5926_5950.txt",5929,"/home/chinmay/ChinmayPersonalProjects/gopdfsuit/typstsyntax/renderer.go",1081,"nested_append_without_outer_capacity",false_positive,"Rule does not clearly match the cited snippet context"
"/home/chinmay/ChinmayPersonalProjects/deslop/scripts/chunks/Chunk_5926_5950.txt",5930,"/home/chinmay/ChinmayPersonalProjects/gopdfsuit/typstsyntax/renderer.go",1081,"slice_append_without_prealloc_known_bound",false_positive,"Rule does not clearly match the cited snippet context"
"/home/chinmay/ChinmayPersonalProjects/deslop/scripts/chunks/Chunk_5926_5950.txt",5931,"/home/chinmay/ChinmayPersonalProjects/gopdfsuit/typstsyntax/renderer.go",1081,"slice_grow_without_cap_hint",false_positive,"Rule does not clearly match the cited snippet context"
"/home/chinmay/ChinmayPersonalProjects/deslop/scripts/chunks/Chunk_5926_5950.txt",5932,"/home/chinmay/ChinmayPersonalProjects/gopdfsuit/typstsyntax/renderer.go",1096,"go_perf_layer_hot_path_optimization_allocation_in_hash_or_less_func",false_positive,"Rule does not clearly match the cited snippet context"
"/home/chinmay/ChinmayPersonalProjects/deslop/scripts/chunks/Chunk_5926_5950.txt",5933,"/home/chinmay/ChinmayPersonalProjects/gopdfsuit/typstsyntax/renderer.go",1101,"go_perf_layer_algorithmic_complexity_repeated_nested_slice_scans",false_positive,"Rule does not clearly match the cited snippet context"
"/home/chinmay/ChinmayPersonalProjects/deslop/scripts/chunks/Chunk_5926_5950.txt",5934,"/home/chinmay/ChinmayPersonalProjects/gopdfsuit/typstsyntax/renderer.go",1101,"go_perf_layer_collection_iteration_copy_slice_before_readonly_range",false_positive,"Rule does not clearly match the cited snippet context"
"/home/chinmay/ChinmayPersonalProjects/deslop/scripts/chunks/Chunk_5926_5950.txt",5935,"/home/chinmay/ChinmayPersonalProjects/gopdfsuit/typstsyntax/renderer.go",1102,"go_perf_layer_algorithmic_complexity_quadratic_append_filter_pipeline",false_positive,"Rule does not clearly match the cited snippet context"
"/home/chinmay/ChinmayPersonalProjects/deslop/scripts/chunks/Chunk_5926_5950.txt",5936,"/home/chinmay/ChinmayPersonalProjects/gopdfsuit/typstsyntax/renderer.go",1110,"go_perf_layer_network_calls_retry_loop_without_backoff",false_positive,"Rule does not clearly match the cited snippet context"
"/home/chinmay/ChinmayPersonalProjects/deslop/scripts/chunks/Chunk_5926_5950.txt",5937,"/home/chinmay/ChinmayPersonalProjects/gopdfsuit/typstsyntax/renderer.go",1112,"slice_grow_without_cap_hint",false_positive,"Rule does not clearly match the cited snippet context"
"/home/chinmay/ChinmayPersonalProjects/deslop/scripts/chunks/Chunk_5926_5950.txt",5938,"/home/chinmay/ChinmayPersonalProjects/gopdfsuit/typstsyntax/renderer.go",1121,"slice_grow_without_cap_hint",false_positive,"Rule does not clearly match the cited snippet context"
"/home/chinmay/ChinmayPersonalProjects/deslop/scripts/chunks/Chunk_5926_5950.txt",5939,"/home/chinmay/ChinmayPersonalProjects/gopdfsuit/typstsyntax/renderer.go",1147,"go_perf_layer_network_calls_retry_loop_without_backoff",false_positive,"Rule does not clearly match the cited snippet context"
"/home/chinmay/ChinmayPersonalProjects/deslop/scripts/chunks/Chunk_5926_5950.txt",5940,"/home/chinmay/ChinmayPersonalProjects/gopdfsuit/typstsyntax/renderer.go",1147,"go_perf_layer_string_handling_strings_join_single_element_loop",false_positive,"Rule does not clearly match the cited snippet context"
"/home/chinmay/ChinmayPersonalProjects/deslop/scripts/chunks/Chunk_5926_5950.txt",5941,"/home/chinmay/ChinmayPersonalProjects/gopdfsuit/typstsyntax/renderer.go",1148,"go_perf_layer_data_structure_choice_small_enum_string_switch_map",false_positive,"Rule does not clearly match the cited snippet context"
"/home/chinmay/ChinmayPersonalProjects/deslop/scripts/chunks/Chunk_5926_5950.txt",5942,"/home/chinmay/ChinmayPersonalProjects/gopdfsuit/typstsyntax/renderer.go",1149,"go_perf_layer_string_handling_string_lower_for_case_insensitive_compare",false_positive,"Rule does not clearly match the cited snippet context"
"/home/chinmay/ChinmayPersonalProjects/deslop/scripts/chunks/Chunk_5926_5950.txt",5943,"/home/chinmay/ChinmayPersonalProjects/gopdfsuit/typstsyntax/renderer.go",1235,"string_builder_write_string_vs_plus",false_positive,"Rule does not clearly match the cited snippet context"
"/home/chinmay/ChinmayPersonalProjects/deslop/scripts/chunks/Chunk_5926_5950.txt",5944,"/home/chinmay/ChinmayPersonalProjects/gopdfsuit/typstsyntax/renderer.go",1237,"string_builder_write_string_vs_plus",false_positive,"Rule does not clearly match the cited snippet context"
"/home/chinmay/ChinmayPersonalProjects/deslop/scripts/chunks/Chunk_5926_5950.txt",5945,"/home/chinmay/ChinmayPersonalProjects/gopdfsuit/typstsyntax/renderer.go",1240,"string_builder_write_string_vs_plus",false_positive,"Rule does not clearly match the cited snippet context"
"/home/chinmay/ChinmayPersonalProjects/deslop/scripts/chunks/Chunk_5926_5950.txt",5946,"/home/chinmay/ChinmayPersonalProjects/gopdfsuit/typstsyntax/renderer.go",1242,"string_builder_write_string_vs_plus",false_positive,"Rule does not clearly match the cited snippet context"
"/home/chinmay/ChinmayPersonalProjects/deslop/scripts/chunks/Chunk_5926_5950.txt",5947,"/home/chinmay/ChinmayPersonalProjects/gopdfsuit/typstsyntax/renderer.go",1256,"go_perf_layer_string_handling_fmt_sprintf_for_simple_concat",false_positive,"Rule does not clearly match the cited snippet context"
"/home/chinmay/ChinmayPersonalProjects/deslop/scripts/chunks/Chunk_5926_5950.txt",5948,"/home/chinmay/ChinmayPersonalProjects/gopdfsuit/typstsyntax/renderer.go",1307,"go_perf_layer_network_calls_retry_loop_without_backoff",false_positive,"Rule does not clearly match the cited snippet context"
"/home/chinmay/ChinmayPersonalProjects/deslop/scripts/chunks/Chunk_5926_5950.txt",5949,"/home/chinmay/ChinmayPersonalProjects/gopdfsuit/typstsyntax/renderer.go",1324,"go_perf_layer_network_calls_retry_loop_without_backoff",false_positive,"Rule does not clearly match the cited snippet context"
"/home/chinmay/ChinmayPersonalProjects/deslop/scripts/chunks/Chunk_5926_5950.txt",5950,"/home/chinmay/ChinmayPersonalProjects/gopdfsuit/typstsyntax/typst.go",57,"go_perf_layer_io_operations_scanner_used_for_large_token_stream",false_positive,"Rule does not clearly match the cited snippet context"
"/home/chinmay/ChinmayPersonalProjects/deslop/scripts/chunks/Chunk_5951_5952.txt",5951,"/home/chinmay/ChinmayPersonalProjects/gopdfsuit/typstsyntax/typst.go",74,"go_perf_layer_hot_path_optimization_invariant_parse_inside_handler",false_positive,"Rule does not clearly match the cited snippet context"
"/home/chinmay/ChinmayPersonalProjects/deslop/scripts/chunks/Chunk_5951_5952.txt",5952,"/home/chinmay/ChinmayPersonalProjects/gopdfsuit/typstsyntax/typst.go",81,"go_perf_layer_hot_path_optimization_invariant_parse_inside_handler",false_positive,"Rule does not clearly match the cited snippet context"
