chunk_file_path,subchunk_number,source_file_path,source_line,rule_id,decision,rationale
/home/chinmay/ChinmayPersonalProjects/deslop/scripts/chunks/Chunk_4001_4025.txt,4001,/home/chinmay/ChinmayPersonalProjects/gopdfsuit/internal/pdf/redact/pdf_utils.go,219,bytes_buffer_without_grow_known_bound,false_positive,Snippet does not show the rule precondition in this finding context
/home/chinmay/ChinmayPersonalProjects/deslop/scripts/chunks/Chunk_4001_4025.txt,4002,/home/chinmay/ChinmayPersonalProjects/gopdfsuit/internal/pdf/redact/pdf_utils.go,219,go_perf_layer_resource_pooling_buffer_pool_without_max_capacity,false_positive,Snippet does not show the rule precondition in this finding context
/home/chinmay/ChinmayPersonalProjects/deslop/scripts/chunks/Chunk_4001_4025.txt,4003,/home/chinmay/ChinmayPersonalProjects/gopdfsuit/internal/pdf/redact/pdf_utils.go,229,go_perf_layer_async_concurrency_goroutine_per_item_without_worker_limit,false_positive,Snippet does not show the rule precondition in this finding context
/home/chinmay/ChinmayPersonalProjects/deslop/scripts/chunks/Chunk_4001_4025.txt,4004,/home/chinmay/ChinmayPersonalProjects/gopdfsuit/internal/pdf/redact/pdf_utils.go,236,go_perf_layer_io_operations_small_writes_without_bufio_writer,false_positive,Snippet does not show the rule precondition in this finding context
/home/chinmay/ChinmayPersonalProjects/deslop/scripts/chunks/Chunk_4001_4025.txt,4005,/home/chinmay/ChinmayPersonalProjects/gopdfsuit/internal/pdf/redact/pdf_utils.go,252,go_perf_layer_algorithmic_complexity_repeated_nested_slice_scans,false_positive,Snippet does not show the rule precondition in this finding context
/home/chinmay/ChinmayPersonalProjects/deslop/scripts/chunks/Chunk_4001_4025.txt,4006,/home/chinmay/ChinmayPersonalProjects/gopdfsuit/internal/pdf/redact/pdf_utils.go,252,go_perf_layer_collection_iteration_manual_index_loop_without_bounds_need,false_positive,Snippet does not show the rule precondition in this finding context
/home/chinmay/ChinmayPersonalProjects/deslop/scripts/chunks/Chunk_4001_4025.txt,4007,/home/chinmay/ChinmayPersonalProjects/gopdfsuit/internal/pdf/redact/pdf_utils.go,252,go_perf_layer_io_operations_scanner_used_for_large_token_stream,false_positive,Snippet does not show the rule precondition in this finding context
/home/chinmay/ChinmayPersonalProjects/deslop/scripts/chunks/Chunk_4001_4025.txt,4008,/home/chinmay/ChinmayPersonalProjects/gopdfsuit/internal/pdf/redact/pdf_utils.go,252,go_perf_layer_memory_allocation_temporary_byte_slice_for_string_write,false_positive,Snippet does not show the rule precondition in this finding context
/home/chinmay/ChinmayPersonalProjects/deslop/scripts/chunks/Chunk_4001_4025.txt,4009,/home/chinmay/ChinmayPersonalProjects/gopdfsuit/internal/pdf/redact/pdf_utils.go,267,go_perf_layer_network_calls_retry_loop_without_backoff,false_positive,Snippet does not show the rule precondition in this finding context
/home/chinmay/ChinmayPersonalProjects/deslop/scripts/chunks/Chunk_4001_4025.txt,4010,/home/chinmay/ChinmayPersonalProjects/gopdfsuit/internal/pdf/redact/pdf_utils.go,276,go_perf_layer_garbage_collection_cleanup_response_body_not_drained_for_reuse,false_positive,Snippet does not show the rule precondition in this finding context
/home/chinmay/ChinmayPersonalProjects/deslop/scripts/chunks/Chunk_4001_4025.txt,4011,/home/chinmay/ChinmayPersonalProjects/gopdfsuit/internal/pdf/redact/pdf_utils.go,276,go_perf_layer_serialization_gzip_writer_created_per_small_payload,false_positive,Snippet does not show the rule precondition in this finding context
/home/chinmay/ChinmayPersonalProjects/deslop/scripts/chunks/Chunk_4001_4025.txt,4012,/home/chinmay/ChinmayPersonalProjects/gopdfsuit/internal/pdf/redact/pdf_utils.go,293,go_perf_layer_string_handling_string_lower_for_case_insensitive_compare,false_positive,Snippet does not show the rule precondition in this finding context
/home/chinmay/ChinmayPersonalProjects/deslop/scripts/chunks/Chunk_4001_4025.txt,4013,/home/chinmay/ChinmayPersonalProjects/gopdfsuit/internal/pdf/redact/pdf_utils.go,310,go_perf_layer_caching_cache_key_built_with_fmt,false_positive,Snippet does not show the rule precondition in this finding context
/home/chinmay/ChinmayPersonalProjects/deslop/scripts/chunks/Chunk_4001_4025.txt,4014,/home/chinmay/ChinmayPersonalProjects/gopdfsuit/internal/pdf/redact/pdf_utils.go,310,go_perf_layer_caching_json_cache_value_stored_as_string,false_positive,Snippet does not show the rule precondition in this finding context
/home/chinmay/ChinmayPersonalProjects/deslop/scripts/chunks/Chunk_4001_4025.txt,4015,/home/chinmay/ChinmayPersonalProjects/gopdfsuit/internal/pdf/redact/pdf_utils.go,310,go_perf_layer_caching_unbounded_cache_map,false_positive,Snippet does not show the rule precondition in this finding context
/home/chinmay/ChinmayPersonalProjects/deslop/scripts/chunks/Chunk_4001_4025.txt,4016,/home/chinmay/ChinmayPersonalProjects/gopdfsuit/internal/pdf/redact/pdf_utils.go,310,go_perf_layer_data_structure_choice_map_string_bool_for_membership,false_positive,Snippet does not show the rule precondition in this finding context
/home/chinmay/ChinmayPersonalProjects/deslop/scripts/chunks/Chunk_4001_4025.txt,4017,/home/chinmay/ChinmayPersonalProjects/gopdfsuit/internal/pdf/redact/pdf_utils.go,310,go_perf_layer_data_structure_choice_small_enum_string_switch_map,false_positive,Snippet does not show the rule precondition in this finding context
/home/chinmay/ChinmayPersonalProjects/deslop/scripts/chunks/Chunk_4001_4025.txt,4018,/home/chinmay/ChinmayPersonalProjects/gopdfsuit/internal/pdf/redact/pdf_utils.go,310,go_perf_layer_database_access_count_query_before_paged_fetch,false_positive,Snippet does not show the rule precondition in this finding context
/home/chinmay/ChinmayPersonalProjects/deslop/scripts/chunks/Chunk_4001_4025.txt,4019,/home/chinmay/ChinmayPersonalProjects/gopdfsuit/internal/pdf/redact/pdf_utils.go,310,go_perf_layer_garbage_collection_cleanup_response_body_not_drained_for_reuse,false_positive,Snippet does not show the rule precondition in this finding context
/home/chinmay/ChinmayPersonalProjects/deslop/scripts/chunks/Chunk_4001_4025.txt,4020,/home/chinmay/ChinmayPersonalProjects/gopdfsuit/internal/pdf/redact/pdf_utils.go,313,go_perf_layer_string_handling_string_lower_for_case_insensitive_compare,false_positive,Snippet does not show the rule precondition in this finding context
/home/chinmay/ChinmayPersonalProjects/deslop/scripts/chunks/Chunk_4001_4025.txt,4021,/home/chinmay/ChinmayPersonalProjects/gopdfsuit/internal/pdf/redact/pdf_utils.go,315,go_perf_layer_database_access_rows_scan_into_map_per_row,false_positive,Snippet does not show the rule precondition in this finding context
/home/chinmay/ChinmayPersonalProjects/deslop/scripts/chunks/Chunk_4001_4025.txt,4022,/home/chinmay/ChinmayPersonalProjects/gopdfsuit/internal/pdf/redact/pdf_utils.go,315,go_perf_layer_network_calls_retry_loop_without_backoff,false_positive,Snippet does not show the rule precondition in this finding context
/home/chinmay/ChinmayPersonalProjects/deslop/scripts/chunks/Chunk_4001_4025.txt,4023,/home/chinmay/ChinmayPersonalProjects/gopdfsuit/internal/pdf/redact/pdf_utils.go,316,go_perf_layer_database_access_query_inside_loop_without_batching,false_positive,Snippet does not show the rule precondition in this finding context
/home/chinmay/ChinmayPersonalProjects/deslop/scripts/chunks/Chunk_4001_4025.txt,4024,/home/chinmay/ChinmayPersonalProjects/gopdfsuit/internal/pdf/redact/pdf_utils.go,321,go_perf_layer_memory_allocation_map_recreated_for_static_lookup,false_positive,Snippet does not show the rule precondition in this finding context
/home/chinmay/ChinmayPersonalProjects/deslop/scripts/chunks/Chunk_4001_4025.txt,4025,/home/chinmay/ChinmayPersonalProjects/gopdfsuit/internal/pdf/redact/pdf_utils.go,335,go_perf_layer_database_access_count_query_before_paged_fetch,false_positive,Snippet does not show the rule precondition in this finding context
/home/chinmay/ChinmayPersonalProjects/deslop/scripts/chunks/Chunk_4026_4050.txt,4026,/home/chinmay/ChinmayPersonalProjects/gopdfsuit/internal/pdf/redact/pdf_utils.go,335,go_perf_layer_garbage_collection_cleanup_response_body_not_drained_for_reuse,false_positive,Snippet does not show the rule precondition in this finding context
/home/chinmay/ChinmayPersonalProjects/deslop/scripts/chunks/Chunk_4026_4050.txt,4027,/home/chinmay/ChinmayPersonalProjects/gopdfsuit/internal/pdf/redact/pdf_utils.go,340,go_perf_layer_caching_cache_key_built_with_fmt,false_positive,Snippet does not show the rule precondition in this finding context
/home/chinmay/ChinmayPersonalProjects/deslop/scripts/chunks/Chunk_4026_4050.txt,4028,/home/chinmay/ChinmayPersonalProjects/gopdfsuit/internal/pdf/redact/pdf_utils.go,340,go_perf_layer_caching_json_cache_value_stored_as_string,false_positive,Snippet does not show the rule precondition in this finding context
/home/chinmay/ChinmayPersonalProjects/deslop/scripts/chunks/Chunk_4026_4050.txt,4029,/home/chinmay/ChinmayPersonalProjects/gopdfsuit/internal/pdf/redact/pdf_utils.go,340,go_perf_layer_data_structure_choice_map_string_bool_for_membership,false_positive,Snippet does not show the rule precondition in this finding context
/home/chinmay/ChinmayPersonalProjects/deslop/scripts/chunks/Chunk_4026_4050.txt,4030,/home/chinmay/ChinmayPersonalProjects/gopdfsuit/internal/pdf/redact/pdf_utils.go,340,go_perf_layer_data_structure_choice_small_enum_string_switch_map,false_positive,Snippet does not show the rule precondition in this finding context
/home/chinmay/ChinmayPersonalProjects/deslop/scripts/chunks/Chunk_4026_4050.txt,4031,/home/chinmay/ChinmayPersonalProjects/gopdfsuit/internal/pdf/redact/pdf_utils.go,341,go_perf_layer_caching_unbounded_cache_map,false_positive,Snippet does not show the rule precondition in this finding context
/home/chinmay/ChinmayPersonalProjects/deslop/scripts/chunks/Chunk_4026_4050.txt,4032,/home/chinmay/ChinmayPersonalProjects/gopdfsuit/internal/pdf/redact/pdf_utils.go,341,go_perf_layer_memory_allocation_map_recreated_for_static_lookup,false_positive,Snippet does not show the rule precondition in this finding context
/home/chinmay/ChinmayPersonalProjects/deslop/scripts/chunks/Chunk_4026_4050.txt,4033,/home/chinmay/ChinmayPersonalProjects/gopdfsuit/internal/pdf/redact/pdf_utils.go,353,go_perf_layer_string_handling_string_lower_for_case_insensitive_compare,false_positive,Snippet does not show the rule precondition in this finding context
/home/chinmay/ChinmayPersonalProjects/deslop/scripts/chunks/Chunk_4026_4050.txt,4034,/home/chinmay/ChinmayPersonalProjects/gopdfsuit/internal/pdf/redact/pdf_utils.go,354,go_perf_layer_caching_cache_key_built_with_fmt,false_positive,Snippet does not show the rule precondition in this finding context
/home/chinmay/ChinmayPersonalProjects/deslop/scripts/chunks/Chunk_4026_4050.txt,4035,/home/chinmay/ChinmayPersonalProjects/gopdfsuit/internal/pdf/redact/pdf_utils.go,354,go_perf_layer_caching_json_cache_value_stored_as_string,false_positive,Snippet does not show the rule precondition in this finding context
/home/chinmay/ChinmayPersonalProjects/deslop/scripts/chunks/Chunk_4026_4050.txt,4036,/home/chinmay/ChinmayPersonalProjects/gopdfsuit/internal/pdf/redact/pdf_utils.go,354,go_perf_layer_caching_unbounded_cache_map,false_positive,Snippet does not show the rule precondition in this finding context
/home/chinmay/ChinmayPersonalProjects/deslop/scripts/chunks/Chunk_4026_4050.txt,4037,/home/chinmay/ChinmayPersonalProjects/gopdfsuit/internal/pdf/redact/pdf_utils.go,354,go_perf_layer_data_structure_choice_map_string_bool_for_membership,false_positive,Snippet does not show the rule precondition in this finding context
/home/chinmay/ChinmayPersonalProjects/deslop/scripts/chunks/Chunk_4026_4050.txt,4038,/home/chinmay/ChinmayPersonalProjects/gopdfsuit/internal/pdf/redact/pdf_utils.go,354,go_perf_layer_data_structure_choice_small_enum_string_switch_map,false_positive,Snippet does not show the rule precondition in this finding context
/home/chinmay/ChinmayPersonalProjects/deslop/scripts/chunks/Chunk_4026_4050.txt,4039,/home/chinmay/ChinmayPersonalProjects/gopdfsuit/internal/pdf/redact/pdf_utils.go,355,go_perf_layer_database_access_query_inside_loop_without_batching,false_positive,Snippet does not show the rule precondition in this finding context
/home/chinmay/ChinmayPersonalProjects/deslop/scripts/chunks/Chunk_4026_4050.txt,4040,/home/chinmay/ChinmayPersonalProjects/gopdfsuit/internal/pdf/redact/pdf_utils.go,356,go_perf_layer_algorithmic_complexity_quadratic_append_filter_pipeline,false_positive,Snippet does not show the rule precondition in this finding context
/home/chinmay/ChinmayPersonalProjects/deslop/scripts/chunks/Chunk_4026_4050.txt,4041,/home/chinmay/ChinmayPersonalProjects/gopdfsuit/internal/pdf/redact/pdf_utils.go,360,go_perf_layer_collection_iteration_range_over_map_for_deterministic_first,false_positive,Snippet does not show the rule precondition in this finding context
/home/chinmay/ChinmayPersonalProjects/deslop/scripts/chunks/Chunk_4026_4050.txt,4042,/home/chinmay/ChinmayPersonalProjects/gopdfsuit/internal/pdf/redact/pdf_utils.go,360,go_perf_layer_database_access_rows_scan_into_map_per_row,false_positive,Snippet does not show the rule precondition in this finding context
/home/chinmay/ChinmayPersonalProjects/deslop/scripts/chunks/Chunk_4026_4050.txt,4043,/home/chinmay/ChinmayPersonalProjects/gopdfsuit/internal/pdf/redact/pdf_utils.go,360,go_perf_layer_memory_allocation_map_recreated_for_static_lookup,false_positive,Snippet does not show the rule precondition in this finding context
/home/chinmay/ChinmayPersonalProjects/deslop/scripts/chunks/Chunk_4026_4050.txt,4044,/home/chinmay/ChinmayPersonalProjects/gopdfsuit/internal/pdf/redact/pdf_utils.go,360,go_perf_layer_memory_allocation_temporary_byte_slice_for_string_write,false_positive,Snippet does not show the rule precondition in this finding context
/home/chinmay/ChinmayPersonalProjects/deslop/scripts/chunks/Chunk_4026_4050.txt,4045,/home/chinmay/ChinmayPersonalProjects/gopdfsuit/internal/pdf/redact/pdf_utils.go,362,go_perf_layer_algorithmic_complexity_repeated_nested_slice_scans,false_positive,Snippet does not show the rule precondition in this finding context
/home/chinmay/ChinmayPersonalProjects/deslop/scripts/chunks/Chunk_4026_4050.txt,4046,/home/chinmay/ChinmayPersonalProjects/gopdfsuit/internal/pdf/redact/pdf_utils.go,362,go_perf_layer_collection_iteration_copy_slice_before_readonly_range,false_positive,Snippet does not show the rule precondition in this finding context
/home/chinmay/ChinmayPersonalProjects/deslop/scripts/chunks/Chunk_4026_4050.txt,4047,/home/chinmay/ChinmayPersonalProjects/gopdfsuit/internal/pdf/redact/pdf_utils.go,362,go_perf_layer_network_calls_retry_loop_without_backoff,false_positive,Snippet does not show the rule precondition in this finding context
/home/chinmay/ChinmayPersonalProjects/deslop/scripts/chunks/Chunk_4026_4050.txt,4048,/home/chinmay/ChinmayPersonalProjects/gopdfsuit/internal/pdf/redact/pdf_utils.go,363,map_growth_without_size_hint,false_positive,Snippet does not show the rule precondition in this finding context
/home/chinmay/ChinmayPersonalProjects/deslop/scripts/chunks/Chunk_4026_4050.txt,4049,/home/chinmay/ChinmayPersonalProjects/gopdfsuit/internal/pdf/redact/pdf_utils.go,380,go_perf_layer_caching_cache_key_built_with_fmt,false_positive,Snippet does not show the rule precondition in this finding context
/home/chinmay/ChinmayPersonalProjects/deslop/scripts/chunks/Chunk_4026_4050.txt,4050,/home/chinmay/ChinmayPersonalProjects/gopdfsuit/internal/pdf/redact/pdf_utils.go,385,go_perf_layer_caching_unbounded_cache_map,false_positive,Snippet does not show the rule precondition in this finding context
/home/chinmay/ChinmayPersonalProjects/deslop/scripts/chunks/Chunk_4051_4075.txt,4051,/home/chinmay/ChinmayPersonalProjects/gopdfsuit/internal/pdf/redact/pdf_utils.go,385,go_perf_layer_collection_iteration_range_over_map_for_deterministic_first,false_positive,Snippet does not show the rule precondition in this finding context
/home/chinmay/ChinmayPersonalProjects/deslop/scripts/chunks/Chunk_4051_4075.txt,4052,/home/chinmay/ChinmayPersonalProjects/gopdfsuit/internal/pdf/redact/pdf_utils.go,385,go_perf_layer_database_access_rows_scan_into_map_per_row,false_positive,Snippet does not show the rule precondition in this finding context
/home/chinmay/ChinmayPersonalProjects/deslop/scripts/chunks/Chunk_4051_4075.txt,4053,/home/chinmay/ChinmayPersonalProjects/gopdfsuit/internal/pdf/redact/pdf_utils.go,385,go_perf_layer_garbage_collection_cleanup_response_body_not_drained_for_reuse,false_positive,Snippet does not show the rule precondition in this finding context
/home/chinmay/ChinmayPersonalProjects/deslop/scripts/chunks/Chunk_4051_4075.txt,4054,/home/chinmay/ChinmayPersonalProjects/gopdfsuit/internal/pdf/redact/pdf_utils.go,385,go_perf_layer_memory_allocation_map_recreated_for_static_lookup,false_positive,Snippet does not show the rule precondition in this finding context
/home/chinmay/ChinmayPersonalProjects/deslop/scripts/chunks/Chunk_4051_4075.txt,4055,/home/chinmay/ChinmayPersonalProjects/gopdfsuit/internal/pdf/redact/pdf_utils.go,385,go_perf_layer_serialization_gzip_writer_created_per_small_payload,false_positive,Snippet does not show the rule precondition in this finding context
/home/chinmay/ChinmayPersonalProjects/deslop/scripts/chunks/Chunk_4051_4075.txt,4056,/home/chinmay/ChinmayPersonalProjects/gopdfsuit/internal/pdf/redact/pdf_utils.go,392,go_perf_layer_io_operations_scanner_used_for_large_token_stream,false_positive,Snippet does not show the rule precondition in this finding context
/home/chinmay/ChinmayPersonalProjects/deslop/scripts/chunks/Chunk_4051_4075.txt,4057,/home/chinmay/ChinmayPersonalProjects/gopdfsuit/internal/pdf/redact/pdf_utils.go,399,go_perf_layer_io_operations_small_writes_without_bufio_writer,false_positive,Snippet does not show the rule precondition in this finding context
/home/chinmay/ChinmayPersonalProjects/deslop/scripts/chunks/Chunk_4051_4075.txt,4058,/home/chinmay/ChinmayPersonalProjects/gopdfsuit/internal/pdf/redact/pdf_utils.go,399,go_perf_layer_memory_allocation_temporary_byte_slice_for_string_write,false_positive,Snippet does not show the rule precondition in this finding context
/home/chinmay/ChinmayPersonalProjects/deslop/scripts/chunks/Chunk_4051_4075.txt,4059,/home/chinmay/ChinmayPersonalProjects/gopdfsuit/internal/pdf/redact/pdf_utils.go,406,go_perf_layer_network_calls_retry_loop_without_backoff,false_positive,Snippet does not show the rule precondition in this finding context
/home/chinmay/ChinmayPersonalProjects/deslop/scripts/chunks/Chunk_4051_4075.txt,4060,/home/chinmay/ChinmayPersonalProjects/gopdfsuit/internal/pdf/redact/pdf_utils.go,407,go_perf_layer_memory_allocation_append_without_known_capacity,false_positive,Snippet does not show the rule precondition in this finding context
/home/chinmay/ChinmayPersonalProjects/deslop/scripts/chunks/Chunk_4051_4075.txt,4061,/home/chinmay/ChinmayPersonalProjects/gopdfsuit/internal/pdf/redact/pdf_utils.go,412,go_perf_layer_database_access_count_query_before_paged_fetch,false_positive,Snippet does not show the rule precondition in this finding context
/home/chinmay/ChinmayPersonalProjects/deslop/scripts/chunks/Chunk_4051_4075.txt,4062,/home/chinmay/ChinmayPersonalProjects/gopdfsuit/internal/pdf/redact/pdf_utils.go,412,go_perf_layer_garbage_collection_cleanup_response_body_not_drained_for_reuse,false_positive,Snippet does not show the rule precondition in this finding context
/home/chinmay/ChinmayPersonalProjects/deslop/scripts/chunks/Chunk_4051_4075.txt,4063,/home/chinmay/ChinmayPersonalProjects/gopdfsuit/internal/pdf/redact/pdf_utils.go,416,go_perf_layer_database_access_count_query_before_paged_fetch,false_positive,Snippet does not show the rule precondition in this finding context
/home/chinmay/ChinmayPersonalProjects/deslop/scripts/chunks/Chunk_4051_4075.txt,4064,/home/chinmay/ChinmayPersonalProjects/gopdfsuit/internal/pdf/redact/pdf_utils.go,416,go_perf_layer_garbage_collection_cleanup_response_body_not_drained_for_reuse,false_positive,Snippet does not show the rule precondition in this finding context
/home/chinmay/ChinmayPersonalProjects/deslop/scripts/chunks/Chunk_4051_4075.txt,4065,/home/chinmay/ChinmayPersonalProjects/gopdfsuit/internal/pdf/redact/pdf_utils.go,420,go_perf_layer_collection_iteration_copy_slice_before_readonly_range,false_positive,Snippet does not show the rule precondition in this finding context
/home/chinmay/ChinmayPersonalProjects/deslop/scripts/chunks/Chunk_4051_4075.txt,4066,/home/chinmay/ChinmayPersonalProjects/gopdfsuit/internal/pdf/redact/pdf_utils.go,420,go_perf_layer_memory_allocation_temporary_byte_slice_for_string_write,false_positive,Snippet does not show the rule precondition in this finding context
/home/chinmay/ChinmayPersonalProjects/deslop/scripts/chunks/Chunk_4051_4075.txt,4067,/home/chinmay/ChinmayPersonalProjects/gopdfsuit/internal/pdf/redact/pdf_utils.go,420,go_perf_layer_string_handling_strings_join_single_element_loop,false_positive,Snippet does not show the rule precondition in this finding context
/home/chinmay/ChinmayPersonalProjects/deslop/scripts/chunks/Chunk_4051_4075.txt,4068,/home/chinmay/ChinmayPersonalProjects/gopdfsuit/internal/pdf/redact/pdf_utils.go,422,go_perf_layer_database_access_count_query_before_paged_fetch,false_positive,Snippet does not show the rule precondition in this finding context
/home/chinmay/ChinmayPersonalProjects/deslop/scripts/chunks/Chunk_4051_4075.txt,4069,/home/chinmay/ChinmayPersonalProjects/gopdfsuit/internal/pdf/redact/pdf_utils.go,422,go_perf_layer_database_access_query_inside_loop_without_batching,false_positive,Snippet does not show the rule precondition in this finding context
/home/chinmay/ChinmayPersonalProjects/deslop/scripts/chunks/Chunk_4051_4075.txt,4070,/home/chinmay/ChinmayPersonalProjects/gopdfsuit/internal/pdf/redact/pdf_utils.go,422,go_perf_layer_garbage_collection_cleanup_response_body_not_drained_for_reuse,false_positive,Snippet does not show the rule precondition in this finding context
/home/chinmay/ChinmayPersonalProjects/deslop/scripts/chunks/Chunk_4051_4075.txt,4071,/home/chinmay/ChinmayPersonalProjects/gopdfsuit/internal/pdf/redact/pdf_utils.go,424,go_perf_layer_network_calls_retry_loop_without_backoff,false_positive,Snippet does not show the rule precondition in this finding context
/home/chinmay/ChinmayPersonalProjects/deslop/scripts/chunks/Chunk_4051_4075.txt,4072,/home/chinmay/ChinmayPersonalProjects/gopdfsuit/internal/pdf/redact/pdf_utils.go,425,byte_string_conversion_in_loop,false_positive,Snippet does not show the rule precondition in this finding context
/home/chinmay/ChinmayPersonalProjects/deslop/scripts/chunks/Chunk_4051_4075.txt,4073,/home/chinmay/ChinmayPersonalProjects/gopdfsuit/internal/pdf/redact/pdf_utils.go,425,string_concat_in_loop,false_positive,Snippet does not show the rule precondition in this finding context
/home/chinmay/ChinmayPersonalProjects/deslop/scripts/chunks/Chunk_4051_4075.txt,4074,/home/chinmay/ChinmayPersonalProjects/gopdfsuit/internal/pdf/redact/pdf_utils.go,441,go_perf_layer_network_calls_retry_loop_without_backoff,false_positive,Snippet does not show the rule precondition in this finding context
/home/chinmay/ChinmayPersonalProjects/deslop/scripts/chunks/Chunk_4051_4075.txt,4075,/home/chinmay/ChinmayPersonalProjects/gopdfsuit/internal/pdf/redact/pdf_utils.go,464,go_perf_layer_algorithmic_complexity_repeated_nested_slice_scans,false_positive,Snippet does not show the rule precondition in this finding context
/home/chinmay/ChinmayPersonalProjects/deslop/scripts/chunks/Chunk_4076_4100.txt,4076,/home/chinmay/ChinmayPersonalProjects/gopdfsuit/internal/pdf/redact/pdf_utils.go,464,go_perf_layer_collection_iteration_copy_slice_before_readonly_range,false_positive,Snippet does not show the rule precondition in this finding context
/home/chinmay/ChinmayPersonalProjects/deslop/scripts/chunks/Chunk_4076_4100.txt,4077,/home/chinmay/ChinmayPersonalProjects/gopdfsuit/internal/pdf/redact/pdf_utils.go,464,go_perf_layer_garbage_collection_cleanup_large_slice_retained_after_truncate,false_positive,Snippet does not show the rule precondition in this finding context
/home/chinmay/ChinmayPersonalProjects/deslop/scripts/chunks/Chunk_4076_4100.txt,4078,/home/chinmay/ChinmayPersonalProjects/gopdfsuit/internal/pdf/redact/pdf_utils.go,464,go_perf_layer_memory_allocation_temporary_byte_slice_for_string_write,false_positive,Snippet does not show the rule precondition in this finding context
/home/chinmay/ChinmayPersonalProjects/deslop/scripts/chunks/Chunk_4076_4100.txt,4079,/home/chinmay/ChinmayPersonalProjects/gopdfsuit/internal/pdf/redact/pdf_utils.go,466,go_perf_layer_string_handling_regexp_compile_in_request_path,false_positive,Snippet does not show the rule precondition in this finding context
/home/chinmay/ChinmayPersonalProjects/deslop/scripts/chunks/Chunk_4076_4100.txt,4080,/home/chinmay/ChinmayPersonalProjects/gopdfsuit/internal/pdf/redact/pdf_utils.go,466,go_perf_layer_string_handling_string_lower_for_case_insensitive_compare,false_positive,Snippet does not show the rule precondition in this finding context
/home/chinmay/ChinmayPersonalProjects/deslop/scripts/chunks/Chunk_4076_4100.txt,4081,/home/chinmay/ChinmayPersonalProjects/gopdfsuit/internal/pdf/redact/pdf_utils.go,468,go_perf_layer_database_access_query_inside_loop_without_batching,false_positive,Snippet does not show the rule precondition in this finding context
/home/chinmay/ChinmayPersonalProjects/deslop/scripts/chunks/Chunk_4076_4100.txt,4082,/home/chinmay/ChinmayPersonalProjects/gopdfsuit/internal/pdf/redact/pdf_utils.go,468,go_perf_layer_database_access_select_star_on_hot_query,false_positive,Snippet does not show the rule precondition in this finding context
/home/chinmay/ChinmayPersonalProjects/deslop/scripts/chunks/Chunk_4076_4100.txt,4083,/home/chinmay/ChinmayPersonalProjects/gopdfsuit/internal/pdf/redact/pdf_utils.go,473,go_perf_layer_io_operations_scanner_used_for_large_token_stream,false_positive,Snippet does not show the rule precondition in this finding context
/home/chinmay/ChinmayPersonalProjects/deslop/scripts/chunks/Chunk_4076_4100.txt,4084,/home/chinmay/ChinmayPersonalProjects/gopdfsuit/internal/pdf/redact/pdf_utils.go,475,go_perf_layer_algorithmic_complexity_quadratic_append_filter_pipeline,false_positive,Snippet does not show the rule precondition in this finding context
/home/chinmay/ChinmayPersonalProjects/deslop/scripts/chunks/Chunk_4076_4100.txt,4085,/home/chinmay/ChinmayPersonalProjects/gopdfsuit/internal/pdf/redact/pdf_utils.go,475,go_perf_layer_hot_path_optimization_invariant_parse_inside_handler,false_positive,Snippet does not show the rule precondition in this finding context
/home/chinmay/ChinmayPersonalProjects/deslop/scripts/chunks/Chunk_4076_4100.txt,4086,/home/chinmay/ChinmayPersonalProjects/gopdfsuit/internal/pdf/redact/pdf_utils.go,475,go_perf_layer_network_calls_retry_loop_without_backoff,false_positive,Snippet does not show the rule precondition in this finding context
/home/chinmay/ChinmayPersonalProjects/deslop/scripts/chunks/Chunk_4076_4100.txt,4087,/home/chinmay/ChinmayPersonalProjects/gopdfsuit/internal/pdf/redact/pdf_utils.go,506,strconv_repeat_on_same_binding,false_positive,Snippet does not show the rule precondition in this finding context
/home/chinmay/ChinmayPersonalProjects/deslop/scripts/chunks/Chunk_4076_4100.txt,4088,/home/chinmay/ChinmayPersonalProjects/gopdfsuit/internal/pdf/redact/pdf_utils.go,527,go_perf_layer_memory_allocation_append_without_known_capacity,false_positive,Snippet does not show the rule precondition in this finding context
/home/chinmay/ChinmayPersonalProjects/deslop/scripts/chunks/Chunk_4076_4100.txt,4089,/home/chinmay/ChinmayPersonalProjects/gopdfsuit/internal/pdf/redact/pdf_utils.go,527,slice_append_without_prealloc_known_bound,false_positive,Snippet does not show the rule precondition in this finding context
/home/chinmay/ChinmayPersonalProjects/deslop/scripts/chunks/Chunk_4076_4100.txt,4090,/home/chinmay/ChinmayPersonalProjects/gopdfsuit/internal/pdf/redact/pdf_utils.go,527,slice_grow_without_cap_hint,false_positive,Snippet does not show the rule precondition in this finding context
/home/chinmay/ChinmayPersonalProjects/deslop/scripts/chunks/Chunk_4076_4100.txt,4091,/home/chinmay/ChinmayPersonalProjects/gopdfsuit/internal/pdf/redact/pdf_utils.go,543,go_perf_layer_data_structure_choice_small_enum_string_switch_map,false_positive,Snippet does not show the rule precondition in this finding context
/home/chinmay/ChinmayPersonalProjects/deslop/scripts/chunks/Chunk_4076_4100.txt,4092,/home/chinmay/ChinmayPersonalProjects/gopdfsuit/internal/pdf/redact/pdf_utils.go,543,go_perf_layer_string_handling_string_lower_for_case_insensitive_compare,false_positive,Snippet does not show the rule precondition in this finding context
/home/chinmay/ChinmayPersonalProjects/deslop/scripts/chunks/Chunk_4076_4100.txt,4093,/home/chinmay/ChinmayPersonalProjects/gopdfsuit/internal/pdf/redact/pdf_utils.go,560,strings_hassuffix_then_trimsuffix,false_positive,Snippet does not show the rule precondition in this finding context
/home/chinmay/ChinmayPersonalProjects/deslop/scripts/chunks/Chunk_4076_4100.txt,4094,/home/chinmay/ChinmayPersonalProjects/gopdfsuit/internal/pdf/redact/pdf_utils.go,568,strings_hasprefix_then_trimprefix,false_positive,Snippet does not show the rule precondition in this finding context
/home/chinmay/ChinmayPersonalProjects/deslop/scripts/chunks/Chunk_4076_4100.txt,4095,/home/chinmay/ChinmayPersonalProjects/gopdfsuit/internal/pdf/redact/pdf_utils.go,568,strings_hassuffix_then_trimsuffix,false_positive,Snippet does not show the rule precondition in this finding context
/home/chinmay/ChinmayPersonalProjects/deslop/scripts/chunks/Chunk_4076_4100.txt,4096,/home/chinmay/ChinmayPersonalProjects/gopdfsuit/internal/pdf/redact/pdf_utils.go,576,go_perf_layer_data_structure_choice_small_enum_string_switch_map,false_positive,Snippet does not show the rule precondition in this finding context
/home/chinmay/ChinmayPersonalProjects/deslop/scripts/chunks/Chunk_4076_4100.txt,4097,/home/chinmay/ChinmayPersonalProjects/gopdfsuit/internal/pdf/redact/pdf_utils.go,576,go_perf_layer_string_handling_string_lower_for_case_insensitive_compare,false_positive,Snippet does not show the rule precondition in this finding context
/home/chinmay/ChinmayPersonalProjects/deslop/scripts/chunks/Chunk_4076_4100.txt,4098,/home/chinmay/ChinmayPersonalProjects/gopdfsuit/internal/pdf/redact/pdf_utils.go,576,strings_builder_without_grow_known_bound,false_positive,Snippet does not show the rule precondition in this finding context
/home/chinmay/ChinmayPersonalProjects/deslop/scripts/chunks/Chunk_4076_4100.txt,4099,/home/chinmay/ChinmayPersonalProjects/gopdfsuit/internal/pdf/redact/pdf_utils.go,577,go_perf_layer_io_operations_scanner_used_for_large_token_stream,false_positive,Snippet does not show the rule precondition in this finding context
/home/chinmay/ChinmayPersonalProjects/deslop/scripts/chunks/Chunk_4076_4100.txt,4100,/home/chinmay/ChinmayPersonalProjects/gopdfsuit/internal/pdf/redact/pdf_utils.go,577,go_perf_layer_network_calls_retry_loop_without_backoff,false_positive,Snippet does not show the rule precondition in this finding context
/home/chinmay/ChinmayPersonalProjects/deslop/scripts/chunks/Chunk_4101_4125.txt,4101,/home/chinmay/ChinmayPersonalProjects/gopdfsuit/internal/pdf/redact/pdf_utils.go,616,go_perf_layer_network_calls_retry_loop_without_backoff,false_positive,Snippet does not show the rule precondition in this finding context
/home/chinmay/ChinmayPersonalProjects/deslop/scripts/chunks/Chunk_4101_4125.txt,4102,/home/chinmay/ChinmayPersonalProjects/gopdfsuit/internal/pdf/redact/pdf_utils.go,641,bytes_buffer_without_grow_known_bound,false_positive,Snippet does not show the rule precondition in this finding context
/home/chinmay/ChinmayPersonalProjects/deslop/scripts/chunks/Chunk_4101_4125.txt,4103,/home/chinmay/ChinmayPersonalProjects/gopdfsuit/internal/pdf/redact/pdf_utils.go,641,go_perf_layer_memory_allocation_bytes_buffer_allocated_per_record,false_positive,Snippet does not show the rule precondition in this finding context
/home/chinmay/ChinmayPersonalProjects/deslop/scripts/chunks/Chunk_4101_4125.txt,4104,/home/chinmay/ChinmayPersonalProjects/gopdfsuit/internal/pdf/redact/pdf_utils.go,641,go_perf_layer_memory_allocation_temporary_byte_slice_for_string_write,false_positive,Snippet does not show the rule precondition in this finding context
/home/chinmay/ChinmayPersonalProjects/deslop/scripts/chunks/Chunk_4101_4125.txt,4105,/home/chinmay/ChinmayPersonalProjects/gopdfsuit/internal/pdf/redact/pdf_utils.go,641,go_perf_layer_resource_pooling_buffer_pool_without_max_capacity,false_positive,Snippet does not show the rule precondition in this finding context
/home/chinmay/ChinmayPersonalProjects/deslop/scripts/chunks/Chunk_4101_4125.txt,4106,/home/chinmay/ChinmayPersonalProjects/gopdfsuit/internal/pdf/redact/pdf_utils.go,641,go_perf_layer_string_handling_byte_string_roundtrip_for_contains,false_positive,Snippet does not show the rule precondition in this finding context
/home/chinmay/ChinmayPersonalProjects/deslop/scripts/chunks/Chunk_4101_4125.txt,4107,/home/chinmay/ChinmayPersonalProjects/gopdfsuit/internal/pdf/redact/pdf_utils.go,642,go_perf_layer_network_calls_retry_loop_without_backoff,false_positive,Snippet does not show the rule precondition in this finding context
/home/chinmay/ChinmayPersonalProjects/deslop/scripts/chunks/Chunk_4101_4125.txt,4108,/home/chinmay/ChinmayPersonalProjects/gopdfsuit/internal/pdf/redact/pdf_utils.go,642,range_over_string_by_index,false_positive,Snippet does not show the rule precondition in this finding context
/home/chinmay/ChinmayPersonalProjects/deslop/scripts/chunks/Chunk_4101_4125.txt,4109,/home/chinmay/ChinmayPersonalProjects/gopdfsuit/internal/pdf/redact/pdf_utils.go,651,go_perf_layer_data_structure_choice_small_enum_string_switch_map,false_positive,Snippet does not show the rule precondition in this finding context
/home/chinmay/ChinmayPersonalProjects/deslop/scripts/chunks/Chunk_4101_4125.txt,4110,/home/chinmay/ChinmayPersonalProjects/gopdfsuit/internal/pdf/redact/pdf_utils.go,652,go_perf_layer_string_handling_string_lower_for_case_insensitive_compare,false_positive,Snippet does not show the rule precondition in this finding context
/home/chinmay/ChinmayPersonalProjects/deslop/scripts/chunks/Chunk_4101_4125.txt,4111,/home/chinmay/ChinmayPersonalProjects/gopdfsuit/internal/pdf/redact/pdf_utils.go,683,go_perf_layer_memory_allocation_temporary_byte_slice_for_string_write,false_positive,Snippet does not show the rule precondition in this finding context
/home/chinmay/ChinmayPersonalProjects/deslop/scripts/chunks/Chunk_4101_4125.txt,4112,/home/chinmay/ChinmayPersonalProjects/gopdfsuit/internal/pdf/redact/pdf_utils.go,683,go_perf_layer_string_handling_byte_string_roundtrip_for_contains,false_positive,Snippet does not show the rule precondition in this finding context
/home/chinmay/ChinmayPersonalProjects/deslop/scripts/chunks/Chunk_4101_4125.txt,4113,/home/chinmay/ChinmayPersonalProjects/gopdfsuit/internal/pdf/redact/pdf_utils.go,683,go_perf_layer_string_handling_string_lower_for_case_insensitive_compare,false_positive,Snippet does not show the rule precondition in this finding context
/home/chinmay/ChinmayPersonalProjects/deslop/scripts/chunks/Chunk_4101_4125.txt,4114,/home/chinmay/ChinmayPersonalProjects/gopdfsuit/internal/pdf/redact/pdf_utils.go,684,go_perf_layer_algorithmic_complexity_quadratic_append_filter_pipeline,false_positive,Snippet does not show the rule precondition in this finding context
/home/chinmay/ChinmayPersonalProjects/deslop/scripts/chunks/Chunk_4101_4125.txt,4115,/home/chinmay/ChinmayPersonalProjects/gopdfsuit/internal/pdf/redact/pdf_utils.go,695,go_perf_layer_algorithmic_complexity_repeated_nested_slice_scans,false_positive,Snippet does not show the rule precondition in this finding context
/home/chinmay/ChinmayPersonalProjects/deslop/scripts/chunks/Chunk_4101_4125.txt,4116,/home/chinmay/ChinmayPersonalProjects/gopdfsuit/internal/pdf/redact/pdf_utils.go,696,go_perf_layer_network_calls_retry_loop_without_backoff,false_positive,Snippet does not show the rule precondition in this finding context
/home/chinmay/ChinmayPersonalProjects/deslop/scripts/chunks/Chunk_4101_4125.txt,4117,/home/chinmay/ChinmayPersonalProjects/gopdfsuit/internal/pdf/redact/pdf_utils.go,731,go_perf_layer_database_access_count_query_before_paged_fetch,false_positive,Snippet does not show the rule precondition in this finding context
/home/chinmay/ChinmayPersonalProjects/deslop/scripts/chunks/Chunk_4101_4125.txt,4118,/home/chinmay/ChinmayPersonalProjects/gopdfsuit/internal/pdf/redact/pdf_utils.go,731,go_perf_layer_database_access_select_star_on_hot_query,false_positive,Snippet does not show the rule precondition in this finding context
/home/chinmay/ChinmayPersonalProjects/deslop/scripts/chunks/Chunk_4101_4125.txt,4119,/home/chinmay/ChinmayPersonalProjects/gopdfsuit/internal/pdf/redact/pdf_utils.go,732,go_perf_layer_string_handling_byte_string_roundtrip_for_contains,false_positive,Snippet does not show the rule precondition in this finding context
/home/chinmay/ChinmayPersonalProjects/deslop/scripts/chunks/Chunk_4101_4125.txt,4120,/home/chinmay/ChinmayPersonalProjects/gopdfsuit/internal/pdf/redact/pdf_utils.go,732,go_perf_layer_string_handling_fmt_sprintf_for_simple_concat,false_positive,Snippet does not show the rule precondition in this finding context
/home/chinmay/ChinmayPersonalProjects/deslop/scripts/chunks/Chunk_4101_4125.txt,4121,/home/chinmay/ChinmayPersonalProjects/gopdfsuit/internal/pdf/redact/pdf_utils.go,732,go_perf_layer_string_handling_string_lower_for_case_insensitive_compare,false_positive,Snippet does not show the rule precondition in this finding context
/home/chinmay/ChinmayPersonalProjects/deslop/scripts/chunks/Chunk_4101_4125.txt,4122,/home/chinmay/ChinmayPersonalProjects/gopdfsuit/internal/pdf/redact/pdf_utils.go,733,go_perf_layer_garbage_collection_cleanup_response_body_not_drained_for_reuse,false_positive,Snippet does not show the rule precondition in this finding context
/home/chinmay/ChinmayPersonalProjects/deslop/scripts/chunks/Chunk_4101_4125.txt,4123,/home/chinmay/ChinmayPersonalProjects/gopdfsuit/internal/pdf/redact/pdf_utils.go,733,go_perf_layer_serialization_gzip_writer_created_per_small_payload,false_positive,Snippet does not show the rule precondition in this finding context
/home/chinmay/ChinmayPersonalProjects/deslop/scripts/chunks/Chunk_4101_4125.txt,4124,/home/chinmay/ChinmayPersonalProjects/gopdfsuit/internal/pdf/redact/pdf_utils.go,735,go_perf_layer_caching_cache_key_built_with_fmt,false_positive,Snippet does not show the rule precondition in this finding context
/home/chinmay/ChinmayPersonalProjects/deslop/scripts/chunks/Chunk_4101_4125.txt,4125,/home/chinmay/ChinmayPersonalProjects/gopdfsuit/internal/pdf/redact/pdf_utils.go,735,go_perf_layer_caching_json_cache_value_stored_as_string,false_positive,Snippet does not show the rule precondition in this finding context
/home/chinmay/ChinmayPersonalProjects/deslop/scripts/chunks/Chunk_4126_4150.txt,4126,/home/chinmay/ChinmayPersonalProjects/gopdfsuit/internal/pdf/redact/pdf_utils.go,735,go_perf_layer_memory_allocation_temporary_byte_slice_for_string_write,false_positive,Snippet does not show the rule precondition in this finding context
/home/chinmay/ChinmayPersonalProjects/deslop/scripts/chunks/Chunk_4126_4150.txt,4127,/home/chinmay/ChinmayPersonalProjects/gopdfsuit/internal/pdf/redact/pdf_utils.go,739,go_perf_layer_caching_unbounded_cache_map,false_positive,Snippet does not show the rule precondition in this finding context
/home/chinmay/ChinmayPersonalProjects/deslop/scripts/chunks/Chunk_4126_4150.txt,4128,/home/chinmay/ChinmayPersonalProjects/gopdfsuit/internal/pdf/redact/pdf_utils.go,744,go_perf_layer_resource_pooling_buffer_pool_without_max_capacity,false_positive,Snippet does not show the rule precondition in this finding context
/home/chinmay/ChinmayPersonalProjects/deslop/scripts/chunks/Chunk_4126_4150.txt,4129,/home/chinmay/ChinmayPersonalProjects/gopdfsuit/internal/pdf/redact/pdf_utils.go,745,go_perf_layer_io_operations_small_writes_without_bufio_writer,false_positive,Snippet does not show the rule precondition in this finding context
/home/chinmay/ChinmayPersonalProjects/deslop/scripts/chunks/Chunk_4126_4150.txt,4130,/home/chinmay/ChinmayPersonalProjects/gopdfsuit/internal/pdf/redact/pdf_utils.go,759,sprintf_for_simple_string_format,false_positive,Snippet does not show the rule precondition in this finding context
/home/chinmay/ChinmayPersonalProjects/deslop/scripts/chunks/Chunk_4126_4150.txt,4131,/home/chinmay/ChinmayPersonalProjects/gopdfsuit/internal/pdf/redact/pdf_utils.go,763,sprintf_for_simple_string_format,false_positive,Snippet does not show the rule precondition in this finding context
/home/chinmay/ChinmayPersonalProjects/deslop/scripts/chunks/Chunk_4126_4150.txt,4132,/home/chinmay/ChinmayPersonalProjects/gopdfsuit/internal/pdf/redact/pdf_utils.go,778,go_perf_layer_algorithmic_complexity_quadratic_append_filter_pipeline,false_positive,Snippet does not show the rule precondition in this finding context
/home/chinmay/ChinmayPersonalProjects/deslop/scripts/chunks/Chunk_4126_4150.txt,4133,/home/chinmay/ChinmayPersonalProjects/gopdfsuit/internal/pdf/redact/pdf_utils.go,778,go_perf_layer_algorithmic_complexity_repeated_nested_slice_scans,false_positive,Snippet does not show the rule precondition in this finding context
/home/chinmay/ChinmayPersonalProjects/deslop/scripts/chunks/Chunk_4126_4150.txt,4134,/home/chinmay/ChinmayPersonalProjects/gopdfsuit/internal/pdf/redact/pdf_utils.go,778,go_perf_layer_caching_cache_key_built_with_fmt,false_positive,Snippet does not show the rule precondition in this finding context
/home/chinmay/ChinmayPersonalProjects/deslop/scripts/chunks/Chunk_4126_4150.txt,4135,/home/chinmay/ChinmayPersonalProjects/gopdfsuit/internal/pdf/redact/pdf_utils.go,778,go_perf_layer_caching_cache_miss_does_duplicate_work,false_positive,Snippet does not show the rule precondition in this finding context
/home/chinmay/ChinmayPersonalProjects/deslop/scripts/chunks/Chunk_4126_4150.txt,4136,/home/chinmay/ChinmayPersonalProjects/gopdfsuit/internal/pdf/redact/pdf_utils.go,778,go_perf_layer_caching_json_cache_value_stored_as_string,false_positive,Snippet does not show the rule precondition in this finding context
/home/chinmay/ChinmayPersonalProjects/deslop/scripts/chunks/Chunk_4126_4150.txt,4137,/home/chinmay/ChinmayPersonalProjects/gopdfsuit/internal/pdf/redact/pdf_utils.go,778,go_perf_layer_caching_unbounded_cache_map,false_positive,Snippet does not show the rule precondition in this finding context
/home/chinmay/ChinmayPersonalProjects/deslop/scripts/chunks/Chunk_4126_4150.txt,4138,/home/chinmay/ChinmayPersonalProjects/gopdfsuit/internal/pdf/redact/pdf_utils.go,778,go_perf_layer_data_structure_choice_interface_map_for_typed_values,false_positive,Snippet does not show the rule precondition in this finding context
/home/chinmay/ChinmayPersonalProjects/deslop/scripts/chunks/Chunk_4126_4150.txt,4139,/home/chinmay/ChinmayPersonalProjects/gopdfsuit/internal/pdf/redact/pdf_utils.go,778,go_perf_layer_data_structure_choice_map_string_bool_for_membership,false_positive,Snippet does not show the rule precondition in this finding context
/home/chinmay/ChinmayPersonalProjects/deslop/scripts/chunks/Chunk_4126_4150.txt,4140,/home/chinmay/ChinmayPersonalProjects/gopdfsuit/internal/pdf/redact/pdf_utils.go,778,go_perf_layer_data_structure_choice_small_enum_string_switch_map,false_positive,Snippet does not show the rule precondition in this finding context
/home/chinmay/ChinmayPersonalProjects/deslop/scripts/chunks/Chunk_4126_4150.txt,4141,/home/chinmay/ChinmayPersonalProjects/gopdfsuit/internal/pdf/redact/pdf_utils.go,778,go_perf_layer_error_handling_cost_error_string_built_before_error_needed,false_positive,Snippet does not show the rule precondition in this finding context
/home/chinmay/ChinmayPersonalProjects/deslop/scripts/chunks/Chunk_4126_4150.txt,4142,/home/chinmay/ChinmayPersonalProjects/gopdfsuit/internal/pdf/redact/pdf_utils.go,778,go_perf_layer_memory_allocation_bytes_buffer_allocated_per_record,false_positive,Snippet does not show the rule precondition in this finding context
/home/chinmay/ChinmayPersonalProjects/deslop/scripts/chunks/Chunk_4126_4150.txt,4143,/home/chinmay/ChinmayPersonalProjects/gopdfsuit/internal/pdf/redact/pdf_utils.go,778,go_perf_layer_memory_allocation_temporary_byte_slice_for_string_write,false_positive,Snippet does not show the rule precondition in this finding context
/home/chinmay/ChinmayPersonalProjects/deslop/scripts/chunks/Chunk_4126_4150.txt,4144,/home/chinmay/ChinmayPersonalProjects/gopdfsuit/internal/pdf/redact/pdf_utils.go,778,go_perf_layer_string_handling_byte_string_roundtrip_for_contains,false_positive,Snippet does not show the rule precondition in this finding context
/home/chinmay/ChinmayPersonalProjects/deslop/scripts/chunks/Chunk_4126_4150.txt,4145,/home/chinmay/ChinmayPersonalProjects/gopdfsuit/internal/pdf/redact/pdf_utils.go,783,go_perf_layer_string_handling_fmt_sprintf_for_simple_concat,false_positive,Snippet does not show the rule precondition in this finding context
/home/chinmay/ChinmayPersonalProjects/deslop/scripts/chunks/Chunk_4126_4150.txt,4146,/home/chinmay/ChinmayPersonalProjects/gopdfsuit/internal/pdf/redact/pdf_utils.go,783,go_perf_layer_string_handling_string_lower_for_case_insensitive_compare,false_positive,Snippet does not show the rule precondition in this finding context
/home/chinmay/ChinmayPersonalProjects/deslop/scripts/chunks/Chunk_4126_4150.txt,4147,/home/chinmay/ChinmayPersonalProjects/gopdfsuit/internal/pdf/redact/pdf_utils.go,788,go_perf_layer_collection_iteration_copy_slice_before_readonly_range,false_positive,Snippet does not show the rule precondition in this finding context
/home/chinmay/ChinmayPersonalProjects/deslop/scripts/chunks/Chunk_4126_4150.txt,4148,/home/chinmay/ChinmayPersonalProjects/gopdfsuit/internal/pdf/redact/pdf_utils.go,788,go_perf_layer_memory_allocation_map_recreated_for_static_lookup,false_positive,Snippet does not show the rule precondition in this finding context
/home/chinmay/ChinmayPersonalProjects/deslop/scripts/chunks/Chunk_4126_4150.txt,4149,/home/chinmay/ChinmayPersonalProjects/gopdfsuit/internal/pdf/redact/pdf_utils.go,791,go_perf_layer_collection_iteration_range_over_map_for_deterministic_first,false_positive,Snippet does not show the rule precondition in this finding context
/home/chinmay/ChinmayPersonalProjects/deslop/scripts/chunks/Chunk_4126_4150.txt,4150,/home/chinmay/ChinmayPersonalProjects/gopdfsuit/internal/pdf/redact/pdf_utils.go,791,go_perf_layer_database_access_count_query_before_paged_fetch,false_positive,Snippet does not show the rule precondition in this finding context
/home/chinmay/ChinmayPersonalProjects/deslop/scripts/chunks/Chunk_4151_4175.txt,4151,/home/chinmay/ChinmayPersonalProjects/gopdfsuit/internal/pdf/redact/pdf_utils.go,791,go_perf_layer_database_access_rows_scan_into_map_per_row,false_positive,Snippet does not show the rule precondition in this finding context
/home/chinmay/ChinmayPersonalProjects/deslop/scripts/chunks/Chunk_4151_4175.txt,4152,/home/chinmay/ChinmayPersonalProjects/gopdfsuit/internal/pdf/redact/pdf_utils.go,791,go_perf_layer_garbage_collection_cleanup_response_body_not_drained_for_reuse,false_positive,Snippet does not show the rule precondition in this finding context
/home/chinmay/ChinmayPersonalProjects/deslop/scripts/chunks/Chunk_4151_4175.txt,4153,/home/chinmay/ChinmayPersonalProjects/gopdfsuit/internal/pdf/redact/pdf_utils.go,791,go_perf_layer_network_calls_retry_loop_without_backoff,false_positive,Snippet does not show the rule precondition in this finding context
/home/chinmay/ChinmayPersonalProjects/deslop/scripts/chunks/Chunk_4151_4175.txt,4154,/home/chinmay/ChinmayPersonalProjects/gopdfsuit/internal/pdf/redact/pdf_utils.go,791,go_perf_layer_serialization_gzip_writer_created_per_small_payload,false_positive,Snippet does not show the rule precondition in this finding context
/home/chinmay/ChinmayPersonalProjects/deslop/scripts/chunks/Chunk_4151_4175.txt,4155,/home/chinmay/ChinmayPersonalProjects/gopdfsuit/internal/pdf/redact/pdf_utils.go,817,go_perf_layer_database_access_select_star_on_hot_query,false_positive,Snippet does not show the rule precondition in this finding context
/home/chinmay/ChinmayPersonalProjects/deslop/scripts/chunks/Chunk_4151_4175.txt,4156,/home/chinmay/ChinmayPersonalProjects/gopdfsuit/internal/pdf/redact/pdf_utils.go,818,go_perf_layer_database_access_query_inside_loop_without_batching,false_positive,Snippet does not show the rule precondition in this finding context
/home/chinmay/ChinmayPersonalProjects/deslop/scripts/chunks/Chunk_4151_4175.txt,4157,/home/chinmay/ChinmayPersonalProjects/gopdfsuit/internal/pdf/redact/pdf_utils.go,824,bytes_buffer_without_grow_known_bound,false_positive,Snippet does not show the rule precondition in this finding context
/home/chinmay/ChinmayPersonalProjects/deslop/scripts/chunks/Chunk_4151_4175.txt,4158,/home/chinmay/ChinmayPersonalProjects/gopdfsuit/internal/pdf/redact/pdf_utils.go,825,go_perf_layer_io_operations_small_writes_without_bufio_writer,false_positive,Snippet does not show the rule precondition in this finding context
/home/chinmay/ChinmayPersonalProjects/deslop/scripts/chunks/Chunk_4151_4175.txt,4159,/home/chinmay/ChinmayPersonalProjects/gopdfsuit/internal/pdf/redact/pdf_utils.go,839,map_growth_without_size_hint,false_positive,Snippet does not show the rule precondition in this finding context
/home/chinmay/ChinmayPersonalProjects/deslop/scripts/chunks/Chunk_4151_4175.txt,4160,/home/chinmay/ChinmayPersonalProjects/gopdfsuit/internal/pdf/redact/pdf_utils.go,845,fmt_hot_path,false_positive,Snippet does not show the rule precondition in this finding context
/home/chinmay/ChinmayPersonalProjects/deslop/scripts/chunks/Chunk_4151_4175.txt,4161,/home/chinmay/ChinmayPersonalProjects/gopdfsuit/internal/pdf/redact/pdf_utils.go,875,fmt_hot_path,false_positive,Snippet does not show the rule precondition in this finding context
/home/chinmay/ChinmayPersonalProjects/deslop/scripts/chunks/Chunk_4151_4175.txt,4162,/home/chinmay/ChinmayPersonalProjects/gopdfsuit/internal/pdf/redact/pdf_utils.go,881,slice_append_without_prealloc_known_bound,false_positive,Snippet does not show the rule precondition in this finding context
/home/chinmay/ChinmayPersonalProjects/deslop/scripts/chunks/Chunk_4151_4175.txt,4163,/home/chinmay/ChinmayPersonalProjects/gopdfsuit/internal/pdf/redact/pdf_utils.go,881,slice_grow_without_cap_hint,false_positive,Snippet does not show the rule precondition in this finding context
/home/chinmay/ChinmayPersonalProjects/deslop/scripts/chunks/Chunk_4151_4175.txt,4164,/home/chinmay/ChinmayPersonalProjects/gopdfsuit/internal/pdf/redact/pdf_utils.go,901,go_perf_layer_memory_allocation_temporary_byte_slice_for_string_write,false_positive,Snippet does not show the rule precondition in this finding context
/home/chinmay/ChinmayPersonalProjects/deslop/scripts/chunks/Chunk_4151_4175.txt,4165,/home/chinmay/ChinmayPersonalProjects/gopdfsuit/internal/pdf/redact/pdf_utils.go,901,go_perf_layer_string_handling_byte_string_roundtrip_for_contains,false_positive,Snippet does not show the rule precondition in this finding context
/home/chinmay/ChinmayPersonalProjects/deslop/scripts/chunks/Chunk_4151_4175.txt,4166,/home/chinmay/ChinmayPersonalProjects/gopdfsuit/internal/pdf/redact/pdf_utils.go,901,go_perf_layer_string_handling_string_lower_for_case_insensitive_compare,false_positive,Snippet does not show the rule precondition in this finding context
/home/chinmay/ChinmayPersonalProjects/deslop/scripts/chunks/Chunk_4151_4175.txt,4167,/home/chinmay/ChinmayPersonalProjects/gopdfsuit/internal/pdf/redact/pdf_utils.go,907,go_perf_layer_database_access_query_inside_loop_without_batching,false_positive,Snippet does not show the rule precondition in this finding context
/home/chinmay/ChinmayPersonalProjects/deslop/scripts/chunks/Chunk_4151_4175.txt,4168,/home/chinmay/ChinmayPersonalProjects/gopdfsuit/internal/pdf/redact/pdf_utils.go,913,go_perf_layer_network_calls_retry_loop_without_backoff,false_positive,Snippet does not show the rule precondition in this finding context
/home/chinmay/ChinmayPersonalProjects/deslop/scripts/chunks/Chunk_4151_4175.txt,4169,/home/chinmay/ChinmayPersonalProjects/gopdfsuit/internal/pdf/redact/pdf_utils.go,922,go_perf_layer_memory_allocation_temporary_byte_slice_for_string_write,false_positive,Snippet does not show the rule precondition in this finding context
/home/chinmay/ChinmayPersonalProjects/deslop/scripts/chunks/Chunk_4151_4175.txt,4170,/home/chinmay/ChinmayPersonalProjects/gopdfsuit/internal/pdf/redact/pdf_utils.go,922,go_perf_layer_string_handling_byte_string_roundtrip_for_contains,false_positive,Snippet does not show the rule precondition in this finding context
/home/chinmay/ChinmayPersonalProjects/deslop/scripts/chunks/Chunk_4151_4175.txt,4171,/home/chinmay/ChinmayPersonalProjects/gopdfsuit/internal/pdf/redact/pdf_utils.go,922,go_perf_layer_string_handling_string_lower_for_case_insensitive_compare,false_positive,Snippet does not show the rule precondition in this finding context
/home/chinmay/ChinmayPersonalProjects/deslop/scripts/chunks/Chunk_4151_4175.txt,4172,/home/chinmay/ChinmayPersonalProjects/gopdfsuit/internal/pdf/redact/pdf_utils.go,925,go_perf_layer_database_access_select_star_on_hot_query,false_positive,Snippet does not show the rule precondition in this finding context
/home/chinmay/ChinmayPersonalProjects/deslop/scripts/chunks/Chunk_4151_4175.txt,4173,/home/chinmay/ChinmayPersonalProjects/gopdfsuit/internal/pdf/redact/redact_financial_report_test.go,14,full_dataset_load,false_positive,Snippet does not show the rule precondition in this finding context
/home/chinmay/ChinmayPersonalProjects/deslop/scripts/chunks/Chunk_4151_4175.txt,4174,/home/chinmay/ChinmayPersonalProjects/gopdfsuit/internal/pdf/redact/redact_financial_report_test.go,58,full_dataset_load,false_positive,Snippet does not show the rule precondition in this finding context
/home/chinmay/ChinmayPersonalProjects/deslop/scripts/chunks/Chunk_4151_4175.txt,4175,/home/chinmay/ChinmayPersonalProjects/gopdfsuit/internal/pdf/redact/redact_financial_report_test.go,89,full_dataset_load,false_positive,Snippet does not show the rule precondition in this finding context
/home/chinmay/ChinmayPersonalProjects/deslop/scripts/chunks/Chunk_4176_4200.txt,4176,/home/chinmay/ChinmayPersonalProjects/gopdfsuit/internal/pdf/redact/redactor.go,23,go_perf_layer_memory_allocation_bytes_buffer_allocated_per_record,false_positive,Snippet does not show the rule precondition in this finding context
/home/chinmay/ChinmayPersonalProjects/deslop/scripts/chunks/Chunk_4176_4200.txt,4177,/home/chinmay/ChinmayPersonalProjects/gopdfsuit/internal/pdf/redact/redactor.go,23,go_perf_layer_string_handling_string_lower_for_case_insensitive_compare,false_positive,Snippet does not show the rule precondition in this finding context
/home/chinmay/ChinmayPersonalProjects/deslop/scripts/chunks/Chunk_4176_4200.txt,4178,/home/chinmay/ChinmayPersonalProjects/gopdfsuit/internal/pdf/redact/redactor.go,24,errors_new_for_static_sentinel,false_positive,Snippet does not show the rule precondition in this finding context
/home/chinmay/ChinmayPersonalProjects/deslop/scripts/chunks/Chunk_4176_4200.txt,4179,/home/chinmay/ChinmayPersonalProjects/gopdfsuit/internal/pdf/redact/redactor.go,28,go_perf_layer_network_calls_retry_loop_without_backoff,false_positive,Snippet does not show the rule precondition in this finding context
/home/chinmay/ChinmayPersonalProjects/deslop/scripts/chunks/Chunk_4176_4200.txt,4180,/home/chinmay/ChinmayPersonalProjects/gopdfsuit/internal/pdf/redact/redactor.go,55,go_perf_layer_memory_allocation_temporary_byte_slice_for_string_write,false_positive,Snippet does not show the rule precondition in this finding context
/home/chinmay/ChinmayPersonalProjects/deslop/scripts/chunks/Chunk_4176_4200.txt,4181,/home/chinmay/ChinmayPersonalProjects/gopdfsuit/internal/pdf/redact/redactor.go,55,go_perf_layer_string_handling_byte_string_roundtrip_for_contains,false_positive,Snippet does not show the rule precondition in this finding context
/home/chinmay/ChinmayPersonalProjects/deslop/scripts/chunks/Chunk_4176_4200.txt,4182,/home/chinmay/ChinmayPersonalProjects/gopdfsuit/internal/pdf/redact/redactor.go,55,go_perf_layer_string_handling_string_lower_for_case_insensitive_compare,false_positive,Snippet does not show the rule precondition in this finding context
/home/chinmay/ChinmayPersonalProjects/deslop/scripts/chunks/Chunk_4176_4200.txt,4183,/home/chinmay/ChinmayPersonalProjects/gopdfsuit/internal/pdf/redact/redactor.go,56,errors_new_for_static_sentinel,false_positive,Snippet does not show the rule precondition in this finding context
/home/chinmay/ChinmayPersonalProjects/deslop/scripts/chunks/Chunk_4176_4200.txt,4184,/home/chinmay/ChinmayPersonalProjects/gopdfsuit/internal/pdf/redact/redactor.go,56,go_perf_layer_error_handling_cost_error_string_built_before_error_needed,false_positive,Snippet does not show the rule precondition in this finding context
/home/chinmay/ChinmayPersonalProjects/deslop/scripts/chunks/Chunk_4176_4200.txt,4185,/home/chinmay/ChinmayPersonalProjects/gopdfsuit/internal/pdf/redact/redactor.go,56,go_perf_layer_memory_allocation_map_recreated_for_static_lookup,false_positive,Snippet does not show the rule precondition in this finding context
/home/chinmay/ChinmayPersonalProjects/deslop/scripts/chunks/Chunk_4176_4200.txt,4186,/home/chinmay/ChinmayPersonalProjects/gopdfsuit/internal/pdf/redact/redactor.go,63,go_perf_layer_database_access_count_query_before_paged_fetch,false_positive,Snippet does not show the rule precondition in this finding context
/home/chinmay/ChinmayPersonalProjects/deslop/scripts/chunks/Chunk_4176_4200.txt,4187,/home/chinmay/ChinmayPersonalProjects/gopdfsuit/internal/pdf/redact/redactor.go,68,go_perf_layer_caching_cache_key_built_with_fmt,false_positive,Snippet does not show the rule precondition in this finding context
/home/chinmay/ChinmayPersonalProjects/deslop/scripts/chunks/Chunk_4176_4200.txt,4188,/home/chinmay/ChinmayPersonalProjects/gopdfsuit/internal/pdf/redact/redactor.go,68,go_perf_layer_caching_json_cache_value_stored_as_string,false_positive,Snippet does not show the rule precondition in this finding context
/home/chinmay/ChinmayPersonalProjects/deslop/scripts/chunks/Chunk_4176_4200.txt,4189,/home/chinmay/ChinmayPersonalProjects/gopdfsuit/internal/pdf/redact/redactor.go,68,go_perf_layer_caching_unbounded_cache_map,false_positive,Snippet does not show the rule precondition in this finding context
/home/chinmay/ChinmayPersonalProjects/deslop/scripts/chunks/Chunk_4176_4200.txt,4190,/home/chinmay/ChinmayPersonalProjects/gopdfsuit/internal/pdf/redact/redactor.go,68,go_perf_layer_data_structure_choice_map_string_bool_for_membership,false_positive,Snippet does not show the rule precondition in this finding context
/home/chinmay/ChinmayPersonalProjects/deslop/scripts/chunks/Chunk_4176_4200.txt,4191,/home/chinmay/ChinmayPersonalProjects/gopdfsuit/internal/pdf/redact/redactor.go,68,go_perf_layer_data_structure_choice_small_enum_string_switch_map,false_positive,Snippet does not show the rule precondition in this finding context
/home/chinmay/ChinmayPersonalProjects/deslop/scripts/chunks/Chunk_4176_4200.txt,4192,/home/chinmay/ChinmayPersonalProjects/gopdfsuit/internal/pdf/redact/redactor.go,78,go_perf_layer_garbage_collection_cleanup_response_body_not_drained_for_reuse,false_positive,Snippet does not show the rule precondition in this finding context
/home/chinmay/ChinmayPersonalProjects/deslop/scripts/chunks/Chunk_4176_4200.txt,4193,/home/chinmay/ChinmayPersonalProjects/gopdfsuit/internal/pdf/redact/redactor.go,103,go_perf_layer_caching_cache_key_built_with_fmt,false_positive,Snippet does not show the rule precondition in this finding context
/home/chinmay/ChinmayPersonalProjects/deslop/scripts/chunks/Chunk_4176_4200.txt,4194,/home/chinmay/ChinmayPersonalProjects/gopdfsuit/internal/pdf/redact/redactor.go,103,go_perf_layer_caching_json_cache_value_stored_as_string,false_positive,Snippet does not show the rule precondition in this finding context
/home/chinmay/ChinmayPersonalProjects/deslop/scripts/chunks/Chunk_4176_4200.txt,4195,/home/chinmay/ChinmayPersonalProjects/gopdfsuit/internal/pdf/redact/redactor.go,103,go_perf_layer_caching_unbounded_cache_map,false_positive,Snippet does not show the rule precondition in this finding context
/home/chinmay/ChinmayPersonalProjects/deslop/scripts/chunks/Chunk_4176_4200.txt,4196,/home/chinmay/ChinmayPersonalProjects/gopdfsuit/internal/pdf/redact/redactor.go,103,go_perf_layer_data_structure_choice_map_string_bool_for_membership,false_positive,Snippet does not show the rule precondition in this finding context
/home/chinmay/ChinmayPersonalProjects/deslop/scripts/chunks/Chunk_4176_4200.txt,4197,/home/chinmay/ChinmayPersonalProjects/gopdfsuit/internal/pdf/redact/redactor.go,103,go_perf_layer_data_structure_choice_small_enum_string_switch_map,false_positive,Snippet does not show the rule precondition in this finding context
/home/chinmay/ChinmayPersonalProjects/deslop/scripts/chunks/Chunk_4176_4200.txt,4198,/home/chinmay/ChinmayPersonalProjects/gopdfsuit/internal/pdf/redact/redactor.go,104,go_perf_layer_error_handling_cost_error_string_built_before_error_needed,false_positive,Snippet does not show the rule precondition in this finding context
/home/chinmay/ChinmayPersonalProjects/deslop/scripts/chunks/Chunk_4176_4200.txt,4199,/home/chinmay/ChinmayPersonalProjects/gopdfsuit/internal/pdf/redact/redactor.go,105,go_perf_layer_algorithmic_complexity_quadratic_append_filter_pipeline,false_positive,Snippet does not show the rule precondition in this finding context
/home/chinmay/ChinmayPersonalProjects/deslop/scripts/chunks/Chunk_4176_4200.txt,4200,/home/chinmay/ChinmayPersonalProjects/gopdfsuit/internal/pdf/redact/redactor.go,105,go_perf_layer_string_handling_string_lower_for_case_insensitive_compare,false_positive,Snippet does not show the rule precondition in this finding context
/home/chinmay/ChinmayPersonalProjects/deslop/scripts/chunks/Chunk_4201_4225.txt,4201,/home/chinmay/ChinmayPersonalProjects/gopdfsuit/internal/pdf/redact/redactor.go,106,go_perf_layer_algorithmic_complexity_repeated_nested_slice_scans,false_positive,Snippet does not show the rule precondition in this finding context
/home/chinmay/ChinmayPersonalProjects/deslop/scripts/chunks/Chunk_4201_4225.txt,4202,/home/chinmay/ChinmayPersonalProjects/gopdfsuit/internal/pdf/redact/redactor.go,106,go_perf_layer_memory_allocation_bytes_buffer_allocated_per_record,false_positive,Snippet does not show the rule precondition in this finding context
/home/chinmay/ChinmayPersonalProjects/deslop/scripts/chunks/Chunk_4201_4225.txt,4203,/home/chinmay/ChinmayPersonalProjects/gopdfsuit/internal/pdf/redact/redactor.go,106,go_perf_layer_memory_allocation_temporary_byte_slice_for_string_write,false_positive,Snippet does not show the rule precondition in this finding context
/home/chinmay/ChinmayPersonalProjects/deslop/scripts/chunks/Chunk_4201_4225.txt,4204,/home/chinmay/ChinmayPersonalProjects/gopdfsuit/internal/pdf/redact/redactor.go,106,go_perf_layer_string_handling_byte_string_roundtrip_for_contains,false_positive,Snippet does not show the rule precondition in this finding context
/home/chinmay/ChinmayPersonalProjects/deslop/scripts/chunks/Chunk_4201_4225.txt,4205,/home/chinmay/ChinmayPersonalProjects/gopdfsuit/internal/pdf/redact/redactor.go,121,go_perf_layer_collection_iteration_copy_slice_before_readonly_range,false_positive,Snippet does not show the rule precondition in this finding context
/home/chinmay/ChinmayPersonalProjects/deslop/scripts/chunks/Chunk_4201_4225.txt,4206,/home/chinmay/ChinmayPersonalProjects/gopdfsuit/internal/pdf/redact/redactor.go,121,go_perf_layer_memory_allocation_map_recreated_for_static_lookup,false_positive,Snippet does not show the rule precondition in this finding context
/home/chinmay/ChinmayPersonalProjects/deslop/scripts/chunks/Chunk_4201_4225.txt,4207,/home/chinmay/ChinmayPersonalProjects/gopdfsuit/internal/pdf/redact/redactor.go,122,go_perf_layer_collection_iteration_manual_index_loop_without_bounds_need,false_positive,Snippet does not show the rule precondition in this finding context
/home/chinmay/ChinmayPersonalProjects/deslop/scripts/chunks/Chunk_4201_4225.txt,4208,/home/chinmay/ChinmayPersonalProjects/gopdfsuit/internal/pdf/redact/redactor.go,122,go_perf_layer_collection_iteration_range_over_map_for_deterministic_first,false_positive,Snippet does not show the rule precondition in this finding context
/home/chinmay/ChinmayPersonalProjects/deslop/scripts/chunks/Chunk_4201_4225.txt,4209,/home/chinmay/ChinmayPersonalProjects/gopdfsuit/internal/pdf/redact/redactor.go,122,go_perf_layer_database_access_rows_scan_into_map_per_row,false_positive,Snippet does not show the rule precondition in this finding context
/home/chinmay/ChinmayPersonalProjects/deslop/scripts/chunks/Chunk_4201_4225.txt,4210,/home/chinmay/ChinmayPersonalProjects/gopdfsuit/internal/pdf/redact/redactor.go,122,go_perf_layer_io_operations_scanner_used_for_large_token_stream,false_positive,Snippet does not show the rule precondition in this finding context
/home/chinmay/ChinmayPersonalProjects/deslop/scripts/chunks/Chunk_4201_4225.txt,4211,/home/chinmay/ChinmayPersonalProjects/gopdfsuit/internal/pdf/redact/redactor.go,122,go_perf_layer_network_calls_retry_loop_without_backoff,false_positive,Snippet does not show the rule precondition in this finding context
/home/chinmay/ChinmayPersonalProjects/deslop/scripts/chunks/Chunk_4201_4225.txt,4212,/home/chinmay/ChinmayPersonalProjects/gopdfsuit/internal/pdf/redact/redactor.go,123,go_perf_layer_database_access_count_query_before_paged_fetch,false_positive,Snippet does not show the rule precondition in this finding context
/home/chinmay/ChinmayPersonalProjects/deslop/scripts/chunks/Chunk_4201_4225.txt,4213,/home/chinmay/ChinmayPersonalProjects/gopdfsuit/internal/pdf/redact/redactor.go,123,go_perf_layer_database_access_query_inside_loop_without_batching,false_positive,Snippet does not show the rule precondition in this finding context
/home/chinmay/ChinmayPersonalProjects/deslop/scripts/chunks/Chunk_4201_4225.txt,4214,/home/chinmay/ChinmayPersonalProjects/gopdfsuit/internal/pdf/redact/redactor.go,128,go_perf_layer_garbage_collection_cleanup_response_body_not_drained_for_reuse,false_positive,Snippet does not show the rule precondition in this finding context
/home/chinmay/ChinmayPersonalProjects/deslop/scripts/chunks/Chunk_4201_4225.txt,4215,/home/chinmay/ChinmayPersonalProjects/gopdfsuit/internal/pdf/redact/redactor.go,138,allocation_churn_in_loop,false_positive,Snippet does not show the rule precondition in this finding context
/home/chinmay/ChinmayPersonalProjects/deslop/scripts/chunks/Chunk_4201_4225.txt,4216,/home/chinmay/ChinmayPersonalProjects/gopdfsuit/internal/pdf/redact/redactor.go,138,make_slice_inside_hot_loop_same_shape,false_positive,Snippet does not show the rule precondition in this finding context
/home/chinmay/ChinmayPersonalProjects/deslop/scripts/chunks/Chunk_4201_4225.txt,4217,/home/chinmay/ChinmayPersonalProjects/gopdfsuit/internal/pdf/redact/redactor.go,180,overlong_name,true_positive,Identifier name is unusually long and token-heavy
/home/chinmay/ChinmayPersonalProjects/deslop/scripts/chunks/Chunk_4201_4225.txt,4218,/home/chinmay/ChinmayPersonalProjects/gopdfsuit/internal/pdf/redact/redactor.go,181,go_perf_layer_algorithmic_complexity_quadratic_append_filter_pipeline,false_positive,Snippet does not show the rule precondition in this finding context
/home/chinmay/ChinmayPersonalProjects/deslop/scripts/chunks/Chunk_4201_4225.txt,4219,/home/chinmay/ChinmayPersonalProjects/gopdfsuit/internal/pdf/redact/redactor.go,181,go_perf_layer_memory_allocation_bytes_buffer_allocated_per_record,false_positive,Snippet does not show the rule precondition in this finding context
/home/chinmay/ChinmayPersonalProjects/deslop/scripts/chunks/Chunk_4201_4225.txt,4220,/home/chinmay/ChinmayPersonalProjects/gopdfsuit/internal/pdf/redact/redactor.go,181,go_perf_layer_memory_allocation_temporary_byte_slice_for_string_write,false_positive,Snippet does not show the rule precondition in this finding context
/home/chinmay/ChinmayPersonalProjects/deslop/scripts/chunks/Chunk_4201_4225.txt,4221,/home/chinmay/ChinmayPersonalProjects/gopdfsuit/internal/pdf/redact/redactor.go,181,go_perf_layer_string_handling_byte_string_roundtrip_for_contains,false_positive,Snippet does not show the rule precondition in this finding context
/home/chinmay/ChinmayPersonalProjects/deslop/scripts/chunks/Chunk_4201_4225.txt,4222,/home/chinmay/ChinmayPersonalProjects/gopdfsuit/internal/pdf/redact/redactor.go,181,go_perf_layer_string_handling_string_lower_for_case_insensitive_compare,false_positive,Snippet does not show the rule precondition in this finding context
/home/chinmay/ChinmayPersonalProjects/deslop/scripts/chunks/Chunk_4201_4225.txt,4223,/home/chinmay/ChinmayPersonalProjects/gopdfsuit/internal/pdf/redact/redactor.go,182,errors_new_for_static_sentinel,false_positive,Snippet does not show the rule precondition in this finding context
/home/chinmay/ChinmayPersonalProjects/deslop/scripts/chunks/Chunk_4201_4225.txt,4224,/home/chinmay/ChinmayPersonalProjects/gopdfsuit/internal/pdf/redact/redactor.go,182,go_perf_layer_error_handling_cost_error_string_built_before_error_needed,false_positive,Snippet does not show the rule precondition in this finding context
/home/chinmay/ChinmayPersonalProjects/deslop/scripts/chunks/Chunk_4201_4225.txt,4225,/home/chinmay/ChinmayPersonalProjects/gopdfsuit/internal/pdf/redact/redactor.go,182,go_perf_layer_error_handling_cost_multierror_append_for_success_path,false_positive,Snippet does not show the rule precondition in this finding context
/home/chinmay/ChinmayPersonalProjects/deslop/scripts/chunks/Chunk_4226_4250.txt,4226,/home/chinmay/ChinmayPersonalProjects/gopdfsuit/internal/pdf/redact/redactor.go,182,go_perf_layer_error_handling_cost_sentinel_error_allocated_per_call,false_positive,Snippet does not show the rule precondition in this finding context
/home/chinmay/ChinmayPersonalProjects/deslop/scripts/chunks/Chunk_4226_4250.txt,4227,/home/chinmay/ChinmayPersonalProjects/gopdfsuit/internal/pdf/redact/redactor.go,190,go_perf_layer_caching_json_cache_value_stored_as_string,false_positive,Snippet does not show the rule precondition in this finding context
/home/chinmay/ChinmayPersonalProjects/deslop/scripts/chunks/Chunk_4226_4250.txt,4228,/home/chinmay/ChinmayPersonalProjects/gopdfsuit/internal/pdf/redact/redactor.go,190,go_perf_layer_string_handling_regexp_compile_in_request_path,false_positive,Snippet does not show the rule precondition in this finding context
/home/chinmay/ChinmayPersonalProjects/deslop/scripts/chunks/Chunk_4226_4250.txt,4229,/home/chinmay/ChinmayPersonalProjects/gopdfsuit/internal/pdf/redact/redactor.go,190,repeated_string_trim_normalize,false_positive,Snippet does not show the rule precondition in this finding context
/home/chinmay/ChinmayPersonalProjects/deslop/scripts/chunks/Chunk_4226_4250.txt,4230,/home/chinmay/ChinmayPersonalProjects/gopdfsuit/internal/pdf/redact/redactor.go,199,go_perf_layer_algorithmic_complexity_repeated_nested_slice_scans,false_positive,Snippet does not show the rule precondition in this finding context
/home/chinmay/ChinmayPersonalProjects/deslop/scripts/chunks/Chunk_4226_4250.txt,4231,/home/chinmay/ChinmayPersonalProjects/gopdfsuit/internal/pdf/redact/redactor.go,199,go_perf_layer_collection_iteration_copy_slice_before_readonly_range,false_positive,Snippet does not show the rule precondition in this finding context
/home/chinmay/ChinmayPersonalProjects/deslop/scripts/chunks/Chunk_4226_4250.txt,4232,/home/chinmay/ChinmayPersonalProjects/gopdfsuit/internal/pdf/redact/redactor.go,199,go_perf_layer_io_operations_scanner_used_for_large_token_stream,false_positive,Snippet does not show the rule precondition in this finding context
/home/chinmay/ChinmayPersonalProjects/deslop/scripts/chunks/Chunk_4226_4250.txt,4233,/home/chinmay/ChinmayPersonalProjects/gopdfsuit/internal/pdf/redact/redactor.go,199,go_perf_layer_network_calls_retry_loop_without_backoff,false_positive,Snippet does not show the rule precondition in this finding context
/home/chinmay/ChinmayPersonalProjects/deslop/scripts/chunks/Chunk_4226_4250.txt,4234,/home/chinmay/ChinmayPersonalProjects/gopdfsuit/internal/pdf/redact/redactor.go,200,go_perf_layer_caching_cache_miss_does_duplicate_work,false_positive,Snippet does not show the rule precondition in this finding context
/home/chinmay/ChinmayPersonalProjects/deslop/scripts/chunks/Chunk_4226_4250.txt,4235,/home/chinmay/ChinmayPersonalProjects/gopdfsuit/internal/pdf/redact/redactor.go,206,go_perf_layer_caching_per_request_config_cache_rebuild,false_positive,Snippet does not show the rule precondition in this finding context
/home/chinmay/ChinmayPersonalProjects/deslop/scripts/chunks/Chunk_4226_4250.txt,4236,/home/chinmay/ChinmayPersonalProjects/gopdfsuit/internal/pdf/redact/redactor.go,206,go_perf_layer_caching_unbounded_cache_map,false_positive,Snippet does not show the rule precondition in this finding context
/home/chinmay/ChinmayPersonalProjects/deslop/scripts/chunks/Chunk_4226_4250.txt,4237,/home/chinmay/ChinmayPersonalProjects/gopdfsuit/internal/pdf/redact/redactor.go,211,go_perf_layer_io_operations_stat_before_open_without_branch,false_positive,Snippet does not show the rule precondition in this finding context
/home/chinmay/ChinmayPersonalProjects/deslop/scripts/chunks/Chunk_4226_4250.txt,4238,/home/chinmay/ChinmayPersonalProjects/gopdfsuit/internal/pdf/redact/redactor.go,224,go_perf_layer_network_calls_dns_lookup_per_request_path,false_positive,Snippet does not show the rule precondition in this finding context
/home/chinmay/ChinmayPersonalProjects/deslop/scripts/chunks/Chunk_4226_4250.txt,4239,/home/chinmay/ChinmayPersonalProjects/gopdfsuit/internal/pdf/redact/redactor.go,224,go_perf_layer_network_calls_tls_config_built_per_request,false_positive,Snippet does not show the rule precondition in this finding context
/home/chinmay/ChinmayPersonalProjects/deslop/scripts/chunks/Chunk_4226_4250.txt,4240,/home/chinmay/ChinmayPersonalProjects/gopdfsuit/internal/pdf/redact/redactor.go,224,go_perf_layer_resource_pooling_rate_limiter_per_request,false_positive,Snippet does not show the rule precondition in this finding context
/home/chinmay/ChinmayPersonalProjects/deslop/scripts/chunks/Chunk_4226_4250.txt,4241,/home/chinmay/ChinmayPersonalProjects/gopdfsuit/internal/pdf/redact/redactor.go,232,go_perf_layer_database_access_query_inside_loop_without_batching,false_positive,Snippet does not show the rule precondition in this finding context
/home/chinmay/ChinmayPersonalProjects/deslop/scripts/chunks/Chunk_4226_4250.txt,4242,/home/chinmay/ChinmayPersonalProjects/gopdfsuit/internal/pdf/redact/search.go,15,go_perf_layer_memory_allocation_map_recreated_for_static_lookup,false_positive,Snippet does not show the rule precondition in this finding context
/home/chinmay/ChinmayPersonalProjects/deslop/scripts/chunks/Chunk_4226_4250.txt,4243,/home/chinmay/ChinmayPersonalProjects/gopdfsuit/internal/pdf/redact/search.go,18,go_perf_layer_caching_unbounded_cache_map,false_positive,Snippet does not show the rule precondition in this finding context
/home/chinmay/ChinmayPersonalProjects/deslop/scripts/chunks/Chunk_4226_4250.txt,4244,/home/chinmay/ChinmayPersonalProjects/gopdfsuit/internal/pdf/redact/search.go,18,go_perf_layer_data_structure_choice_small_enum_string_switch_map,false_positive,Snippet does not show the rule precondition in this finding context
/home/chinmay/ChinmayPersonalProjects/deslop/scripts/chunks/Chunk_4226_4250.txt,4245,/home/chinmay/ChinmayPersonalProjects/gopdfsuit/internal/pdf/redact/search.go,27,go_perf_layer_database_access_count_query_before_paged_fetch,false_positive,Snippet does not show the rule precondition in this finding context
/home/chinmay/ChinmayPersonalProjects/deslop/scripts/chunks/Chunk_4226_4250.txt,4246,/home/chinmay/ChinmayPersonalProjects/gopdfsuit/internal/pdf/redact/search.go,32,go_perf_layer_garbage_collection_cleanup_response_body_not_drained_for_reuse,false_positive,Snippet does not show the rule precondition in this finding context
/home/chinmay/ChinmayPersonalProjects/deslop/scripts/chunks/Chunk_4226_4250.txt,4247,/home/chinmay/ChinmayPersonalProjects/gopdfsuit/internal/pdf/redact/search.go,45,go_perf_layer_algorithmic_complexity_quadratic_append_filter_pipeline,false_positive,Snippet does not show the rule precondition in this finding context
/home/chinmay/ChinmayPersonalProjects/deslop/scripts/chunks/Chunk_4226_4250.txt,4248,/home/chinmay/ChinmayPersonalProjects/gopdfsuit/internal/pdf/redact/search.go,45,go_perf_layer_memory_allocation_bytes_buffer_allocated_per_record,false_positive,Snippet does not show the rule precondition in this finding context
/home/chinmay/ChinmayPersonalProjects/deslop/scripts/chunks/Chunk_4226_4250.txt,4249,/home/chinmay/ChinmayPersonalProjects/gopdfsuit/internal/pdf/redact/search.go,45,go_perf_layer_memory_allocation_temporary_byte_slice_for_string_write,false_positive,Snippet does not show the rule precondition in this finding context
/home/chinmay/ChinmayPersonalProjects/deslop/scripts/chunks/Chunk_4226_4250.txt,4250,/home/chinmay/ChinmayPersonalProjects/gopdfsuit/internal/pdf/redact/search.go,45,go_perf_layer_string_handling_byte_string_roundtrip_for_contains,false_positive,Snippet does not show the rule precondition in this finding context
/home/chinmay/ChinmayPersonalProjects/deslop/scripts/chunks/Chunk_4251_4275.txt,4251,/home/chinmay/ChinmayPersonalProjects/gopdfsuit/internal/pdf/redact/search.go,45,go_perf_layer_string_handling_string_lower_for_case_insensitive_compare,false_positive,Snippet does not show the rule precondition in this finding context
/home/chinmay/ChinmayPersonalProjects/deslop/scripts/chunks/Chunk_4251_4275.txt,4252,/home/chinmay/ChinmayPersonalProjects/gopdfsuit/internal/pdf/redact/search.go,46,go_perf_layer_error_handling_cost_error_string_built_before_error_needed,false_positive,Snippet does not show the rule precondition in this finding context
/home/chinmay/ChinmayPersonalProjects/deslop/scripts/chunks/Chunk_4251_4275.txt,4253,/home/chinmay/ChinmayPersonalProjects/gopdfsuit/internal/pdf/redact/search.go,46,go_perf_layer_memory_allocation_append_without_known_capacity,false_positive,Snippet does not show the rule precondition in this finding context
/home/chinmay/ChinmayPersonalProjects/deslop/scripts/chunks/Chunk_4251_4275.txt,4254,/home/chinmay/ChinmayPersonalProjects/gopdfsuit/internal/pdf/redact/search.go,57,go_perf_layer_algorithmic_complexity_repeated_nested_slice_scans,false_positive,Snippet does not show the rule precondition in this finding context
/home/chinmay/ChinmayPersonalProjects/deslop/scripts/chunks/Chunk_4251_4275.txt,4255,/home/chinmay/ChinmayPersonalProjects/gopdfsuit/internal/pdf/redact/search.go,57,go_perf_layer_collection_iteration_copy_slice_before_readonly_range,false_positive,Snippet does not show the rule precondition in this finding context
/home/chinmay/ChinmayPersonalProjects/deslop/scripts/chunks/Chunk_4251_4275.txt,4256,/home/chinmay/ChinmayPersonalProjects/gopdfsuit/internal/pdf/redact/search.go,58,go_perf_layer_database_access_query_inside_loop_without_batching,false_positive,Snippet does not show the rule precondition in this finding context
/home/chinmay/ChinmayPersonalProjects/deslop/scripts/chunks/Chunk_4251_4275.txt,4257,/home/chinmay/ChinmayPersonalProjects/gopdfsuit/internal/pdf/redact/search.go,59,go_perf_layer_string_handling_strings_join_single_element_loop,false_positive,Snippet does not show the rule precondition in this finding context
/home/chinmay/ChinmayPersonalProjects/deslop/scripts/chunks/Chunk_4251_4275.txt,4258,/home/chinmay/ChinmayPersonalProjects/gopdfsuit/internal/pdf/redact/search.go,61,go_perf_layer_io_operations_scanner_used_for_large_token_stream,false_positive,Snippet does not show the rule precondition in this finding context
/home/chinmay/ChinmayPersonalProjects/deslop/scripts/chunks/Chunk_4251_4275.txt,4259,/home/chinmay/ChinmayPersonalProjects/gopdfsuit/internal/pdf/redact/search.go,61,go_perf_layer_network_calls_retry_loop_without_backoff,false_positive,Snippet does not show the rule precondition in this finding context
/home/chinmay/ChinmayPersonalProjects/deslop/scripts/chunks/Chunk_4251_4275.txt,4260,/home/chinmay/ChinmayPersonalProjects/gopdfsuit/internal/pdf/redact/search.go,69,slice_append_without_prealloc_known_bound,false_positive,Snippet does not show the rule precondition in this finding context
/home/chinmay/ChinmayPersonalProjects/deslop/scripts/chunks/Chunk_4251_4275.txt,4261,/home/chinmay/ChinmayPersonalProjects/gopdfsuit/internal/pdf/redact/search.go,69,slice_grow_without_cap_hint,false_positive,Snippet does not show the rule precondition in this finding context
/home/chinmay/ChinmayPersonalProjects/deslop/scripts/chunks/Chunk_4251_4275.txt,4262,/home/chinmay/ChinmayPersonalProjects/gopdfsuit/internal/pdf/redact/search.go,77,slice_append_without_prealloc_known_bound,false_positive,Snippet does not show the rule precondition in this finding context
/home/chinmay/ChinmayPersonalProjects/deslop/scripts/chunks/Chunk_4251_4275.txt,4263,/home/chinmay/ChinmayPersonalProjects/gopdfsuit/internal/pdf/redact/search.go,77,slice_grow_without_cap_hint,false_positive,Snippet does not show the rule precondition in this finding context
/home/chinmay/ChinmayPersonalProjects/deslop/scripts/chunks/Chunk_4251_4275.txt,4264,/home/chinmay/ChinmayPersonalProjects/gopdfsuit/internal/pdf/redact/search.go,85,go_perf_layer_memory_allocation_bytes_buffer_allocated_per_record,false_positive,Snippet does not show the rule precondition in this finding context
/home/chinmay/ChinmayPersonalProjects/deslop/scripts/chunks/Chunk_4251_4275.txt,4265,/home/chinmay/ChinmayPersonalProjects/gopdfsuit/internal/pdf/redact/search.go,85,go_perf_layer_memory_allocation_temporary_byte_slice_for_string_write,false_positive,Snippet does not show the rule precondition in this finding context
/home/chinmay/ChinmayPersonalProjects/deslop/scripts/chunks/Chunk_4251_4275.txt,4266,/home/chinmay/ChinmayPersonalProjects/gopdfsuit/internal/pdf/redact/search.go,85,go_perf_layer_string_handling_byte_string_roundtrip_for_contains,false_positive,Snippet does not show the rule precondition in this finding context
/home/chinmay/ChinmayPersonalProjects/deslop/scripts/chunks/Chunk_4251_4275.txt,4267,/home/chinmay/ChinmayPersonalProjects/gopdfsuit/internal/pdf/redact/search.go,85,go_perf_layer_string_handling_string_lower_for_case_insensitive_compare,false_positive,Snippet does not show the rule precondition in this finding context
/home/chinmay/ChinmayPersonalProjects/deslop/scripts/chunks/Chunk_4251_4275.txt,4268,/home/chinmay/ChinmayPersonalProjects/gopdfsuit/internal/pdf/redact/search.go,86,go_perf_layer_error_handling_cost_error_string_built_before_error_needed,false_positive,Snippet does not show the rule precondition in this finding context
/home/chinmay/ChinmayPersonalProjects/deslop/scripts/chunks/Chunk_4251_4275.txt,4269,/home/chinmay/ChinmayPersonalProjects/gopdfsuit/internal/pdf/redact/search.go,86,go_perf_layer_memory_allocation_map_recreated_for_static_lookup,false_positive,Snippet does not show the rule precondition in this finding context
/home/chinmay/ChinmayPersonalProjects/deslop/scripts/chunks/Chunk_4251_4275.txt,4270,/home/chinmay/ChinmayPersonalProjects/gopdfsuit/internal/pdf/redact/search.go,92,go_perf_layer_caching_cache_key_built_with_fmt,false_positive,Snippet does not show the rule precondition in this finding context
/home/chinmay/ChinmayPersonalProjects/deslop/scripts/chunks/Chunk_4251_4275.txt,4271,/home/chinmay/ChinmayPersonalProjects/gopdfsuit/internal/pdf/redact/search.go,92,go_perf_layer_caching_json_cache_value_stored_as_string,false_positive,Snippet does not show the rule precondition in this finding context
/home/chinmay/ChinmayPersonalProjects/deslop/scripts/chunks/Chunk_4251_4275.txt,4272,/home/chinmay/ChinmayPersonalProjects/gopdfsuit/internal/pdf/redact/search.go,92,go_perf_layer_caching_unbounded_cache_map,false_positive,Snippet does not show the rule precondition in this finding context
/home/chinmay/ChinmayPersonalProjects/deslop/scripts/chunks/Chunk_4251_4275.txt,4273,/home/chinmay/ChinmayPersonalProjects/gopdfsuit/internal/pdf/redact/search.go,92,go_perf_layer_collection_iteration_range_over_map_for_deterministic_first,false_positive,Snippet does not show the rule precondition in this finding context
/home/chinmay/ChinmayPersonalProjects/deslop/scripts/chunks/Chunk_4251_4275.txt,4274,/home/chinmay/ChinmayPersonalProjects/gopdfsuit/internal/pdf/redact/search.go,92,go_perf_layer_data_structure_choice_interface_map_for_typed_values,false_positive,Snippet does not show the rule precondition in this finding context
/home/chinmay/ChinmayPersonalProjects/deslop/scripts/chunks/Chunk_4251_4275.txt,4275,/home/chinmay/ChinmayPersonalProjects/gopdfsuit/internal/pdf/redact/search.go,92,go_perf_layer_data_structure_choice_map_string_bool_for_membership,false_positive,Snippet does not show the rule precondition in this finding context
/home/chinmay/ChinmayPersonalProjects/deslop/scripts/chunks/Chunk_4276_4300.txt,4276,/home/chinmay/ChinmayPersonalProjects/gopdfsuit/internal/pdf/redact/search.go,92,go_perf_layer_data_structure_choice_small_enum_string_switch_map,false_positive,Snippet does not show the rule precondition in this finding context
/home/chinmay/ChinmayPersonalProjects/deslop/scripts/chunks/Chunk_4276_4300.txt,4277,/home/chinmay/ChinmayPersonalProjects/gopdfsuit/internal/pdf/redact/search.go,92,go_perf_layer_database_access_rows_scan_into_map_per_row,false_positive,Snippet does not show the rule precondition in this finding context
/home/chinmay/ChinmayPersonalProjects/deslop/scripts/chunks/Chunk_4276_4300.txt,4278,/home/chinmay/ChinmayPersonalProjects/gopdfsuit/internal/pdf/redact/search.go,93,go_perf_layer_collection_iteration_copy_slice_before_readonly_range,false_positive,Snippet does not show the rule precondition in this finding context
/home/chinmay/ChinmayPersonalProjects/deslop/scripts/chunks/Chunk_4276_4300.txt,4279,/home/chinmay/ChinmayPersonalProjects/gopdfsuit/internal/pdf/redact/search.go,94,go_perf_layer_network_calls_retry_loop_without_backoff,false_positive,Snippet does not show the rule precondition in this finding context
/home/chinmay/ChinmayPersonalProjects/deslop/scripts/chunks/Chunk_4276_4300.txt,4280,/home/chinmay/ChinmayPersonalProjects/gopdfsuit/internal/pdf/redact/search.go,95,stable_value_normalization_in_inner_loop,false_positive,Snippet does not show the rule precondition in this finding context
/home/chinmay/ChinmayPersonalProjects/deslop/scripts/chunks/Chunk_4276_4300.txt,4281,/home/chinmay/ChinmayPersonalProjects/gopdfsuit/internal/pdf/redact/search.go,100,map_lookup_double_access,false_positive,Snippet does not show the rule precondition in this finding context
/home/chinmay/ChinmayPersonalProjects/deslop/scripts/chunks/Chunk_4276_4300.txt,4282,/home/chinmay/ChinmayPersonalProjects/gopdfsuit/internal/pdf/redact/search.go,105,go_perf_layer_database_access_query_inside_loop_without_batching,false_positive,Snippet does not show the rule precondition in this finding context
/home/chinmay/ChinmayPersonalProjects/deslop/scripts/chunks/Chunk_4276_4300.txt,4283,/home/chinmay/ChinmayPersonalProjects/gopdfsuit/internal/pdf/redact/search.go,120,comment_style_tutorial,false_positive,Snippet does not show the rule precondition in this finding context
/home/chinmay/ChinmayPersonalProjects/deslop/scripts/chunks/Chunk_4276_4300.txt,4284,/home/chinmay/ChinmayPersonalProjects/gopdfsuit/internal/pdf/redact/search.go,121,go_perf_layer_data_structure_choice_small_enum_string_switch_map,false_positive,Snippet does not show the rule precondition in this finding context
/home/chinmay/ChinmayPersonalProjects/deslop/scripts/chunks/Chunk_4276_4300.txt,4285,/home/chinmay/ChinmayPersonalProjects/gopdfsuit/internal/pdf/redact/search.go,121,go_perf_layer_memory_allocation_temporary_byte_slice_for_string_write,false_positive,Snippet does not show the rule precondition in this finding context
/home/chinmay/ChinmayPersonalProjects/deslop/scripts/chunks/Chunk_4276_4300.txt,4286,/home/chinmay/ChinmayPersonalProjects/gopdfsuit/internal/pdf/redact/search.go,121,go_perf_layer_string_handling_byte_string_roundtrip_for_contains,false_positive,Snippet does not show the rule precondition in this finding context
/home/chinmay/ChinmayPersonalProjects/deslop/scripts/chunks/Chunk_4276_4300.txt,4287,/home/chinmay/ChinmayPersonalProjects/gopdfsuit/internal/pdf/redact/search.go,121,go_perf_layer_string_handling_string_lower_for_case_insensitive_compare,false_positive,Snippet does not show the rule precondition in this finding context
/home/chinmay/ChinmayPersonalProjects/deslop/scripts/chunks/Chunk_4276_4300.txt,4288,/home/chinmay/ChinmayPersonalProjects/gopdfsuit/internal/pdf/redact/search.go,124,go_perf_layer_collection_iteration_copy_slice_before_readonly_range,false_positive,Snippet does not show the rule precondition in this finding context
/home/chinmay/ChinmayPersonalProjects/deslop/scripts/chunks/Chunk_4276_4300.txt,4289,/home/chinmay/ChinmayPersonalProjects/gopdfsuit/internal/pdf/redact/search.go,128,go_perf_layer_database_access_query_inside_loop_without_batching,false_positive,Snippet does not show the rule precondition in this finding context
/home/chinmay/ChinmayPersonalProjects/deslop/scripts/chunks/Chunk_4276_4300.txt,4290,/home/chinmay/ChinmayPersonalProjects/gopdfsuit/internal/pdf/redact/search.go,132,go_perf_layer_io_operations_scanner_used_for_large_token_stream,false_positive,Snippet does not show the rule precondition in this finding context
/home/chinmay/ChinmayPersonalProjects/deslop/scripts/chunks/Chunk_4276_4300.txt,4291,/home/chinmay/ChinmayPersonalProjects/gopdfsuit/internal/pdf/redact/search.go,132,go_perf_layer_network_calls_retry_loop_without_backoff,false_positive,Snippet does not show the rule precondition in this finding context
/home/chinmay/ChinmayPersonalProjects/deslop/scripts/chunks/Chunk_4276_4300.txt,4292,/home/chinmay/ChinmayPersonalProjects/gopdfsuit/internal/pdf/redact/search.go,152,go_perf_layer_algorithmic_complexity_quadratic_append_filter_pipeline,false_positive,Snippet does not show the rule precondition in this finding context
/home/chinmay/ChinmayPersonalProjects/deslop/scripts/chunks/Chunk_4276_4300.txt,4293,/home/chinmay/ChinmayPersonalProjects/gopdfsuit/internal/pdf/redact/search.go,152,go_perf_layer_data_structure_choice_small_enum_string_switch_map,false_positive,Snippet does not show the rule precondition in this finding context
/home/chinmay/ChinmayPersonalProjects/deslop/scripts/chunks/Chunk_4276_4300.txt,4294,/home/chinmay/ChinmayPersonalProjects/gopdfsuit/internal/pdf/redact/search.go,152,go_perf_layer_memory_allocation_temporary_byte_slice_for_string_write,false_positive,Snippet does not show the rule precondition in this finding context
/home/chinmay/ChinmayPersonalProjects/deslop/scripts/chunks/Chunk_4276_4300.txt,4295,/home/chinmay/ChinmayPersonalProjects/gopdfsuit/internal/pdf/redact/search.go,152,go_perf_layer_string_handling_string_lower_for_case_insensitive_compare,false_positive,Snippet does not show the rule precondition in this finding context
/home/chinmay/ChinmayPersonalProjects/deslop/scripts/chunks/Chunk_4276_4300.txt,4296,/home/chinmay/ChinmayPersonalProjects/gopdfsuit/internal/pdf/redact/search.go,155,go_perf_layer_algorithmic_complexity_repeated_nested_slice_scans,false_positive,Snippet does not show the rule precondition in this finding context
/home/chinmay/ChinmayPersonalProjects/deslop/scripts/chunks/Chunk_4276_4300.txt,4297,/home/chinmay/ChinmayPersonalProjects/gopdfsuit/internal/pdf/redact/search.go,161,go_perf_layer_io_operations_scanner_used_for_large_token_stream,false_positive,Snippet does not show the rule precondition in this finding context
/home/chinmay/ChinmayPersonalProjects/deslop/scripts/chunks/Chunk_4276_4300.txt,4298,/home/chinmay/ChinmayPersonalProjects/gopdfsuit/internal/pdf/redact/search.go,161,go_perf_layer_network_calls_retry_loop_without_backoff,false_positive,Snippet does not show the rule precondition in this finding context
/home/chinmay/ChinmayPersonalProjects/deslop/scripts/chunks/Chunk_4276_4300.txt,4299,/home/chinmay/ChinmayPersonalProjects/gopdfsuit/internal/pdf/redact/search.go,217,go_perf_layer_network_calls_retry_loop_without_backoff,false_positive,Snippet does not show the rule precondition in this finding context
/home/chinmay/ChinmayPersonalProjects/deslop/scripts/chunks/Chunk_4276_4300.txt,4300,/home/chinmay/ChinmayPersonalProjects/gopdfsuit/internal/pdf/redact/search.go,226,go_perf_layer_string_handling_string_lower_for_case_insensitive_compare,false_positive,Snippet does not show the rule precondition in this finding context
/home/chinmay/ChinmayPersonalProjects/deslop/scripts/chunks/Chunk_4301_4325.txt,4301,/home/chinmay/ChinmayPersonalProjects/gopdfsuit/internal/pdf/redact/search.go,226,repeated_string_trim_normalize,false_positive,Snippet does not show the rule precondition in this finding context
/home/chinmay/ChinmayPersonalProjects/deslop/scripts/chunks/Chunk_4301_4325.txt,4302,/home/chinmay/ChinmayPersonalProjects/gopdfsuit/internal/pdf/redact/search.go,236,go_perf_layer_algorithmic_complexity_quadratic_append_filter_pipeline,false_positive,Snippet does not show the rule precondition in this finding context
/home/chinmay/ChinmayPersonalProjects/deslop/scripts/chunks/Chunk_4301_4325.txt,4303,/home/chinmay/ChinmayPersonalProjects/gopdfsuit/internal/pdf/redact/search.go,236,go_perf_layer_database_access_query_inside_loop_without_batching,false_positive,Snippet does not show the rule precondition in this finding context
/home/chinmay/ChinmayPersonalProjects/deslop/scripts/chunks/Chunk_4301_4325.txt,4304,/home/chinmay/ChinmayPersonalProjects/gopdfsuit/internal/pdf/redact/search.go,236,go_perf_layer_database_access_select_star_on_hot_query,false_positive,Snippet does not show the rule precondition in this finding context
/home/chinmay/ChinmayPersonalProjects/deslop/scripts/chunks/Chunk_4301_4325.txt,4305,/home/chinmay/ChinmayPersonalProjects/gopdfsuit/internal/pdf/redact/search.go,236,go_perf_layer_string_handling_string_lower_for_case_insensitive_compare,false_positive,Snippet does not show the rule precondition in this finding context
/home/chinmay/ChinmayPersonalProjects/deslop/scripts/chunks/Chunk_4301_4325.txt,4306,/home/chinmay/ChinmayPersonalProjects/gopdfsuit/internal/pdf/redact/search.go,240,go_perf_layer_algorithmic_complexity_repeated_nested_slice_scans,false_positive,Snippet does not show the rule precondition in this finding context
/home/chinmay/ChinmayPersonalProjects/deslop/scripts/chunks/Chunk_4301_4325.txt,4307,/home/chinmay/ChinmayPersonalProjects/gopdfsuit/internal/pdf/redact/search.go,240,go_perf_layer_collection_iteration_range_over_map_for_deterministic_first,false_positive,Snippet does not show the rule precondition in this finding context
/home/chinmay/ChinmayPersonalProjects/deslop/scripts/chunks/Chunk_4301_4325.txt,4308,/home/chinmay/ChinmayPersonalProjects/gopdfsuit/internal/pdf/redact/search.go,241,copy_append_idiom_waste,false_positive,Snippet does not show the rule precondition in this finding context
/home/chinmay/ChinmayPersonalProjects/deslop/scripts/chunks/Chunk_4301_4325.txt,4309,/home/chinmay/ChinmayPersonalProjects/gopdfsuit/internal/pdf/redact/search.go,241,go_perf_layer_collection_iteration_copy_slice_before_readonly_range,false_positive,Snippet does not show the rule precondition in this finding context
/home/chinmay/ChinmayPersonalProjects/deslop/scripts/chunks/Chunk_4301_4325.txt,4310,/home/chinmay/ChinmayPersonalProjects/gopdfsuit/internal/pdf/redact/search.go,241,go_perf_layer_memory_allocation_append_without_known_capacity,false_positive,Snippet does not show the rule precondition in this finding context
/home/chinmay/ChinmayPersonalProjects/deslop/scripts/chunks/Chunk_4301_4325.txt,4311,/home/chinmay/ChinmayPersonalProjects/gopdfsuit/internal/pdf/redact/search.go,241,go_perf_layer_memory_allocation_temporary_byte_slice_for_string_write,false_positive,Snippet does not show the rule precondition in this finding context
/home/chinmay/ChinmayPersonalProjects/deslop/scripts/chunks/Chunk_4301_4325.txt,4312,/home/chinmay/ChinmayPersonalProjects/gopdfsuit/internal/pdf/redact/search.go,242,go_perf_layer_data_structure_choice_interface_map_for_typed_values,false_positive,Snippet does not show the rule precondition in this finding context
/home/chinmay/ChinmayPersonalProjects/deslop/scripts/chunks/Chunk_4301_4325.txt,4313,/home/chinmay/ChinmayPersonalProjects/gopdfsuit/internal/pdf/redact/search.go,242,go_perf_layer_data_structure_choice_map_string_bool_for_membership,false_positive,Snippet does not show the rule precondition in this finding context
/home/chinmay/ChinmayPersonalProjects/deslop/scripts/chunks/Chunk_4301_4325.txt,4314,/home/chinmay/ChinmayPersonalProjects/gopdfsuit/internal/pdf/redact/search.go,242,go_perf_layer_data_structure_choice_small_enum_string_switch_map,false_positive,Snippet does not show the rule precondition in this finding context
/home/chinmay/ChinmayPersonalProjects/deslop/scripts/chunks/Chunk_4301_4325.txt,4315,/home/chinmay/ChinmayPersonalProjects/gopdfsuit/internal/pdf/redact/search.go,249,go_perf_layer_caching_json_cache_value_stored_as_string,false_positive,Snippet does not show the rule precondition in this finding context
/home/chinmay/ChinmayPersonalProjects/deslop/scripts/chunks/Chunk_4301_4325.txt,4316,/home/chinmay/ChinmayPersonalProjects/gopdfsuit/internal/pdf/redact/search.go,249,go_perf_layer_io_operations_scanner_used_for_large_token_stream,false_positive,Snippet does not show the rule precondition in this finding context
/home/chinmay/ChinmayPersonalProjects/deslop/scripts/chunks/Chunk_4301_4325.txt,4317,/home/chinmay/ChinmayPersonalProjects/gopdfsuit/internal/pdf/redact/search.go,251,go_perf_layer_string_handling_strings_join_single_element_loop,false_positive,Snippet does not show the rule precondition in this finding context
/home/chinmay/ChinmayPersonalProjects/deslop/scripts/chunks/Chunk_4301_4325.txt,4318,/home/chinmay/ChinmayPersonalProjects/gopdfsuit/internal/pdf/redact/search.go,262,go_perf_layer_collection_iteration_manual_index_loop_without_bounds_need,false_positive,Snippet does not show the rule precondition in this finding context
/home/chinmay/ChinmayPersonalProjects/deslop/scripts/chunks/Chunk_4301_4325.txt,4319,/home/chinmay/ChinmayPersonalProjects/gopdfsuit/internal/pdf/redact/search.go,262,go_perf_layer_network_calls_retry_loop_without_backoff,false_positive,Snippet does not show the rule precondition in this finding context
/home/chinmay/ChinmayPersonalProjects/deslop/scripts/chunks/Chunk_4301_4325.txt,4320,/home/chinmay/ChinmayPersonalProjects/gopdfsuit/internal/pdf/redact/search.go,300,slice_append_without_prealloc_known_bound,false_positive,Snippet does not show the rule precondition in this finding context
/home/chinmay/ChinmayPersonalProjects/deslop/scripts/chunks/Chunk_4301_4325.txt,4321,/home/chinmay/ChinmayPersonalProjects/gopdfsuit/internal/pdf/redact/search.go,300,slice_grow_without_cap_hint,false_positive,Snippet does not show the rule precondition in this finding context
/home/chinmay/ChinmayPersonalProjects/deslop/scripts/chunks/Chunk_4301_4325.txt,4322,/home/chinmay/ChinmayPersonalProjects/gopdfsuit/internal/pdf/redact/search.go,303,slice_append_without_prealloc_known_bound,false_positive,Snippet does not show the rule precondition in this finding context
/home/chinmay/ChinmayPersonalProjects/deslop/scripts/chunks/Chunk_4301_4325.txt,4323,/home/chinmay/ChinmayPersonalProjects/gopdfsuit/internal/pdf/redact/search.go,303,slice_grow_without_cap_hint,false_positive,Snippet does not show the rule precondition in this finding context
/home/chinmay/ChinmayPersonalProjects/deslop/scripts/chunks/Chunk_4301_4325.txt,4324,/home/chinmay/ChinmayPersonalProjects/gopdfsuit/internal/pdf/redact/search.go,400,slice_append_without_prealloc_known_bound,false_positive,Snippet does not show the rule precondition in this finding context
/home/chinmay/ChinmayPersonalProjects/deslop/scripts/chunks/Chunk_4301_4325.txt,4325,/home/chinmay/ChinmayPersonalProjects/gopdfsuit/internal/pdf/redact/search.go,400,slice_grow_without_cap_hint,false_positive,Snippet does not show the rule precondition in this finding context
/home/chinmay/ChinmayPersonalProjects/deslop/scripts/chunks/Chunk_4326_4350.txt,4326,/home/chinmay/ChinmayPersonalProjects/gopdfsuit/internal/pdf/redact/secure.go,16,go_perf_layer_caching_cache_key_built_with_fmt,false_positive,Snippet does not show the rule precondition in this finding context
/home/chinmay/ChinmayPersonalProjects/deslop/scripts/chunks/Chunk_4326_4350.txt,4327,/home/chinmay/ChinmayPersonalProjects/gopdfsuit/internal/pdf/redact/secure.go,16,go_perf_layer_caching_json_cache_value_stored_as_string,false_positive,Snippet does not show the rule precondition in this finding context
/home/chinmay/ChinmayPersonalProjects/deslop/scripts/chunks/Chunk_4326_4350.txt,4328,/home/chinmay/ChinmayPersonalProjects/gopdfsuit/internal/pdf/redact/secure.go,16,go_perf_layer_caching_unbounded_cache_map,false_positive,Snippet does not show the rule precondition in this finding context
/home/chinmay/ChinmayPersonalProjects/deslop/scripts/chunks/Chunk_4326_4350.txt,4329,/home/chinmay/ChinmayPersonalProjects/gopdfsuit/internal/pdf/redact/secure.go,16,go_perf_layer_data_structure_choice_interface_map_for_typed_values,false_positive,Snippet does not show the rule precondition in this finding context
/home/chinmay/ChinmayPersonalProjects/deslop/scripts/chunks/Chunk_4326_4350.txt,4330,/home/chinmay/ChinmayPersonalProjects/gopdfsuit/internal/pdf/redact/secure.go,16,go_perf_layer_data_structure_choice_map_string_bool_for_membership,false_positive,Snippet does not show the rule precondition in this finding context
/home/chinmay/ChinmayPersonalProjects/deslop/scripts/chunks/Chunk_4326_4350.txt,4331,/home/chinmay/ChinmayPersonalProjects/gopdfsuit/internal/pdf/redact/secure.go,16,go_perf_layer_data_structure_choice_small_enum_string_switch_map,false_positive,Snippet does not show the rule precondition in this finding context
/home/chinmay/ChinmayPersonalProjects/deslop/scripts/chunks/Chunk_4326_4350.txt,4332,/home/chinmay/ChinmayPersonalProjects/gopdfsuit/internal/pdf/redact/secure.go,17,go_perf_layer_algorithmic_complexity_quadratic_append_filter_pipeline,false_positive,Snippet does not show the rule precondition in this finding context
/home/chinmay/ChinmayPersonalProjects/deslop/scripts/chunks/Chunk_4326_4350.txt,4333,/home/chinmay/ChinmayPersonalProjects/gopdfsuit/internal/pdf/redact/secure.go,17,go_perf_layer_string_handling_string_lower_for_case_insensitive_compare,false_positive,Snippet does not show the rule precondition in this finding context
/home/chinmay/ChinmayPersonalProjects/deslop/scripts/chunks/Chunk_4326_4350.txt,4334,/home/chinmay/ChinmayPersonalProjects/gopdfsuit/internal/pdf/redact/secure.go,18,go_perf_layer_error_handling_cost_error_string_built_before_error_needed,false_positive,Snippet does not show the rule precondition in this finding context
/home/chinmay/ChinmayPersonalProjects/deslop/scripts/chunks/Chunk_4326_4350.txt,4335,/home/chinmay/ChinmayPersonalProjects/gopdfsuit/internal/pdf/redact/secure.go,19,go_perf_layer_algorithmic_complexity_repeated_nested_slice_scans,false_positive,Snippet does not show the rule precondition in this finding context
/home/chinmay/ChinmayPersonalProjects/deslop/scripts/chunks/Chunk_4326_4350.txt,4336,/home/chinmay/ChinmayPersonalProjects/gopdfsuit/internal/pdf/redact/secure.go,19,go_perf_layer_memory_allocation_bytes_buffer_allocated_per_record,false_positive,Snippet does not show the rule precondition in this finding context
/home/chinmay/ChinmayPersonalProjects/deslop/scripts/chunks/Chunk_4326_4350.txt,4337,/home/chinmay/ChinmayPersonalProjects/gopdfsuit/internal/pdf/redact/secure.go,19,go_perf_layer_memory_allocation_temporary_byte_slice_for_string_write,false_positive,Snippet does not show the rule precondition in this finding context
/home/chinmay/ChinmayPersonalProjects/deslop/scripts/chunks/Chunk_4326_4350.txt,4338,/home/chinmay/ChinmayPersonalProjects/gopdfsuit/internal/pdf/redact/secure.go,19,go_perf_layer_string_handling_byte_string_roundtrip_for_contains,false_positive,Snippet does not show the rule precondition in this finding context
/home/chinmay/ChinmayPersonalProjects/deslop/scripts/chunks/Chunk_4326_4350.txt,4339,/home/chinmay/ChinmayPersonalProjects/gopdfsuit/internal/pdf/redact/secure.go,25,go_perf_layer_collection_iteration_copy_slice_before_readonly_range,false_positive,Snippet does not show the rule precondition in this finding context
/home/chinmay/ChinmayPersonalProjects/deslop/scripts/chunks/Chunk_4326_4350.txt,4340,/home/chinmay/ChinmayPersonalProjects/gopdfsuit/internal/pdf/redact/secure.go,25,go_perf_layer_collection_iteration_range_over_map_for_deterministic_first,false_positive,Snippet does not show the rule precondition in this finding context
/home/chinmay/ChinmayPersonalProjects/deslop/scripts/chunks/Chunk_4326_4350.txt,4341,/home/chinmay/ChinmayPersonalProjects/gopdfsuit/internal/pdf/redact/secure.go,25,go_perf_layer_database_access_rows_scan_into_map_per_row,false_positive,Snippet does not show the rule precondition in this finding context
/home/chinmay/ChinmayPersonalProjects/deslop/scripts/chunks/Chunk_4326_4350.txt,4342,/home/chinmay/ChinmayPersonalProjects/gopdfsuit/internal/pdf/redact/secure.go,25,go_perf_layer_memory_allocation_map_recreated_for_static_lookup,false_positive,Snippet does not show the rule precondition in this finding context
/home/chinmay/ChinmayPersonalProjects/deslop/scripts/chunks/Chunk_4326_4350.txt,4343,/home/chinmay/ChinmayPersonalProjects/gopdfsuit/internal/pdf/redact/secure.go,26,go_perf_layer_io_operations_scanner_used_for_large_token_stream,false_positive,Snippet does not show the rule precondition in this finding context
/home/chinmay/ChinmayPersonalProjects/deslop/scripts/chunks/Chunk_4326_4350.txt,4344,/home/chinmay/ChinmayPersonalProjects/gopdfsuit/internal/pdf/redact/secure.go,26,go_perf_layer_network_calls_retry_loop_without_backoff,false_positive,Snippet does not show the rule precondition in this finding context
/home/chinmay/ChinmayPersonalProjects/deslop/scripts/chunks/Chunk_4326_4350.txt,4345,/home/chinmay/ChinmayPersonalProjects/gopdfsuit/internal/pdf/redact/secure.go,27,map_growth_without_size_hint,false_positive,Snippet does not show the rule precondition in this finding context
/home/chinmay/ChinmayPersonalProjects/deslop/scripts/chunks/Chunk_4326_4350.txt,4346,/home/chinmay/ChinmayPersonalProjects/gopdfsuit/internal/pdf/redact/secure.go,27,map_of_slices_prealloc,false_positive,Snippet does not show the rule precondition in this finding context
/home/chinmay/ChinmayPersonalProjects/deslop/scripts/chunks/Chunk_4326_4350.txt,4347,/home/chinmay/ChinmayPersonalProjects/gopdfsuit/internal/pdf/redact/secure.go,37,go_perf_layer_string_handling_fmt_sprintf_for_simple_concat,false_positive,Snippet does not show the rule precondition in this finding context
/home/chinmay/ChinmayPersonalProjects/deslop/scripts/chunks/Chunk_4326_4350.txt,4348,/home/chinmay/ChinmayPersonalProjects/gopdfsuit/internal/pdf/redact/secure.go,41,go_perf_layer_database_access_count_query_before_paged_fetch,false_positive,Snippet does not show the rule precondition in this finding context
/home/chinmay/ChinmayPersonalProjects/deslop/scripts/chunks/Chunk_4326_4350.txt,4349,/home/chinmay/ChinmayPersonalProjects/gopdfsuit/internal/pdf/redact/secure.go,41,go_perf_layer_database_access_query_inside_loop_without_batching,false_positive,Snippet does not show the rule precondition in this finding context
/home/chinmay/ChinmayPersonalProjects/deslop/scripts/chunks/Chunk_4326_4350.txt,4350,/home/chinmay/ChinmayPersonalProjects/gopdfsuit/internal/pdf/redact/secure.go,43,fmt_hot_path,false_positive,Snippet does not show the rule precondition in this finding context
/home/chinmay/ChinmayPersonalProjects/deslop/scripts/chunks/Chunk_4351_4375.txt,4351,/home/chinmay/ChinmayPersonalProjects/gopdfsuit/internal/pdf/redact/secure.go,43,slice_append_without_prealloc_known_bound,false_positive,Snippet does not show the rule precondition in this finding context
/home/chinmay/ChinmayPersonalProjects/deslop/scripts/chunks/Chunk_4351_4375.txt,4352,/home/chinmay/ChinmayPersonalProjects/gopdfsuit/internal/pdf/redact/secure.go,43,slice_grow_without_cap_hint,false_positive,Snippet does not show the rule precondition in this finding context
/home/chinmay/ChinmayPersonalProjects/deslop/scripts/chunks/Chunk_4351_4375.txt,4353,/home/chinmay/ChinmayPersonalProjects/gopdfsuit/internal/pdf/redact/secure.go,46,go_perf_layer_garbage_collection_cleanup_response_body_not_drained_for_reuse,false_positive,Snippet does not show the rule precondition in this finding context
/home/chinmay/ChinmayPersonalProjects/deslop/scripts/chunks/Chunk_4351_4375.txt,4354,/home/chinmay/ChinmayPersonalProjects/gopdfsuit/internal/pdf/redact/secure.go,50,fmt_hot_path,false_positive,Snippet does not show the rule precondition in this finding context
/home/chinmay/ChinmayPersonalProjects/deslop/scripts/chunks/Chunk_4351_4375.txt,4355,/home/chinmay/ChinmayPersonalProjects/gopdfsuit/internal/pdf/redact/secure.go,50,slice_append_without_prealloc_known_bound,false_positive,Snippet does not show the rule precondition in this finding context
/home/chinmay/ChinmayPersonalProjects/deslop/scripts/chunks/Chunk_4351_4375.txt,4356,/home/chinmay/ChinmayPersonalProjects/gopdfsuit/internal/pdf/redact/secure.go,50,slice_grow_without_cap_hint,false_positive,Snippet does not show the rule precondition in this finding context
/home/chinmay/ChinmayPersonalProjects/deslop/scripts/chunks/Chunk_4351_4375.txt,4357,/home/chinmay/ChinmayPersonalProjects/gopdfsuit/internal/pdf/redact/secure.go,54,allocation_churn_in_loop,false_positive,Snippet does not show the rule precondition in this finding context
/home/chinmay/ChinmayPersonalProjects/deslop/scripts/chunks/Chunk_4351_4375.txt,4358,/home/chinmay/ChinmayPersonalProjects/gopdfsuit/internal/pdf/redact/secure.go,54,make_map_inside_hot_loop_same_shape,false_positive,Snippet does not show the rule precondition in this finding context
/home/chinmay/ChinmayPersonalProjects/deslop/scripts/chunks/Chunk_4351_4375.txt,4359,/home/chinmay/ChinmayPersonalProjects/gopdfsuit/internal/pdf/redact/secure.go,62,slice_append_without_prealloc_known_bound,false_positive,Snippet does not show the rule precondition in this finding context
/home/chinmay/ChinmayPersonalProjects/deslop/scripts/chunks/Chunk_4351_4375.txt,4360,/home/chinmay/ChinmayPersonalProjects/gopdfsuit/internal/pdf/redact/secure.go,62,slice_grow_without_cap_hint,false_positive,Snippet does not show the rule precondition in this finding context
/home/chinmay/ChinmayPersonalProjects/deslop/scripts/chunks/Chunk_4351_4375.txt,4361,/home/chinmay/ChinmayPersonalProjects/gopdfsuit/internal/pdf/redact/secure.go,75,go_perf_layer_caching_cache_key_built_with_fmt,false_positive,Snippet does not show the rule precondition in this finding context
/home/chinmay/ChinmayPersonalProjects/deslop/scripts/chunks/Chunk_4351_4375.txt,4362,/home/chinmay/ChinmayPersonalProjects/gopdfsuit/internal/pdf/redact/secure.go,75,go_perf_layer_io_operations_scanner_used_for_large_token_stream,false_positive,Snippet does not show the rule precondition in this finding context
/home/chinmay/ChinmayPersonalProjects/deslop/scripts/chunks/Chunk_4351_4375.txt,4363,/home/chinmay/ChinmayPersonalProjects/gopdfsuit/internal/pdf/redact/secure.go,75,go_perf_layer_string_handling_fmt_sprintf_for_simple_concat,false_positive,Snippet does not show the rule precondition in this finding context
/home/chinmay/ChinmayPersonalProjects/deslop/scripts/chunks/Chunk_4351_4375.txt,4364,/home/chinmay/ChinmayPersonalProjects/gopdfsuit/internal/pdf/redact/secure.go,75,go_perf_layer_string_handling_string_lower_for_case_insensitive_compare,false_positive,Snippet does not show the rule precondition in this finding context
/home/chinmay/ChinmayPersonalProjects/deslop/scripts/chunks/Chunk_4351_4375.txt,4365,/home/chinmay/ChinmayPersonalProjects/gopdfsuit/internal/pdf/redact/secure.go,80,go_perf_layer_caching_json_cache_value_stored_as_string,false_positive,Snippet does not show the rule precondition in this finding context
/home/chinmay/ChinmayPersonalProjects/deslop/scripts/chunks/Chunk_4351_4375.txt,4366,/home/chinmay/ChinmayPersonalProjects/gopdfsuit/internal/pdf/redact/secure.go,80,go_perf_layer_caching_unbounded_cache_map,false_positive,Snippet does not show the rule precondition in this finding context
/home/chinmay/ChinmayPersonalProjects/deslop/scripts/chunks/Chunk_4351_4375.txt,4367,/home/chinmay/ChinmayPersonalProjects/gopdfsuit/internal/pdf/redact/secure.go,80,go_perf_layer_collection_iteration_range_over_map_for_deterministic_first,false_positive,Snippet does not show the rule precondition in this finding context
/home/chinmay/ChinmayPersonalProjects/deslop/scripts/chunks/Chunk_4351_4375.txt,4368,/home/chinmay/ChinmayPersonalProjects/gopdfsuit/internal/pdf/redact/secure.go,80,go_perf_layer_data_structure_choice_map_string_bool_for_membership,false_positive,Snippet does not show the rule precondition in this finding context
/home/chinmay/ChinmayPersonalProjects/deslop/scripts/chunks/Chunk_4351_4375.txt,4369,/home/chinmay/ChinmayPersonalProjects/gopdfsuit/internal/pdf/redact/secure.go,80,go_perf_layer_data_structure_choice_small_enum_string_switch_map,false_positive,Snippet does not show the rule precondition in this finding context
/home/chinmay/ChinmayPersonalProjects/deslop/scripts/chunks/Chunk_4351_4375.txt,4370,/home/chinmay/ChinmayPersonalProjects/gopdfsuit/internal/pdf/redact/secure.go,80,go_perf_layer_database_access_count_query_before_paged_fetch,false_positive,Snippet does not show the rule precondition in this finding context
/home/chinmay/ChinmayPersonalProjects/deslop/scripts/chunks/Chunk_4351_4375.txt,4371,/home/chinmay/ChinmayPersonalProjects/gopdfsuit/internal/pdf/redact/secure.go,80,go_perf_layer_database_access_rows_scan_into_map_per_row,false_positive,Snippet does not show the rule precondition in this finding context
/home/chinmay/ChinmayPersonalProjects/deslop/scripts/chunks/Chunk_4351_4375.txt,4372,/home/chinmay/ChinmayPersonalProjects/gopdfsuit/internal/pdf/redact/secure.go,80,go_perf_layer_garbage_collection_cleanup_response_body_not_drained_for_reuse,false_positive,Snippet does not show the rule precondition in this finding context
/home/chinmay/ChinmayPersonalProjects/deslop/scripts/chunks/Chunk_4351_4375.txt,4373,/home/chinmay/ChinmayPersonalProjects/gopdfsuit/internal/pdf/redact/secure.go,80,go_perf_layer_memory_allocation_map_recreated_for_static_lookup,false_positive,Snippet does not show the rule precondition in this finding context
/home/chinmay/ChinmayPersonalProjects/deslop/scripts/chunks/Chunk_4351_4375.txt,4374,/home/chinmay/ChinmayPersonalProjects/gopdfsuit/internal/pdf/redact/secure.go,91,go_perf_layer_collection_iteration_copy_slice_before_readonly_range,false_positive,Snippet does not show the rule precondition in this finding context
/home/chinmay/ChinmayPersonalProjects/deslop/scripts/chunks/Chunk_4351_4375.txt,4375,/home/chinmay/ChinmayPersonalProjects/gopdfsuit/internal/pdf/redact/secure.go,91,go_perf_layer_memory_allocation_temporary_byte_slice_for_string_write,false_positive,Snippet does not show the rule precondition in this finding context
/home/chinmay/ChinmayPersonalProjects/deslop/scripts/chunks/Chunk_4376_4400.txt,4376,/home/chinmay/ChinmayPersonalProjects/gopdfsuit/internal/pdf/redact/secure.go,103,go_perf_layer_network_calls_retry_loop_without_backoff,false_positive,Snippet does not show the rule precondition in this finding context
/home/chinmay/ChinmayPersonalProjects/deslop/scripts/chunks/Chunk_4376_4400.txt,4377,/home/chinmay/ChinmayPersonalProjects/gopdfsuit/internal/pdf/redact/secure.go,108,go_perf_layer_database_access_query_inside_loop_without_batching,false_positive,Snippet does not show the rule precondition in this finding context
/home/chinmay/ChinmayPersonalProjects/deslop/scripts/chunks/Chunk_4376_4400.txt,4378,/home/chinmay/ChinmayPersonalProjects/gopdfsuit/internal/pdf/redact/secure.go,109,regexp_compile_in_hot_path,false_positive,Snippet does not show the rule precondition in this finding context
/home/chinmay/ChinmayPersonalProjects/deslop/scripts/chunks/Chunk_4376_4400.txt,4379,/home/chinmay/ChinmayPersonalProjects/gopdfsuit/internal/pdf/redact/secure.go,129,go_perf_layer_memory_allocation_temporary_byte_slice_for_string_write,false_positive,Snippet does not show the rule precondition in this finding context
/home/chinmay/ChinmayPersonalProjects/deslop/scripts/chunks/Chunk_4376_4400.txt,4380,/home/chinmay/ChinmayPersonalProjects/gopdfsuit/internal/pdf/redact/secure.go,141,go_perf_layer_string_handling_string_lower_for_case_insensitive_compare,false_positive,Snippet does not show the rule precondition in this finding context
/home/chinmay/ChinmayPersonalProjects/deslop/scripts/chunks/Chunk_4376_4400.txt,4381,/home/chinmay/ChinmayPersonalProjects/gopdfsuit/internal/pdf/redact/secure.go,142,go_perf_layer_database_access_count_query_before_paged_fetch,false_positive,Snippet does not show the rule precondition in this finding context
/home/chinmay/ChinmayPersonalProjects/deslop/scripts/chunks/Chunk_4376_4400.txt,4382,/home/chinmay/ChinmayPersonalProjects/gopdfsuit/internal/pdf/redact/secure.go,142,go_perf_layer_database_access_query_inside_loop_without_batching,false_positive,Snippet does not show the rule precondition in this finding context
/home/chinmay/ChinmayPersonalProjects/deslop/scripts/chunks/Chunk_4376_4400.txt,4383,/home/chinmay/ChinmayPersonalProjects/gopdfsuit/internal/pdf/redact/secure.go,142,go_perf_layer_garbage_collection_cleanup_response_body_not_drained_for_reuse,false_positive,Snippet does not show the rule precondition in this finding context
/home/chinmay/ChinmayPersonalProjects/deslop/scripts/chunks/Chunk_4376_4400.txt,4384,/home/chinmay/ChinmayPersonalProjects/gopdfsuit/internal/pdf/redact/secure.go,146,go_perf_layer_collection_iteration_copy_slice_before_readonly_range,false_positive,Snippet does not show the rule precondition in this finding context
/home/chinmay/ChinmayPersonalProjects/deslop/scripts/chunks/Chunk_4376_4400.txt,4385,/home/chinmay/ChinmayPersonalProjects/gopdfsuit/internal/pdf/redact/secure.go,146,go_perf_layer_memory_allocation_temporary_byte_slice_for_string_write,false_positive,Snippet does not show the rule precondition in this finding context
/home/chinmay/ChinmayPersonalProjects/deslop/scripts/chunks/Chunk_4376_4400.txt,4386,/home/chinmay/ChinmayPersonalProjects/gopdfsuit/internal/pdf/redact/secure.go,148,go_perf_layer_memory_allocation_append_without_known_capacity,false_positive,Snippet does not show the rule precondition in this finding context
/home/chinmay/ChinmayPersonalProjects/deslop/scripts/chunks/Chunk_4376_4400.txt,4387,/home/chinmay/ChinmayPersonalProjects/gopdfsuit/internal/pdf/redact/secure.go,154,go_perf_layer_network_calls_retry_loop_without_backoff,false_positive,Snippet does not show the rule precondition in this finding context
/home/chinmay/ChinmayPersonalProjects/deslop/scripts/chunks/Chunk_4376_4400.txt,4388,/home/chinmay/ChinmayPersonalProjects/gopdfsuit/internal/pdf/redact/secure.go,155,byte_string_conversion_in_loop,false_positive,Snippet does not show the rule precondition in this finding context
/home/chinmay/ChinmayPersonalProjects/deslop/scripts/chunks/Chunk_4376_4400.txt,4389,/home/chinmay/ChinmayPersonalProjects/gopdfsuit/internal/pdf/redact/secure.go,155,slice_append_without_prealloc_known_bound,false_positive,Snippet does not show the rule precondition in this finding context
/home/chinmay/ChinmayPersonalProjects/deslop/scripts/chunks/Chunk_4376_4400.txt,4390,/home/chinmay/ChinmayPersonalProjects/gopdfsuit/internal/pdf/redact/secure.go,155,slice_grow_without_cap_hint,false_positive,Snippet does not show the rule precondition in this finding context
/home/chinmay/ChinmayPersonalProjects/deslop/scripts/chunks/Chunk_4376_4400.txt,4391,/home/chinmay/ChinmayPersonalProjects/gopdfsuit/internal/pdf/redact/secure.go,155,string_concat_in_loop,false_positive,Snippet does not show the rule precondition in this finding context
/home/chinmay/ChinmayPersonalProjects/deslop/scripts/chunks/Chunk_4376_4400.txt,4392,/home/chinmay/ChinmayPersonalProjects/gopdfsuit/internal/pdf/redact/secure.go,162,go_perf_layer_io_operations_scanner_used_for_large_token_stream,false_positive,Snippet does not show the rule precondition in this finding context
/home/chinmay/ChinmayPersonalProjects/deslop/scripts/chunks/Chunk_4376_4400.txt,4393,/home/chinmay/ChinmayPersonalProjects/gopdfsuit/internal/pdf/redact/secure.go,162,go_perf_layer_string_handling_byte_string_roundtrip_for_contains,false_positive,Snippet does not show the rule precondition in this finding context
/home/chinmay/ChinmayPersonalProjects/deslop/scripts/chunks/Chunk_4376_4400.txt,4394,/home/chinmay/ChinmayPersonalProjects/gopdfsuit/internal/pdf/redact/secure.go,162,go_perf_layer_string_handling_fmt_sprintf_for_simple_concat,false_positive,Snippet does not show the rule precondition in this finding context
/home/chinmay/ChinmayPersonalProjects/deslop/scripts/chunks/Chunk_4376_4400.txt,4395,/home/chinmay/ChinmayPersonalProjects/gopdfsuit/internal/pdf/redact/secure.go,162,go_perf_layer_string_handling_string_lower_for_case_insensitive_compare,false_positive,Snippet does not show the rule precondition in this finding context
/home/chinmay/ChinmayPersonalProjects/deslop/scripts/chunks/Chunk_4376_4400.txt,4396,/home/chinmay/ChinmayPersonalProjects/gopdfsuit/internal/pdf/redact/secure.go,169,go_perf_layer_serialization_gzip_writer_created_per_small_payload,false_positive,Snippet does not show the rule precondition in this finding context
/home/chinmay/ChinmayPersonalProjects/deslop/scripts/chunks/Chunk_4376_4400.txt,4397,/home/chinmay/ChinmayPersonalProjects/gopdfsuit/internal/pdf/redact/secure.go,170,go_perf_layer_garbage_collection_cleanup_large_slice_retained_after_truncate,false_positive,Snippet does not show the rule precondition in this finding context
/home/chinmay/ChinmayPersonalProjects/deslop/scripts/chunks/Chunk_4376_4400.txt,4398,/home/chinmay/ChinmayPersonalProjects/gopdfsuit/internal/pdf/redact/secure.go,170,go_perf_layer_memory_allocation_temporary_byte_slice_for_string_write,false_positive,Snippet does not show the rule precondition in this finding context
/home/chinmay/ChinmayPersonalProjects/deslop/scripts/chunks/Chunk_4376_4400.txt,4399,/home/chinmay/ChinmayPersonalProjects/gopdfsuit/internal/pdf/redact/secure.go,171,go_perf_layer_error_handling_cost_error_string_built_before_error_needed,false_positive,Snippet does not show the rule precondition in this finding context
/home/chinmay/ChinmayPersonalProjects/deslop/scripts/chunks/Chunk_4376_4400.txt,4400,/home/chinmay/ChinmayPersonalProjects/gopdfsuit/internal/pdf/redact/secure.go,189,go_perf_layer_garbage_collection_cleanup_sync_pool_stores_large_unbounded_buffers,false_positive,Snippet does not show the rule precondition in this finding context
/home/chinmay/ChinmayPersonalProjects/deslop/scripts/chunks/Chunk_4401_4425.txt,4401,/home/chinmay/ChinmayPersonalProjects/gopdfsuit/internal/pdf/redact/secure.go,189,go_perf_layer_resource_pooling_buffer_pool_without_max_capacity,false_positive,Snippet does not show the rule precondition in this finding context
/home/chinmay/ChinmayPersonalProjects/deslop/scripts/chunks/Chunk_4401_4425.txt,4402,/home/chinmay/ChinmayPersonalProjects/gopdfsuit/internal/pdf/redact/secure.go,190,go_perf_layer_io_operations_small_writes_without_bufio_writer,false_positive,Snippet does not show the rule precondition in this finding context
/home/chinmay/ChinmayPersonalProjects/deslop/scripts/chunks/Chunk_4401_4425.txt,4403,/home/chinmay/ChinmayPersonalProjects/gopdfsuit/internal/pdf/redact/secure.go,201,three_index_slice_for_append_safety,false_positive,Snippet does not show the rule precondition in this finding context
/home/chinmay/ChinmayPersonalProjects/deslop/scripts/chunks/Chunk_4401_4425.txt,4404,/home/chinmay/ChinmayPersonalProjects/gopdfsuit/internal/pdf/redact/secure.go,214,go_perf_layer_string_handling_byte_string_roundtrip_for_contains,false_positive,Snippet does not show the rule precondition in this finding context
/home/chinmay/ChinmayPersonalProjects/deslop/scripts/chunks/Chunk_4401_4425.txt,4405,/home/chinmay/ChinmayPersonalProjects/gopdfsuit/internal/pdf/redact/secure.go,214,go_perf_layer_string_handling_string_lower_for_case_insensitive_compare,false_positive,Snippet does not show the rule precondition in this finding context
/home/chinmay/ChinmayPersonalProjects/deslop/scripts/chunks/Chunk_4401_4425.txt,4406,/home/chinmay/ChinmayPersonalProjects/gopdfsuit/internal/pdf/redact/secure.go,215,go_perf_layer_memory_allocation_temporary_byte_slice_for_string_write,false_positive,Snippet does not show the rule precondition in this finding context
/home/chinmay/ChinmayPersonalProjects/deslop/scripts/chunks/Chunk_4401_4425.txt,4407,/home/chinmay/ChinmayPersonalProjects/gopdfsuit/internal/pdf/redact/secure.go,216,go_perf_layer_collection_iteration_manual_index_loop_without_bounds_need,false_positive,Snippet does not show the rule precondition in this finding context
/home/chinmay/ChinmayPersonalProjects/deslop/scripts/chunks/Chunk_4401_4425.txt,4408,/home/chinmay/ChinmayPersonalProjects/gopdfsuit/internal/pdf/redact/secure.go,216,go_perf_layer_database_access_query_inside_loop_without_batching,false_positive,Snippet does not show the rule precondition in this finding context
/home/chinmay/ChinmayPersonalProjects/deslop/scripts/chunks/Chunk_4401_4425.txt,4409,/home/chinmay/ChinmayPersonalProjects/gopdfsuit/internal/pdf/redact/secure.go,217,go_perf_layer_collection_iteration_len_called_after_materializing_channel,false_positive,Snippet does not show the rule precondition in this finding context
/home/chinmay/ChinmayPersonalProjects/deslop/scripts/chunks/Chunk_4401_4425.txt,4410,/home/chinmay/ChinmayPersonalProjects/gopdfsuit/internal/pdf/redact/secure.go,221,strings_builder_without_grow_known_bound,false_positive,Snippet does not show the rule precondition in this finding context
/home/chinmay/ChinmayPersonalProjects/deslop/scripts/chunks/Chunk_4401_4425.txt,4411,/home/chinmay/ChinmayPersonalProjects/gopdfsuit/internal/pdf/redact/secure.go,226,go_perf_layer_algorithmic_complexity_repeated_nested_slice_scans,false_positive,Snippet does not show the rule precondition in this finding context
/home/chinmay/ChinmayPersonalProjects/deslop/scripts/chunks/Chunk_4401_4425.txt,4412,/home/chinmay/ChinmayPersonalProjects/gopdfsuit/internal/pdf/redact/secure.go,226,go_perf_layer_collection_iteration_copy_slice_before_readonly_range,false_positive,Snippet does not show the rule precondition in this finding context
/home/chinmay/ChinmayPersonalProjects/deslop/scripts/chunks/Chunk_4401_4425.txt,4413,/home/chinmay/ChinmayPersonalProjects/gopdfsuit/internal/pdf/redact/secure.go,226,go_perf_layer_database_access_rows_scan_into_map_per_row,false_positive,Snippet does not show the rule precondition in this finding context
/home/chinmay/ChinmayPersonalProjects/deslop/scripts/chunks/Chunk_4401_4425.txt,4414,/home/chinmay/ChinmayPersonalProjects/gopdfsuit/internal/pdf/redact/secure.go,226,go_perf_layer_network_calls_retry_loop_without_backoff,false_positive,Snippet does not show the rule precondition in this finding context
/home/chinmay/ChinmayPersonalProjects/deslop/scripts/chunks/Chunk_4401_4425.txt,4415,/home/chinmay/ChinmayPersonalProjects/gopdfsuit/internal/pdf/redact/secure.go,262,stable_value_normalization_in_inner_loop,false_positive,Snippet does not show the rule precondition in this finding context
/home/chinmay/ChinmayPersonalProjects/deslop/scripts/chunks/Chunk_4401_4425.txt,4416,/home/chinmay/ChinmayPersonalProjects/gopdfsuit/internal/pdf/redact/secure.go,266,go_perf_layer_garbage_collection_cleanup_large_slice_retained_after_truncate,false_positive,Snippet does not show the rule precondition in this finding context
/home/chinmay/ChinmayPersonalProjects/deslop/scripts/chunks/Chunk_4401_4425.txt,4417,/home/chinmay/ChinmayPersonalProjects/gopdfsuit/internal/pdf/redact/secure.go,284,go_perf_layer_algorithmic_complexity_repeated_nested_slice_scans,false_positive,Snippet does not show the rule precondition in this finding context
/home/chinmay/ChinmayPersonalProjects/deslop/scripts/chunks/Chunk_4401_4425.txt,4418,/home/chinmay/ChinmayPersonalProjects/gopdfsuit/internal/pdf/redact/secure.go,284,go_perf_layer_collection_iteration_copy_slice_before_readonly_range,false_positive,Snippet does not show the rule precondition in this finding context
/home/chinmay/ChinmayPersonalProjects/deslop/scripts/chunks/Chunk_4401_4425.txt,4419,/home/chinmay/ChinmayPersonalProjects/gopdfsuit/internal/pdf/redact/secure.go,284,go_perf_layer_memory_allocation_temporary_byte_slice_for_string_write,false_positive,Snippet does not show the rule precondition in this finding context
/home/chinmay/ChinmayPersonalProjects/deslop/scripts/chunks/Chunk_4401_4425.txt,4420,/home/chinmay/ChinmayPersonalProjects/gopdfsuit/internal/pdf/redact/secure.go,285,go_perf_layer_algorithmic_complexity_quadratic_append_filter_pipeline,false_positive,Snippet does not show the rule precondition in this finding context
/home/chinmay/ChinmayPersonalProjects/deslop/scripts/chunks/Chunk_4401_4425.txt,4421,/home/chinmay/ChinmayPersonalProjects/gopdfsuit/internal/pdf/redact/secure.go,285,go_perf_layer_string_handling_string_lower_for_case_insensitive_compare,false_positive,Snippet does not show the rule precondition in this finding context
/home/chinmay/ChinmayPersonalProjects/deslop/scripts/chunks/Chunk_4401_4425.txt,4422,/home/chinmay/ChinmayPersonalProjects/gopdfsuit/internal/pdf/redact/secure.go,290,go_perf_layer_data_structure_choice_small_enum_string_switch_map,false_positive,Snippet does not show the rule precondition in this finding context
/home/chinmay/ChinmayPersonalProjects/deslop/scripts/chunks/Chunk_4401_4425.txt,4423,/home/chinmay/ChinmayPersonalProjects/gopdfsuit/internal/pdf/redact/secure.go,290,go_perf_layer_io_operations_small_writes_without_bufio_writer,false_positive,Snippet does not show the rule precondition in this finding context
/home/chinmay/ChinmayPersonalProjects/deslop/scripts/chunks/Chunk_4401_4425.txt,4424,/home/chinmay/ChinmayPersonalProjects/gopdfsuit/internal/pdf/redact/secure.go,290,go_perf_layer_network_calls_retry_loop_without_backoff,false_positive,Snippet does not show the rule precondition in this finding context
/home/chinmay/ChinmayPersonalProjects/deslop/scripts/chunks/Chunk_4401_4425.txt,4425,/home/chinmay/ChinmayPersonalProjects/gopdfsuit/internal/pdf/redact/secure.go,311,copy_append_idiom_waste,false_positive,Snippet does not show the rule precondition in this finding context
/home/chinmay/ChinmayPersonalProjects/deslop/scripts/chunks/Chunk_4426_4450.txt,4426,/home/chinmay/ChinmayPersonalProjects/gopdfsuit/internal/pdf/redact/secure.go,311,go_perf_layer_memory_allocation_append_without_known_capacity,false_positive,Snippet does not show the rule precondition in this finding context
/home/chinmay/ChinmayPersonalProjects/deslop/scripts/chunks/Chunk_4426_4450.txt,4427,/home/chinmay/ChinmayPersonalProjects/gopdfsuit/internal/pdf/redact/secure.go,311,unnecessary_slice_copy_for_readonly,false_positive,Snippet does not show the rule precondition in this finding context
/home/chinmay/ChinmayPersonalProjects/deslop/scripts/chunks/Chunk_4426_4450.txt,4428,/home/chinmay/ChinmayPersonalProjects/gopdfsuit/internal/pdf/redact/secure.go,312,filter_then_count_then_iterate,false_positive,Snippet does not show the rule precondition in this finding context
/home/chinmay/ChinmayPersonalProjects/deslop/scripts/chunks/Chunk_4426_4450.txt,4429,/home/chinmay/ChinmayPersonalProjects/gopdfsuit/internal/pdf/redact/secure.go,337,overlong_name,true_positive,Identifier name is unusually long and token-heavy
/home/chinmay/ChinmayPersonalProjects/deslop/scripts/chunks/Chunk_4426_4450.txt,4430,/home/chinmay/ChinmayPersonalProjects/gopdfsuit/internal/pdf/redact/secure.go,338,go_perf_layer_string_handling_string_lower_for_case_insensitive_compare,false_positive,Snippet does not show the rule precondition in this finding context
/home/chinmay/ChinmayPersonalProjects/deslop/scripts/chunks/Chunk_4426_4450.txt,4431,/home/chinmay/ChinmayPersonalProjects/gopdfsuit/internal/pdf/redact/secure.go,341,go_perf_layer_memory_allocation_temporary_byte_slice_for_string_write,false_positive,Snippet does not show the rule precondition in this finding context
/home/chinmay/ChinmayPersonalProjects/deslop/scripts/chunks/Chunk_4426_4450.txt,4432,/home/chinmay/ChinmayPersonalProjects/gopdfsuit/internal/pdf/redact/secure.go,341,go_perf_layer_string_handling_byte_string_roundtrip_for_contains,false_positive,Snippet does not show the rule precondition in this finding context
/home/chinmay/ChinmayPersonalProjects/deslop/scripts/chunks/Chunk_4426_4450.txt,4433,/home/chinmay/ChinmayPersonalProjects/gopdfsuit/internal/pdf/redact/secure.go,346,go_perf_layer_algorithmic_complexity_repeated_nested_slice_scans,false_positive,Snippet does not show the rule precondition in this finding context
/home/chinmay/ChinmayPersonalProjects/deslop/scripts/chunks/Chunk_4426_4450.txt,4434,/home/chinmay/ChinmayPersonalProjects/gopdfsuit/internal/pdf/redact/secure.go,349,go_perf_layer_network_calls_retry_loop_without_backoff,false_positive,Snippet does not show the rule precondition in this finding context
/home/chinmay/ChinmayPersonalProjects/deslop/scripts/chunks/Chunk_4426_4450.txt,4435,/home/chinmay/ChinmayPersonalProjects/gopdfsuit/internal/pdf/redact/secure.go,369,go_perf_layer_algorithmic_complexity_repeated_nested_slice_scans,false_positive,Snippet does not show the rule precondition in this finding context
/home/chinmay/ChinmayPersonalProjects/deslop/scripts/chunks/Chunk_4426_4450.txt,4436,/home/chinmay/ChinmayPersonalProjects/gopdfsuit/internal/pdf/redact/secure.go,369,go_perf_layer_collection_iteration_copy_slice_before_readonly_range,false_positive,Snippet does not show the rule precondition in this finding context
/home/chinmay/ChinmayPersonalProjects/deslop/scripts/chunks/Chunk_4426_4450.txt,4437,/home/chinmay/ChinmayPersonalProjects/gopdfsuit/internal/pdf/redact/secure.go,369,go_perf_layer_memory_allocation_temporary_byte_slice_for_string_write,false_positive,Snippet does not show the rule precondition in this finding context
/home/chinmay/ChinmayPersonalProjects/deslop/scripts/chunks/Chunk_4426_4450.txt,4438,/home/chinmay/ChinmayPersonalProjects/gopdfsuit/internal/pdf/redact/secure.go,372,go_perf_layer_algorithmic_complexity_quadratic_append_filter_pipeline,false_positive,Snippet does not show the rule precondition in this finding context
/home/chinmay/ChinmayPersonalProjects/deslop/scripts/chunks/Chunk_4426_4450.txt,4439,/home/chinmay/ChinmayPersonalProjects/gopdfsuit/internal/pdf/redact/secure.go,375,go_perf_layer_caching_json_cache_value_stored_as_string,false_positive,Snippet does not show the rule precondition in this finding context
/home/chinmay/ChinmayPersonalProjects/deslop/scripts/chunks/Chunk_4426_4450.txt,4440,/home/chinmay/ChinmayPersonalProjects/gopdfsuit/internal/pdf/redact/secure.go,375,go_perf_layer_data_structure_choice_map_string_bool_for_membership,false_positive,Snippet does not show the rule precondition in this finding context
/home/chinmay/ChinmayPersonalProjects/deslop/scripts/chunks/Chunk_4426_4450.txt,4441,/home/chinmay/ChinmayPersonalProjects/gopdfsuit/internal/pdf/redact/secure.go,375,go_perf_layer_string_handling_string_lower_for_case_insensitive_compare,false_positive,Snippet does not show the rule precondition in this finding context
/home/chinmay/ChinmayPersonalProjects/deslop/scripts/chunks/Chunk_4426_4450.txt,4442,/home/chinmay/ChinmayPersonalProjects/gopdfsuit/internal/pdf/redact/secure.go,375,strings_builder_without_grow_known_bound,false_positive,Snippet does not show the rule precondition in this finding context
/home/chinmay/ChinmayPersonalProjects/deslop/scripts/chunks/Chunk_4426_4450.txt,4443,/home/chinmay/ChinmayPersonalProjects/gopdfsuit/internal/pdf/redact/secure.go,376,builder_write_string_single_byte_literal,false_positive,Snippet does not show the rule precondition in this finding context
/home/chinmay/ChinmayPersonalProjects/deslop/scripts/chunks/Chunk_4426_4450.txt,4444,/home/chinmay/ChinmayPersonalProjects/gopdfsuit/internal/pdf/redact/secure.go,376,go_perf_layer_io_operations_scanner_used_for_large_token_stream,false_positive,Snippet does not show the rule precondition in this finding context
/home/chinmay/ChinmayPersonalProjects/deslop/scripts/chunks/Chunk_4426_4450.txt,4445,/home/chinmay/ChinmayPersonalProjects/gopdfsuit/internal/pdf/redact/secure.go,376,go_perf_layer_io_operations_small_writes_without_bufio_writer,false_positive,Snippet does not show the rule precondition in this finding context
/home/chinmay/ChinmayPersonalProjects/deslop/scripts/chunks/Chunk_4426_4450.txt,4446,/home/chinmay/ChinmayPersonalProjects/gopdfsuit/internal/pdf/redact/secure.go,377,go_perf_layer_network_calls_retry_loop_without_backoff,false_positive,Snippet does not show the rule precondition in this finding context
/home/chinmay/ChinmayPersonalProjects/deslop/scripts/chunks/Chunk_4426_4450.txt,4447,/home/chinmay/ChinmayPersonalProjects/gopdfsuit/internal/pdf/redact/secure.go,378,fmt_hot_path,false_positive,Snippet does not show the rule precondition in this finding context
/home/chinmay/ChinmayPersonalProjects/deslop/scripts/chunks/Chunk_4426_4450.txt,4448,/home/chinmay/ChinmayPersonalProjects/gopdfsuit/internal/pdf/redact/secure.go,386,go_perf_layer_data_structure_choice_interface_map_for_typed_values,false_positive,Snippet does not show the rule precondition in this finding context
/home/chinmay/ChinmayPersonalProjects/deslop/scripts/chunks/Chunk_4426_4450.txt,4449,/home/chinmay/ChinmayPersonalProjects/gopdfsuit/internal/pdf/redact/secure.go,398,builder_write_string_single_byte_literal,false_positive,Snippet does not show the rule precondition in this finding context
/home/chinmay/ChinmayPersonalProjects/deslop/scripts/chunks/Chunk_4426_4450.txt,4450,/home/chinmay/ChinmayPersonalProjects/gopdfsuit/internal/pdf/redact/secure.go,399,filter_then_count_then_iterate,false_positive,Snippet does not show the rule precondition in this finding context
/home/chinmay/ChinmayPersonalProjects/deslop/scripts/chunks/Chunk_4451_4475.txt,4451,/home/chinmay/ChinmayPersonalProjects/gopdfsuit/internal/pdf/redact/secure.go,400,fmt_hot_path,false_positive,Snippet does not show the rule precondition in this finding context
/home/chinmay/ChinmayPersonalProjects/deslop/scripts/chunks/Chunk_4451_4475.txt,4452,/home/chinmay/ChinmayPersonalProjects/gopdfsuit/internal/pdf/redact/secure.go,422,go_perf_layer_memory_allocation_append_without_known_capacity,false_positive,Snippet does not show the rule precondition in this finding context
/home/chinmay/ChinmayPersonalProjects/deslop/scripts/chunks/Chunk_4451_4475.txt,4453,/home/chinmay/ChinmayPersonalProjects/gopdfsuit/internal/pdf/redact/secure.go,422,slice_append_without_prealloc_known_bound,false_positive,Snippet does not show the rule precondition in this finding context
/home/chinmay/ChinmayPersonalProjects/deslop/scripts/chunks/Chunk_4451_4475.txt,4454,/home/chinmay/ChinmayPersonalProjects/gopdfsuit/internal/pdf/redact/secure.go,422,slice_grow_without_cap_hint,false_positive,Snippet does not show the rule precondition in this finding context
/home/chinmay/ChinmayPersonalProjects/deslop/scripts/chunks/Chunk_4451_4475.txt,4455,/home/chinmay/ChinmayPersonalProjects/gopdfsuit/internal/pdf/redact/secure.go,428,slice_append_without_prealloc_known_bound,false_positive,Snippet does not show the rule precondition in this finding context
/home/chinmay/ChinmayPersonalProjects/deslop/scripts/chunks/Chunk_4451_4475.txt,4456,/home/chinmay/ChinmayPersonalProjects/gopdfsuit/internal/pdf/redact/secure.go,428,slice_grow_without_cap_hint,false_positive,Snippet does not show the rule precondition in this finding context
/home/chinmay/ChinmayPersonalProjects/deslop/scripts/chunks/Chunk_4451_4475.txt,4457,/home/chinmay/ChinmayPersonalProjects/gopdfsuit/internal/pdf/redact/secure.go,443,builder_write_string_single_byte_literal,false_positive,Snippet does not show the rule precondition in this finding context
/home/chinmay/ChinmayPersonalProjects/deslop/scripts/chunks/Chunk_4451_4475.txt,4458,/home/chinmay/ChinmayPersonalProjects/gopdfsuit/internal/pdf/redact/secure.go,451,fmt_hot_path,false_positive,Snippet does not show the rule precondition in this finding context
/home/chinmay/ChinmayPersonalProjects/deslop/scripts/chunks/Chunk_4451_4475.txt,4459,/home/chinmay/ChinmayPersonalProjects/gopdfsuit/internal/pdf/redact/secure.go,454,builder_write_string_single_byte_literal,false_positive,Snippet does not show the rule precondition in this finding context
/home/chinmay/ChinmayPersonalProjects/deslop/scripts/chunks/Chunk_4451_4475.txt,4460,/home/chinmay/ChinmayPersonalProjects/gopdfsuit/internal/pdf/redact/secure.go,456,fmt_hot_path,false_positive,Snippet does not show the rule precondition in this finding context
/home/chinmay/ChinmayPersonalProjects/deslop/scripts/chunks/Chunk_4451_4475.txt,4461,/home/chinmay/ChinmayPersonalProjects/gopdfsuit/internal/pdf/redact/secure.go,460,builder_write_string_single_byte_literal,false_positive,Snippet does not show the rule precondition in this finding context
/home/chinmay/ChinmayPersonalProjects/deslop/scripts/chunks/Chunk_4451_4475.txt,4462,/home/chinmay/ChinmayPersonalProjects/gopdfsuit/internal/pdf/redact/visual.go,13,go_perf_layer_algorithmic_complexity_quadratic_append_filter_pipeline,false_positive,Snippet does not show the rule precondition in this finding context
/home/chinmay/ChinmayPersonalProjects/deslop/scripts/chunks/Chunk_4451_4475.txt,4463,/home/chinmay/ChinmayPersonalProjects/gopdfsuit/internal/pdf/redact/visual.go,13,go_perf_layer_memory_allocation_bytes_buffer_allocated_per_record,false_positive,Snippet does not show the rule precondition in this finding context
/home/chinmay/ChinmayPersonalProjects/deslop/scripts/chunks/Chunk_4451_4475.txt,4464,/home/chinmay/ChinmayPersonalProjects/gopdfsuit/internal/pdf/redact/visual.go,13,go_perf_layer_memory_allocation_temporary_byte_slice_for_string_write,false_positive,Snippet does not show the rule precondition in this finding context
/home/chinmay/ChinmayPersonalProjects/deslop/scripts/chunks/Chunk_4451_4475.txt,4465,/home/chinmay/ChinmayPersonalProjects/gopdfsuit/internal/pdf/redact/visual.go,13,go_perf_layer_string_handling_byte_string_roundtrip_for_contains,false_positive,Snippet does not show the rule precondition in this finding context
/home/chinmay/ChinmayPersonalProjects/deslop/scripts/chunks/Chunk_4451_4475.txt,4466,/home/chinmay/ChinmayPersonalProjects/gopdfsuit/internal/pdf/redact/visual.go,13,go_perf_layer_string_handling_string_lower_for_case_insensitive_compare,false_positive,Snippet does not show the rule precondition in this finding context
/home/chinmay/ChinmayPersonalProjects/deslop/scripts/chunks/Chunk_4451_4475.txt,4467,/home/chinmay/ChinmayPersonalProjects/gopdfsuit/internal/pdf/redact/visual.go,14,go_perf_layer_error_handling_cost_error_string_built_before_error_needed,false_positive,Snippet does not show the rule precondition in this finding context
/home/chinmay/ChinmayPersonalProjects/deslop/scripts/chunks/Chunk_4451_4475.txt,4468,/home/chinmay/ChinmayPersonalProjects/gopdfsuit/internal/pdf/redact/visual.go,14,go_perf_layer_error_handling_cost_errors_wrap_in_tight_loop,false_positive,Snippet does not show the rule precondition in this finding context
/home/chinmay/ChinmayPersonalProjects/deslop/scripts/chunks/Chunk_4451_4475.txt,4469,/home/chinmay/ChinmayPersonalProjects/gopdfsuit/internal/pdf/redact/visual.go,14,go_perf_layer_memory_allocation_map_recreated_for_static_lookup,false_positive,Snippet does not show the rule precondition in this finding context
/home/chinmay/ChinmayPersonalProjects/deslop/scripts/chunks/Chunk_4451_4475.txt,4470,/home/chinmay/ChinmayPersonalProjects/gopdfsuit/internal/pdf/redact/visual.go,20,go_perf_layer_caching_cache_key_built_with_fmt,false_positive,Snippet does not show the rule precondition in this finding context
/home/chinmay/ChinmayPersonalProjects/deslop/scripts/chunks/Chunk_4451_4475.txt,4471,/home/chinmay/ChinmayPersonalProjects/gopdfsuit/internal/pdf/redact/visual.go,20,go_perf_layer_caching_json_cache_value_stored_as_string,false_positive,Snippet does not show the rule precondition in this finding context
/home/chinmay/ChinmayPersonalProjects/deslop/scripts/chunks/Chunk_4451_4475.txt,4472,/home/chinmay/ChinmayPersonalProjects/gopdfsuit/internal/pdf/redact/visual.go,20,go_perf_layer_caching_unbounded_cache_map,false_positive,Snippet does not show the rule precondition in this finding context
/home/chinmay/ChinmayPersonalProjects/deslop/scripts/chunks/Chunk_4451_4475.txt,4473,/home/chinmay/ChinmayPersonalProjects/gopdfsuit/internal/pdf/redact/visual.go,20,go_perf_layer_data_structure_choice_interface_map_for_typed_values,false_positive,Snippet does not show the rule precondition in this finding context
/home/chinmay/ChinmayPersonalProjects/deslop/scripts/chunks/Chunk_4451_4475.txt,4474,/home/chinmay/ChinmayPersonalProjects/gopdfsuit/internal/pdf/redact/visual.go,20,go_perf_layer_data_structure_choice_map_string_bool_for_membership,false_positive,Snippet does not show the rule precondition in this finding context
/home/chinmay/ChinmayPersonalProjects/deslop/scripts/chunks/Chunk_4451_4475.txt,4475,/home/chinmay/ChinmayPersonalProjects/gopdfsuit/internal/pdf/redact/visual.go,20,go_perf_layer_data_structure_choice_small_enum_string_switch_map,false_positive,Snippet does not show the rule precondition in this finding context
/home/chinmay/ChinmayPersonalProjects/deslop/scripts/chunks/Chunk_4476_4500.txt,4476,/home/chinmay/ChinmayPersonalProjects/gopdfsuit/internal/pdf/redact/visual.go,23,go_perf_layer_algorithmic_complexity_repeated_nested_slice_scans,false_positive,Snippet does not show the rule precondition in this finding context
/home/chinmay/ChinmayPersonalProjects/deslop/scripts/chunks/Chunk_4476_4500.txt,4477,/home/chinmay/ChinmayPersonalProjects/gopdfsuit/internal/pdf/redact/visual.go,30,go_perf_layer_collection_iteration_copy_slice_before_readonly_range,false_positive,Snippet does not show the rule precondition in this finding context
/home/chinmay/ChinmayPersonalProjects/deslop/scripts/chunks/Chunk_4476_4500.txt,4478,/home/chinmay/ChinmayPersonalProjects/gopdfsuit/internal/pdf/redact/visual.go,30,go_perf_layer_collection_iteration_range_over_map_for_deterministic_first,false_positive,Snippet does not show the rule precondition in this finding context
/home/chinmay/ChinmayPersonalProjects/deslop/scripts/chunks/Chunk_4476_4500.txt,4479,/home/chinmay/ChinmayPersonalProjects/gopdfsuit/internal/pdf/redact/visual.go,30,go_perf_layer_database_access_rows_scan_into_map_per_row,false_positive,Snippet does not show the rule precondition in this finding context
/home/chinmay/ChinmayPersonalProjects/deslop/scripts/chunks/Chunk_4476_4500.txt,4480,/home/chinmay/ChinmayPersonalProjects/gopdfsuit/internal/pdf/redact/visual.go,31,go_perf_layer_io_operations_scanner_used_for_large_token_stream,false_positive,Snippet does not show the rule precondition in this finding context
/home/chinmay/ChinmayPersonalProjects/deslop/scripts/chunks/Chunk_4476_4500.txt,4481,/home/chinmay/ChinmayPersonalProjects/gopdfsuit/internal/pdf/redact/visual.go,31,go_perf_layer_network_calls_retry_loop_without_backoff,false_positive,Snippet does not show the rule precondition in this finding context
/home/chinmay/ChinmayPersonalProjects/deslop/scripts/chunks/Chunk_4476_4500.txt,4482,/home/chinmay/ChinmayPersonalProjects/gopdfsuit/internal/pdf/redact/visual.go,32,map_growth_without_size_hint,false_positive,Snippet does not show the rule precondition in this finding context
/home/chinmay/ChinmayPersonalProjects/deslop/scripts/chunks/Chunk_4476_4500.txt,4483,/home/chinmay/ChinmayPersonalProjects/gopdfsuit/internal/pdf/redact/visual.go,32,map_of_slices_prealloc,false_positive,Snippet does not show the rule precondition in this finding context
/home/chinmay/ChinmayPersonalProjects/deslop/scripts/chunks/Chunk_4476_4500.txt,4484,/home/chinmay/ChinmayPersonalProjects/gopdfsuit/internal/pdf/redact/visual.go,35,go_perf_layer_database_access_count_query_before_paged_fetch,false_positive,Snippet does not show the rule precondition in this finding context
/home/chinmay/ChinmayPersonalProjects/deslop/scripts/chunks/Chunk_4476_4500.txt,4485,/home/chinmay/ChinmayPersonalProjects/gopdfsuit/internal/pdf/redact/visual.go,35,go_perf_layer_database_access_query_inside_loop_without_batching,false_positive,Snippet does not show the rule precondition in this finding context
/home/chinmay/ChinmayPersonalProjects/deslop/scripts/chunks/Chunk_4476_4500.txt,4486,/home/chinmay/ChinmayPersonalProjects/gopdfsuit/internal/pdf/redact/visual.go,46,go_perf_layer_string_handling_fmt_sprintf_for_simple_concat,false_positive,Snippet does not show the rule precondition in this finding context
/home/chinmay/ChinmayPersonalProjects/deslop/scripts/chunks/Chunk_4476_4500.txt,4487,/home/chinmay/ChinmayPersonalProjects/gopdfsuit/internal/pdf/redact/visual.go,47,filter_then_count_then_iterate,false_positive,Snippet does not show the rule precondition in this finding context
/home/chinmay/ChinmayPersonalProjects/deslop/scripts/chunks/Chunk_4476_4500.txt,4488,/home/chinmay/ChinmayPersonalProjects/gopdfsuit/internal/pdf/redact/visual.go,52,go_perf_layer_garbage_collection_cleanup_response_body_not_drained_for_reuse,false_positive,Snippet does not show the rule precondition in this finding context
/home/chinmay/ChinmayPersonalProjects/deslop/scripts/chunks/Chunk_4476_4500.txt,4489,/home/chinmay/ChinmayPersonalProjects/gopdfsuit/internal/pdf/redact/visual.go,55,builder_or_buffer_recreated_per_iteration,false_positive,Snippet does not show the rule precondition in this finding context
/home/chinmay/ChinmayPersonalProjects/deslop/scripts/chunks/Chunk_4476_4500.txt,4490,/home/chinmay/ChinmayPersonalProjects/gopdfsuit/internal/pdf/redact/visual.go,55,strings_builder_without_grow_known_bound,false_positive,Snippet does not show the rule precondition in this finding context
/home/chinmay/ChinmayPersonalProjects/deslop/scripts/chunks/Chunk_4476_4500.txt,4491,/home/chinmay/ChinmayPersonalProjects/gopdfsuit/internal/pdf/redact/visual.go,56,go_perf_layer_io_operations_stat_before_open_without_branch,false_positive,Snippet does not show the rule precondition in this finding context
/home/chinmay/ChinmayPersonalProjects/deslop/scripts/chunks/Chunk_4476_4500.txt,4492,/home/chinmay/ChinmayPersonalProjects/gopdfsuit/internal/pdf/redact/visual.go,59,fmt_hot_path,false_positive,Snippet does not show the rule precondition in this finding context
/home/chinmay/ChinmayPersonalProjects/deslop/scripts/chunks/Chunk_4476_4500.txt,4493,/home/chinmay/ChinmayPersonalProjects/gopdfsuit/internal/pdf/redact/visual.go,65,fmt_hot_path,false_positive,Snippet does not show the rule precondition in this finding context
/home/chinmay/ChinmayPersonalProjects/deslop/scripts/chunks/Chunk_4476_4500.txt,4494,/home/chinmay/ChinmayPersonalProjects/gopdfsuit/internal/pdf/redact/visual.go,70,fmt_hot_path,false_positive,Snippet does not show the rule precondition in this finding context
/home/chinmay/ChinmayPersonalProjects/deslop/scripts/chunks/Chunk_4476_4500.txt,4495,/home/chinmay/ChinmayPersonalProjects/gopdfsuit/internal/pdf/signature/helpers.go,10,go_perf_layer_string_handling_byte_string_roundtrip_for_contains,false_positive,Snippet does not show the rule precondition in this finding context
/home/chinmay/ChinmayPersonalProjects/deslop/scripts/chunks/Chunk_4476_4500.txt,4496,/home/chinmay/ChinmayPersonalProjects/gopdfsuit/internal/pdf/signature/helpers.go,10,go_perf_layer_string_handling_fmt_sprintf_for_simple_concat,false_positive,Snippet does not show the rule precondition in this finding context
/home/chinmay/ChinmayPersonalProjects/deslop/scripts/chunks/Chunk_4476_4500.txt,4497,/home/chinmay/ChinmayPersonalProjects/gopdfsuit/internal/pdf/signature/signature.go,64,go_perf_layer_collection_iteration_copy_slice_before_readonly_range,false_positive,Snippet does not show the rule precondition in this finding context
/home/chinmay/ChinmayPersonalProjects/deslop/scripts/chunks/Chunk_4476_4500.txt,4498,/home/chinmay/ChinmayPersonalProjects/gopdfsuit/internal/pdf/signature/signature.go,64,go_perf_layer_memory_allocation_temporary_byte_slice_for_string_write,false_positive,Snippet does not show the rule precondition in this finding context
/home/chinmay/ChinmayPersonalProjects/deslop/scripts/chunks/Chunk_4476_4500.txt,4499,/home/chinmay/ChinmayPersonalProjects/gopdfsuit/internal/pdf/signature/signature.go,81,go_perf_layer_collection_iteration_range_over_map_for_deterministic_first,false_positive,Snippet does not show the rule precondition in this finding context
/home/chinmay/ChinmayPersonalProjects/deslop/scripts/chunks/Chunk_4476_4500.txt,4500,/home/chinmay/ChinmayPersonalProjects/gopdfsuit/internal/pdf/signature/signature.go,96,go_perf_layer_network_calls_retry_loop_without_backoff,false_positive,Snippet does not show the rule precondition in this finding context
/home/chinmay/ChinmayPersonalProjects/deslop/scripts/chunks/Chunk_4501_4525.txt,4501,/home/chinmay/ChinmayPersonalProjects/gopdfsuit/internal/pdf/signature/signature.go,101,go_perf_layer_memory_allocation_append_without_known_capacity,false_positive,Snippet does not show the rule precondition in this finding context
/home/chinmay/ChinmayPersonalProjects/deslop/scripts/chunks/Chunk_4501_4525.txt,4502,/home/chinmay/ChinmayPersonalProjects/gopdfsuit/internal/pdf/signature/signature.go,114,go_perf_layer_caching_per_request_config_cache_rebuild,false_positive,Snippet does not show the rule precondition in this finding context
/home/chinmay/ChinmayPersonalProjects/deslop/scripts/chunks/Chunk_4501_4525.txt,4503,/home/chinmay/ChinmayPersonalProjects/gopdfsuit/internal/pdf/signature/signature.go,119,go_perf_layer_algorithmic_complexity_quadratic_append_filter_pipeline,false_positive,Snippet does not show the rule precondition in this finding context
/home/chinmay/ChinmayPersonalProjects/deslop/scripts/chunks/Chunk_4501_4525.txt,4504,/home/chinmay/ChinmayPersonalProjects/gopdfsuit/internal/pdf/signature/signature.go,126,go_perf_layer_collection_iteration_range_over_map_for_deterministic_first,false_positive,Snippet does not show the rule precondition in this finding context
/home/chinmay/ChinmayPersonalProjects/deslop/scripts/chunks/Chunk_4501_4525.txt,4505,/home/chinmay/ChinmayPersonalProjects/gopdfsuit/internal/pdf/signature/signature.go,128,go_perf_layer_database_access_count_query_before_paged_fetch,false_positive,Snippet does not show the rule precondition in this finding context
/home/chinmay/ChinmayPersonalProjects/deslop/scripts/chunks/Chunk_4501_4525.txt,4506,/home/chinmay/ChinmayPersonalProjects/gopdfsuit/internal/pdf/signature/signature.go,128,go_perf_layer_framework_performance_template_execute_to_string_then_write,false_positive,Snippet does not show the rule precondition in this finding context
/home/chinmay/ChinmayPersonalProjects/deslop/scripts/chunks/Chunk_4501_4525.txt,4507,/home/chinmay/ChinmayPersonalProjects/gopdfsuit/internal/pdf/signature/signature.go,134,go_perf_layer_algorithmic_complexity_repeated_nested_slice_scans,false_positive,Snippet does not show the rule precondition in this finding context
/home/chinmay/ChinmayPersonalProjects/deslop/scripts/chunks/Chunk_4501_4525.txt,4508,/home/chinmay/ChinmayPersonalProjects/gopdfsuit/internal/pdf/signature/signature.go,134,go_perf_layer_collection_iteration_copy_slice_before_readonly_range,false_positive,Snippet does not show the rule precondition in this finding context
/home/chinmay/ChinmayPersonalProjects/deslop/scripts/chunks/Chunk_4501_4525.txt,4509,/home/chinmay/ChinmayPersonalProjects/gopdfsuit/internal/pdf/signature/signature.go,134,go_perf_layer_collection_iteration_manual_index_loop_without_bounds_need,false_positive,Snippet does not show the rule precondition in this finding context
/home/chinmay/ChinmayPersonalProjects/deslop/scripts/chunks/Chunk_4501_4525.txt,4510,/home/chinmay/ChinmayPersonalProjects/gopdfsuit/internal/pdf/signature/signature.go,134,go_perf_layer_hot_path_optimization_time_now_called_many_times_per_item,false_positive,Snippet does not show the rule precondition in this finding context
/home/chinmay/ChinmayPersonalProjects/deslop/scripts/chunks/Chunk_4501_4525.txt,4511,/home/chinmay/ChinmayPersonalProjects/gopdfsuit/internal/pdf/signature/signature.go,134,go_perf_layer_io_operations_scanner_used_for_large_token_stream,false_positive,Snippet does not show the rule precondition in this finding context
/home/chinmay/ChinmayPersonalProjects/deslop/scripts/chunks/Chunk_4501_4525.txt,4512,/home/chinmay/ChinmayPersonalProjects/gopdfsuit/internal/pdf/signature/signature.go,134,go_perf_layer_network_calls_retry_loop_without_backoff,false_positive,Snippet does not show the rule precondition in this finding context
/home/chinmay/ChinmayPersonalProjects/deslop/scripts/chunks/Chunk_4501_4525.txt,4513,/home/chinmay/ChinmayPersonalProjects/gopdfsuit/internal/pdf/signature/signature.go,134,go_perf_layer_string_handling_byte_string_roundtrip_for_contains,false_positive,Snippet does not show the rule precondition in this finding context
/home/chinmay/ChinmayPersonalProjects/deslop/scripts/chunks/Chunk_4501_4525.txt,4514,/home/chinmay/ChinmayPersonalProjects/gopdfsuit/internal/pdf/signature/signature.go,134,go_perf_layer_string_handling_fmt_sprintf_for_simple_concat,false_positive,Snippet does not show the rule precondition in this finding context
/home/chinmay/ChinmayPersonalProjects/deslop/scripts/chunks/Chunk_4501_4525.txt,4515,/home/chinmay/ChinmayPersonalProjects/gopdfsuit/internal/pdf/signature/signature.go,134,go_perf_layer_string_handling_string_lower_for_case_insensitive_compare,false_positive,Snippet does not show the rule precondition in this finding context
/home/chinmay/ChinmayPersonalProjects/deslop/scripts/chunks/Chunk_4501_4525.txt,4516,/home/chinmay/ChinmayPersonalProjects/gopdfsuit/internal/pdf/signature/signature.go,139,go_perf_layer_caching_cache_key_built_with_fmt,false_positive,Snippet does not show the rule precondition in this finding context
/home/chinmay/ChinmayPersonalProjects/deslop/scripts/chunks/Chunk_4501_4525.txt,4517,/home/chinmay/ChinmayPersonalProjects/gopdfsuit/internal/pdf/signature/signature.go,139,go_perf_layer_caching_json_cache_value_stored_as_string,false_positive,Snippet does not show the rule precondition in this finding context
/home/chinmay/ChinmayPersonalProjects/deslop/scripts/chunks/Chunk_4501_4525.txt,4518,/home/chinmay/ChinmayPersonalProjects/gopdfsuit/internal/pdf/signature/signature.go,139,go_perf_layer_caching_unbounded_cache_map,false_positive,Snippet does not show the rule precondition in this finding context
/home/chinmay/ChinmayPersonalProjects/deslop/scripts/chunks/Chunk_4501_4525.txt,4519,/home/chinmay/ChinmayPersonalProjects/gopdfsuit/internal/pdf/signature/signature.go,139,go_perf_layer_data_structure_choice_interface_map_for_typed_values,false_positive,Snippet does not show the rule precondition in this finding context
/home/chinmay/ChinmayPersonalProjects/deslop/scripts/chunks/Chunk_4501_4525.txt,4520,/home/chinmay/ChinmayPersonalProjects/gopdfsuit/internal/pdf/signature/signature.go,140,go_perf_layer_async_concurrency_context_timeout_allocated_per_inner_call,false_positive,Snippet does not show the rule precondition in this finding context
/home/chinmay/ChinmayPersonalProjects/deslop/scripts/chunks/Chunk_4501_4525.txt,4521,/home/chinmay/ChinmayPersonalProjects/gopdfsuit/internal/pdf/signature/signature.go,140,go_perf_layer_memory_allocation_bytes_buffer_allocated_per_record,false_positive,Snippet does not show the rule precondition in this finding context
/home/chinmay/ChinmayPersonalProjects/deslop/scripts/chunks/Chunk_4501_4525.txt,4522,/home/chinmay/ChinmayPersonalProjects/gopdfsuit/internal/pdf/signature/signature.go,147,go_perf_layer_lazy_loading_eager_metric_label_cardinality_build,false_positive,Snippet does not show the rule precondition in this finding context
/home/chinmay/ChinmayPersonalProjects/deslop/scripts/chunks/Chunk_4501_4525.txt,4523,/home/chinmay/ChinmayPersonalProjects/gopdfsuit/internal/pdf/signature/signature.go,148,go_perf_layer_memory_allocation_temporary_byte_slice_for_string_write,false_positive,Snippet does not show the rule precondition in this finding context
/home/chinmay/ChinmayPersonalProjects/deslop/scripts/chunks/Chunk_4501_4525.txt,4524,/home/chinmay/ChinmayPersonalProjects/gopdfsuit/internal/pdf/signature/signature.go,149,go_perf_layer_io_operations_small_writes_without_bufio_writer,false_positive,Snippet does not show the rule precondition in this finding context
/home/chinmay/ChinmayPersonalProjects/deslop/scripts/chunks/Chunk_4501_4525.txt,4525,/home/chinmay/ChinmayPersonalProjects/gopdfsuit/internal/pdf/signature/signature.go,150,go_perf_layer_database_access_query_inside_loop_without_batching,false_positive,Snippet does not show the rule precondition in this finding context
/home/chinmay/ChinmayPersonalProjects/deslop/scripts/chunks/Chunk_4526_4550.txt,4526,/home/chinmay/ChinmayPersonalProjects/gopdfsuit/internal/pdf/signature/signature.go,150,go_perf_layer_database_access_select_star_on_hot_query,false_positive,Snippet does not show the rule precondition in this finding context
/home/chinmay/ChinmayPersonalProjects/deslop/scripts/chunks/Chunk_4526_4550.txt,4527,/home/chinmay/ChinmayPersonalProjects/gopdfsuit/internal/pdf/signature/signature.go,160,builder_write_string_single_byte_literal,false_positive,Snippet does not show the rule precondition in this finding context
/home/chinmay/ChinmayPersonalProjects/deslop/scripts/chunks/Chunk_4526_4550.txt,4528,/home/chinmay/ChinmayPersonalProjects/gopdfsuit/internal/pdf/signature/signature.go,161,builder_write_string_single_byte_literal,false_positive,Snippet does not show the rule precondition in this finding context
/home/chinmay/ChinmayPersonalProjects/deslop/scripts/chunks/Chunk_4526_4550.txt,4529,/home/chinmay/ChinmayPersonalProjects/gopdfsuit/internal/pdf/signature/signature.go,187,sprintf_for_simple_string_format,false_positive,Snippet does not show the rule precondition in this finding context
/home/chinmay/ChinmayPersonalProjects/deslop/scripts/chunks/Chunk_4526_4550.txt,4530,/home/chinmay/ChinmayPersonalProjects/gopdfsuit/internal/pdf/signature/signature.go,205,go_perf_layer_memory_allocation_append_without_known_capacity,false_positive,Snippet does not show the rule precondition in this finding context
/home/chinmay/ChinmayPersonalProjects/deslop/scripts/chunks/Chunk_4526_4550.txt,4531,/home/chinmay/ChinmayPersonalProjects/gopdfsuit/internal/pdf/signature/signature.go,214,sprintf_for_simple_string_format,false_positive,Snippet does not show the rule precondition in this finding context
/home/chinmay/ChinmayPersonalProjects/deslop/scripts/chunks/Chunk_4526_4550.txt,4532,/home/chinmay/ChinmayPersonalProjects/gopdfsuit/internal/pdf/signature/signature.go,250,go_perf_layer_caching_json_cache_value_stored_as_string,false_positive,Snippet does not show the rule precondition in this finding context
/home/chinmay/ChinmayPersonalProjects/deslop/scripts/chunks/Chunk_4526_4550.txt,4533,/home/chinmay/ChinmayPersonalProjects/gopdfsuit/internal/pdf/signature/signature.go,250,go_perf_layer_string_handling_fmt_sprintf_for_simple_concat,false_positive,Snippet does not show the rule precondition in this finding context
/home/chinmay/ChinmayPersonalProjects/deslop/scripts/chunks/Chunk_4526_4550.txt,4534,/home/chinmay/ChinmayPersonalProjects/gopdfsuit/internal/pdf/signature/signature.go,250,go_perf_layer_string_handling_string_lower_for_case_insensitive_compare,false_positive,Snippet does not show the rule precondition in this finding context
/home/chinmay/ChinmayPersonalProjects/deslop/scripts/chunks/Chunk_4526_4550.txt,4535,/home/chinmay/ChinmayPersonalProjects/gopdfsuit/internal/pdf/signature/signature.go,253,go_perf_layer_io_operations_scanner_used_for_large_token_stream,false_positive,Snippet does not show the rule precondition in this finding context
/home/chinmay/ChinmayPersonalProjects/deslop/scripts/chunks/Chunk_4526_4550.txt,4536,/home/chinmay/ChinmayPersonalProjects/gopdfsuit/internal/pdf/signature/signature.go,255,go_perf_layer_caching_cache_key_built_with_fmt,false_positive,Snippet does not show the rule precondition in this finding context
/home/chinmay/ChinmayPersonalProjects/deslop/scripts/chunks/Chunk_4526_4550.txt,4537,/home/chinmay/ChinmayPersonalProjects/gopdfsuit/internal/pdf/signature/signature.go,255,sprintf_for_simple_string_format,false_positive,Snippet does not show the rule precondition in this finding context
/home/chinmay/ChinmayPersonalProjects/deslop/scripts/chunks/Chunk_4526_4550.txt,4538,/home/chinmay/ChinmayPersonalProjects/gopdfsuit/internal/pdf/signature/signature.go,257,sprintf_for_simple_string_format,false_positive,Snippet does not show the rule precondition in this finding context
/home/chinmay/ChinmayPersonalProjects/deslop/scripts/chunks/Chunk_4526_4550.txt,4539,/home/chinmay/ChinmayPersonalProjects/gopdfsuit/internal/pdf/signature/signature.go,276,go_perf_layer_network_calls_retry_loop_without_backoff,false_positive,Snippet does not show the rule precondition in this finding context
/home/chinmay/ChinmayPersonalProjects/deslop/scripts/chunks/Chunk_4526_4550.txt,4540,/home/chinmay/ChinmayPersonalProjects/gopdfsuit/internal/pdf/signature/signature.go,300,go_perf_layer_async_concurrency_context_timeout_allocated_per_inner_call,false_positive,Snippet does not show the rule precondition in this finding context
/home/chinmay/ChinmayPersonalProjects/deslop/scripts/chunks/Chunk_4526_4550.txt,4541,/home/chinmay/ChinmayPersonalProjects/gopdfsuit/internal/pdf/signature/signature.go,335,go_perf_layer_caching_unbounded_cache_map,false_positive,Snippet does not show the rule precondition in this finding context
/home/chinmay/ChinmayPersonalProjects/deslop/scripts/chunks/Chunk_4526_4550.txt,4542,/home/chinmay/ChinmayPersonalProjects/gopdfsuit/internal/pdf/signature/signature.go,356,go_perf_layer_data_structure_choice_interface_map_for_typed_values,false_positive,Snippet does not show the rule precondition in this finding context
/home/chinmay/ChinmayPersonalProjects/deslop/scripts/chunks/Chunk_4526_4550.txt,4543,/home/chinmay/ChinmayPersonalProjects/gopdfsuit/internal/pdf/signature/signature.go,357,go_perf_layer_memory_allocation_temporary_byte_slice_for_string_write,false_positive,Snippet does not show the rule precondition in this finding context
/home/chinmay/ChinmayPersonalProjects/deslop/scripts/chunks/Chunk_4526_4550.txt,4544,/home/chinmay/ChinmayPersonalProjects/gopdfsuit/internal/pdf/signature/signature.go,358,go_perf_layer_io_operations_small_writes_without_bufio_writer,false_positive,Snippet does not show the rule precondition in this finding context
/home/chinmay/ChinmayPersonalProjects/deslop/scripts/chunks/Chunk_4526_4550.txt,4545,/home/chinmay/ChinmayPersonalProjects/gopdfsuit/internal/pdf/signature/signature.go,373,go_perf_layer_runtime_configuration_debug_build_tags_in_hot_binary,false_positive,Snippet does not show the rule precondition in this finding context
/home/chinmay/ChinmayPersonalProjects/deslop/scripts/chunks/Chunk_4526_4550.txt,4546,/home/chinmay/ChinmayPersonalProjects/gopdfsuit/internal/pdf/signature/signature.go,374,go_perf_layer_async_concurrency_context_timeout_allocated_per_inner_call,false_positive,Snippet does not show the rule precondition in this finding context
/home/chinmay/ChinmayPersonalProjects/deslop/scripts/chunks/Chunk_4526_4550.txt,4547,/home/chinmay/ChinmayPersonalProjects/gopdfsuit/internal/pdf/signature/signature.go,376,go_perf_layer_algorithmic_complexity_quadratic_append_filter_pipeline,false_positive,Snippet does not show the rule precondition in this finding context
/home/chinmay/ChinmayPersonalProjects/deslop/scripts/chunks/Chunk_4526_4550.txt,4548,/home/chinmay/ChinmayPersonalProjects/gopdfsuit/internal/pdf/signature/signature.go,376,go_perf_layer_algorithmic_complexity_repeated_nested_slice_scans,false_positive,Snippet does not show the rule precondition in this finding context
/home/chinmay/ChinmayPersonalProjects/deslop/scripts/chunks/Chunk_4526_4550.txt,4549,/home/chinmay/ChinmayPersonalProjects/gopdfsuit/internal/pdf/signature/signature.go,376,go_perf_layer_collection_iteration_copy_slice_before_readonly_range,false_positive,Snippet does not show the rule precondition in this finding context
/home/chinmay/ChinmayPersonalProjects/deslop/scripts/chunks/Chunk_4526_4550.txt,4550,/home/chinmay/ChinmayPersonalProjects/gopdfsuit/internal/pdf/signature/signature.go,376,go_perf_layer_data_structure_choice_interface_map_for_typed_values,false_positive,Snippet does not show the rule precondition in this finding context
/home/chinmay/ChinmayPersonalProjects/deslop/scripts/chunks/Chunk_4551_4575.txt,4551,/home/chinmay/ChinmayPersonalProjects/gopdfsuit/internal/pdf/signature/signature.go,376,go_perf_layer_io_operations_scanner_used_for_large_token_stream,false_positive,Snippet does not show the rule precondition in this finding context
/home/chinmay/ChinmayPersonalProjects/deslop/scripts/chunks/Chunk_4551_4575.txt,4552,/home/chinmay/ChinmayPersonalProjects/gopdfsuit/internal/pdf/signature/signature.go,376,go_perf_layer_network_calls_retry_loop_without_backoff,false_positive,Snippet does not show the rule precondition in this finding context
/home/chinmay/ChinmayPersonalProjects/deslop/scripts/chunks/Chunk_4551_4575.txt,4553,/home/chinmay/ChinmayPersonalProjects/gopdfsuit/internal/pdf/signature/signature.go,378,go_perf_layer_memory_allocation_temporary_byte_slice_for_string_write,false_positive,Snippet does not show the rule precondition in this finding context
/home/chinmay/ChinmayPersonalProjects/deslop/scripts/chunks/Chunk_4551_4575.txt,4554,/home/chinmay/ChinmayPersonalProjects/gopdfsuit/internal/pdf/signature/signature.go,385,go_perf_layer_memory_allocation_bytes_buffer_allocated_per_record,false_positive,Snippet does not show the rule precondition in this finding context
/home/chinmay/ChinmayPersonalProjects/deslop/scripts/chunks/Chunk_4551_4575.txt,4555,/home/chinmay/ChinmayPersonalProjects/gopdfsuit/internal/pdf/signature/signature.go,385,go_perf_layer_serialization_json_marshal_for_deep_equal,false_positive,Snippet does not show the rule precondition in this finding context
/home/chinmay/ChinmayPersonalProjects/deslop/scripts/chunks/Chunk_4551_4575.txt,4556,/home/chinmay/ChinmayPersonalProjects/gopdfsuit/internal/pdf/signature/signature.go,409,go_perf_layer_async_concurrency_goroutine_per_item_without_worker_limit,false_positive,Snippet does not show the rule precondition in this finding context
/home/chinmay/ChinmayPersonalProjects/deslop/scripts/chunks/Chunk_4551_4575.txt,4557,/home/chinmay/ChinmayPersonalProjects/gopdfsuit/internal/pdf/signature/signature.go,411,go_perf_layer_error_handling_cost_errors_wrap_in_tight_loop,false_positive,Snippet does not show the rule precondition in this finding context
/home/chinmay/ChinmayPersonalProjects/deslop/scripts/chunks/Chunk_4551_4575.txt,4558,/home/chinmay/ChinmayPersonalProjects/gopdfsuit/internal/pdf/signature/signature.go,428,go_perf_layer_string_handling_string_lower_for_case_insensitive_compare,false_positive,Snippet does not show the rule precondition in this finding context
/home/chinmay/ChinmayPersonalProjects/deslop/scripts/chunks/Chunk_4551_4575.txt,4559,/home/chinmay/ChinmayPersonalProjects/gopdfsuit/internal/pdf/signature/signature.go,482,slice_append_without_prealloc_known_bound,false_positive,Snippet does not show the rule precondition in this finding context
/home/chinmay/ChinmayPersonalProjects/deslop/scripts/chunks/Chunk_4551_4575.txt,4560,/home/chinmay/ChinmayPersonalProjects/gopdfsuit/internal/pdf/signature/signature.go,482,slice_grow_without_cap_hint,false_positive,Snippet does not show the rule precondition in this finding context
/home/chinmay/ChinmayPersonalProjects/deslop/scripts/chunks/Chunk_4551_4575.txt,4561,/home/chinmay/ChinmayPersonalProjects/gopdfsuit/internal/pdf/signature/signature.go,563,weak_typing,false_positive,Snippet does not show the rule precondition in this finding context
/home/chinmay/ChinmayPersonalProjects/deslop/scripts/chunks/Chunk_4551_4575.txt,4562,/home/chinmay/ChinmayPersonalProjects/gopdfsuit/internal/pdf/signature/signature.go,564,go_perf_layer_error_handling_cost_panic_recover_for_control_flow,false_positive,Snippet does not show the rule precondition in this finding context
/home/chinmay/ChinmayPersonalProjects/deslop/scripts/chunks/Chunk_4551_4575.txt,4563,/home/chinmay/ChinmayPersonalProjects/gopdfsuit/internal/pdf/signature/signature.go,565,panic_on_error,true_positive,Code path panics directly on err != nil
/home/chinmay/ChinmayPersonalProjects/deslop/scripts/chunks/Chunk_4551_4575.txt,4564,/home/chinmay/ChinmayPersonalProjects/gopdfsuit/internal/pdf/signature/signature.go,575,go_perf_layer_memory_allocation_append_without_known_capacity,false_positive,Snippet does not show the rule precondition in this finding context
/home/chinmay/ChinmayPersonalProjects/deslop/scripts/chunks/Chunk_4551_4575.txt,4565,/home/chinmay/ChinmayPersonalProjects/gopdfsuit/internal/pdf/signature/signature.go,582,go_perf_layer_collection_iteration_copy_slice_before_readonly_range,false_positive,Snippet does not show the rule precondition in this finding context
/home/chinmay/ChinmayPersonalProjects/deslop/scripts/chunks/Chunk_4551_4575.txt,4566,/home/chinmay/ChinmayPersonalProjects/gopdfsuit/internal/pdf/signature/signature.go,582,go_perf_layer_collection_iteration_len_called_after_materializing_channel,false_positive,Snippet does not show the rule precondition in this finding context
/home/chinmay/ChinmayPersonalProjects/deslop/scripts/chunks/Chunk_4551_4575.txt,4567,/home/chinmay/ChinmayPersonalProjects/gopdfsuit/internal/pdf/signature/signature.go,582,go_perf_layer_collection_iteration_manual_index_loop_without_bounds_need,false_positive,Snippet does not show the rule precondition in this finding context
/home/chinmay/ChinmayPersonalProjects/deslop/scripts/chunks/Chunk_4551_4575.txt,4568,/home/chinmay/ChinmayPersonalProjects/gopdfsuit/internal/pdf/signature/signature.go,582,go_perf_layer_collection_iteration_range_over_map_for_deterministic_first,false_positive,Snippet does not show the rule precondition in this finding context
/home/chinmay/ChinmayPersonalProjects/deslop/scripts/chunks/Chunk_4551_4575.txt,4569,/home/chinmay/ChinmayPersonalProjects/gopdfsuit/internal/pdf/signature/signature.go,582,go_perf_layer_database_access_query_inside_loop_without_batching,false_positive,Snippet does not show the rule precondition in this finding context
/home/chinmay/ChinmayPersonalProjects/deslop/scripts/chunks/Chunk_4551_4575.txt,4570,/home/chinmay/ChinmayPersonalProjects/gopdfsuit/internal/pdf/signature/signature.go,582,go_perf_layer_database_access_select_star_on_hot_query,false_positive,Snippet does not show the rule precondition in this finding context
/home/chinmay/ChinmayPersonalProjects/deslop/scripts/chunks/Chunk_4551_4575.txt,4571,/home/chinmay/ChinmayPersonalProjects/gopdfsuit/internal/pdf/signature/signature.go,582,go_perf_layer_memory_allocation_temporary_byte_slice_for_string_write,false_positive,Snippet does not show the rule precondition in this finding context
/home/chinmay/ChinmayPersonalProjects/deslop/scripts/chunks/Chunk_4551_4575.txt,4572,/home/chinmay/ChinmayPersonalProjects/gopdfsuit/internal/pdf/signature/signature.go,582,go_perf_layer_string_handling_byte_string_roundtrip_for_contains,false_positive,Snippet does not show the rule precondition in this finding context
/home/chinmay/ChinmayPersonalProjects/deslop/scripts/chunks/Chunk_4551_4575.txt,4573,/home/chinmay/ChinmayPersonalProjects/gopdfsuit/internal/pdf/signature/signature.go,583,go_perf_layer_garbage_collection_cleanup_large_slice_retained_after_truncate,false_positive,Snippet does not show the rule precondition in this finding context
/home/chinmay/ChinmayPersonalProjects/deslop/scripts/chunks/Chunk_4551_4575.txt,4574,/home/chinmay/ChinmayPersonalProjects/gopdfsuit/internal/pdf/signature/signature.go,584,go_perf_layer_memory_allocation_bytes_buffer_allocated_per_record,false_positive,Snippet does not show the rule precondition in this finding context
/home/chinmay/ChinmayPersonalProjects/deslop/scripts/chunks/Chunk_4551_4575.txt,4575,/home/chinmay/ChinmayPersonalProjects/gopdfsuit/internal/pdf/signature/signature.go,586,go_perf_layer_error_handling_cost_error_string_built_before_error_needed,false_positive,Snippet does not show the rule precondition in this finding context
/home/chinmay/ChinmayPersonalProjects/deslop/scripts/chunks/Chunk_4576_4600.txt,4576,/home/chinmay/ChinmayPersonalProjects/gopdfsuit/internal/pdf/signature/signature.go,589,go_perf_layer_caching_cache_key_built_with_fmt,false_positive,Snippet does not show the rule precondition in this finding context
/home/chinmay/ChinmayPersonalProjects/deslop/scripts/chunks/Chunk_4576_4600.txt,4577,/home/chinmay/ChinmayPersonalProjects/gopdfsuit/internal/pdf/signature/signature.go,589,go_perf_layer_caching_json_cache_value_stored_as_string,false_positive,Snippet does not show the rule precondition in this finding context
/home/chinmay/ChinmayPersonalProjects/deslop/scripts/chunks/Chunk_4576_4600.txt,4578,/home/chinmay/ChinmayPersonalProjects/gopdfsuit/internal/pdf/signature/signature.go,589,go_perf_layer_caching_unbounded_cache_map,false_positive,Snippet does not show the rule precondition in this finding context
/home/chinmay/ChinmayPersonalProjects/deslop/scripts/chunks/Chunk_4576_4600.txt,4579,/home/chinmay/ChinmayPersonalProjects/gopdfsuit/internal/pdf/signature/signature.go,590,go_perf_layer_io_operations_scanner_used_for_large_token_stream,false_positive,Snippet does not show the rule precondition in this finding context
/home/chinmay/ChinmayPersonalProjects/deslop/scripts/chunks/Chunk_4576_4600.txt,4580,/home/chinmay/ChinmayPersonalProjects/gopdfsuit/internal/pdf/signature/signature.go,590,go_perf_layer_network_calls_retry_loop_without_backoff,false_positive,Snippet does not show the rule precondition in this finding context
/home/chinmay/ChinmayPersonalProjects/deslop/scripts/chunks/Chunk_4576_4600.txt,4581,/home/chinmay/ChinmayPersonalProjects/gopdfsuit/internal/pdf/signature/signature.go,591,go_perf_layer_string_handling_fmt_sprintf_for_simple_concat,false_positive,Snippet does not show the rule precondition in this finding context
/home/chinmay/ChinmayPersonalProjects/deslop/scripts/chunks/Chunk_4576_4600.txt,4582,/home/chinmay/ChinmayPersonalProjects/gopdfsuit/internal/pdf/signature/signature.go,591,go_perf_layer_string_handling_string_lower_for_case_insensitive_compare,false_positive,Snippet does not show the rule precondition in this finding context
/home/chinmay/ChinmayPersonalProjects/deslop/scripts/chunks/Chunk_4576_4600.txt,4583,/home/chinmay/ChinmayPersonalProjects/gopdfsuit/internal/pdf/signature/signature.go,621,go_perf_layer_io_operations_readall_on_known_large_file,false_positive,Snippet does not show the rule precondition in this finding context
/home/chinmay/ChinmayPersonalProjects/deslop/scripts/chunks/Chunk_4576_4600.txt,4584,/home/chinmay/ChinmayPersonalProjects/gopdfsuit/internal/pdf/structure.go,88,go_perf_layer_caching_unbounded_cache_map,false_positive,Snippet does not show the rule precondition in this finding context
/home/chinmay/ChinmayPersonalProjects/deslop/scripts/chunks/Chunk_4576_4600.txt,4585,/home/chinmay/ChinmayPersonalProjects/gopdfsuit/internal/pdf/structure.go,88,go_perf_layer_data_structure_choice_interface_map_for_typed_values,false_positive,Snippet does not show the rule precondition in this finding context
/home/chinmay/ChinmayPersonalProjects/deslop/scripts/chunks/Chunk_4576_4600.txt,4586,/home/chinmay/ChinmayPersonalProjects/gopdfsuit/internal/pdf/structure.go,96,go_perf_layer_async_concurrency_context_timeout_allocated_per_inner_call,false_positive,Snippet does not show the rule precondition in this finding context
/home/chinmay/ChinmayPersonalProjects/deslop/scripts/chunks/Chunk_4576_4600.txt,4587,/home/chinmay/ChinmayPersonalProjects/gopdfsuit/internal/pdf/structure.go,96,go_perf_layer_memory_allocation_map_recreated_for_static_lookup,false_positive,Snippet does not show the rule precondition in this finding context
/home/chinmay/ChinmayPersonalProjects/deslop/scripts/chunks/Chunk_4576_4600.txt,4588,/home/chinmay/ChinmayPersonalProjects/gopdfsuit/internal/pdf/structure.go,118,go_perf_layer_string_handling_byte_string_roundtrip_for_contains,false_positive,Snippet does not show the rule precondition in this finding context
/home/chinmay/ChinmayPersonalProjects/deslop/scripts/chunks/Chunk_4576_4600.txt,4589,/home/chinmay/ChinmayPersonalProjects/gopdfsuit/internal/pdf/structure.go,118,go_perf_layer_string_handling_string_lower_for_case_insensitive_compare,false_positive,Snippet does not show the rule precondition in this finding context
/home/chinmay/ChinmayPersonalProjects/deslop/scripts/chunks/Chunk_4576_4600.txt,4590,/home/chinmay/ChinmayPersonalProjects/gopdfsuit/internal/pdf/structure.go,118,go_perf_layer_string_handling_strings_join_single_element_loop,false_positive,Snippet does not show the rule precondition in this finding context
/home/chinmay/ChinmayPersonalProjects/deslop/scripts/chunks/Chunk_4576_4600.txt,4591,/home/chinmay/ChinmayPersonalProjects/gopdfsuit/internal/pdf/structure.go,125,go_perf_layer_algorithmic_complexity_quadratic_append_filter_pipeline,false_positive,Snippet does not show the rule precondition in this finding context
/home/chinmay/ChinmayPersonalProjects/deslop/scripts/chunks/Chunk_4576_4600.txt,4592,/home/chinmay/ChinmayPersonalProjects/gopdfsuit/internal/pdf/structure.go,133,go_perf_layer_algorithmic_complexity_repeated_nested_slice_scans,false_positive,Snippet does not show the rule precondition in this finding context
/home/chinmay/ChinmayPersonalProjects/deslop/scripts/chunks/Chunk_4576_4600.txt,4593,/home/chinmay/ChinmayPersonalProjects/gopdfsuit/internal/pdf/structure.go,133,go_perf_layer_memory_allocation_temporary_byte_slice_for_string_write,false_positive,Snippet does not show the rule precondition in this finding context
/home/chinmay/ChinmayPersonalProjects/deslop/scripts/chunks/Chunk_4576_4600.txt,4594,/home/chinmay/ChinmayPersonalProjects/gopdfsuit/internal/pdf/structure.go,139,go_perf_layer_io_operations_scanner_used_for_large_token_stream,false_positive,Snippet does not show the rule precondition in this finding context
/home/chinmay/ChinmayPersonalProjects/deslop/scripts/chunks/Chunk_4576_4600.txt,4595,/home/chinmay/ChinmayPersonalProjects/gopdfsuit/internal/pdf/structure.go,139,go_perf_layer_network_calls_retry_loop_without_backoff,false_positive,Snippet does not show the rule precondition in this finding context
/home/chinmay/ChinmayPersonalProjects/deslop/scripts/chunks/Chunk_4576_4600.txt,4596,/home/chinmay/ChinmayPersonalProjects/gopdfsuit/internal/pdf/structure.go,143,go_perf_layer_serialization_gzip_writer_created_per_small_payload,false_positive,Snippet does not show the rule precondition in this finding context
/home/chinmay/ChinmayPersonalProjects/deslop/scripts/chunks/Chunk_4576_4600.txt,4597,/home/chinmay/ChinmayPersonalProjects/gopdfsuit/internal/pdf/structure.go,156,go_perf_layer_io_operations_small_writes_without_bufio_writer,false_positive,Snippet does not show the rule precondition in this finding context
/home/chinmay/ChinmayPersonalProjects/deslop/scripts/chunks/Chunk_4576_4600.txt,4598,/home/chinmay/ChinmayPersonalProjects/gopdfsuit/internal/pdf/structure.go,182,go_perf_layer_string_handling_byte_string_roundtrip_for_contains,false_positive,Snippet does not show the rule precondition in this finding context
/home/chinmay/ChinmayPersonalProjects/deslop/scripts/chunks/Chunk_4576_4600.txt,4599,/home/chinmay/ChinmayPersonalProjects/gopdfsuit/internal/pdf/structure.go,182,go_perf_layer_string_handling_string_lower_for_case_insensitive_compare,false_positive,Snippet does not show the rule precondition in this finding context
/home/chinmay/ChinmayPersonalProjects/deslop/scripts/chunks/Chunk_4576_4600.txt,4600,/home/chinmay/ChinmayPersonalProjects/gopdfsuit/internal/pdf/structure.go,182,go_perf_layer_string_handling_strings_join_single_element_loop,false_positive,Snippet does not show the rule precondition in this finding context
/home/chinmay/ChinmayPersonalProjects/deslop/scripts/chunks/Chunk_4601_4625.txt,4601,/home/chinmay/ChinmayPersonalProjects/gopdfsuit/internal/pdf/structure.go,186,go_perf_layer_collection_iteration_manual_index_loop_without_bounds_need,false_positive,Snippet does not show the rule precondition in this finding context
/home/chinmay/ChinmayPersonalProjects/deslop/scripts/chunks/Chunk_4601_4625.txt,4602,/home/chinmay/ChinmayPersonalProjects/gopdfsuit/internal/pdf/structure.go,189,go_perf_layer_algorithmic_complexity_quadratic_append_filter_pipeline,false_positive,Snippet does not show the rule precondition in this finding context
/home/chinmay/ChinmayPersonalProjects/deslop/scripts/chunks/Chunk_4601_4625.txt,4603,/home/chinmay/ChinmayPersonalProjects/gopdfsuit/internal/pdf/structure.go,197,go_perf_layer_algorithmic_complexity_repeated_nested_slice_scans,false_positive,Snippet does not show the rule precondition in this finding context
/home/chinmay/ChinmayPersonalProjects/deslop/scripts/chunks/Chunk_4601_4625.txt,4604,/home/chinmay/ChinmayPersonalProjects/gopdfsuit/internal/pdf/structure.go,197,go_perf_layer_memory_allocation_bytes_buffer_allocated_per_record,false_positive,Snippet does not show the rule precondition in this finding context
/home/chinmay/ChinmayPersonalProjects/deslop/scripts/chunks/Chunk_4601_4625.txt,4605,/home/chinmay/ChinmayPersonalProjects/gopdfsuit/internal/pdf/structure.go,197,go_perf_layer_memory_allocation_temporary_byte_slice_for_string_write,false_positive,Snippet does not show the rule precondition in this finding context
/home/chinmay/ChinmayPersonalProjects/deslop/scripts/chunks/Chunk_4601_4625.txt,4606,/home/chinmay/ChinmayPersonalProjects/gopdfsuit/internal/pdf/structure.go,203,go_perf_layer_io_operations_scanner_used_for_large_token_stream,false_positive,Snippet does not show the rule precondition in this finding context
/home/chinmay/ChinmayPersonalProjects/deslop/scripts/chunks/Chunk_4601_4625.txt,4607,/home/chinmay/ChinmayPersonalProjects/gopdfsuit/internal/pdf/structure.go,203,go_perf_layer_network_calls_retry_loop_without_backoff,false_positive,Snippet does not show the rule precondition in this finding context
/home/chinmay/ChinmayPersonalProjects/deslop/scripts/chunks/Chunk_4601_4625.txt,4608,/home/chinmay/ChinmayPersonalProjects/gopdfsuit/internal/pdf/structure.go,215,go_perf_layer_io_operations_small_writes_without_bufio_writer,false_positive,Snippet does not show the rule precondition in this finding context
/home/chinmay/ChinmayPersonalProjects/deslop/scripts/chunks/Chunk_4601_4625.txt,4609,/home/chinmay/ChinmayPersonalProjects/gopdfsuit/internal/pdf/structure.go,215,go_perf_layer_resource_pooling_buffer_pool_without_max_capacity,false_positive,Snippet does not show the rule precondition in this finding context
/home/chinmay/ChinmayPersonalProjects/deslop/scripts/chunks/Chunk_4601_4625.txt,4610,/home/chinmay/ChinmayPersonalProjects/gopdfsuit/internal/pdf/structure.go,245,go_perf_layer_memory_allocation_append_without_known_capacity,false_positive,Snippet does not show the rule precondition in this finding context
/home/chinmay/ChinmayPersonalProjects/deslop/scripts/chunks/Chunk_4601_4625.txt,4611,/home/chinmay/ChinmayPersonalProjects/gopdfsuit/internal/pdf/structure.go,259,go_perf_layer_caching_cache_key_built_with_fmt,false_positive,Snippet does not show the rule precondition in this finding context
/home/chinmay/ChinmayPersonalProjects/deslop/scripts/chunks/Chunk_4601_4625.txt,4612,/home/chinmay/ChinmayPersonalProjects/gopdfsuit/internal/pdf/structure.go,259,go_perf_layer_caching_unbounded_cache_map,false_positive,Snippet does not show the rule precondition in this finding context
/home/chinmay/ChinmayPersonalProjects/deslop/scripts/chunks/Chunk_4601_4625.txt,4613,/home/chinmay/ChinmayPersonalProjects/gopdfsuit/internal/pdf/structure.go,260,go_perf_layer_collection_iteration_manual_index_loop_without_bounds_need,false_positive,Snippet does not show the rule precondition in this finding context
/home/chinmay/ChinmayPersonalProjects/deslop/scripts/chunks/Chunk_4601_4625.txt,4614,/home/chinmay/ChinmayPersonalProjects/gopdfsuit/internal/pdf/structure.go,260,go_perf_layer_network_calls_retry_loop_without_backoff,false_positive,Snippet does not show the rule precondition in this finding context
/home/chinmay/ChinmayPersonalProjects/deslop/scripts/chunks/Chunk_4601_4625.txt,4615,/home/chinmay/ChinmayPersonalProjects/gopdfsuit/internal/pdf/structure.go,271,go_perf_layer_memory_allocation_temporary_byte_slice_for_string_write,false_positive,Snippet does not show the rule precondition in this finding context
/home/chinmay/ChinmayPersonalProjects/deslop/scripts/chunks/Chunk_4601_4625.txt,4616,/home/chinmay/ChinmayPersonalProjects/gopdfsuit/internal/pdf/structure.go,271,go_perf_layer_string_handling_byte_string_roundtrip_for_contains,false_positive,Snippet does not show the rule precondition in this finding context
/home/chinmay/ChinmayPersonalProjects/deslop/scripts/chunks/Chunk_4601_4625.txt,4617,/home/chinmay/ChinmayPersonalProjects/gopdfsuit/internal/pdf/structure.go,271,go_perf_layer_string_handling_strings_join_single_element_loop,false_positive,Snippet does not show the rule precondition in this finding context
/home/chinmay/ChinmayPersonalProjects/deslop/scripts/chunks/Chunk_4601_4625.txt,4618,/home/chinmay/ChinmayPersonalProjects/gopdfsuit/internal/pdf/structure.go,273,go_perf_layer_memory_allocation_append_without_known_capacity,false_positive,Snippet does not show the rule precondition in this finding context
/home/chinmay/ChinmayPersonalProjects/deslop/scripts/chunks/Chunk_4601_4625.txt,4619,/home/chinmay/ChinmayPersonalProjects/gopdfsuit/internal/pdf/structure.go,276,go_perf_layer_io_operations_small_writes_without_bufio_writer,false_positive,Snippet does not show the rule precondition in this finding context
/home/chinmay/ChinmayPersonalProjects/deslop/scripts/chunks/Chunk_4601_4625.txt,4620,/home/chinmay/ChinmayPersonalProjects/gopdfsuit/internal/pdf/structure.go,278,go_perf_layer_network_calls_retry_loop_without_backoff,false_positive,Snippet does not show the rule precondition in this finding context
/home/chinmay/ChinmayPersonalProjects/deslop/scripts/chunks/Chunk_4601_4625.txt,4621,/home/chinmay/ChinmayPersonalProjects/gopdfsuit/internal/pdf/structure.go,313,go_perf_layer_data_structure_choice_interface_map_for_typed_values,false_positive,Snippet does not show the rule precondition in this finding context
/home/chinmay/ChinmayPersonalProjects/deslop/scripts/chunks/Chunk_4601_4625.txt,4622,/home/chinmay/ChinmayPersonalProjects/gopdfsuit/internal/pdf/structure.go,321,go_perf_layer_memory_allocation_map_recreated_for_static_lookup,false_positive,Snippet does not show the rule precondition in this finding context
/home/chinmay/ChinmayPersonalProjects/deslop/scripts/chunks/Chunk_4601_4625.txt,4623,/home/chinmay/ChinmayPersonalProjects/gopdfsuit/internal/pdf/structure.go,329,go_perf_layer_caching_unbounded_cache_map,false_positive,Snippet does not show the rule precondition in this finding context
/home/chinmay/ChinmayPersonalProjects/deslop/scripts/chunks/Chunk_4601_4625.txt,4624,/home/chinmay/ChinmayPersonalProjects/gopdfsuit/internal/pdf/structure.go,356,go_perf_layer_memory_allocation_append_without_known_capacity,false_positive,Snippet does not show the rule precondition in this finding context
/home/chinmay/ChinmayPersonalProjects/deslop/scripts/chunks/Chunk_4601_4625.txt,4625,/home/chinmay/ChinmayPersonalProjects/gopdfsuit/internal/pdf/svg/svg.go,41,go_perf_layer_collection_iteration_copy_slice_before_readonly_range,false_positive,Snippet does not show the rule precondition in this finding context
/home/chinmay/ChinmayPersonalProjects/deslop/scripts/chunks/Chunk_4626_4650.txt,4626,/home/chinmay/ChinmayPersonalProjects/gopdfsuit/internal/pdf/svg/svg.go,41,go_perf_layer_collection_iteration_range_over_map_for_deterministic_first,false_positive,Snippet does not show the rule precondition in this finding context
/home/chinmay/ChinmayPersonalProjects/deslop/scripts/chunks/Chunk_4626_4650.txt,4627,/home/chinmay/ChinmayPersonalProjects/gopdfsuit/internal/pdf/svg/svg.go,41,go_perf_layer_database_access_rows_scan_into_map_per_row,false_positive,Snippet does not show the rule precondition in this finding context
/home/chinmay/ChinmayPersonalProjects/deslop/scripts/chunks/Chunk_4626_4650.txt,4628,/home/chinmay/ChinmayPersonalProjects/gopdfsuit/internal/pdf/svg/svg.go,41,go_perf_layer_hot_path_optimization_allocation_in_hash_or_less_func,false_positive,Snippet does not show the rule precondition in this finding context
/home/chinmay/ChinmayPersonalProjects/deslop/scripts/chunks/Chunk_4626_4650.txt,4629,/home/chinmay/ChinmayPersonalProjects/gopdfsuit/internal/pdf/svg/svg.go,41,go_perf_layer_hot_path_optimization_invariant_parse_inside_handler,false_positive,Snippet does not show the rule precondition in this finding context
/home/chinmay/ChinmayPersonalProjects/deslop/scripts/chunks/Chunk_4626_4650.txt,4630,/home/chinmay/ChinmayPersonalProjects/gopdfsuit/internal/pdf/svg/svg.go,41,go_perf_layer_io_operations_scanner_used_for_large_token_stream,false_positive,Snippet does not show the rule precondition in this finding context
/home/chinmay/ChinmayPersonalProjects/deslop/scripts/chunks/Chunk_4626_4650.txt,4631,/home/chinmay/ChinmayPersonalProjects/gopdfsuit/internal/pdf/svg/svg.go,41,go_perf_layer_network_calls_retry_loop_without_backoff,false_positive,Snippet does not show the rule precondition in this finding context
/home/chinmay/ChinmayPersonalProjects/deslop/scripts/chunks/Chunk_4626_4650.txt,4632,/home/chinmay/ChinmayPersonalProjects/gopdfsuit/internal/pdf/svg/svg.go,41,go_perf_layer_string_handling_fmt_sprintf_for_simple_concat,false_positive,Snippet does not show the rule precondition in this finding context
/home/chinmay/ChinmayPersonalProjects/deslop/scripts/chunks/Chunk_4626_4650.txt,4633,/home/chinmay/ChinmayPersonalProjects/gopdfsuit/internal/pdf/svg/svg.go,42,go_perf_layer_string_handling_byte_string_roundtrip_for_contains,false_positive,Snippet does not show the rule precondition in this finding context
/home/chinmay/ChinmayPersonalProjects/deslop/scripts/chunks/Chunk_4626_4650.txt,4634,/home/chinmay/ChinmayPersonalProjects/gopdfsuit/internal/pdf/svg/svg.go,42,go_perf_layer_string_handling_string_lower_for_case_insensitive_compare,false_positive,Snippet does not show the rule precondition in this finding context
/home/chinmay/ChinmayPersonalProjects/deslop/scripts/chunks/Chunk_4626_4650.txt,4635,/home/chinmay/ChinmayPersonalProjects/gopdfsuit/internal/pdf/svg/svg.go,42,go_perf_layer_string_handling_strings_join_single_element_loop,false_positive,Snippet does not show the rule precondition in this finding context
/home/chinmay/ChinmayPersonalProjects/deslop/scripts/chunks/Chunk_4626_4650.txt,4636,/home/chinmay/ChinmayPersonalProjects/gopdfsuit/internal/pdf/svg/svg.go,43,go_perf_layer_error_handling_cost_error_string_built_before_error_needed,false_positive,Snippet does not show the rule precondition in this finding context
/home/chinmay/ChinmayPersonalProjects/deslop/scripts/chunks/Chunk_4626_4650.txt,4637,/home/chinmay/ChinmayPersonalProjects/gopdfsuit/internal/pdf/svg/svg.go,43,go_perf_layer_error_handling_cost_sentinel_error_allocated_per_call,false_positive,Snippet does not show the rule precondition in this finding context
/home/chinmay/ChinmayPersonalProjects/deslop/scripts/chunks/Chunk_4626_4650.txt,4638,/home/chinmay/ChinmayPersonalProjects/gopdfsuit/internal/pdf/svg/svg.go,43,go_perf_layer_serialization_json_decoder_without_reuse_for_stream,false_positive,Snippet does not show the rule precondition in this finding context
/home/chinmay/ChinmayPersonalProjects/deslop/scripts/chunks/Chunk_4626_4650.txt,4639,/home/chinmay/ChinmayPersonalProjects/gopdfsuit/internal/pdf/svg/svg.go,43,go_perf_layer_serialization_json_marshal_for_deep_equal,false_positive,Snippet does not show the rule precondition in this finding context
/home/chinmay/ChinmayPersonalProjects/deslop/scripts/chunks/Chunk_4626_4650.txt,4640,/home/chinmay/ChinmayPersonalProjects/gopdfsuit/internal/pdf/svg/svg.go,43,go_perf_layer_serialization_map_any_json_decode_in_hot_path,false_positive,Snippet does not show the rule precondition in this finding context
/home/chinmay/ChinmayPersonalProjects/deslop/scripts/chunks/Chunk_4626_4650.txt,4641,/home/chinmay/ChinmayPersonalProjects/gopdfsuit/internal/pdf/svg/svg.go,50,go_perf_layer_caching_cache_miss_does_duplicate_work,false_positive,Snippet does not show the rule precondition in this finding context
/home/chinmay/ChinmayPersonalProjects/deslop/scripts/chunks/Chunk_4626_4650.txt,4642,/home/chinmay/ChinmayPersonalProjects/gopdfsuit/internal/pdf/svg/svg.go,52,go_perf_layer_caching_json_cache_value_stored_as_string,false_positive,Snippet does not show the rule precondition in this finding context
/home/chinmay/ChinmayPersonalProjects/deslop/scripts/chunks/Chunk_4626_4650.txt,4643,/home/chinmay/ChinmayPersonalProjects/gopdfsuit/internal/pdf/svg/svg.go,52,go_perf_layer_data_structure_choice_map_string_bool_for_membership,false_positive,Snippet does not show the rule precondition in this finding context
/home/chinmay/ChinmayPersonalProjects/deslop/scripts/chunks/Chunk_4626_4650.txt,4644,/home/chinmay/ChinmayPersonalProjects/gopdfsuit/internal/pdf/svg/svg.go,52,go_perf_layer_data_structure_choice_small_enum_string_switch_map,false_positive,Snippet does not show the rule precondition in this finding context
/home/chinmay/ChinmayPersonalProjects/deslop/scripts/chunks/Chunk_4626_4650.txt,4645,/home/chinmay/ChinmayPersonalProjects/gopdfsuit/internal/pdf/svg/svg.go,52,go_perf_layer_garbage_collection_cleanup_sync_pool_stores_large_unbounded_buffers,false_positive,Snippet does not show the rule precondition in this finding context
/home/chinmay/ChinmayPersonalProjects/deslop/scripts/chunks/Chunk_4626_4650.txt,4646,/home/chinmay/ChinmayPersonalProjects/gopdfsuit/internal/pdf/svg/svg.go,52,go_perf_layer_memory_allocation_temporary_byte_slice_for_string_write,false_positive,Snippet does not show the rule precondition in this finding context
/home/chinmay/ChinmayPersonalProjects/deslop/scripts/chunks/Chunk_4626_4650.txt,4647,/home/chinmay/ChinmayPersonalProjects/gopdfsuit/internal/pdf/svg/svg.go,52,strings_replace_all_for_single_char,false_positive,Snippet does not show the rule precondition in this finding context
/home/chinmay/ChinmayPersonalProjects/deslop/scripts/chunks/Chunk_4626_4650.txt,4648,/home/chinmay/ChinmayPersonalProjects/gopdfsuit/internal/pdf/svg/svg.go,67,bytes_buffer_without_grow_known_bound,false_positive,Snippet does not show the rule precondition in this finding context
/home/chinmay/ChinmayPersonalProjects/deslop/scripts/chunks/Chunk_4626_4650.txt,4649,/home/chinmay/ChinmayPersonalProjects/gopdfsuit/internal/pdf/svg/svg.go,67,go_perf_layer_memory_allocation_bytes_buffer_allocated_per_record,false_positive,Snippet does not show the rule precondition in this finding context
/home/chinmay/ChinmayPersonalProjects/deslop/scripts/chunks/Chunk_4626_4650.txt,4650,/home/chinmay/ChinmayPersonalProjects/gopdfsuit/internal/pdf/svg/svg.go,67,go_perf_layer_resource_pooling_buffer_pool_without_max_capacity,false_positive,Snippet does not show the rule precondition in this finding context
/home/chinmay/ChinmayPersonalProjects/deslop/scripts/chunks/Chunk_4651_4675.txt,4651,/home/chinmay/ChinmayPersonalProjects/gopdfsuit/internal/pdf/svg/svg.go,71,go_perf_layer_caching_cache_key_built_with_fmt,false_positive,Snippet does not show the rule precondition in this finding context
/home/chinmay/ChinmayPersonalProjects/deslop/scripts/chunks/Chunk_4651_4675.txt,4652,/home/chinmay/ChinmayPersonalProjects/gopdfsuit/internal/pdf/svg/svg.go,71,go_perf_layer_caching_unbounded_cache_map,false_positive,Snippet does not show the rule precondition in this finding context
/home/chinmay/ChinmayPersonalProjects/deslop/scripts/chunks/Chunk_4651_4675.txt,4653,/home/chinmay/ChinmayPersonalProjects/gopdfsuit/internal/pdf/svg/svg.go,71,go_perf_layer_data_structure_choice_interface_map_for_typed_values,false_positive,Snippet does not show the rule precondition in this finding context
/home/chinmay/ChinmayPersonalProjects/deslop/scripts/chunks/Chunk_4651_4675.txt,4654,/home/chinmay/ChinmayPersonalProjects/gopdfsuit/internal/pdf/svg/svg.go,72,go_perf_layer_async_concurrency_context_timeout_allocated_per_inner_call,false_positive,Snippet does not show the rule precondition in this finding context
/home/chinmay/ChinmayPersonalProjects/deslop/scripts/chunks/Chunk_4651_4675.txt,4655,/home/chinmay/ChinmayPersonalProjects/gopdfsuit/internal/pdf/svg/svg.go,72,go_perf_layer_network_calls_http_client_created_per_call,false_positive,Snippet does not show the rule precondition in this finding context
/home/chinmay/ChinmayPersonalProjects/deslop/scripts/chunks/Chunk_4651_4675.txt,4656,/home/chinmay/ChinmayPersonalProjects/gopdfsuit/internal/pdf/svg/svg.go,82,go_perf_layer_io_operations_stat_before_open_without_branch,false_positive,Snippet does not show the rule precondition in this finding context
/home/chinmay/ChinmayPersonalProjects/deslop/scripts/chunks/Chunk_4651_4675.txt,4657,/home/chinmay/ChinmayPersonalProjects/gopdfsuit/internal/pdf/svg/svg.go,84,go_perf_layer_memory_allocation_closure_capture_allocates_in_loop,false_positive,Snippet does not show the rule precondition in this finding context
/home/chinmay/ChinmayPersonalProjects/deslop/scripts/chunks/Chunk_4651_4675.txt,4658,/home/chinmay/ChinmayPersonalProjects/gopdfsuit/internal/pdf/svg/svg.go,84,go_perf_layer_memory_allocation_map_recreated_for_static_lookup,false_positive,Snippet does not show the rule precondition in this finding context
/home/chinmay/ChinmayPersonalProjects/deslop/scripts/chunks/Chunk_4651_4675.txt,4659,/home/chinmay/ChinmayPersonalProjects/gopdfsuit/internal/pdf/svg/svg.go,84,go_perf_layer_network_calls_dns_lookup_per_request_path,false_positive,Snippet does not show the rule precondition in this finding context
/home/chinmay/ChinmayPersonalProjects/deslop/scripts/chunks/Chunk_4651_4675.txt,4660,/home/chinmay/ChinmayPersonalProjects/gopdfsuit/internal/pdf/svg/svg.go,86,go_perf_layer_io_operations_temporary_file_for_stream_transform,false_positive,Snippet does not show the rule precondition in this finding context
/home/chinmay/ChinmayPersonalProjects/deslop/scripts/chunks/Chunk_4651_4675.txt,4661,/home/chinmay/ChinmayPersonalProjects/gopdfsuit/internal/pdf/svg/svg.go,86,go_perf_layer_resource_pooling_rate_limiter_per_request,false_positive,Snippet does not show the rule precondition in this finding context
/home/chinmay/ChinmayPersonalProjects/deslop/scripts/chunks/Chunk_4651_4675.txt,4662,/home/chinmay/ChinmayPersonalProjects/gopdfsuit/internal/pdf/svg/svg.go,98,go_perf_layer_framework_performance_gin_context_copied_for_sync_path,false_positive,Snippet does not show the rule precondition in this finding context
/home/chinmay/ChinmayPersonalProjects/deslop/scripts/chunks/Chunk_4651_4675.txt,4663,/home/chinmay/ChinmayPersonalProjects/gopdfsuit/internal/pdf/svg/svg.go,98,map_growth_without_size_hint,false_positive,Snippet does not show the rule precondition in this finding context
/home/chinmay/ChinmayPersonalProjects/deslop/scripts/chunks/Chunk_4651_4675.txt,4664,/home/chinmay/ChinmayPersonalProjects/gopdfsuit/internal/pdf/svg/svg.go,110,allocation_churn_in_loop,false_positive,Snippet does not show the rule precondition in this finding context
/home/chinmay/ChinmayPersonalProjects/deslop/scripts/chunks/Chunk_4651_4675.txt,4665,/home/chinmay/ChinmayPersonalProjects/gopdfsuit/internal/pdf/svg/svg.go,110,make_map_inside_hot_loop_same_shape,false_positive,Snippet does not show the rule precondition in this finding context
/home/chinmay/ChinmayPersonalProjects/deslop/scripts/chunks/Chunk_4651_4675.txt,4666,/home/chinmay/ChinmayPersonalProjects/gopdfsuit/internal/pdf/svg/svg.go,110,repeated_map_clone_in_loop,false_positive,Snippet does not show the rule precondition in this finding context
/home/chinmay/ChinmayPersonalProjects/deslop/scripts/chunks/Chunk_4651_4675.txt,4667,/home/chinmay/ChinmayPersonalProjects/gopdfsuit/internal/pdf/svg/svg.go,124,fmt_hot_path,false_positive,Snippet does not show the rule precondition in this finding context
/home/chinmay/ChinmayPersonalProjects/deslop/scripts/chunks/Chunk_4651_4675.txt,4668,/home/chinmay/ChinmayPersonalProjects/gopdfsuit/internal/pdf/svg/svg.go,130,fmt_hot_path,false_positive,Snippet does not show the rule precondition in this finding context
/home/chinmay/ChinmayPersonalProjects/deslop/scripts/chunks/Chunk_4651_4675.txt,4669,/home/chinmay/ChinmayPersonalProjects/gopdfsuit/internal/pdf/svg/svg.go,167,fmt_hot_path,false_positive,Snippet does not show the rule precondition in this finding context
/home/chinmay/ChinmayPersonalProjects/deslop/scripts/chunks/Chunk_4651_4675.txt,4670,/home/chinmay/ChinmayPersonalProjects/gopdfsuit/internal/pdf/svg/svg.go,183,go_perf_layer_garbage_collection_cleanup_finalizer_used_for_regular_cleanup,false_positive,Snippet does not show the rule precondition in this finding context
/home/chinmay/ChinmayPersonalProjects/deslop/scripts/chunks/Chunk_4651_4675.txt,4671,/home/chinmay/ChinmayPersonalProjects/gopdfsuit/internal/pdf/svg/svg.go,205,go_perf_layer_caching_json_cache_value_stored_as_string,false_positive,Snippet does not show the rule precondition in this finding context
/home/chinmay/ChinmayPersonalProjects/deslop/scripts/chunks/Chunk_4651_4675.txt,4672,/home/chinmay/ChinmayPersonalProjects/gopdfsuit/internal/pdf/svg/svg.go,205,go_perf_layer_caching_unbounded_cache_map,false_positive,Snippet does not show the rule precondition in this finding context
/home/chinmay/ChinmayPersonalProjects/deslop/scripts/chunks/Chunk_4651_4675.txt,4673,/home/chinmay/ChinmayPersonalProjects/gopdfsuit/internal/pdf/svg/svg.go,205,go_perf_layer_collection_iteration_range_over_map_for_deterministic_first,false_positive,Snippet does not show the rule precondition in this finding context
/home/chinmay/ChinmayPersonalProjects/deslop/scripts/chunks/Chunk_4651_4675.txt,4674,/home/chinmay/ChinmayPersonalProjects/gopdfsuit/internal/pdf/svg/svg.go,205,go_perf_layer_data_structure_choice_interface_map_for_typed_values,false_positive,Snippet does not show the rule precondition in this finding context
/home/chinmay/ChinmayPersonalProjects/deslop/scripts/chunks/Chunk_4651_4675.txt,4675,/home/chinmay/ChinmayPersonalProjects/gopdfsuit/internal/pdf/svg/svg.go,205,go_perf_layer_data_structure_choice_map_string_bool_for_membership,false_positive,Snippet does not show the rule precondition in this finding context
/home/chinmay/ChinmayPersonalProjects/deslop/scripts/chunks/Chunk_4676_4700.txt,4676,/home/chinmay/ChinmayPersonalProjects/gopdfsuit/internal/pdf/svg/svg.go,205,go_perf_layer_data_structure_choice_small_enum_string_switch_map,false_positive,Snippet does not show the rule precondition in this finding context
/home/chinmay/ChinmayPersonalProjects/deslop/scripts/chunks/Chunk_4676_4700.txt,4677,/home/chinmay/ChinmayPersonalProjects/gopdfsuit/internal/pdf/svg/svg.go,205,go_perf_layer_database_access_rows_scan_into_map_per_row,false_positive,Snippet does not show the rule precondition in this finding context
/home/chinmay/ChinmayPersonalProjects/deslop/scripts/chunks/Chunk_4676_4700.txt,4678,/home/chinmay/ChinmayPersonalProjects/gopdfsuit/internal/pdf/svg/svg.go,205,go_perf_layer_memory_allocation_map_recreated_for_static_lookup,false_positive,Snippet does not show the rule precondition in this finding context
/home/chinmay/ChinmayPersonalProjects/deslop/scripts/chunks/Chunk_4676_4700.txt,4679,/home/chinmay/ChinmayPersonalProjects/gopdfsuit/internal/pdf/svg/svg.go,205,go_perf_layer_network_calls_dns_lookup_per_request_path,false_positive,Snippet does not show the rule precondition in this finding context
/home/chinmay/ChinmayPersonalProjects/deslop/scripts/chunks/Chunk_4676_4700.txt,4680,/home/chinmay/ChinmayPersonalProjects/gopdfsuit/internal/pdf/svg/svg.go,205,go_perf_layer_string_handling_string_lower_for_case_insensitive_compare,false_positive,Snippet does not show the rule precondition in this finding context
/home/chinmay/ChinmayPersonalProjects/deslop/scripts/chunks/Chunk_4676_4700.txt,4681,/home/chinmay/ChinmayPersonalProjects/gopdfsuit/internal/pdf/svg/svg.go,205,go_perf_layer_string_handling_strings_join_single_element_loop,false_positive,Snippet does not show the rule precondition in this finding context
/home/chinmay/ChinmayPersonalProjects/deslop/scripts/chunks/Chunk_4676_4700.txt,4682,/home/chinmay/ChinmayPersonalProjects/gopdfsuit/internal/pdf/svg/svg.go,206,go_perf_layer_hot_path_optimization_invariant_parse_inside_handler,false_positive,Snippet does not show the rule precondition in this finding context
/home/chinmay/ChinmayPersonalProjects/deslop/scripts/chunks/Chunk_4676_4700.txt,4683,/home/chinmay/ChinmayPersonalProjects/gopdfsuit/internal/pdf/svg/svg.go,206,go_perf_layer_network_calls_retry_loop_without_backoff,false_positive,Snippet does not show the rule precondition in this finding context
/home/chinmay/ChinmayPersonalProjects/deslop/scripts/chunks/Chunk_4676_4700.txt,4684,/home/chinmay/ChinmayPersonalProjects/gopdfsuit/internal/pdf/svg/svg.go,207,map_growth_without_size_hint,false_positive,Snippet does not show the rule precondition in this finding context
/home/chinmay/ChinmayPersonalProjects/deslop/scripts/chunks/Chunk_4676_4700.txt,4685,/home/chinmay/ChinmayPersonalProjects/gopdfsuit/internal/pdf/svg/svg.go,241,go_perf_layer_hot_path_optimization_invariant_parse_inside_handler,false_positive,Snippet does not show the rule precondition in this finding context
/home/chinmay/ChinmayPersonalProjects/deslop/scripts/chunks/Chunk_4676_4700.txt,4686,/home/chinmay/ChinmayPersonalProjects/gopdfsuit/internal/pdf/svg/svg.go,242,go_perf_layer_data_structure_choice_small_enum_string_switch_map,false_positive,Snippet does not show the rule precondition in this finding context
/home/chinmay/ChinmayPersonalProjects/deslop/scripts/chunks/Chunk_4676_4700.txt,4687,/home/chinmay/ChinmayPersonalProjects/gopdfsuit/internal/pdf/svg/svg.go,242,go_perf_layer_io_operations_scanner_used_for_large_token_stream,false_positive,Snippet does not show the rule precondition in this finding context
/home/chinmay/ChinmayPersonalProjects/deslop/scripts/chunks/Chunk_4676_4700.txt,4688,/home/chinmay/ChinmayPersonalProjects/gopdfsuit/internal/pdf/svg/svg.go,242,go_perf_layer_string_handling_string_lower_for_case_insensitive_compare,false_positive,Snippet does not show the rule precondition in this finding context
/home/chinmay/ChinmayPersonalProjects/deslop/scripts/chunks/Chunk_4676_4700.txt,4689,/home/chinmay/ChinmayPersonalProjects/gopdfsuit/internal/pdf/svg/svg.go,242,strings_replace_all_for_single_char,false_positive,Snippet does not show the rule precondition in this finding context
/home/chinmay/ChinmayPersonalProjects/deslop/scripts/chunks/Chunk_4676_4700.txt,4690,/home/chinmay/ChinmayPersonalProjects/gopdfsuit/internal/pdf/svg/svg.go,245,go_perf_layer_network_calls_retry_loop_without_backoff,false_positive,Snippet does not show the rule precondition in this finding context
/home/chinmay/ChinmayPersonalProjects/deslop/scripts/chunks/Chunk_4676_4700.txt,4691,/home/chinmay/ChinmayPersonalProjects/gopdfsuit/internal/pdf/svg/svg.go,252,fmt_hot_path,false_positive,Snippet does not show the rule precondition in this finding context
/home/chinmay/ChinmayPersonalProjects/deslop/scripts/chunks/Chunk_4676_4700.txt,4692,/home/chinmay/ChinmayPersonalProjects/gopdfsuit/internal/pdf/svg/svg.go,257,strconv_repeat_on_same_binding,false_positive,Snippet does not show the rule precondition in this finding context
/home/chinmay/ChinmayPersonalProjects/deslop/scripts/chunks/Chunk_4676_4700.txt,4693,/home/chinmay/ChinmayPersonalProjects/gopdfsuit/internal/pdf/svg/svg.go,258,strconv_repeat_on_same_binding,false_positive,Snippet does not show the rule precondition in this finding context
/home/chinmay/ChinmayPersonalProjects/deslop/scripts/chunks/Chunk_4676_4700.txt,4694,/home/chinmay/ChinmayPersonalProjects/gopdfsuit/internal/pdf/svg/svg.go,259,fmt_hot_path,false_positive,Snippet does not show the rule precondition in this finding context
/home/chinmay/ChinmayPersonalProjects/deslop/scripts/chunks/Chunk_4676_4700.txt,4695,/home/chinmay/ChinmayPersonalProjects/gopdfsuit/internal/pdf/svg/svg.go,262,fmt_hot_path,false_positive,Snippet does not show the rule precondition in this finding context
/home/chinmay/ChinmayPersonalProjects/deslop/scripts/chunks/Chunk_4676_4700.txt,4696,/home/chinmay/ChinmayPersonalProjects/gopdfsuit/internal/pdf/svg/svg.go,267,fmt_hot_path,false_positive,Snippet does not show the rule precondition in this finding context
/home/chinmay/ChinmayPersonalProjects/deslop/scripts/chunks/Chunk_4676_4700.txt,4697,/home/chinmay/ChinmayPersonalProjects/gopdfsuit/internal/pdf/svg/svg.go,274,go_perf_layer_io_operations_scanner_used_for_large_token_stream,false_positive,Snippet does not show the rule precondition in this finding context
/home/chinmay/ChinmayPersonalProjects/deslop/scripts/chunks/Chunk_4676_4700.txt,4698,/home/chinmay/ChinmayPersonalProjects/gopdfsuit/internal/pdf/svg/svg.go,274,go_perf_layer_string_handling_string_lower_for_case_insensitive_compare,false_positive,Snippet does not show the rule precondition in this finding context
/home/chinmay/ChinmayPersonalProjects/deslop/scripts/chunks/Chunk_4676_4700.txt,4699,/home/chinmay/ChinmayPersonalProjects/gopdfsuit/internal/pdf/svg/svg.go,281,strings_replace_all_for_single_char,false_positive,Snippet does not show the rule precondition in this finding context
/home/chinmay/ChinmayPersonalProjects/deslop/scripts/chunks/Chunk_4676_4700.txt,4700,/home/chinmay/ChinmayPersonalProjects/gopdfsuit/internal/pdf/svg/svg.go,285,go_perf_layer_data_structure_choice_small_enum_string_switch_map,false_positive,Snippet does not show the rule precondition in this finding context
/home/chinmay/ChinmayPersonalProjects/deslop/scripts/chunks/Chunk_4701_4725.txt,4701,/home/chinmay/ChinmayPersonalProjects/gopdfsuit/internal/pdf/svg/svg.go,285,go_perf_layer_string_handling_string_lower_for_case_insensitive_compare,false_positive,Snippet does not show the rule precondition in this finding context
/home/chinmay/ChinmayPersonalProjects/deslop/scripts/chunks/Chunk_4701_4725.txt,4702,/home/chinmay/ChinmayPersonalProjects/gopdfsuit/internal/pdf/svg/svg.go,289,go_perf_layer_collection_iteration_len_called_after_materializing_channel,false_positive,Snippet does not show the rule precondition in this finding context
/home/chinmay/ChinmayPersonalProjects/deslop/scripts/chunks/Chunk_4701_4725.txt,4703,/home/chinmay/ChinmayPersonalProjects/gopdfsuit/internal/pdf/svg/svg.go,360,strings_hassuffix_then_trimsuffix,false_positive,Snippet does not show the rule precondition in this finding context
/home/chinmay/ChinmayPersonalProjects/deslop/scripts/chunks/Chunk_4701_4725.txt,4704,/home/chinmay/ChinmayPersonalProjects/gopdfsuit/internal/pdf/svg/svg.go,369,go_perf_layer_string_handling_string_lower_for_case_insensitive_compare,false_positive,Snippet does not show the rule precondition in this finding context
/home/chinmay/ChinmayPersonalProjects/deslop/scripts/chunks/Chunk_4701_4725.txt,4705,/home/chinmay/ChinmayPersonalProjects/gopdfsuit/internal/pdf/svg/svg.go,375,go_perf_layer_hot_path_optimization_invariant_parse_inside_handler,false_positive,Snippet does not show the rule precondition in this finding context
/home/chinmay/ChinmayPersonalProjects/deslop/scripts/chunks/Chunk_4701_4725.txt,4706,/home/chinmay/ChinmayPersonalProjects/gopdfsuit/internal/pdf/svg/svg.go,378,go_perf_layer_caching_json_cache_value_stored_as_string,false_positive,Snippet does not show the rule precondition in this finding context
/home/chinmay/ChinmayPersonalProjects/deslop/scripts/chunks/Chunk_4701_4725.txt,4707,/home/chinmay/ChinmayPersonalProjects/gopdfsuit/internal/pdf/svg/svg.go,378,go_perf_layer_data_structure_choice_small_enum_string_switch_map,false_positive,Snippet does not show the rule precondition in this finding context
/home/chinmay/ChinmayPersonalProjects/deslop/scripts/chunks/Chunk_4701_4725.txt,4708,/home/chinmay/ChinmayPersonalProjects/gopdfsuit/internal/pdf/svg/svg.go,378,go_perf_layer_io_operations_stat_before_open_without_branch,false_positive,Snippet does not show the rule precondition in this finding context
/home/chinmay/ChinmayPersonalProjects/deslop/scripts/chunks/Chunk_4701_4725.txt,4709,/home/chinmay/ChinmayPersonalProjects/gopdfsuit/internal/pdf/svg/svg.go,392,go_perf_layer_network_calls_retry_loop_without_backoff,false_positive,Snippet does not show the rule precondition in this finding context
/home/chinmay/ChinmayPersonalProjects/deslop/scripts/chunks/Chunk_4701_4725.txt,4710,/home/chinmay/ChinmayPersonalProjects/gopdfsuit/internal/pdf/svg/svg.go,456,go_perf_layer_data_structure_choice_small_enum_string_switch_map,false_positive,Snippet does not show the rule precondition in this finding context
/home/chinmay/ChinmayPersonalProjects/deslop/scripts/chunks/Chunk_4701_4725.txt,4711,/home/chinmay/ChinmayPersonalProjects/gopdfsuit/internal/pdf/svg/svg.go,456,go_perf_layer_garbage_collection_cleanup_large_slice_retained_after_truncate,false_positive,Snippet does not show the rule precondition in this finding context
/home/chinmay/ChinmayPersonalProjects/deslop/scripts/chunks/Chunk_4701_4725.txt,4712,/home/chinmay/ChinmayPersonalProjects/gopdfsuit/internal/pdf/svg/svg.go,456,go_perf_layer_io_operations_scanner_used_for_large_token_stream,false_positive,Snippet does not show the rule precondition in this finding context
/home/chinmay/ChinmayPersonalProjects/deslop/scripts/chunks/Chunk_4701_4725.txt,4713,/home/chinmay/ChinmayPersonalProjects/gopdfsuit/internal/pdf/svg/svg.go,456,go_perf_layer_memory_allocation_temporary_byte_slice_for_string_write,false_positive,Snippet does not show the rule precondition in this finding context
/home/chinmay/ChinmayPersonalProjects/deslop/scripts/chunks/Chunk_4701_4725.txt,4714,/home/chinmay/ChinmayPersonalProjects/gopdfsuit/internal/pdf/svg/svg.go,456,go_perf_layer_string_handling_string_lower_for_case_insensitive_compare,false_positive,Snippet does not show the rule precondition in this finding context
/home/chinmay/ChinmayPersonalProjects/deslop/scripts/chunks/Chunk_4701_4725.txt,4715,/home/chinmay/ChinmayPersonalProjects/gopdfsuit/internal/pdf/svg/svg.go,456,strings_replace_all_for_single_char,false_positive,Snippet does not show the rule precondition in this finding context
/home/chinmay/ChinmayPersonalProjects/deslop/scripts/chunks/Chunk_4701_4725.txt,4716,/home/chinmay/ChinmayPersonalProjects/gopdfsuit/internal/pdf/svg/svg.go,458,go_perf_layer_algorithmic_complexity_repeated_nested_slice_scans,false_positive,Snippet does not show the rule precondition in this finding context
/home/chinmay/ChinmayPersonalProjects/deslop/scripts/chunks/Chunk_4701_4725.txt,4717,/home/chinmay/ChinmayPersonalProjects/gopdfsuit/internal/pdf/svg/svg.go,458,go_perf_layer_collection_iteration_copy_slice_before_readonly_range,false_positive,Snippet does not show the rule precondition in this finding context
/home/chinmay/ChinmayPersonalProjects/deslop/scripts/chunks/Chunk_4701_4725.txt,4718,/home/chinmay/ChinmayPersonalProjects/gopdfsuit/internal/pdf/svg/svg.go,458,go_perf_layer_network_calls_retry_loop_without_backoff,false_positive,Snippet does not show the rule precondition in this finding context
/home/chinmay/ChinmayPersonalProjects/deslop/scripts/chunks/Chunk_4701_4725.txt,4719,/home/chinmay/ChinmayPersonalProjects/gopdfsuit/internal/pdf/svg/svg.go,459,string_concat_in_loop,false_positive,Snippet does not show the rule precondition in this finding context
/home/chinmay/ChinmayPersonalProjects/deslop/scripts/chunks/Chunk_4701_4725.txt,4720,/home/chinmay/ChinmayPersonalProjects/gopdfsuit/internal/pdf/svg/svg.go,459,strings_replace_all_for_single_char,false_positive,Snippet does not show the rule precondition in this finding context
/home/chinmay/ChinmayPersonalProjects/deslop/scripts/chunks/Chunk_4701_4725.txt,4721,/home/chinmay/ChinmayPersonalProjects/gopdfsuit/internal/pdf/svg/svg.go,466,go_perf_layer_caching_cache_miss_does_duplicate_work,false_positive,Snippet does not show the rule precondition in this finding context
/home/chinmay/ChinmayPersonalProjects/deslop/scripts/chunks/Chunk_4701_4725.txt,4722,/home/chinmay/ChinmayPersonalProjects/gopdfsuit/internal/pdf/svg/svg.go,475,strconv_repeat_on_same_binding,false_positive,Snippet does not show the rule precondition in this finding context
/home/chinmay/ChinmayPersonalProjects/deslop/scripts/chunks/Chunk_4701_4725.txt,4723,/home/chinmay/ChinmayPersonalProjects/gopdfsuit/internal/pdf/svg/svg.go,477,fmt_hot_path,false_positive,Snippet does not show the rule precondition in this finding context
/home/chinmay/ChinmayPersonalProjects/deslop/scripts/chunks/Chunk_4701_4725.txt,4724,/home/chinmay/ChinmayPersonalProjects/gopdfsuit/internal/pdf/svg/svg.go,486,fmt_hot_path,false_positive,Snippet does not show the rule precondition in this finding context
/home/chinmay/ChinmayPersonalProjects/deslop/scripts/chunks/Chunk_4701_4725.txt,4725,/home/chinmay/ChinmayPersonalProjects/gopdfsuit/internal/pdf/svg/svg.go,493,fmt_hot_path,false_positive,Snippet does not show the rule precondition in this finding context
/home/chinmay/ChinmayPersonalProjects/deslop/scripts/chunks/Chunk_4726_4750.txt,4726,/home/chinmay/ChinmayPersonalProjects/gopdfsuit/internal/pdf/svg/svg.go,502,fmt_hot_path,false_positive,Snippet does not show the rule precondition in this finding context
/home/chinmay/ChinmayPersonalProjects/deslop/scripts/chunks/Chunk_4726_4750.txt,4727,/home/chinmay/ChinmayPersonalProjects/gopdfsuit/internal/pdf/svg/svg.go,508,fmt_hot_path,false_positive,Snippet does not show the rule precondition in this finding context
/home/chinmay/ChinmayPersonalProjects/deslop/scripts/chunks/Chunk_4726_4750.txt,4728,/home/chinmay/ChinmayPersonalProjects/gopdfsuit/internal/pdf/svg/svg.go,513,fmt_hot_path,false_positive,Snippet does not show the rule precondition in this finding context
/home/chinmay/ChinmayPersonalProjects/deslop/scripts/chunks/Chunk_4726_4750.txt,4729,/home/chinmay/ChinmayPersonalProjects/gopdfsuit/internal/pdf/svg/svg.go,519,fmt_hot_path,false_positive,Snippet does not show the rule precondition in this finding context
/home/chinmay/ChinmayPersonalProjects/deslop/scripts/chunks/Chunk_4726_4750.txt,4730,/home/chinmay/ChinmayPersonalProjects/gopdfsuit/internal/pdf/svg/svg.go,524,fmt_hot_path,false_positive,Snippet does not show the rule precondition in this finding context
/home/chinmay/ChinmayPersonalProjects/deslop/scripts/chunks/Chunk_4726_4750.txt,4731,/home/chinmay/ChinmayPersonalProjects/gopdfsuit/internal/pdf/svg/svg.go,539,fmt_hot_path,false_positive,Snippet does not show the rule precondition in this finding context
/home/chinmay/ChinmayPersonalProjects/deslop/scripts/chunks/Chunk_4726_4750.txt,4732,/home/chinmay/ChinmayPersonalProjects/gopdfsuit/internal/pdf/svg/svg.go,555,fmt_hot_path,false_positive,Snippet does not show the rule precondition in this finding context
/home/chinmay/ChinmayPersonalProjects/deslop/scripts/chunks/Chunk_4726_4750.txt,4733,/home/chinmay/ChinmayPersonalProjects/gopdfsuit/internal/pdf/svg/svg.go,579,fmt_hot_path,false_positive,Snippet does not show the rule precondition in this finding context
/home/chinmay/ChinmayPersonalProjects/deslop/scripts/chunks/Chunk_4726_4750.txt,4734,/home/chinmay/ChinmayPersonalProjects/gopdfsuit/internal/pdf/svg/svg.go,604,fmt_hot_path,false_positive,Snippet does not show the rule precondition in this finding context
/home/chinmay/ChinmayPersonalProjects/deslop/scripts/chunks/Chunk_4726_4750.txt,4735,/home/chinmay/ChinmayPersonalProjects/gopdfsuit/internal/pdf/types.go,9,mutable_package_global,false_positive,Snippet does not show the rule precondition in this finding context
/home/chinmay/ChinmayPersonalProjects/deslop/scripts/chunks/Chunk_4726_4750.txt,4736,/home/chinmay/ChinmayPersonalProjects/gopdfsuit/internal/pdf/types.go,36,go_perf_layer_caching_json_cache_value_stored_as_string,false_positive,Snippet does not show the rule precondition in this finding context
/home/chinmay/ChinmayPersonalProjects/deslop/scripts/chunks/Chunk_4726_4750.txt,4737,/home/chinmay/ChinmayPersonalProjects/gopdfsuit/internal/pdf/types.go,36,go_perf_layer_string_handling_string_lower_for_case_insensitive_compare,false_positive,Snippet does not show the rule precondition in this finding context
/home/chinmay/ChinmayPersonalProjects/deslop/scripts/chunks/Chunk_4726_4750.txt,4738,/home/chinmay/ChinmayPersonalProjects/gopdfsuit/internal/pdf/types.go,74,go_perf_layer_string_handling_string_lower_for_case_insensitive_compare,false_positive,Snippet does not show the rule precondition in this finding context
/home/chinmay/ChinmayPersonalProjects/deslop/scripts/chunks/Chunk_4726_4750.txt,4739,/home/chinmay/ChinmayPersonalProjects/gopdfsuit/internal/pdf/types.go,83,go_perf_layer_network_calls_retry_loop_without_backoff,false_positive,Snippet does not show the rule precondition in this finding context
/home/chinmay/ChinmayPersonalProjects/deslop/scripts/chunks/Chunk_4726_4750.txt,4740,/home/chinmay/ChinmayPersonalProjects/gopdfsuit/internal/pdf/typst_math_test.go,125,string_concat_in_loop,false_positive,Snippet does not show the rule precondition in this finding context
/home/chinmay/ChinmayPersonalProjects/deslop/scripts/chunks/Chunk_4726_4750.txt,4741,/home/chinmay/ChinmayPersonalProjects/gopdfsuit/internal/pdf/typst_math_test.go,290,string_concat_in_loop,false_positive,Snippet does not show the rule precondition in this finding context
/home/chinmay/ChinmayPersonalProjects/deslop/scripts/chunks/Chunk_4726_4750.txt,4742,/home/chinmay/ChinmayPersonalProjects/gopdfsuit/internal/pdf/typst_math_test.go,421,string_concat_in_loop,false_positive,Snippet does not show the rule precondition in this finding context
/home/chinmay/ChinmayPersonalProjects/deslop/scripts/chunks/Chunk_4726_4750.txt,4743,/home/chinmay/ChinmayPersonalProjects/gopdfsuit/internal/pdf/utils.go,4,helper_or_utils_package_contains_domain_logic,false_positive,Snippet does not show the rule precondition in this finding context
/home/chinmay/ChinmayPersonalProjects/deslop/scripts/chunks/Chunk_4726_4750.txt,4744,/home/chinmay/ChinmayPersonalProjects/gopdfsuit/internal/pdf/utils.go,14,mutable_package_global,false_positive,Snippet does not show the rule precondition in this finding context
/home/chinmay/ChinmayPersonalProjects/deslop/scripts/chunks/Chunk_4726_4750.txt,4745,/home/chinmay/ChinmayPersonalProjects/gopdfsuit/internal/pdf/utils.go,17,go_perf_layer_network_calls_retry_loop_without_backoff,false_positive,Snippet does not show the rule precondition in this finding context
/home/chinmay/ChinmayPersonalProjects/deslop/scripts/chunks/Chunk_4726_4750.txt,4746,/home/chinmay/ChinmayPersonalProjects/gopdfsuit/internal/pdf/utils.go,50,go_perf_layer_hot_path_optimization_invariant_parse_inside_handler,false_positive,Snippet does not show the rule precondition in this finding context
/home/chinmay/ChinmayPersonalProjects/deslop/scripts/chunks/Chunk_4726_4750.txt,4747,/home/chinmay/ChinmayPersonalProjects/gopdfsuit/internal/pdf/utils.go,72,go_perf_layer_network_calls_retry_loop_without_backoff,false_positive,Snippet does not show the rule precondition in this finding context
/home/chinmay/ChinmayPersonalProjects/deslop/scripts/chunks/Chunk_4726_4750.txt,4748,/home/chinmay/ChinmayPersonalProjects/gopdfsuit/internal/pdf/utils.go,84,go_perf_layer_caching_json_cache_value_stored_as_string,false_positive,Snippet does not show the rule precondition in this finding context
/home/chinmay/ChinmayPersonalProjects/deslop/scripts/chunks/Chunk_4726_4750.txt,4749,/home/chinmay/ChinmayPersonalProjects/gopdfsuit/internal/pdf/utils.go,84,go_perf_layer_caching_unbounded_cache_map,false_positive,Snippet does not show the rule precondition in this finding context
/home/chinmay/ChinmayPersonalProjects/deslop/scripts/chunks/Chunk_4726_4750.txt,4750,/home/chinmay/ChinmayPersonalProjects/gopdfsuit/internal/pdf/utils.go,89,go_perf_layer_string_handling_string_lower_for_case_insensitive_compare,false_positive,Snippet does not show the rule precondition in this finding context
/home/chinmay/ChinmayPersonalProjects/deslop/scripts/chunks/Chunk_4751_4775.txt,4751,/home/chinmay/ChinmayPersonalProjects/gopdfsuit/internal/pdf/utils.go,91,go_perf_layer_data_structure_choice_interface_map_for_typed_values,false_positive,Snippet does not show the rule precondition in this finding context
/home/chinmay/ChinmayPersonalProjects/deslop/scripts/chunks/Chunk_4751_4775.txt,4752,/home/chinmay/ChinmayPersonalProjects/gopdfsuit/internal/pdf/utils.go,98,go_perf_layer_collection_iteration_manual_index_loop_without_bounds_need,false_positive,Snippet does not show the rule precondition in this finding context
/home/chinmay/ChinmayPersonalProjects/deslop/scripts/chunks/Chunk_4751_4775.txt,4753,/home/chinmay/ChinmayPersonalProjects/gopdfsuit/internal/pdf/utils.go,134,go_perf_layer_network_calls_retry_loop_without_backoff,false_positive,Snippet does not show the rule precondition in this finding context
/home/chinmay/ChinmayPersonalProjects/deslop/scripts/chunks/Chunk_4751_4775.txt,4754,/home/chinmay/ChinmayPersonalProjects/gopdfsuit/internal/pdf/utils.go,142,strconv_repeat_on_same_binding,false_positive,Snippet does not show the rule precondition in this finding context
/home/chinmay/ChinmayPersonalProjects/deslop/scripts/chunks/Chunk_4751_4775.txt,4755,/home/chinmay/ChinmayPersonalProjects/gopdfsuit/internal/pdf/utils.go,167,go_perf_layer_network_calls_retry_loop_without_backoff,false_positive,Snippet does not show the rule precondition in this finding context
/home/chinmay/ChinmayPersonalProjects/deslop/scripts/chunks/Chunk_4751_4775.txt,4756,/home/chinmay/ChinmayPersonalProjects/gopdfsuit/internal/pdf/utils.go,183,go_perf_layer_network_calls_dns_lookup_per_request_path,false_positive,Snippet does not show the rule precondition in this finding context
/home/chinmay/ChinmayPersonalProjects/deslop/scripts/chunks/Chunk_4751_4775.txt,4757,/home/chinmay/ChinmayPersonalProjects/gopdfsuit/internal/pdf/utils.go,183,go_perf_layer_resource_pooling_rate_limiter_per_request,false_positive,Snippet does not show the rule precondition in this finding context
/home/chinmay/ChinmayPersonalProjects/deslop/scripts/chunks/Chunk_4751_4775.txt,4758,/home/chinmay/ChinmayPersonalProjects/gopdfsuit/internal/pdf/utils.go,183,go_perf_layer_string_handling_regexp_compile_in_request_path,false_positive,Snippet does not show the rule precondition in this finding context
/home/chinmay/ChinmayPersonalProjects/deslop/scripts/chunks/Chunk_4751_4775.txt,4759,/home/chinmay/ChinmayPersonalProjects/gopdfsuit/internal/pdf/utils.go,184,go_perf_layer_string_handling_string_lower_for_case_insensitive_compare,false_positive,Snippet does not show the rule precondition in this finding context
/home/chinmay/ChinmayPersonalProjects/deslop/scripts/chunks/Chunk_4751_4775.txt,4760,/home/chinmay/ChinmayPersonalProjects/gopdfsuit/internal/pdf/utils.go,189,go_perf_layer_data_structure_choice_small_enum_string_switch_map,false_positive,Snippet does not show the rule precondition in this finding context
/home/chinmay/ChinmayPersonalProjects/deslop/scripts/chunks/Chunk_4751_4775.txt,4761,/home/chinmay/ChinmayPersonalProjects/gopdfsuit/internal/pdf/utils.go,308,go_perf_layer_collection_iteration_copy_slice_before_readonly_range,false_positive,Snippet does not show the rule precondition in this finding context
/home/chinmay/ChinmayPersonalProjects/deslop/scripts/chunks/Chunk_4751_4775.txt,4762,/home/chinmay/ChinmayPersonalProjects/gopdfsuit/internal/pdf/utils.go,308,go_perf_layer_memory_allocation_temporary_byte_slice_for_string_write,false_positive,Snippet does not show the rule precondition in this finding context
/home/chinmay/ChinmayPersonalProjects/deslop/scripts/chunks/Chunk_4751_4775.txt,4763,/home/chinmay/ChinmayPersonalProjects/gopdfsuit/internal/pdf/utils.go,308,go_perf_layer_string_handling_byte_string_roundtrip_for_contains,false_positive,Snippet does not show the rule precondition in this finding context
/home/chinmay/ChinmayPersonalProjects/deslop/scripts/chunks/Chunk_4751_4775.txt,4764,/home/chinmay/ChinmayPersonalProjects/gopdfsuit/internal/pdf/utils.go,309,go_perf_layer_network_calls_retry_loop_without_backoff,false_positive,Snippet does not show the rule precondition in this finding context
/home/chinmay/ChinmayPersonalProjects/deslop/scripts/chunks/Chunk_4751_4775.txt,4765,/home/chinmay/ChinmayPersonalProjects/gopdfsuit/internal/pdf/utils.go,311,go_perf_layer_memory_allocation_append_without_known_capacity,false_positive,Snippet does not show the rule precondition in this finding context
/home/chinmay/ChinmayPersonalProjects/deslop/scripts/chunks/Chunk_4751_4775.txt,4766,/home/chinmay/ChinmayPersonalProjects/gopdfsuit/internal/pdf/utils.go,311,slice_append_without_prealloc_known_bound,false_positive,Snippet does not show the rule precondition in this finding context
/home/chinmay/ChinmayPersonalProjects/deslop/scripts/chunks/Chunk_4751_4775.txt,4767,/home/chinmay/ChinmayPersonalProjects/gopdfsuit/internal/pdf/utils.go,311,slice_grow_without_cap_hint,false_positive,Snippet does not show the rule precondition in this finding context
/home/chinmay/ChinmayPersonalProjects/deslop/scripts/chunks/Chunk_4751_4775.txt,4768,/home/chinmay/ChinmayPersonalProjects/gopdfsuit/internal/pdf/utils.go,314,slice_append_without_prealloc_known_bound,false_positive,Snippet does not show the rule precondition in this finding context
/home/chinmay/ChinmayPersonalProjects/deslop/scripts/chunks/Chunk_4751_4775.txt,4769,/home/chinmay/ChinmayPersonalProjects/gopdfsuit/internal/pdf/utils.go,314,slice_grow_without_cap_hint,false_positive,Snippet does not show the rule precondition in this finding context
/home/chinmay/ChinmayPersonalProjects/deslop/scripts/chunks/Chunk_4751_4775.txt,4770,/home/chinmay/ChinmayPersonalProjects/gopdfsuit/internal/pdf/utils.go,322,go_perf_layer_data_structure_choice_small_enum_string_switch_map,false_positive,Snippet does not show the rule precondition in this finding context
/home/chinmay/ChinmayPersonalProjects/deslop/scripts/chunks/Chunk_4751_4775.txt,4771,/home/chinmay/ChinmayPersonalProjects/gopdfsuit/internal/pdf/utils.go,322,go_perf_layer_memory_allocation_temporary_byte_slice_for_string_write,false_positive,Snippet does not show the rule precondition in this finding context
/home/chinmay/ChinmayPersonalProjects/deslop/scripts/chunks/Chunk_4751_4775.txt,4772,/home/chinmay/ChinmayPersonalProjects/gopdfsuit/internal/pdf/utils.go,322,go_perf_layer_string_handling_byte_string_roundtrip_for_contains,false_positive,Snippet does not show the rule precondition in this finding context
/home/chinmay/ChinmayPersonalProjects/deslop/scripts/chunks/Chunk_4751_4775.txt,4773,/home/chinmay/ChinmayPersonalProjects/gopdfsuit/internal/pdf/utils.go,322,go_perf_layer_string_handling_string_lower_for_case_insensitive_compare,false_positive,Snippet does not show the rule precondition in this finding context
/home/chinmay/ChinmayPersonalProjects/deslop/scripts/chunks/Chunk_4751_4775.txt,4774,/home/chinmay/ChinmayPersonalProjects/gopdfsuit/internal/pdf/utils.go,326,go_perf_layer_database_access_rows_scan_into_map_per_row,false_positive,Snippet does not show the rule precondition in this finding context
/home/chinmay/ChinmayPersonalProjects/deslop/scripts/chunks/Chunk_4751_4775.txt,4775,/home/chinmay/ChinmayPersonalProjects/gopdfsuit/internal/pdf/utils.go,326,go_perf_layer_database_access_transaction_per_row_bulk_write,false_positive,Snippet does not show the rule precondition in this finding context
/home/chinmay/ChinmayPersonalProjects/deslop/scripts/chunks/Chunk_4776_4800.txt,4776,/home/chinmay/ChinmayPersonalProjects/gopdfsuit/internal/pdf/utils.go,327,go_perf_layer_io_operations_scanner_used_for_large_token_stream,false_positive,Snippet does not show the rule precondition in this finding context
/home/chinmay/ChinmayPersonalProjects/deslop/scripts/chunks/Chunk_4776_4800.txt,4777,/home/chinmay/ChinmayPersonalProjects/gopdfsuit/internal/pdf/utils.go,327,go_perf_layer_network_calls_retry_loop_without_backoff,false_positive,Snippet does not show the rule precondition in this finding context
/home/chinmay/ChinmayPersonalProjects/deslop/scripts/chunks/Chunk_4776_4800.txt,4778,/home/chinmay/ChinmayPersonalProjects/gopdfsuit/internal/pdf/utils.go,330,go_perf_layer_io_operations_small_writes_without_bufio_writer,false_positive,Snippet does not show the rule precondition in this finding context
/home/chinmay/ChinmayPersonalProjects/deslop/scripts/chunks/Chunk_4776_4800.txt,4779,/home/chinmay/ChinmayPersonalProjects/gopdfsuit/internal/pdf/utils.go,348,go_perf_layer_string_handling_string_lower_for_case_insensitive_compare,false_positive,Snippet does not show the rule precondition in this finding context
/home/chinmay/ChinmayPersonalProjects/deslop/scripts/chunks/Chunk_4776_4800.txt,4780,/home/chinmay/ChinmayPersonalProjects/gopdfsuit/internal/pdf/utils.go,352,go_perf_layer_database_access_rows_scan_into_map_per_row,false_positive,Snippet does not show the rule precondition in this finding context
/home/chinmay/ChinmayPersonalProjects/deslop/scripts/chunks/Chunk_4776_4800.txt,4781,/home/chinmay/ChinmayPersonalProjects/gopdfsuit/internal/pdf/utils.go,352,go_perf_layer_network_calls_retry_loop_without_backoff,false_positive,Snippet does not show the rule precondition in this finding context
/home/chinmay/ChinmayPersonalProjects/deslop/scripts/chunks/Chunk_4776_4800.txt,4782,/home/chinmay/ChinmayPersonalProjects/gopdfsuit/internal/pdf/utils.go,354,go_perf_layer_data_structure_choice_small_enum_string_switch_map,false_positive,Snippet does not show the rule precondition in this finding context
/home/chinmay/ChinmayPersonalProjects/deslop/scripts/chunks/Chunk_4776_4800.txt,4783,/home/chinmay/ChinmayPersonalProjects/gopdfsuit/internal/pdf/utils.go,358,go_perf_layer_memory_allocation_bytes_buffer_allocated_per_record,false_positive,Snippet does not show the rule precondition in this finding context
/home/chinmay/ChinmayPersonalProjects/deslop/scripts/chunks/Chunk_4776_4800.txt,4784,/home/chinmay/ChinmayPersonalProjects/gopdfsuit/internal/pdf/utils.go,361,go_perf_layer_memory_allocation_temporary_byte_slice_for_string_write,false_positive,Snippet does not show the rule precondition in this finding context
/home/chinmay/ChinmayPersonalProjects/deslop/scripts/chunks/Chunk_4776_4800.txt,4785,/home/chinmay/ChinmayPersonalProjects/gopdfsuit/internal/pdf/utils.go,379,go_perf_layer_string_handling_string_lower_for_case_insensitive_compare,false_positive,Snippet does not show the rule precondition in this finding context
/home/chinmay/ChinmayPersonalProjects/deslop/scripts/chunks/Chunk_4776_4800.txt,4786,/home/chinmay/ChinmayPersonalProjects/gopdfsuit/internal/pdf/utils.go,380,go_perf_layer_collection_iteration_copy_slice_before_readonly_range,false_positive,Snippet does not show the rule precondition in this finding context
/home/chinmay/ChinmayPersonalProjects/deslop/scripts/chunks/Chunk_4776_4800.txt,4787,/home/chinmay/ChinmayPersonalProjects/gopdfsuit/internal/pdf/utils.go,380,go_perf_layer_data_structure_choice_small_enum_string_switch_map,false_positive,Snippet does not show the rule precondition in this finding context
/home/chinmay/ChinmayPersonalProjects/deslop/scripts/chunks/Chunk_4776_4800.txt,4788,/home/chinmay/ChinmayPersonalProjects/gopdfsuit/internal/pdf/utils.go,380,go_perf_layer_memory_allocation_temporary_byte_slice_for_string_write,false_positive,Snippet does not show the rule precondition in this finding context
/home/chinmay/ChinmayPersonalProjects/deslop/scripts/chunks/Chunk_4776_4800.txt,4789,/home/chinmay/ChinmayPersonalProjects/gopdfsuit/internal/pdf/utils.go,383,go_perf_layer_database_access_query_inside_loop_without_batching,false_positive,Snippet does not show the rule precondition in this finding context
/home/chinmay/ChinmayPersonalProjects/deslop/scripts/chunks/Chunk_4776_4800.txt,4790,/home/chinmay/ChinmayPersonalProjects/gopdfsuit/internal/pdf/utils.go,383,go_perf_layer_database_access_select_star_on_hot_query,false_positive,Snippet does not show the rule precondition in this finding context
/home/chinmay/ChinmayPersonalProjects/deslop/scripts/chunks/Chunk_4776_4800.txt,4791,/home/chinmay/ChinmayPersonalProjects/gopdfsuit/internal/pdf/utils.go,383,go_perf_layer_io_operations_small_writes_without_bufio_writer,false_positive,Snippet does not show the rule precondition in this finding context
/home/chinmay/ChinmayPersonalProjects/deslop/scripts/chunks/Chunk_4776_4800.txt,4792,/home/chinmay/ChinmayPersonalProjects/gopdfsuit/internal/pdf/utils.go,396,go_perf_layer_collection_iteration_range_over_map_for_deterministic_first,false_positive,Snippet does not show the rule precondition in this finding context
/home/chinmay/ChinmayPersonalProjects/deslop/scripts/chunks/Chunk_4776_4800.txt,4793,/home/chinmay/ChinmayPersonalProjects/gopdfsuit/internal/pdf/utils.go,396,go_perf_layer_network_calls_retry_loop_without_backoff,false_positive,Snippet does not show the rule precondition in this finding context
/home/chinmay/ChinmayPersonalProjects/deslop/scripts/chunks/Chunk_4776_4800.txt,4794,/home/chinmay/ChinmayPersonalProjects/gopdfsuit/internal/pdf/utils.go,402,go_perf_layer_memory_allocation_append_without_known_capacity,false_positive,Snippet does not show the rule precondition in this finding context
/home/chinmay/ChinmayPersonalProjects/deslop/scripts/chunks/Chunk_4776_4800.txt,4795,/home/chinmay/ChinmayPersonalProjects/gopdfsuit/internal/pdf/utils.go,402,slice_append_without_prealloc_known_bound,false_positive,Snippet does not show the rule precondition in this finding context
/home/chinmay/ChinmayPersonalProjects/deslop/scripts/chunks/Chunk_4776_4800.txt,4796,/home/chinmay/ChinmayPersonalProjects/gopdfsuit/internal/pdf/utils.go,402,slice_grow_without_cap_hint,false_positive,Snippet does not show the rule precondition in this finding context
/home/chinmay/ChinmayPersonalProjects/deslop/scripts/chunks/Chunk_4776_4800.txt,4797,/home/chinmay/ChinmayPersonalProjects/gopdfsuit/internal/pdf/utils.go,406,slice_append_without_prealloc_known_bound,false_positive,Snippet does not show the rule precondition in this finding context
/home/chinmay/ChinmayPersonalProjects/deslop/scripts/chunks/Chunk_4776_4800.txt,4798,/home/chinmay/ChinmayPersonalProjects/gopdfsuit/internal/pdf/utils.go,406,slice_grow_without_cap_hint,false_positive,Snippet does not show the rule precondition in this finding context
/home/chinmay/ChinmayPersonalProjects/deslop/scripts/chunks/Chunk_4776_4800.txt,4799,/home/chinmay/ChinmayPersonalProjects/gopdfsuit/internal/pdf/utils.go,413,string_concat_in_loop,false_positive,Snippet does not show the rule precondition in this finding context
/home/chinmay/ChinmayPersonalProjects/deslop/scripts/chunks/Chunk_4776_4800.txt,4800,/home/chinmay/ChinmayPersonalProjects/gopdfsuit/internal/pdf/utils.go,424,slice_append_without_prealloc_known_bound,false_positive,Snippet does not show the rule precondition in this finding context
/home/chinmay/ChinmayPersonalProjects/deslop/scripts/chunks/Chunk_4801_4825.txt,4801,/home/chinmay/ChinmayPersonalProjects/gopdfsuit/internal/pdf/utils.go,424,slice_grow_without_cap_hint,false_positive,Snippet does not show the rule precondition in this finding context
/home/chinmay/ChinmayPersonalProjects/deslop/scripts/chunks/Chunk_4801_4825.txt,4802,/home/chinmay/ChinmayPersonalProjects/gopdfsuit/internal/pdf/utils.go,445,go_perf_layer_algorithmic_complexity_repeated_nested_slice_scans,false_positive,Snippet does not show the rule precondition in this finding context
/home/chinmay/ChinmayPersonalProjects/deslop/scripts/chunks/Chunk_4801_4825.txt,4803,/home/chinmay/ChinmayPersonalProjects/gopdfsuit/internal/pdf/utils.go,445,go_perf_layer_memory_allocation_temporary_byte_slice_for_string_write,false_positive,Snippet does not show the rule precondition in this finding context
/home/chinmay/ChinmayPersonalProjects/deslop/scripts/chunks/Chunk_4801_4825.txt,4804,/home/chinmay/ChinmayPersonalProjects/gopdfsuit/internal/pdf/utils.go,445,go_perf_layer_string_handling_string_lower_for_case_insensitive_compare,false_positive,Snippet does not show the rule precondition in this finding context
/home/chinmay/ChinmayPersonalProjects/deslop/scripts/chunks/Chunk_4801_4825.txt,4805,/home/chinmay/ChinmayPersonalProjects/gopdfsuit/internal/pdf/utils.go,449,go_perf_layer_algorithmic_complexity_quadratic_append_filter_pipeline,false_positive,Snippet does not show the rule precondition in this finding context
/home/chinmay/ChinmayPersonalProjects/deslop/scripts/chunks/Chunk_4801_4825.txt,4806,/home/chinmay/ChinmayPersonalProjects/gopdfsuit/internal/pdf/utils.go,449,go_perf_layer_network_calls_retry_loop_without_backoff,false_positive,Snippet does not show the rule precondition in this finding context
/home/chinmay/ChinmayPersonalProjects/deslop/scripts/chunks/Chunk_4801_4825.txt,4807,/home/chinmay/ChinmayPersonalProjects/gopdfsuit/internal/pdf/utils.go,470,byte_string_conversion_in_loop,false_positive,Snippet does not show the rule precondition in this finding context
/home/chinmay/ChinmayPersonalProjects/deslop/scripts/chunks/Chunk_4801_4825.txt,4808,/home/chinmay/ChinmayPersonalProjects/gopdfsuit/internal/pdf/utils.go,470,go_perf_layer_memory_allocation_append_without_known_capacity,false_positive,Snippet does not show the rule precondition in this finding context
/home/chinmay/ChinmayPersonalProjects/deslop/scripts/chunks/Chunk_4801_4825.txt,4809,/home/chinmay/ChinmayPersonalProjects/gopdfsuit/internal/pdf/utils.go,470,slice_grow_without_cap_hint,false_positive,Snippet does not show the rule precondition in this finding context
/home/chinmay/ChinmayPersonalProjects/deslop/scripts/chunks/Chunk_4801_4825.txt,4810,/home/chinmay/ChinmayPersonalProjects/gopdfsuit/pkg/fontutils/fontutils.go,87,go_perf_layer_network_calls_retry_loop_without_backoff,false_positive,Snippet does not show the rule precondition in this finding context
/home/chinmay/ChinmayPersonalProjects/deslop/scripts/chunks/Chunk_4801_4825.txt,4811,/home/chinmay/ChinmayPersonalProjects/gopdfsuit/pkg/fontutils/fontutils.go,88,feature_flag_lookup_without_config_abstraction,false_positive,Snippet does not show the rule precondition in this finding context
/home/chinmay/ChinmayPersonalProjects/deslop/scripts/chunks/Chunk_4801_4825.txt,4812,/home/chinmay/ChinmayPersonalProjects/gopdfsuit/pkg/fontutils/fontutils.go,105,go_perf_layer_collection_iteration_copy_slice_before_readonly_range,false_positive,Snippet does not show the rule precondition in this finding context
/home/chinmay/ChinmayPersonalProjects/deslop/scripts/chunks/Chunk_4801_4825.txt,4813,/home/chinmay/ChinmayPersonalProjects/gopdfsuit/pkg/fontutils/fontutils.go,105,go_perf_layer_data_structure_choice_small_enum_string_switch_map,false_positive,Snippet does not show the rule precondition in this finding context
/home/chinmay/ChinmayPersonalProjects/deslop/scripts/chunks/Chunk_4801_4825.txt,4814,/home/chinmay/ChinmayPersonalProjects/gopdfsuit/pkg/fontutils/fontutils.go,105,go_perf_layer_memory_allocation_temporary_byte_slice_for_string_write,false_positive,Snippet does not show the rule precondition in this finding context
/home/chinmay/ChinmayPersonalProjects/deslop/scripts/chunks/Chunk_4801_4825.txt,4815,/home/chinmay/ChinmayPersonalProjects/gopdfsuit/pkg/fontutils/fontutils.go,105,go_perf_layer_string_handling_string_lower_for_case_insensitive_compare,false_positive,Snippet does not show the rule precondition in this finding context
/home/chinmay/ChinmayPersonalProjects/deslop/scripts/chunks/Chunk_4801_4825.txt,4816,/home/chinmay/ChinmayPersonalProjects/gopdfsuit/pkg/fontutils/fontutils.go,107,go_perf_layer_network_calls_retry_loop_without_backoff,false_positive,Snippet does not show the rule precondition in this finding context
/home/chinmay/ChinmayPersonalProjects/deslop/scripts/chunks/Chunk_4801_4825.txt,4817,/home/chinmay/ChinmayPersonalProjects/gopdfsuit/pkg/fontutils/fontutils.go,110,go_perf_layer_memory_allocation_append_without_known_capacity,false_positive,Snippet does not show the rule precondition in this finding context
/home/chinmay/ChinmayPersonalProjects/deslop/scripts/chunks/Chunk_4801_4825.txt,4818,/home/chinmay/ChinmayPersonalProjects/gopdfsuit/pkg/fontutils/fontutils.go,110,slice_append_without_prealloc_known_bound,false_positive,Snippet does not show the rule precondition in this finding context
/home/chinmay/ChinmayPersonalProjects/deslop/scripts/chunks/Chunk_4801_4825.txt,4819,/home/chinmay/ChinmayPersonalProjects/gopdfsuit/pkg/fontutils/fontutils.go,110,slice_grow_without_cap_hint,false_positive,Snippet does not show the rule precondition in this finding context
/home/chinmay/ChinmayPersonalProjects/deslop/scripts/chunks/Chunk_4801_4825.txt,4820,/home/chinmay/ChinmayPersonalProjects/gopdfsuit/pkg/fontutils/fontutils.go,112,slice_append_without_prealloc_known_bound,false_positive,Snippet does not show the rule precondition in this finding context
/home/chinmay/ChinmayPersonalProjects/deslop/scripts/chunks/Chunk_4801_4825.txt,4821,/home/chinmay/ChinmayPersonalProjects/gopdfsuit/pkg/fontutils/fontutils.go,112,slice_grow_without_cap_hint,false_positive,Snippet does not show the rule precondition in this finding context
/home/chinmay/ChinmayPersonalProjects/deslop/scripts/chunks/Chunk_4801_4825.txt,4822,/home/chinmay/ChinmayPersonalProjects/gopdfsuit/pkg/fontutils/fontutils.go,114,slice_append_without_prealloc_known_bound,false_positive,Snippet does not show the rule precondition in this finding context
/home/chinmay/ChinmayPersonalProjects/deslop/scripts/chunks/Chunk_4801_4825.txt,4823,/home/chinmay/ChinmayPersonalProjects/gopdfsuit/pkg/fontutils/fontutils.go,114,slice_grow_without_cap_hint,false_positive,Snippet does not show the rule precondition in this finding context
/home/chinmay/ChinmayPersonalProjects/deslop/scripts/chunks/Chunk_4801_4825.txt,4824,/home/chinmay/ChinmayPersonalProjects/gopdfsuit/pkg/fontutils/fontutils.go,117,slice_append_without_prealloc_known_bound,false_positive,Snippet does not show the rule precondition in this finding context
/home/chinmay/ChinmayPersonalProjects/deslop/scripts/chunks/Chunk_4801_4825.txt,4825,/home/chinmay/ChinmayPersonalProjects/gopdfsuit/pkg/fontutils/fontutils.go,117,slice_grow_without_cap_hint,false_positive,Snippet does not show the rule precondition in this finding context
/home/chinmay/ChinmayPersonalProjects/deslop/scripts/chunks/Chunk_4826_4850.txt,4826,/home/chinmay/ChinmayPersonalProjects/gopdfsuit/pkg/fontutils/fontutils.go,120,slice_append_without_prealloc_known_bound,false_positive,Snippet does not show the rule precondition in this finding context
/home/chinmay/ChinmayPersonalProjects/deslop/scripts/chunks/Chunk_4826_4850.txt,4827,/home/chinmay/ChinmayPersonalProjects/gopdfsuit/pkg/fontutils/fontutils.go,120,slice_grow_without_cap_hint,false_positive,Snippet does not show the rule precondition in this finding context
/home/chinmay/ChinmayPersonalProjects/deslop/scripts/chunks/Chunk_4826_4850.txt,4828,/home/chinmay/ChinmayPersonalProjects/gopdfsuit/pkg/fontutils/fontutils.go,133,go_perf_layer_collection_iteration_copy_slice_before_readonly_range,false_positive,Snippet does not show the rule precondition in this finding context
/home/chinmay/ChinmayPersonalProjects/deslop/scripts/chunks/Chunk_4826_4850.txt,4829,/home/chinmay/ChinmayPersonalProjects/gopdfsuit/pkg/fontutils/fontutils.go,133,go_perf_layer_network_calls_retry_loop_without_backoff,false_positive,Snippet does not show the rule precondition in this finding context
/home/chinmay/ChinmayPersonalProjects/deslop/scripts/chunks/Chunk_4826_4850.txt,4830,/home/chinmay/ChinmayPersonalProjects/gopdfsuit/pkg/fontutils/fontutils.go,139,go_perf_layer_io_operations_stat_before_open_without_branch,false_positive,Snippet does not show the rule precondition in this finding context
/home/chinmay/ChinmayPersonalProjects/deslop/scripts/chunks/Chunk_4826_4850.txt,4831,/home/chinmay/ChinmayPersonalProjects/gopdfsuit/pkg/fontutils/fontutils.go,147,waitgroup_add_inside_loop,false_positive,Snippet does not show the rule precondition in this finding context
/home/chinmay/ChinmayPersonalProjects/deslop/scripts/chunks/Chunk_4826_4850.txt,4832,/home/chinmay/ChinmayPersonalProjects/gopdfsuit/pkg/fontutils/fontutils.go,147,waitgroup_fanout_without_errgroup_on_error_path,false_positive,Snippet does not show the rule precondition in this finding context
/home/chinmay/ChinmayPersonalProjects/deslop/scripts/chunks/Chunk_4826_4850.txt,4833,/home/chinmay/ChinmayPersonalProjects/gopdfsuit/pkg/fontutils/fontutils.go,148,go_perf_layer_async_concurrency_goroutine_per_item_without_worker_limit,false_positive,Snippet does not show the rule precondition in this finding context
/home/chinmay/ChinmayPersonalProjects/deslop/scripts/chunks/Chunk_4826_4850.txt,4834,/home/chinmay/ChinmayPersonalProjects/gopdfsuit/pkg/fontutils/fontutils.go,164,go_perf_layer_collection_iteration_copy_slice_before_readonly_range,false_positive,Snippet does not show the rule precondition in this finding context
/home/chinmay/ChinmayPersonalProjects/deslop/scripts/chunks/Chunk_4826_4850.txt,4835,/home/chinmay/ChinmayPersonalProjects/gopdfsuit/pkg/fontutils/fontutils.go,164,go_perf_layer_data_structure_choice_small_enum_string_switch_map,false_positive,Snippet does not show the rule precondition in this finding context
/home/chinmay/ChinmayPersonalProjects/deslop/scripts/chunks/Chunk_4826_4850.txt,4836,/home/chinmay/ChinmayPersonalProjects/gopdfsuit/pkg/fontutils/fontutils.go,164,go_perf_layer_memory_allocation_temporary_byte_slice_for_string_write,false_positive,Snippet does not show the rule precondition in this finding context
/home/chinmay/ChinmayPersonalProjects/deslop/scripts/chunks/Chunk_4826_4850.txt,4837,/home/chinmay/ChinmayPersonalProjects/gopdfsuit/pkg/fontutils/fontutils.go,164,go_perf_layer_string_handling_string_lower_for_case_insensitive_compare,false_positive,Snippet does not show the rule precondition in this finding context
/home/chinmay/ChinmayPersonalProjects/deslop/scripts/chunks/Chunk_4826_4850.txt,4838,/home/chinmay/ChinmayPersonalProjects/gopdfsuit/pkg/fontutils/fontutils.go,175,go_perf_layer_network_calls_retry_loop_without_backoff,false_positive,Snippet does not show the rule precondition in this finding context
/home/chinmay/ChinmayPersonalProjects/deslop/scripts/chunks/Chunk_4826_4850.txt,4839,/home/chinmay/ChinmayPersonalProjects/gopdfsuit/pkg/fontutils/fontutils.go,176,go_perf_layer_io_operations_stat_before_open_without_branch,false_positive,Snippet does not show the rule precondition in this finding context
/home/chinmay/ChinmayPersonalProjects/deslop/scripts/chunks/Chunk_4826_4850.txt,4840,/home/chinmay/ChinmayPersonalProjects/gopdfsuit/pkg/fontutils/fontutils.go,186,go_perf_layer_collection_iteration_copy_slice_before_readonly_range,false_positive,Snippet does not show the rule precondition in this finding context
/home/chinmay/ChinmayPersonalProjects/deslop/scripts/chunks/Chunk_4826_4850.txt,4841,/home/chinmay/ChinmayPersonalProjects/gopdfsuit/pkg/fontutils/fontutils.go,186,go_perf_layer_io_operations_scanner_used_for_large_token_stream,false_positive,Snippet does not show the rule precondition in this finding context
/home/chinmay/ChinmayPersonalProjects/deslop/scripts/chunks/Chunk_4826_4850.txt,4842,/home/chinmay/ChinmayPersonalProjects/gopdfsuit/pkg/fontutils/fontutils.go,186,go_perf_layer_network_calls_retry_loop_without_backoff,false_positive,Snippet does not show the rule precondition in this finding context
/home/chinmay/ChinmayPersonalProjects/deslop/scripts/chunks/Chunk_4826_4850.txt,4843,/home/chinmay/ChinmayPersonalProjects/gopdfsuit/pkg/fontutils/fontutils.go,190,go_perf_layer_io_operations_readall_on_known_large_file,false_positive,Snippet does not show the rule precondition in this finding context
/home/chinmay/ChinmayPersonalProjects/deslop/scripts/chunks/Chunk_4826_4850.txt,4844,/home/chinmay/ChinmayPersonalProjects/gopdfsuit/pkg/fontutils/fontutils.go,194,go_perf_layer_io_operations_stat_before_open_without_branch,false_positive,Snippet does not show the rule precondition in this finding context
/home/chinmay/ChinmayPersonalProjects/deslop/scripts/chunks/Chunk_4826_4850.txt,4845,/home/chinmay/ChinmayPersonalProjects/gopdfsuit/pkg/fontutils/fontutils.go,194,go_perf_layer_io_operations_temporary_file_for_stream_transform,false_positive,Snippet does not show the rule precondition in this finding context
/home/chinmay/ChinmayPersonalProjects/deslop/scripts/chunks/Chunk_4826_4850.txt,4846,/home/chinmay/ChinmayPersonalProjects/gopdfsuit/pkg/fontutils/fontutils.go,196,go_perf_layer_network_calls_http_client_created_per_call,false_positive,Snippet does not show the rule precondition in this finding context
/home/chinmay/ChinmayPersonalProjects/deslop/scripts/chunks/Chunk_4826_4850.txt,4847,/home/chinmay/ChinmayPersonalProjects/gopdfsuit/pkg/fontutils/fontutils.go,196,http_client_allocated_per_call_without_reuse,false_positive,Snippet does not show the rule precondition in this finding context
/home/chinmay/ChinmayPersonalProjects/deslop/scripts/chunks/Chunk_4826_4850.txt,4848,/home/chinmay/ChinmayPersonalProjects/gopdfsuit/pkg/fontutils/fontutils.go,197,go_perf_layer_garbage_collection_cleanup_response_body_not_drained_for_reuse,false_positive,Snippet does not show the rule precondition in this finding context
/home/chinmay/ChinmayPersonalProjects/deslop/scripts/chunks/Chunk_4826_4850.txt,4849,/home/chinmay/ChinmayPersonalProjects/gopdfsuit/pkg/fontutils/fontutils.go,197,http_response_body_not_drained_before_close,false_positive,Snippet does not show the rule precondition in this finding context
/home/chinmay/ChinmayPersonalProjects/deslop/scripts/chunks/Chunk_4826_4850.txt,4850,/home/chinmay/ChinmayPersonalProjects/gopdfsuit/pkg/gopdflib/example_test.go,15,full_dataset_load,false_positive,Snippet does not show the rule precondition in this finding context
/home/chinmay/ChinmayPersonalProjects/deslop/scripts/chunks/Chunk_4851_4875.txt,4851,/home/chinmay/ChinmayPersonalProjects/gopdfsuit/pkg/gopdflib/example_test.go,131,panic_on_error,true_positive,Code path panics directly on err != nil
/home/chinmay/ChinmayPersonalProjects/deslop/scripts/chunks/Chunk_4851_4875.txt,4852,/home/chinmay/ChinmayPersonalProjects/gopdfsuit/pkg/gopdflib/example_test.go,146,panic_on_error,true_positive,Code path panics directly on err != nil
/home/chinmay/ChinmayPersonalProjects/deslop/scripts/chunks/Chunk_4851_4875.txt,4853,/home/chinmay/ChinmayPersonalProjects/gopdfsuit/pkg/gopdflib/html.go,27,comment_style_tutorial,false_positive,Snippet does not show the rule precondition in this finding context
/home/chinmay/ChinmayPersonalProjects/deslop/scripts/chunks/Chunk_4851_4875.txt,4854,/home/chinmay/ChinmayPersonalProjects/gopdfsuit/pkg/gopdflib/html.go,44,comment_style_tutorial,false_positive,Snippet does not show the rule precondition in this finding context
/home/chinmay/ChinmayPersonalProjects/deslop/scripts/chunks/Chunk_4851_4875.txt,4855,/home/chinmay/ChinmayPersonalProjects/gopdfsuit/pkg/gopdflib/redact.go,81,overlong_name,true_positive,Identifier name is unusually long and token-heavy
/home/chinmay/ChinmayPersonalProjects/deslop/scripts/chunks/Chunk_4851_4875.txt,4856,/home/chinmay/ChinmayPersonalProjects/gopdfsuit/pkg/gopdflib/redact_financial_report_test.go,14,full_dataset_load,false_positive,Snippet does not show the rule precondition in this finding context
/home/chinmay/ChinmayPersonalProjects/deslop/scripts/chunks/Chunk_4851_4875.txt,4857,/home/chinmay/ChinmayPersonalProjects/gopdfsuit/pkg/gopdflib/redact_financial_report_test.go,54,full_dataset_load,false_positive,Snippet does not show the rule precondition in this finding context
/home/chinmay/ChinmayPersonalProjects/deslop/scripts/chunks/Chunk_4851_4875.txt,4858,/home/chinmay/ChinmayPersonalProjects/gopdfsuit/sampledata/benchmarks/fpdf/bench.py,11,import_time_file_io,false_positive,Snippet does not show the rule precondition in this finding context
/home/chinmay/ChinmayPersonalProjects/deslop/scripts/chunks/Chunk_4851_4875.txt,4859,/home/chinmay/ChinmayPersonalProjects/gopdfsuit/sampledata/benchmarks/fpdf/bench.py,19,public_api_missing_type_hints,true_positive,Public Python function definition lacks explicit type hints
/home/chinmay/ChinmayPersonalProjects/deslop/scripts/chunks/Chunk_4851_4875.txt,4860,/home/chinmay/ChinmayPersonalProjects/gopdfsuit/sampledata/benchmarks/fpdf/bench.py,24,public_api_missing_type_hints,true_positive,Public Python function definition lacks explicit type hints
/home/chinmay/ChinmayPersonalProjects/deslop/scripts/chunks/Chunk_4851_4875.txt,4861,/home/chinmay/ChinmayPersonalProjects/gopdfsuit/sampledata/benchmarks/fpdf/bench.py,30,cache_object_exists_without_size_or_eviction_policy_documentation,false_positive,Snippet does not show the rule precondition in this finding context
/home/chinmay/ChinmayPersonalProjects/deslop/scripts/chunks/Chunk_4851_4875.txt,4862,/home/chinmay/ChinmayPersonalProjects/gopdfsuit/sampledata/benchmarks/fpdf/bench.py,30,cross_cutting_policies_embedded_in_leaf_modules_instead_of_shared_boundary,false_positive,Snippet does not show the rule precondition in this finding context
/home/chinmay/ChinmayPersonalProjects/deslop/scripts/chunks/Chunk_4851_4875.txt,4863,/home/chinmay/ChinmayPersonalProjects/gopdfsuit/sampledata/benchmarks/fpdf/bench.py,30,function_returns_multiple_unlabeled_shape_variants,true_positive,Function returns positional tuple with multiple unlabeled values
/home/chinmay/ChinmayPersonalProjects/deslop/scripts/chunks/Chunk_4851_4875.txt,4864,/home/chinmay/ChinmayPersonalProjects/gopdfsuit/sampledata/benchmarks/fpdf/bench.py,30,helper_returns_index_based_tuple_instead_of_named_structure,true_positive,Helper returns positional tuple instead of named structure
/home/chinmay/ChinmayPersonalProjects/deslop/scripts/chunks/Chunk_4851_4875.txt,4865,/home/chinmay/ChinmayPersonalProjects/gopdfsuit/sampledata/benchmarks/fpdf/bench.py,30,metric_name_contains_dynamic_user_or_data_values,false_positive,Snippet does not show the rule precondition in this finding context
/home/chinmay/ChinmayPersonalProjects/deslop/scripts/chunks/Chunk_4851_4875.txt,4866,/home/chinmay/ChinmayPersonalProjects/gopdfsuit/sampledata/benchmarks/fpdf/bench.py,30,public_api_missing_type_hints,true_positive,Public Python function definition lacks explicit type hints
/home/chinmay/ChinmayPersonalProjects/deslop/scripts/chunks/Chunk_4851_4875.txt,4867,/home/chinmay/ChinmayPersonalProjects/gopdfsuit/sampledata/benchmarks/fpdf/bench.py,30,tuple_return_with_three_or_more_positional_fields_in_public_api,true_positive,Public API returns three positional fields as a tuple
/home/chinmay/ChinmayPersonalProjects/deslop/scripts/chunks/Chunk_4851_4875.txt,4868,/home/chinmay/ChinmayPersonalProjects/gopdfsuit/sampledata/benchmarks/fpdf/bench.py,31,python_perf_layer_runtime_configuration_debug_mode_enabled_in_perf_sensitive_path,false_positive,Snippet does not show the rule precondition in this finding context
/home/chinmay/ChinmayPersonalProjects/deslop/scripts/chunks/Chunk_4851_4875.txt,4869,/home/chinmay/ChinmayPersonalProjects/gopdfsuit/sampledata/benchmarks/fpdf/bench.py,36,exception_swallowed,true_positive,except Exception block suppresses error with pass
/home/chinmay/ChinmayPersonalProjects/deslop/scripts/chunks/Chunk_4851_4875.txt,4870,/home/chinmay/ChinmayPersonalProjects/gopdfsuit/sampledata/benchmarks/fpdf/bench.py,36,python_perf_layer_error_handling_cost_broad_except_retries_cpu_work,false_positive,Snippet does not show the rule precondition in this finding context
/home/chinmay/ChinmayPersonalProjects/deslop/scripts/chunks/Chunk_4851_4875.txt,4871,/home/chinmay/ChinmayPersonalProjects/gopdfsuit/sampledata/benchmarks/fpdf/bench.py,36,python_perf_layer_error_handling_cost_raise_from_none_hides_retriable_error_context,false_positive,Snippet does not show the rule precondition in this finding context
/home/chinmay/ChinmayPersonalProjects/deslop/scripts/chunks/Chunk_4851_4875.txt,4872,/home/chinmay/ChinmayPersonalProjects/gopdfsuit/sampledata/benchmarks/fpdf/bench.py,40,python_perf_layer_profiling_benchmarking_benchmark_missing_warmup,false_positive,Snippet does not show the rule precondition in this finding context
/home/chinmay/ChinmayPersonalProjects/deslop/scripts/chunks/Chunk_4851_4875.txt,4873,/home/chinmay/ChinmayPersonalProjects/gopdfsuit/sampledata/benchmarks/fpdf/bench.py,41,python_perf_layer_hot_path_optimization_datetime_now_called_per_field,false_positive,Snippet does not show the rule precondition in this finding context
/home/chinmay/ChinmayPersonalProjects/deslop/scripts/chunks/Chunk_4851_4875.txt,4874,/home/chinmay/ChinmayPersonalProjects/gopdfsuit/sampledata/benchmarks/fpdf/bench.py,41,python_perf_layer_network_calls_retry_without_backoff_or_jitter,false_positive,Snippet does not show the rule precondition in this finding context
/home/chinmay/ChinmayPersonalProjects/deslop/scripts/chunks/Chunk_4851_4875.txt,4875,/home/chinmay/ChinmayPersonalProjects/gopdfsuit/sampledata/benchmarks/fpdf/bench.py,54,python_perf_layer_io_operations_read_entire_file_for_line_processing,false_positive,Snippet does not show the rule precondition in this finding context
/home/chinmay/ChinmayPersonalProjects/deslop/scripts/chunks/Chunk_4876_4900.txt,4876,/home/chinmay/ChinmayPersonalProjects/gopdfsuit/sampledata/benchmarks/fpdf/bench.py,55,python_perf_layer_database_access_row_by_row_bulk_insert,false_positive,Snippet does not show the rule precondition in this finding context
/home/chinmay/ChinmayPersonalProjects/deslop/scripts/chunks/Chunk_4876_4900.txt,4877,/home/chinmay/ChinmayPersonalProjects/gopdfsuit/sampledata/benchmarks/fpdf/bench.py,72,python_perf_layer_io_operations_path_exists_before_open_race,false_positive,Snippet does not show the rule precondition in this finding context
/home/chinmay/ChinmayPersonalProjects/deslop/scripts/chunks/Chunk_4876_4900.txt,4878,/home/chinmay/ChinmayPersonalProjects/gopdfsuit/sampledata/benchmarks/fpdf/bench.py,72,python_perf_layer_io_operations_small_file_writes_without_buffer,false_positive,Snippet does not show the rule precondition in this finding context
/home/chinmay/ChinmayPersonalProjects/deslop/scripts/chunks/Chunk_4876_4900.txt,4879,/home/chinmay/ChinmayPersonalProjects/gopdfsuit/sampledata/benchmarks/fpdf/bench.py,72,python_perf_layer_io_operations_temporary_file_for_bytes_transform,false_positive,Snippet does not show the rule precondition in this finding context
/home/chinmay/ChinmayPersonalProjects/deslop/scripts/chunks/Chunk_4876_4900.txt,4880,/home/chinmay/ChinmayPersonalProjects/gopdfsuit/sampledata/benchmarks/gen_data.go,18,go_perf_layer_algorithmic_complexity_quadratic_append_filter_pipeline,false_positive,Snippet does not show the rule precondition in this finding context
/home/chinmay/ChinmayPersonalProjects/deslop/scripts/chunks/Chunk_4876_4900.txt,4881,/home/chinmay/ChinmayPersonalProjects/gopdfsuit/sampledata/benchmarks/gen_data.go,18,go_perf_layer_algorithmic_complexity_repeated_nested_slice_scans,false_positive,Snippet does not show the rule precondition in this finding context
/home/chinmay/ChinmayPersonalProjects/deslop/scripts/chunks/Chunk_4876_4900.txt,4882,/home/chinmay/ChinmayPersonalProjects/gopdfsuit/sampledata/benchmarks/gen_data.go,18,go_perf_layer_database_access_rows_scan_into_map_per_row,false_positive,Snippet does not show the rule precondition in this finding context
/home/chinmay/ChinmayPersonalProjects/deslop/scripts/chunks/Chunk_4876_4900.txt,4883,/home/chinmay/ChinmayPersonalProjects/gopdfsuit/sampledata/benchmarks/gen_data.go,18,go_perf_layer_network_calls_retry_loop_without_backoff,false_positive,Snippet does not show the rule precondition in this finding context
/home/chinmay/ChinmayPersonalProjects/deslop/scripts/chunks/Chunk_4876_4900.txt,4884,/home/chinmay/ChinmayPersonalProjects/gopdfsuit/sampledata/benchmarks/gen_data.go,18,go_perf_layer_profiling_benchmarking_benchmark_missing_allocs_report,false_positive,Snippet does not show the rule precondition in this finding context
/home/chinmay/ChinmayPersonalProjects/deslop/scripts/chunks/Chunk_4876_4900.txt,4885,/home/chinmay/ChinmayPersonalProjects/gopdfsuit/sampledata/benchmarks/gen_data.go,18,go_perf_layer_profiling_benchmarking_microbenchmark_dead_code_eliminated,false_positive,Snippet does not show the rule precondition in this finding context
/home/chinmay/ChinmayPersonalProjects/deslop/scripts/chunks/Chunk_4876_4900.txt,4886,/home/chinmay/ChinmayPersonalProjects/gopdfsuit/sampledata/benchmarks/gen_data.go,19,go_perf_layer_memory_allocation_temporary_byte_slice_for_string_write,false_positive,Snippet does not show the rule precondition in this finding context
/home/chinmay/ChinmayPersonalProjects/deslop/scripts/chunks/Chunk_4876_4900.txt,4887,/home/chinmay/ChinmayPersonalProjects/gopdfsuit/sampledata/benchmarks/gen_data.go,22,go_perf_layer_memory_allocation_append_without_known_capacity,false_positive,Snippet does not show the rule precondition in this finding context
/home/chinmay/ChinmayPersonalProjects/deslop/scripts/chunks/Chunk_4876_4900.txt,4888,/home/chinmay/ChinmayPersonalProjects/gopdfsuit/sampledata/benchmarks/gen_data.go,22,slice_grow_without_cap_hint,false_positive,Snippet does not show the rule precondition in this finding context
/home/chinmay/ChinmayPersonalProjects/deslop/scripts/chunks/Chunk_4876_4900.txt,4889,/home/chinmay/ChinmayPersonalProjects/gopdfsuit/sampledata/benchmarks/gen_data.go,24,fmt_hot_path,false_positive,Snippet does not show the rule precondition in this finding context
/home/chinmay/ChinmayPersonalProjects/deslop/scripts/chunks/Chunk_4876_4900.txt,4890,/home/chinmay/ChinmayPersonalProjects/gopdfsuit/sampledata/benchmarks/gen_data.go,24,go_perf_layer_caching_json_cache_value_stored_as_string,false_positive,Snippet does not show the rule precondition in this finding context
/home/chinmay/ChinmayPersonalProjects/deslop/scripts/chunks/Chunk_4876_4900.txt,4891,/home/chinmay/ChinmayPersonalProjects/gopdfsuit/sampledata/benchmarks/gen_data.go,24,go_perf_layer_error_handling_cost_error_string_built_before_error_needed,false_positive,Snippet does not show the rule precondition in this finding context
/home/chinmay/ChinmayPersonalProjects/deslop/scripts/chunks/Chunk_4876_4900.txt,4892,/home/chinmay/ChinmayPersonalProjects/gopdfsuit/sampledata/benchmarks/gen_data.go,24,go_perf_layer_string_handling_fmt_sprintf_for_simple_concat,false_positive,Snippet does not show the rule precondition in this finding context
/home/chinmay/ChinmayPersonalProjects/deslop/scripts/chunks/Chunk_4876_4900.txt,4893,/home/chinmay/ChinmayPersonalProjects/gopdfsuit/sampledata/benchmarks/gen_data.go,25,fmt_hot_path,false_positive,Snippet does not show the rule precondition in this finding context
/home/chinmay/ChinmayPersonalProjects/deslop/scripts/chunks/Chunk_4876_4900.txt,4894,/home/chinmay/ChinmayPersonalProjects/gopdfsuit/sampledata/benchmarks/gen_data.go,31,go_perf_layer_serialization_json_decoder_without_reuse_for_stream,false_positive,Snippet does not show the rule precondition in this finding context
/home/chinmay/ChinmayPersonalProjects/deslop/scripts/chunks/Chunk_4876_4900.txt,4895,/home/chinmay/ChinmayPersonalProjects/gopdfsuit/sampledata/benchmarks/gen_data.go,48,go_perf_layer_resource_pooling_rate_limiter_per_request,false_positive,Snippet does not show the rule precondition in this finding context
/home/chinmay/ChinmayPersonalProjects/deslop/scripts/chunks/Chunk_4876_4900.txt,4896,/home/chinmay/ChinmayPersonalProjects/gopdfsuit/sampledata/benchmarks/gopdflib/bench.go,11,go_perf_layer_profiling_benchmarking_benchmark_missing_allocs_report,false_positive,Snippet does not show the rule precondition in this finding context
/home/chinmay/ChinmayPersonalProjects/deslop/scripts/chunks/Chunk_4876_4900.txt,4897,/home/chinmay/ChinmayPersonalProjects/gopdfsuit/sampledata/benchmarks/gopdflib/databench_gopdflib.go,31,go_perf_layer_async_concurrency_context_timeout_allocated_per_inner_call,false_positive,Snippet does not show the rule precondition in this finding context
/home/chinmay/ChinmayPersonalProjects/deslop/scripts/chunks/Chunk_4876_4900.txt,4898,/home/chinmay/ChinmayPersonalProjects/gopdfsuit/sampledata/benchmarks/gopdflib/databench_gopdflib.go,36,go_perf_layer_profiling_benchmarking_benchmark_missing_allocs_report,false_positive,Snippet does not show the rule precondition in this finding context
/home/chinmay/ChinmayPersonalProjects/deslop/scripts/chunks/Chunk_4876_4900.txt,4899,/home/chinmay/ChinmayPersonalProjects/gopdfsuit/sampledata/benchmarks/gopdflib/databench_gopdflib.go,36,go_perf_layer_serialization_json_decoder_without_reuse_for_stream,false_positive,Snippet does not show the rule precondition in this finding context
/home/chinmay/ChinmayPersonalProjects/deslop/scripts/chunks/Chunk_4876_4900.txt,4900,/home/chinmay/ChinmayPersonalProjects/gopdfsuit/sampledata/benchmarks/gopdflib/databench_gopdflib.go,36,go_perf_layer_serialization_json_marshal_for_deep_equal,false_positive,Snippet does not show the rule precondition in this finding context
/home/chinmay/ChinmayPersonalProjects/deslop/scripts/chunks/Chunk_4901_4925.txt,4901,/home/chinmay/ChinmayPersonalProjects/gopdfsuit/sampledata/benchmarks/gopdflib/databench_gopdflib.go,36,go_perf_layer_serialization_map_any_json_decode_in_hot_path,false_positive,Snippet does not show the rule precondition in this finding context
/home/chinmay/ChinmayPersonalProjects/deslop/scripts/chunks/Chunk_4901_4925.txt,4902,/home/chinmay/ChinmayPersonalProjects/gopdfsuit/sampledata/benchmarks/gopdflib/databench_gopdflib.go,37,full_dataset_load,false_positive,Snippet does not show the rule precondition in this finding context
/home/chinmay/ChinmayPersonalProjects/deslop/scripts/chunks/Chunk_4901_4925.txt,4903,/home/chinmay/ChinmayPersonalProjects/gopdfsuit/sampledata/benchmarks/gopdflib/databench_gopdflib.go,37,go_perf_layer_collection_iteration_copy_slice_before_readonly_range,false_positive,Snippet does not show the rule precondition in this finding context
/home/chinmay/ChinmayPersonalProjects/deslop/scripts/chunks/Chunk_4901_4925.txt,4904,/home/chinmay/ChinmayPersonalProjects/gopdfsuit/sampledata/benchmarks/gopdflib/databench_gopdflib.go,51,go_perf_layer_collection_iteration_copy_slice_before_readonly_range,false_positive,Snippet does not show the rule precondition in this finding context
/home/chinmay/ChinmayPersonalProjects/deslop/scripts/chunks/Chunk_4901_4925.txt,4905,/home/chinmay/ChinmayPersonalProjects/gopdfsuit/sampledata/benchmarks/gopdflib/databench_gopdflib.go,51,go_perf_layer_database_access_rows_scan_into_map_per_row,false_positive,Snippet does not show the rule precondition in this finding context
/home/chinmay/ChinmayPersonalProjects/deslop/scripts/chunks/Chunk_4901_4925.txt,4906,/home/chinmay/ChinmayPersonalProjects/gopdfsuit/sampledata/benchmarks/gopdflib/databench_gopdflib.go,51,go_perf_layer_memory_allocation_temporary_byte_slice_for_string_write,false_positive,Snippet does not show the rule precondition in this finding context
/home/chinmay/ChinmayPersonalProjects/deslop/scripts/chunks/Chunk_4901_4925.txt,4907,/home/chinmay/ChinmayPersonalProjects/gopdfsuit/sampledata/benchmarks/gopdflib/databench_gopdflib.go,59,go_perf_layer_collection_iteration_manual_index_loop_without_bounds_need,false_positive,Snippet does not show the rule precondition in this finding context
/home/chinmay/ChinmayPersonalProjects/deslop/scripts/chunks/Chunk_4901_4925.txt,4908,/home/chinmay/ChinmayPersonalProjects/gopdfsuit/sampledata/benchmarks/gopdflib/databench_gopdflib.go,59,go_perf_layer_network_calls_retry_loop_without_backoff,false_positive,Snippet does not show the rule precondition in this finding context
/home/chinmay/ChinmayPersonalProjects/deslop/scripts/chunks/Chunk_4901_4925.txt,4909,/home/chinmay/ChinmayPersonalProjects/gopdfsuit/sampledata/benchmarks/gopdflib/databench_gopdflib.go,61,go_perf_layer_string_handling_string_lower_for_case_insensitive_compare,false_positive,Snippet does not show the rule precondition in this finding context
/home/chinmay/ChinmayPersonalProjects/deslop/scripts/chunks/Chunk_4901_4925.txt,4910,/home/chinmay/ChinmayPersonalProjects/gopdfsuit/sampledata/benchmarks/gopdflib/databench_gopdflib.go,65,go_perf_layer_memory_allocation_append_without_known_capacity,false_positive,Snippet does not show the rule precondition in this finding context
/home/chinmay/ChinmayPersonalProjects/deslop/scripts/chunks/Chunk_4901_4925.txt,4911,/home/chinmay/ChinmayPersonalProjects/gopdfsuit/sampledata/benchmarks/gopdflib/databench_gopdflib.go,65,slice_append_without_prealloc_known_bound,false_positive,Snippet does not show the rule precondition in this finding context
/home/chinmay/ChinmayPersonalProjects/deslop/scripts/chunks/Chunk_4901_4925.txt,4912,/home/chinmay/ChinmayPersonalProjects/gopdfsuit/sampledata/benchmarks/gopdflib/databench_gopdflib.go,65,slice_grow_without_cap_hint,false_positive,Snippet does not show the rule precondition in this finding context
/home/chinmay/ChinmayPersonalProjects/deslop/scripts/chunks/Chunk_4901_4925.txt,4913,/home/chinmay/ChinmayPersonalProjects/gopdfsuit/sampledata/benchmarks/gopdflib/databench_gopdflib.go,66,fmt_hot_path,false_positive,Snippet does not show the rule precondition in this finding context
/home/chinmay/ChinmayPersonalProjects/deslop/scripts/chunks/Chunk_4901_4925.txt,4914,/home/chinmay/ChinmayPersonalProjects/gopdfsuit/sampledata/benchmarks/gopdflib/databench_gopdflib.go,66,go_perf_layer_data_structure_choice_map_string_bool_for_membership,false_positive,Snippet does not show the rule precondition in this finding context
/home/chinmay/ChinmayPersonalProjects/deslop/scripts/chunks/Chunk_4901_4925.txt,4915,/home/chinmay/ChinmayPersonalProjects/gopdfsuit/sampledata/benchmarks/gopdflib/databench_gopdflib.go,66,go_perf_layer_string_handling_fmt_sprintf_for_simple_concat,false_positive,Snippet does not show the rule precondition in this finding context
/home/chinmay/ChinmayPersonalProjects/deslop/scripts/chunks/Chunk_4901_4925.txt,4916,/home/chinmay/ChinmayPersonalProjects/gopdfsuit/sampledata/benchmarks/gopdflib/databench_gopdflib.go,66,sprintf_for_simple_int_to_string,false_positive,Snippet does not show the rule precondition in this finding context
/home/chinmay/ChinmayPersonalProjects/deslop/scripts/chunks/Chunk_4901_4925.txt,4917,/home/chinmay/ChinmayPersonalProjects/gopdfsuit/sampledata/benchmarks/gopdflib/databench_gopdflib.go,104,go_perf_layer_resource_pooling_rate_limiter_per_request,false_positive,Snippet does not show the rule precondition in this finding context
/home/chinmay/ChinmayPersonalProjects/deslop/scripts/chunks/Chunk_4901_4925.txt,4918,/home/chinmay/ChinmayPersonalProjects/gopdfsuit/sampledata/benchmarks/gopdflib/databench_gopdflib.go,110,go_perf_layer_collection_iteration_copy_slice_before_readonly_range,false_positive,Snippet does not show the rule precondition in this finding context
/home/chinmay/ChinmayPersonalProjects/deslop/scripts/chunks/Chunk_4901_4925.txt,4919,/home/chinmay/ChinmayPersonalProjects/gopdfsuit/sampledata/benchmarks/gopdflib/databench_gopdflib.go,110,go_perf_layer_database_access_rows_scan_into_map_per_row,false_positive,Snippet does not show the rule precondition in this finding context
/home/chinmay/ChinmayPersonalProjects/deslop/scripts/chunks/Chunk_4901_4925.txt,4920,/home/chinmay/ChinmayPersonalProjects/gopdfsuit/sampledata/benchmarks/gopdflib/databench_gopdflib.go,110,go_perf_layer_error_handling_cost_multierror_append_for_success_path,false_positive,Snippet does not show the rule precondition in this finding context
/home/chinmay/ChinmayPersonalProjects/deslop/scripts/chunks/Chunk_4901_4925.txt,4921,/home/chinmay/ChinmayPersonalProjects/gopdfsuit/sampledata/benchmarks/gopdflib/databench_gopdflib.go,110,go_perf_layer_error_handling_cost_sentinel_error_allocated_per_call,false_positive,Snippet does not show the rule precondition in this finding context
/home/chinmay/ChinmayPersonalProjects/deslop/scripts/chunks/Chunk_4901_4925.txt,4922,/home/chinmay/ChinmayPersonalProjects/gopdfsuit/sampledata/benchmarks/gopdflib/databench_gopdflib.go,110,go_perf_layer_io_operations_scanner_used_for_large_token_stream,false_positive,Snippet does not show the rule precondition in this finding context
/home/chinmay/ChinmayPersonalProjects/deslop/scripts/chunks/Chunk_4901_4925.txt,4923,/home/chinmay/ChinmayPersonalProjects/gopdfsuit/sampledata/benchmarks/gopdflib/databench_gopdflib.go,110,go_perf_layer_io_operations_temporary_file_for_stream_transform,false_positive,Snippet does not show the rule precondition in this finding context
/home/chinmay/ChinmayPersonalProjects/deslop/scripts/chunks/Chunk_4901_4925.txt,4924,/home/chinmay/ChinmayPersonalProjects/gopdfsuit/sampledata/benchmarks/gopdflib/databench_gopdflib.go,110,go_perf_layer_memory_allocation_bytes_buffer_allocated_per_record,false_positive,Snippet does not show the rule precondition in this finding context
/home/chinmay/ChinmayPersonalProjects/deslop/scripts/chunks/Chunk_4901_4925.txt,4925,/home/chinmay/ChinmayPersonalProjects/gopdfsuit/sampledata/benchmarks/gopdflib/databench_gopdflib.go,110,go_perf_layer_profiling_benchmarking_benchmark_missing_allocs_report,false_positive,Snippet does not show the rule precondition in this finding context
/home/chinmay/ChinmayPersonalProjects/deslop/scripts/chunks/Chunk_4926_4950.txt,4926,/home/chinmay/ChinmayPersonalProjects/gopdfsuit/sampledata/benchmarks/gopdflib/databench_gopdflib.go,111,go_perf_layer_algorithmic_complexity_quadratic_append_filter_pipeline,false_positive,Snippet does not show the rule precondition in this finding context
/home/chinmay/ChinmayPersonalProjects/deslop/scripts/chunks/Chunk_4926_4950.txt,4927,/home/chinmay/ChinmayPersonalProjects/gopdfsuit/sampledata/benchmarks/gopdflib/databench_gopdflib.go,123,go_perf_layer_async_concurrency_channel_buffer_too_small_for_known_burst,false_positive,Snippet does not show the rule precondition in this finding context
/home/chinmay/ChinmayPersonalProjects/deslop/scripts/chunks/Chunk_4926_4950.txt,4928,/home/chinmay/ChinmayPersonalProjects/gopdfsuit/sampledata/benchmarks/gopdflib/databench_gopdflib.go,123,go_perf_layer_async_concurrency_context_timeout_allocated_per_inner_call,false_positive,Snippet does not show the rule precondition in this finding context
/home/chinmay/ChinmayPersonalProjects/deslop/scripts/chunks/Chunk_4926_4950.txt,4929,/home/chinmay/ChinmayPersonalProjects/gopdfsuit/sampledata/benchmarks/gopdflib/databench_gopdflib.go,124,go_perf_layer_algorithmic_complexity_repeated_nested_slice_scans,false_positive,Snippet does not show the rule precondition in this finding context
/home/chinmay/ChinmayPersonalProjects/deslop/scripts/chunks/Chunk_4926_4950.txt,4930,/home/chinmay/ChinmayPersonalProjects/gopdfsuit/sampledata/benchmarks/gopdflib/databench_gopdflib.go,124,go_perf_layer_memory_allocation_temporary_byte_slice_for_string_write,false_positive,Snippet does not show the rule precondition in this finding context
/home/chinmay/ChinmayPersonalProjects/deslop/scripts/chunks/Chunk_4926_4950.txt,4931,/home/chinmay/ChinmayPersonalProjects/gopdfsuit/sampledata/benchmarks/gopdflib/databench_gopdflib.go,130,go_perf_layer_collection_iteration_len_called_after_materializing_channel,false_positive,Snippet does not show the rule precondition in this finding context
/home/chinmay/ChinmayPersonalProjects/deslop/scripts/chunks/Chunk_4926_4950.txt,4932,/home/chinmay/ChinmayPersonalProjects/gopdfsuit/sampledata/benchmarks/gopdflib/databench_gopdflib.go,130,go_perf_layer_hot_path_optimization_allocation_in_hash_or_less_func,false_positive,Snippet does not show the rule precondition in this finding context
/home/chinmay/ChinmayPersonalProjects/deslop/scripts/chunks/Chunk_4926_4950.txt,4933,/home/chinmay/ChinmayPersonalProjects/gopdfsuit/sampledata/benchmarks/gopdflib/databench_gopdflib.go,130,go_perf_layer_memory_allocation_append_without_known_capacity,false_positive,Snippet does not show the rule precondition in this finding context
/home/chinmay/ChinmayPersonalProjects/deslop/scripts/chunks/Chunk_4926_4950.txt,4934,/home/chinmay/ChinmayPersonalProjects/gopdfsuit/sampledata/benchmarks/gopdflib/databench_gopdflib.go,136,go_perf_layer_hot_path_optimization_defer_for_simple_unlock_in_hot_loop,false_positive,Snippet does not show the rule precondition in this finding context
/home/chinmay/ChinmayPersonalProjects/deslop/scripts/chunks/Chunk_4926_4950.txt,4935,/home/chinmay/ChinmayPersonalProjects/gopdfsuit/sampledata/benchmarks/gopdflib/databench_gopdflib.go,136,go_perf_layer_hot_path_optimization_time_now_called_many_times_per_item,false_positive,Snippet does not show the rule precondition in this finding context
/home/chinmay/ChinmayPersonalProjects/deslop/scripts/chunks/Chunk_4926_4950.txt,4936,/home/chinmay/ChinmayPersonalProjects/gopdfsuit/sampledata/benchmarks/gopdflib/databench_gopdflib.go,138,go_perf_layer_network_calls_retry_loop_without_backoff,false_positive,Snippet does not show the rule precondition in this finding context
/home/chinmay/ChinmayPersonalProjects/deslop/scripts/chunks/Chunk_4926_4950.txt,4937,/home/chinmay/ChinmayPersonalProjects/gopdfsuit/sampledata/benchmarks/gopdflib/databench_gopdflib.go,146,go_perf_layer_resource_pooling_rate_limiter_per_request,false_positive,Snippet does not show the rule precondition in this finding context
/home/chinmay/ChinmayPersonalProjects/deslop/scripts/chunks/Chunk_4926_4950.txt,4938,/home/chinmay/ChinmayPersonalProjects/gopdfsuit/sampledata/benchmarks/gopdflib/databench_gopdflib.go,153,mutex_in_loop,false_positive,Snippet does not show the rule precondition in this finding context
/home/chinmay/ChinmayPersonalProjects/deslop/scripts/chunks/Chunk_4926_4950.txt,4939,/home/chinmay/ChinmayPersonalProjects/gopdfsuit/sampledata/benchmarks/gopdflib/databench_gopdflib.go,154,shared_slice_append_race,false_positive,Snippet does not show the rule precondition in this finding context
/home/chinmay/ChinmayPersonalProjects/deslop/scripts/chunks/Chunk_4926_4950.txt,4940,/home/chinmay/ChinmayPersonalProjects/gopdfsuit/sampledata/benchmarks/gopdflib/databench_gopdflib.go,199,go_perf_layer_async_concurrency_context_timeout_allocated_per_inner_call,false_positive,Snippet does not show the rule precondition in this finding context
/home/chinmay/ChinmayPersonalProjects/deslop/scripts/chunks/Chunk_4926_4950.txt,4941,/home/chinmay/ChinmayPersonalProjects/gopdfsuit/sampledata/benchmarks/gopdflib/databench_gopdflib.go,202,go_perf_layer_network_calls_retry_loop_without_backoff,false_positive,Snippet does not show the rule precondition in this finding context
/home/chinmay/ChinmayPersonalProjects/deslop/scripts/chunks/Chunk_4926_4950.txt,4942,/home/chinmay/ChinmayPersonalProjects/gopdfsuit/sampledata/benchmarks/gopdflib/databench_gopdflib.go,203,go_perf_layer_async_concurrency_channel_buffer_too_small_for_known_burst,false_positive,Snippet does not show the rule precondition in this finding context
/home/chinmay/ChinmayPersonalProjects/deslop/scripts/chunks/Chunk_4926_4950.txt,4943,/home/chinmay/ChinmayPersonalProjects/gopdfsuit/sampledata/benchmarks/gopdflib/databench_gopdflib.go,203,go_perf_layer_database_access_query_inside_loop_without_batching,false_positive,Snippet does not show the rule precondition in this finding context
/home/chinmay/ChinmayPersonalProjects/deslop/scripts/chunks/Chunk_4926_4950.txt,4944,/home/chinmay/ChinmayPersonalProjects/gopdfsuit/sampledata/benchmarks/gopdflib/databench_gopdflib.go,203,go_perf_layer_database_access_select_star_on_hot_query,false_positive,Snippet does not show the rule precondition in this finding context
/home/chinmay/ChinmayPersonalProjects/deslop/scripts/chunks/Chunk_4926_4950.txt,4945,/home/chinmay/ChinmayPersonalProjects/gopdfsuit/sampledata/benchmarks/gopdflib/databench_gopdflib.go,208,go_perf_layer_io_operations_stat_before_open_without_branch,false_positive,Snippet does not show the rule precondition in this finding context
/home/chinmay/ChinmayPersonalProjects/deslop/scripts/chunks/Chunk_4926_4950.txt,4946,/home/chinmay/ChinmayPersonalProjects/gopdfsuit/sampledata/benchmarks/gopdflib/databench_gopdflib.go,218,go_perf_layer_async_concurrency_context_timeout_allocated_per_inner_call,false_positive,Snippet does not show the rule precondition in this finding context
/home/chinmay/ChinmayPersonalProjects/deslop/scripts/chunks/Chunk_4926_4950.txt,4947,/home/chinmay/ChinmayPersonalProjects/gopdfsuit/sampledata/benchmarks/gopdflib/databench_gopdflib.go,220,go_perf_layer_error_handling_cost_panic_recover_for_control_flow,false_positive,Snippet does not show the rule precondition in this finding context
/home/chinmay/ChinmayPersonalProjects/deslop/scripts/chunks/Chunk_4926_4950.txt,4948,/home/chinmay/ChinmayPersonalProjects/gopdfsuit/sampledata/benchmarks/gopdfsuit/bench.go,8,go_perf_layer_profiling_benchmarking_benchmark_missing_allocs_report,false_positive,Snippet does not show the rule precondition in this finding context
/home/chinmay/ChinmayPersonalProjects/deslop/scripts/chunks/Chunk_4926_4950.txt,4949,/home/chinmay/ChinmayPersonalProjects/gopdfsuit/sampledata/benchmarks/pypdfsuit/bench.py,21,function_returns_multiple_unlabeled_shape_variants,true_positive,Function returns positional tuple with multiple unlabeled values
/home/chinmay/ChinmayPersonalProjects/deslop/scripts/chunks/Chunk_4926_4950.txt,4950,/home/chinmay/ChinmayPersonalProjects/gopdfsuit/sampledata/benchmarks/pypdfsuit/bench.py,21,helper_returns_index_based_tuple_instead_of_named_structure,true_positive,Helper returns positional tuple instead of named structure
/home/chinmay/ChinmayPersonalProjects/deslop/scripts/chunks/Chunk_4951_4975.txt,4951,/home/chinmay/ChinmayPersonalProjects/gopdfsuit/sampledata/benchmarks/pypdfsuit/bench.py,21,public_api_missing_type_hints,true_positive,Public Python function definition lacks explicit type hints
/home/chinmay/ChinmayPersonalProjects/deslop/scripts/chunks/Chunk_4951_4975.txt,4952,/home/chinmay/ChinmayPersonalProjects/gopdfsuit/sampledata/benchmarks/pypdfsuit/bench.py,28,full_collection_sorted_when_partial_order_or_selection_suffices,false_positive,Snippet does not show the rule precondition in this finding context
/home/chinmay/ChinmayPersonalProjects/deslop/scripts/chunks/Chunk_4951_4975.txt,4953,/home/chinmay/ChinmayPersonalProjects/gopdfsuit/sampledata/benchmarks/pypdfsuit/bench.py,29,python_perf_layer_algorithmic_complexity_full_sort_for_top_n,false_positive,Snippet does not show the rule precondition in this finding context
/home/chinmay/ChinmayPersonalProjects/deslop/scripts/chunks/Chunk_4951_4975.txt,4954,/home/chinmay/ChinmayPersonalProjects/gopdfsuit/sampledata/benchmarks/pypdfsuit/bench.py,29,python_perf_layer_caching_cache_miss_duplicate_concurrent_work,false_positive,Snippet does not show the rule precondition in this finding context
/home/chinmay/ChinmayPersonalProjects/deslop/scripts/chunks/Chunk_4951_4975.txt,4955,/home/chinmay/ChinmayPersonalProjects/gopdfsuit/sampledata/benchmarks/pypdfsuit/bench.py,29,python_perf_layer_profiling_benchmarking_benchmark_missing_warmup,false_positive,Snippet does not show the rule precondition in this finding context
/home/chinmay/ChinmayPersonalProjects/deslop/scripts/chunks/Chunk_4951_4975.txt,4956,/home/chinmay/ChinmayPersonalProjects/gopdfsuit/sampledata/benchmarks/pypdfsuit/bench.py,29,python_perf_layer_string_handling_lowercase_compare_allocates,false_positive,Snippet does not show the rule precondition in this finding context
/home/chinmay/ChinmayPersonalProjects/deslop/scripts/chunks/Chunk_4951_4975.txt,4957,/home/chinmay/ChinmayPersonalProjects/gopdfsuit/sampledata/benchmarks/pypdfsuit/bench.py,30,python_perf_layer_error_handling_cost_broad_except_retries_cpu_work,false_positive,Snippet does not show the rule precondition in this finding context
/home/chinmay/ChinmayPersonalProjects/deslop/scripts/chunks/Chunk_4951_4975.txt,4958,/home/chinmay/ChinmayPersonalProjects/gopdfsuit/sampledata/benchmarks/pypdfsuit/bench.py,33,python_perf_layer_resource_pooling_http_pool_not_reused,false_positive,Snippet does not show the rule precondition in this finding context
/home/chinmay/ChinmayPersonalProjects/deslop/scripts/chunks/Chunk_4951_4975.txt,4959,/home/chinmay/ChinmayPersonalProjects/gopdfsuit/sampledata/benchmarks/pypdfsuit/bench.py,33,python_perf_layer_resource_pooling_large_buffer_pool_without_cap,false_positive,Snippet does not show the rule precondition in this finding context
/home/chinmay/ChinmayPersonalProjects/deslop/scripts/chunks/Chunk_4951_4975.txt,4960,/home/chinmay/ChinmayPersonalProjects/gopdfsuit/sampledata/benchmarks/pypdfsuit/bench.py,33,python_perf_layer_resource_pooling_process_pool_without_shutdown,false_positive,Snippet does not show the rule precondition in this finding context
/home/chinmay/ChinmayPersonalProjects/deslop/scripts/chunks/Chunk_4951_4975.txt,4961,/home/chinmay/ChinmayPersonalProjects/gopdfsuit/sampledata/benchmarks/pypdfsuit/bench.py,34,python_perf_layer_caching_unbounded_dict_cache,false_positive,Snippet does not show the rule precondition in this finding context
/home/chinmay/ChinmayPersonalProjects/deslop/scripts/chunks/Chunk_4951_4975.txt,4962,/home/chinmay/ChinmayPersonalProjects/gopdfsuit/sampledata/benchmarks/pypdfsuit/bench.py,34,python_perf_layer_data_structure_choice_heapq_reimplemented_with_sorted_list,false_positive,Snippet does not show the rule precondition in this finding context
/home/chinmay/ChinmayPersonalProjects/deslop/scripts/chunks/Chunk_4951_4975.txt,4963,/home/chinmay/ChinmayPersonalProjects/gopdfsuit/sampledata/benchmarks/pypdfsuit/bench.py,37,python_perf_layer_collection_iteration_enumerate_list_materialized,false_positive,Snippet does not show the rule precondition in this finding context
/home/chinmay/ChinmayPersonalProjects/deslop/scripts/chunks/Chunk_4951_4975.txt,4964,/home/chinmay/ChinmayPersonalProjects/gopdfsuit/sampledata/benchmarks/pypdfsuit/bench.py,37,python_perf_layer_collection_iteration_generator_materialized_for_truthiness,false_positive,Snippet does not show the rule precondition in this finding context
/home/chinmay/ChinmayPersonalProjects/deslop/scripts/chunks/Chunk_4951_4975.txt,4965,/home/chinmay/ChinmayPersonalProjects/gopdfsuit/sampledata/benchmarks/pypdfsuit/bench.py,37,python_perf_layer_network_calls_retry_without_backoff_or_jitter,false_positive,Snippet does not show the rule precondition in this finding context
/home/chinmay/ChinmayPersonalProjects/deslop/scripts/chunks/Chunk_4951_4975.txt,4966,/home/chinmay/ChinmayPersonalProjects/gopdfsuit/sampledata/benchmarks/pypdfsuit/databench_pypdfsuit.py,20,helper_name_hides_mutation_or_io_side_effect,false_positive,Snippet does not show the rule precondition in this finding context
/home/chinmay/ChinmayPersonalProjects/deslop/scripts/chunks/Chunk_4951_4975.txt,4967,/home/chinmay/ChinmayPersonalProjects/gopdfsuit/sampledata/benchmarks/pypdfsuit/databench_pypdfsuit.py,21,no_schema_validation_on_external_data,false_positive,Snippet does not show the rule precondition in this finding context
/home/chinmay/ChinmayPersonalProjects/deslop/scripts/chunks/Chunk_4951_4975.txt,4968,/home/chinmay/ChinmayPersonalProjects/gopdfsuit/sampledata/benchmarks/pypdfsuit/databench_pypdfsuit.py,21,python_perf_layer_garbage_collection_cleanup_file_handle_closed_by_gc,false_positive,Snippet does not show the rule precondition in this finding context
/home/chinmay/ChinmayPersonalProjects/deslop/scripts/chunks/Chunk_4951_4975.txt,4969,/home/chinmay/ChinmayPersonalProjects/gopdfsuit/sampledata/benchmarks/pypdfsuit/databench_pypdfsuit.py,21,python_perf_layer_io_operations_path_exists_before_open_race,false_positive,Snippet does not show the rule precondition in this finding context
/home/chinmay/ChinmayPersonalProjects/deslop/scripts/chunks/Chunk_4951_4975.txt,4970,/home/chinmay/ChinmayPersonalProjects/gopdfsuit/sampledata/benchmarks/pypdfsuit/databench_pypdfsuit.py,21,python_perf_layer_io_operations_small_file_writes_without_buffer,false_positive,Snippet does not show the rule precondition in this finding context
/home/chinmay/ChinmayPersonalProjects/deslop/scripts/chunks/Chunk_4951_4975.txt,4971,/home/chinmay/ChinmayPersonalProjects/gopdfsuit/sampledata/benchmarks/pypdfsuit/databench_pypdfsuit.py,25,repeated_string_literal,false_positive,Snippet does not show the rule precondition in this finding context
/home/chinmay/ChinmayPersonalProjects/deslop/scripts/chunks/Chunk_4951_4975.txt,4972,/home/chinmay/ChinmayPersonalProjects/gopdfsuit/sampledata/benchmarks/pypdfsuit/databench_pypdfsuit.py,26,python_perf_layer_database_access_row_by_row_bulk_insert,false_positive,Snippet does not show the rule precondition in this finding context
/home/chinmay/ChinmayPersonalProjects/deslop/scripts/chunks/Chunk_4951_4975.txt,4973,/home/chinmay/ChinmayPersonalProjects/gopdfsuit/sampledata/benchmarks/pypdfsuit/databench_pypdfsuit.py,38,python_perf_layer_collection_iteration_enumerate_list_materialized,false_positive,Snippet does not show the rule precondition in this finding context
/home/chinmay/ChinmayPersonalProjects/deslop/scripts/chunks/Chunk_4951_4975.txt,4974,/home/chinmay/ChinmayPersonalProjects/gopdfsuit/sampledata/benchmarks/pypdfsuit/databench_pypdfsuit.py,38,python_perf_layer_network_calls_retry_without_backoff_or_jitter,false_positive,Snippet does not show the rule precondition in this finding context
/home/chinmay/ChinmayPersonalProjects/deslop/scripts/chunks/Chunk_4951_4975.txt,4975,/home/chinmay/ChinmayPersonalProjects/gopdfsuit/sampledata/benchmarks/pypdfsuit/databench_pypdfsuit.py,39,python_perf_layer_string_handling_lowercase_compare_allocates,false_positive,Snippet does not show the rule precondition in this finding context
/home/chinmay/ChinmayPersonalProjects/deslop/scripts/chunks/Chunk_4976_5000.txt,4976,/home/chinmay/ChinmayPersonalProjects/gopdfsuit/sampledata/benchmarks/pypdfsuit/databench_pypdfsuit.py,40,python_perf_layer_memory_allocation_list_append_without_generator_stream,false_positive,Snippet does not show the rule precondition in this finding context
/home/chinmay/ChinmayPersonalProjects/deslop/scripts/chunks/Chunk_4976_5000.txt,4977,/home/chinmay/ChinmayPersonalProjects/gopdfsuit/sampledata/benchmarks/pypdfsuit/databench_pypdfsuit.py,93,metric_name_contains_dynamic_user_or_data_values,false_positive,Snippet does not show the rule precondition in this finding context
/home/chinmay/ChinmayPersonalProjects/deslop/scripts/chunks/Chunk_4976_5000.txt,4978,/home/chinmay/ChinmayPersonalProjects/gopdfsuit/sampledata/benchmarks/pypdfsuit/databench_pypdfsuit.py,99,python_perf_layer_profiling_benchmarking_benchmark_missing_warmup,false_positive,Snippet does not show the rule precondition in this finding context
/home/chinmay/ChinmayPersonalProjects/deslop/scripts/chunks/Chunk_4976_5000.txt,4979,/home/chinmay/ChinmayPersonalProjects/gopdfsuit/sampledata/benchmarks/pypdfsuit/databench_pypdfsuit.py,99,python_perf_layer_string_handling_lowercase_compare_allocates,false_positive,Snippet does not show the rule precondition in this finding context
/home/chinmay/ChinmayPersonalProjects/deslop/scripts/chunks/Chunk_4976_5000.txt,4980,/home/chinmay/ChinmayPersonalProjects/gopdfsuit/sampledata/benchmarks/pypdfsuit/databench_pypdfsuit.py,103,python_perf_layer_network_calls_retry_without_backoff_or_jitter,false_positive,Snippet does not show the rule precondition in this finding context
/home/chinmay/ChinmayPersonalProjects/deslop/scripts/chunks/Chunk_4976_5000.txt,4981,/home/chinmay/ChinmayPersonalProjects/gopdfsuit/sampledata/benchmarks/pypdfsuit/databench_pypdfsuit.py,108,python_perf_layer_memory_allocation_list_append_without_generator_stream,false_positive,Snippet does not show the rule precondition in this finding context
/home/chinmay/ChinmayPersonalProjects/deslop/scripts/chunks/Chunk_4976_5000.txt,4982,/home/chinmay/ChinmayPersonalProjects/gopdfsuit/sampledata/filler/compressed/generate_medical_form.py,14,python_perf_layer_io_operations_small_file_writes_without_buffer,false_positive,Snippet does not show the rule precondition in this finding context
/home/chinmay/ChinmayPersonalProjects/deslop/scripts/chunks/Chunk_4976_5000.txt,4983,/home/chinmay/ChinmayPersonalProjects/gopdfsuit/sampledata/filler/compressed/generate_medical_form.py,15,python_perf_layer_caching_unbounded_dict_cache,false_positive,Snippet does not show the rule precondition in this finding context
/home/chinmay/ChinmayPersonalProjects/deslop/scripts/chunks/Chunk_4976_5000.txt,4984,/home/chinmay/ChinmayPersonalProjects/gopdfsuit/sampledata/filler/compressed/generate_medical_form.py,15,python_perf_layer_data_structure_choice_dict_of_dicts_for_fixed_records,false_positive,Snippet does not show the rule precondition in this finding context
/home/chinmay/ChinmayPersonalProjects/deslop/scripts/chunks/Chunk_4976_5000.txt,4985,/home/chinmay/ChinmayPersonalProjects/gopdfsuit/sampledata/filler/compressed/generate_medical_form.py,15,python_perf_layer_data_structure_choice_pandas_object_dtype_for_numeric_hot_columns,false_positive,Snippet does not show the rule precondition in this finding context
/home/chinmay/ChinmayPersonalProjects/deslop/scripts/chunks/Chunk_4976_5000.txt,4986,/home/chinmay/ChinmayPersonalProjects/gopdfsuit/sampledata/filler/compressed/generate_medical_form.py,15,python_perf_layer_garbage_collection_cleanup_cycle_heavy_objects_without_break,false_positive,Snippet does not show the rule precondition in this finding context
/home/chinmay/ChinmayPersonalProjects/deslop/scripts/chunks/Chunk_4976_5000.txt,4987,/home/chinmay/ChinmayPersonalProjects/gopdfsuit/sampledata/filler/compressed/generate_medical_form.py,15,python_perf_layer_network_calls_retry_without_backoff_or_jitter,false_positive,Snippet does not show the rule precondition in this finding context
/home/chinmay/ChinmayPersonalProjects/deslop/scripts/chunks/Chunk_4976_5000.txt,4988,/home/chinmay/ChinmayPersonalProjects/gopdfsuit/sampledata/filler/compressed/generate_medical_form.py,26,compression_hashing_or_encoding_performed_before_cheap_reject_checks,false_positive,Snippet does not show the rule precondition in this finding context
/home/chinmay/ChinmayPersonalProjects/deslop/scripts/chunks/Chunk_4976_5000.txt,4989,/home/chinmay/ChinmayPersonalProjects/gopdfsuit/sampledata/filler/compressed/generate_medical_form.py,26,public_api_missing_type_hints,true_positive,Public Python function definition lacks explicit type hints
/home/chinmay/ChinmayPersonalProjects/deslop/scripts/chunks/Chunk_4976_5000.txt,4990,/home/chinmay/ChinmayPersonalProjects/gopdfsuit/sampledata/filler/compressed/generate_medical_form.py,27,python_perf_layer_serialization_gzip_compress_tiny_payloads,false_positive,Snippet does not show the rule precondition in this finding context
/home/chinmay/ChinmayPersonalProjects/deslop/scripts/chunks/Chunk_4976_5000.txt,4991,/home/chinmay/ChinmayPersonalProjects/gopdfsuit/sampledata/filler/compressed/generate_medical_form.py,29,invariant_computation_not_hoisted_out_of_nested_loop,false_positive,Snippet does not show the rule precondition in this finding context
/home/chinmay/ChinmayPersonalProjects/deslop/scripts/chunks/Chunk_4976_5000.txt,4992,/home/chinmay/ChinmayPersonalProjects/gopdfsuit/sampledata/filler/compressed/generate_medical_form.py,29,lookup_table_derived_from_constants_rebuilt_per_invocation,false_positive,Snippet does not show the rule precondition in this finding context
/home/chinmay/ChinmayPersonalProjects/deslop/scripts/chunks/Chunk_4976_5000.txt,4993,/home/chinmay/ChinmayPersonalProjects/gopdfsuit/sampledata/filler/compressed/generate_medical_form.py,29,parallel_lists_used_instead_of_record_object,false_positive,Snippet does not show the rule precondition in this finding context
/home/chinmay/ChinmayPersonalProjects/deslop/scripts/chunks/Chunk_4976_5000.txt,4994,/home/chinmay/ChinmayPersonalProjects/gopdfsuit/sampledata/filler/compressed/generate_medical_form.py,29,public_api_missing_type_hints,true_positive,Public Python function definition lacks explicit type hints
/home/chinmay/ChinmayPersonalProjects/deslop/scripts/chunks/Chunk_4976_5000.txt,4995,/home/chinmay/ChinmayPersonalProjects/gopdfsuit/sampledata/filler/compressed/generate_medical_form.py,29,quadratic_string_building_via_plus_equals,false_positive,Snippet does not show the rule precondition in this finding context
/home/chinmay/ChinmayPersonalProjects/deslop/scripts/chunks/Chunk_4976_5000.txt,4996,/home/chinmay/ChinmayPersonalProjects/gopdfsuit/sampledata/filler/compressed/generate_medical_form.py,29,repeated_split_or_join_on_invariant_separator_inside_loop,false_positive,Snippet does not show the rule precondition in this finding context
/home/chinmay/ChinmayPersonalProjects/deslop/scripts/chunks/Chunk_4976_5000.txt,4997,/home/chinmay/ChinmayPersonalProjects/gopdfsuit/sampledata/filler/compressed/generate_medical_form.py,32,python_perf_layer_database_access_count_then_fetch_every_page,false_positive,Snippet does not show the rule precondition in this finding context
/home/chinmay/ChinmayPersonalProjects/deslop/scripts/chunks/Chunk_4976_5000.txt,4998,/home/chinmay/ChinmayPersonalProjects/gopdfsuit/sampledata/filler/compressed/generate_medical_form.py,36,python_perf_layer_database_access_orm_query_inside_loop,false_positive,Snippet does not show the rule precondition in this finding context
/home/chinmay/ChinmayPersonalProjects/deslop/scripts/chunks/Chunk_4976_5000.txt,4999,/home/chinmay/ChinmayPersonalProjects/gopdfsuit/sampledata/filler/compressed/generate_medical_form.py,38,python_perf_layer_collection_iteration_generator_materialized_for_truthiness,false_positive,Snippet does not show the rule precondition in this finding context
/home/chinmay/ChinmayPersonalProjects/deslop/scripts/chunks/Chunk_4976_5000.txt,5000,/home/chinmay/ChinmayPersonalProjects/gopdfsuit/sampledata/filler/compressed/generate_medical_form.py,38,python_perf_layer_error_handling_cost_broad_except_retries_cpu_work,false_positive,Snippet does not show the rule precondition in this finding context
