chunk_file_path,subchunk_number,source_file_path,source_line,rule_id,decision,rationale
/home/chinmay/ChinmayPersonalProjects/deslop/scripts/chunks/Chunk_3001_3025.txt,3001,/home/chinmay/ChinmayPersonalProjects/gopdfsuit/internal/pdf/merge/merger.go,46,go_perf_layer_string_handling_byte_string_roundtrip_for_contains,false_positive,No contains or index byte string roundtrip shown
/home/chinmay/ChinmayPersonalProjects/deslop/scripts/chunks/Chunk_3001_3025.txt,3002,/home/chinmay/ChinmayPersonalProjects/gopdfsuit/internal/pdf/merge/merger.go,46,go_perf_layer_string_handling_fmt_sprintf_for_simple_concat,true_positive,Snippet uses fmt sprintf for string building
/home/chinmay/ChinmayPersonalProjects/deslop/scripts/chunks/Chunk_3001_3025.txt,3003,/home/chinmay/ChinmayPersonalProjects/gopdfsuit/internal/pdf/merge/merger.go,51,go_perf_layer_garbage_collection_cleanup_response_body_not_drained_for_reuse,false_positive,No http response body handling shown
/home/chinmay/ChinmayPersonalProjects/deslop/scripts/chunks/Chunk_3001_3025.txt,3004,/home/chinmay/ChinmayPersonalProjects/gopdfsuit/internal/pdf/merge/merger.go,77,slice_append_without_prealloc_known_bound,true_positive,Snippet appends during loop without visible capacity hint
/home/chinmay/ChinmayPersonalProjects/deslop/scripts/chunks/Chunk_3001_3025.txt,3005,/home/chinmay/ChinmayPersonalProjects/gopdfsuit/internal/pdf/merge/merger.go,77,slice_grow_without_cap_hint,true_positive,Snippet appends during loop without visible capacity hint
/home/chinmay/ChinmayPersonalProjects/deslop/scripts/chunks/Chunk_3001_3025.txt,3006,/home/chinmay/ChinmayPersonalProjects/gopdfsuit/internal/pdf/merge/merger.go,117,go_perf_layer_io_operations_scanner_used_for_large_token_stream,true_positive,Snippet uses scanner for token stream
/home/chinmay/ChinmayPersonalProjects/deslop/scripts/chunks/Chunk_3001_3025.txt,3007,/home/chinmay/ChinmayPersonalProjects/gopdfsuit/internal/pdf/merge/merger.go,117,go_perf_layer_io_operations_temporary_file_for_stream_transform,false_positive,No temporary file transform shown
/home/chinmay/ChinmayPersonalProjects/deslop/scripts/chunks/Chunk_3001_3025.txt,3008,/home/chinmay/ChinmayPersonalProjects/gopdfsuit/internal/pdf/merge/merger.go,119,go_perf_layer_database_access_count_query_before_paged_fetch,false_positive,No database access evidence in snippet
/home/chinmay/ChinmayPersonalProjects/deslop/scripts/chunks/Chunk_3001_3025.txt,3009,/home/chinmay/ChinmayPersonalProjects/gopdfsuit/internal/pdf/merge/merger.go,119,go_perf_layer_database_access_query_inside_loop_without_batching,false_positive,No database access evidence in snippet
/home/chinmay/ChinmayPersonalProjects/deslop/scripts/chunks/Chunk_3001_3025.txt,3010,/home/chinmay/ChinmayPersonalProjects/gopdfsuit/internal/pdf/merge/merger.go,119,go_perf_layer_database_access_select_star_on_hot_query,true_positive,Snippet contains database query or db call
/home/chinmay/ChinmayPersonalProjects/deslop/scripts/chunks/Chunk_3001_3025.txt,3011,/home/chinmay/ChinmayPersonalProjects/gopdfsuit/internal/pdf/merge/merger.go,121,go_perf_layer_algorithmic_complexity_quadratic_append_filter_pipeline,true_positive,Snippet shows nested iteration pattern
/home/chinmay/ChinmayPersonalProjects/deslop/scripts/chunks/Chunk_3001_3025.txt,3012,/home/chinmay/ChinmayPersonalProjects/gopdfsuit/internal/pdf/merge/merger.go,121,go_perf_layer_collection_iteration_len_called_after_materializing_channel,true_positive,Snippet materializes channel before len call
/home/chinmay/ChinmayPersonalProjects/deslop/scripts/chunks/Chunk_3001_3025.txt,3013,/home/chinmay/ChinmayPersonalProjects/gopdfsuit/internal/pdf/merge/merger.go,125,go_perf_layer_algorithmic_complexity_repeated_nested_slice_scans,true_positive,Snippet shows nested iteration pattern
/home/chinmay/ChinmayPersonalProjects/deslop/scripts/chunks/Chunk_3001_3025.txt,3014,/home/chinmay/ChinmayPersonalProjects/gopdfsuit/internal/pdf/merge/merger.go,125,go_perf_layer_collection_iteration_copy_slice_before_readonly_range,false_positive,No pre range slice copy shown
/home/chinmay/ChinmayPersonalProjects/deslop/scripts/chunks/Chunk_3001_3025.txt,3015,/home/chinmay/ChinmayPersonalProjects/gopdfsuit/internal/pdf/merge/merger.go,125,go_perf_layer_network_calls_retry_loop_without_backoff,false_positive,No clear retry loop over network call shown
/home/chinmay/ChinmayPersonalProjects/deslop/scripts/chunks/Chunk_3001_3025.txt,3016,/home/chinmay/ChinmayPersonalProjects/gopdfsuit/internal/pdf/merge/merger.go,126,go_perf_layer_garbage_collection_cleanup_large_slice_retained_after_truncate,true_positive,Snippet retains large backing array after truncate
/home/chinmay/ChinmayPersonalProjects/deslop/scripts/chunks/Chunk_3001_3025.txt,3017,/home/chinmay/ChinmayPersonalProjects/gopdfsuit/internal/pdf/merge/merger.go,126,go_perf_layer_garbage_collection_cleanup_response_body_not_drained_for_reuse,false_positive,No http response body handling shown
/home/chinmay/ChinmayPersonalProjects/deslop/scripts/chunks/Chunk_3001_3025.txt,3018,/home/chinmay/ChinmayPersonalProjects/gopdfsuit/internal/pdf/merge/merger.go,153,go_perf_layer_memory_allocation_append_without_known_capacity,true_positive,Snippet appends during loop without visible capacity hint
/home/chinmay/ChinmayPersonalProjects/deslop/scripts/chunks/Chunk_3001_3025.txt,3019,/home/chinmay/ChinmayPersonalProjects/gopdfsuit/internal/pdf/merge/merger.go,171,go_perf_layer_database_access_count_query_before_paged_fetch,false_positive,No database access evidence in snippet
/home/chinmay/ChinmayPersonalProjects/deslop/scripts/chunks/Chunk_3001_3025.txt,3020,/home/chinmay/ChinmayPersonalProjects/gopdfsuit/internal/pdf/merge/merger.go,172,go_perf_layer_string_handling_string_lower_for_case_insensitive_compare,false_positive,No case normalization call shown
/home/chinmay/ChinmayPersonalProjects/deslop/scripts/chunks/Chunk_3001_3025.txt,3021,/home/chinmay/ChinmayPersonalProjects/gopdfsuit/internal/pdf/merge/merger.go,181,go_perf_layer_caching_json_cache_value_stored_as_string,true_positive,Snippet shows cache related pattern flagged by rule
/home/chinmay/ChinmayPersonalProjects/deslop/scripts/chunks/Chunk_3001_3025.txt,3022,/home/chinmay/ChinmayPersonalProjects/gopdfsuit/internal/pdf/merge/merger.go,181,go_perf_layer_caching_unbounded_cache_map,true_positive,Snippet shows cache related pattern flagged by rule
/home/chinmay/ChinmayPersonalProjects/deslop/scripts/chunks/Chunk_3001_3025.txt,3023,/home/chinmay/ChinmayPersonalProjects/gopdfsuit/internal/pdf/merge/merger.go,181,go_perf_layer_data_structure_choice_map_string_bool_for_membership,true_positive,Snippet creates or uses map pattern flagged by rule
/home/chinmay/ChinmayPersonalProjects/deslop/scripts/chunks/Chunk_3001_3025.txt,3024,/home/chinmay/ChinmayPersonalProjects/gopdfsuit/internal/pdf/merge/merger.go,181,go_perf_layer_data_structure_choice_small_enum_string_switch_map,false_positive,No small enum map choice evidence shown
/home/chinmay/ChinmayPersonalProjects/deslop/scripts/chunks/Chunk_3001_3025.txt,3025,/home/chinmay/ChinmayPersonalProjects/gopdfsuit/internal/pdf/merge/merger.go,181,go_perf_layer_garbage_collection_cleanup_response_body_not_drained_for_reuse,false_positive,No http response body handling shown
/home/chinmay/ChinmayPersonalProjects/deslop/scripts/chunks/Chunk_3026_3050.txt,3026,/home/chinmay/ChinmayPersonalProjects/gopdfsuit/internal/pdf/merge/merger.go,181,go_perf_layer_memory_allocation_map_recreated_for_static_lookup,true_positive,Snippet creates or uses map pattern flagged by rule
/home/chinmay/ChinmayPersonalProjects/deslop/scripts/chunks/Chunk_3026_3050.txt,3027,/home/chinmay/ChinmayPersonalProjects/gopdfsuit/internal/pdf/merge/merger.go,195,go_perf_layer_memory_allocation_temporary_byte_slice_for_string_write,true_positive,Snippet allocates byte buffer or conversion in path
/home/chinmay/ChinmayPersonalProjects/deslop/scripts/chunks/Chunk_3026_3050.txt,3028,/home/chinmay/ChinmayPersonalProjects/gopdfsuit/internal/pdf/merge/merger.go,196,go_perf_layer_string_handling_string_lower_for_case_insensitive_compare,false_positive,No case normalization call shown
/home/chinmay/ChinmayPersonalProjects/deslop/scripts/chunks/Chunk_3026_3050.txt,3029,/home/chinmay/ChinmayPersonalProjects/gopdfsuit/internal/pdf/merge/merger.go,198,go_perf_layer_database_access_count_query_before_paged_fetch,false_positive,No database access evidence in snippet
/home/chinmay/ChinmayPersonalProjects/deslop/scripts/chunks/Chunk_3026_3050.txt,3030,/home/chinmay/ChinmayPersonalProjects/gopdfsuit/internal/pdf/merge/merger.go,209,go_perf_layer_caching_json_cache_value_stored_as_string,true_positive,Snippet shows cache related pattern flagged by rule
/home/chinmay/ChinmayPersonalProjects/deslop/scripts/chunks/Chunk_3026_3050.txt,3031,/home/chinmay/ChinmayPersonalProjects/gopdfsuit/internal/pdf/merge/merger.go,209,go_perf_layer_caching_unbounded_cache_map,true_positive,Snippet shows cache related pattern flagged by rule
/home/chinmay/ChinmayPersonalProjects/deslop/scripts/chunks/Chunk_3026_3050.txt,3032,/home/chinmay/ChinmayPersonalProjects/gopdfsuit/internal/pdf/merge/merger.go,209,go_perf_layer_data_structure_choice_map_string_bool_for_membership,true_positive,Snippet creates or uses map pattern flagged by rule
/home/chinmay/ChinmayPersonalProjects/deslop/scripts/chunks/Chunk_3026_3050.txt,3033,/home/chinmay/ChinmayPersonalProjects/gopdfsuit/internal/pdf/merge/merger.go,209,go_perf_layer_data_structure_choice_small_enum_string_switch_map,false_positive,No small enum map choice evidence shown
/home/chinmay/ChinmayPersonalProjects/deslop/scripts/chunks/Chunk_3026_3050.txt,3034,/home/chinmay/ChinmayPersonalProjects/gopdfsuit/internal/pdf/merge/merger.go,209,go_perf_layer_garbage_collection_cleanup_response_body_not_drained_for_reuse,false_positive,No http response body handling shown
/home/chinmay/ChinmayPersonalProjects/deslop/scripts/chunks/Chunk_3026_3050.txt,3035,/home/chinmay/ChinmayPersonalProjects/gopdfsuit/internal/pdf/merge/merger.go,209,go_perf_layer_memory_allocation_map_recreated_for_static_lookup,true_positive,Snippet creates or uses map pattern flagged by rule
/home/chinmay/ChinmayPersonalProjects/deslop/scripts/chunks/Chunk_3026_3050.txt,3036,/home/chinmay/ChinmayPersonalProjects/gopdfsuit/internal/pdf/merge/merger.go,227,go_perf_layer_algorithmic_complexity_recursive_graph_walk_without_seen_set,true_positive,Snippet performs recursive walk pattern
/home/chinmay/ChinmayPersonalProjects/deslop/scripts/chunks/Chunk_3026_3050.txt,3037,/home/chinmay/ChinmayPersonalProjects/gopdfsuit/internal/pdf/merge/merger.go,233,go_perf_layer_collection_iteration_copy_slice_before_readonly_range,false_positive,No pre range slice copy shown
/home/chinmay/ChinmayPersonalProjects/deslop/scripts/chunks/Chunk_3026_3050.txt,3038,/home/chinmay/ChinmayPersonalProjects/gopdfsuit/internal/pdf/merge/merger.go,233,go_perf_layer_memory_allocation_temporary_byte_slice_for_string_write,true_positive,Snippet allocates byte buffer or conversion in path
/home/chinmay/ChinmayPersonalProjects/deslop/scripts/chunks/Chunk_3026_3050.txt,3039,/home/chinmay/ChinmayPersonalProjects/gopdfsuit/internal/pdf/merge/merger.go,234,go_perf_layer_string_handling_string_lower_for_case_insensitive_compare,false_positive,No case normalization call shown
/home/chinmay/ChinmayPersonalProjects/deslop/scripts/chunks/Chunk_3026_3050.txt,3040,/home/chinmay/ChinmayPersonalProjects/gopdfsuit/internal/pdf/merge/merger.go,236,go_perf_layer_database_access_count_query_before_paged_fetch,false_positive,No database access evidence in snippet
/home/chinmay/ChinmayPersonalProjects/deslop/scripts/chunks/Chunk_3026_3050.txt,3041,/home/chinmay/ChinmayPersonalProjects/gopdfsuit/internal/pdf/merge/merger.go,236,go_perf_layer_database_access_query_inside_loop_without_batching,false_positive,No database access evidence in snippet
/home/chinmay/ChinmayPersonalProjects/deslop/scripts/chunks/Chunk_3026_3050.txt,3042,/home/chinmay/ChinmayPersonalProjects/gopdfsuit/internal/pdf/merge/merger.go,236,go_perf_layer_garbage_collection_cleanup_response_body_not_drained_for_reuse,false_positive,No http response body handling shown
/home/chinmay/ChinmayPersonalProjects/deslop/scripts/chunks/Chunk_3026_3050.txt,3043,/home/chinmay/ChinmayPersonalProjects/gopdfsuit/internal/pdf/merge/merger.go,241,go_perf_layer_algorithmic_complexity_recursive_graph_walk_without_seen_set,true_positive,Snippet performs recursive walk pattern
/home/chinmay/ChinmayPersonalProjects/deslop/scripts/chunks/Chunk_3026_3050.txt,3044,/home/chinmay/ChinmayPersonalProjects/gopdfsuit/internal/pdf/merge/merger.go,241,go_perf_layer_collection_iteration_range_over_map_for_deterministic_first,true_positive,Snippet ranges map where order is nondeterministic
/home/chinmay/ChinmayPersonalProjects/deslop/scripts/chunks/Chunk_3026_3050.txt,3045,/home/chinmay/ChinmayPersonalProjects/gopdfsuit/internal/pdf/merge/merger.go,241,go_perf_layer_database_access_rows_scan_into_map_per_row,false_positive,No database access evidence in snippet
/home/chinmay/ChinmayPersonalProjects/deslop/scripts/chunks/Chunk_3026_3050.txt,3046,/home/chinmay/ChinmayPersonalProjects/gopdfsuit/internal/pdf/merge/merger.go,241,go_perf_layer_network_calls_retry_loop_without_backoff,false_positive,No clear retry loop over network call shown
/home/chinmay/ChinmayPersonalProjects/deslop/scripts/chunks/Chunk_3026_3050.txt,3047,/home/chinmay/ChinmayPersonalProjects/gopdfsuit/internal/pdf/merge/merger.go,242,go_perf_layer_caching_json_cache_value_stored_as_string,true_positive,Snippet shows cache related pattern flagged by rule
/home/chinmay/ChinmayPersonalProjects/deslop/scripts/chunks/Chunk_3026_3050.txt,3048,/home/chinmay/ChinmayPersonalProjects/gopdfsuit/internal/pdf/merge/merger.go,242,go_perf_layer_data_structure_choice_map_string_bool_for_membership,true_positive,Snippet creates or uses map pattern flagged by rule
/home/chinmay/ChinmayPersonalProjects/deslop/scripts/chunks/Chunk_3026_3050.txt,3049,/home/chinmay/ChinmayPersonalProjects/gopdfsuit/internal/pdf/merge/merger.go,242,go_perf_layer_data_structure_choice_small_enum_string_switch_map,false_positive,No small enum map choice evidence shown
/home/chinmay/ChinmayPersonalProjects/deslop/scripts/chunks/Chunk_3026_3050.txt,3050,/home/chinmay/ChinmayPersonalProjects/gopdfsuit/internal/pdf/merge/merger.go,243,go_perf_layer_caching_unbounded_cache_map,true_positive,Snippet shows cache related pattern flagged by rule
/home/chinmay/ChinmayPersonalProjects/deslop/scripts/chunks/Chunk_3051_3075.txt,3051,/home/chinmay/ChinmayPersonalProjects/gopdfsuit/internal/pdf/merge/merger.go,243,go_perf_layer_memory_allocation_map_recreated_for_static_lookup,true_positive,Snippet creates or uses map pattern flagged by rule
/home/chinmay/ChinmayPersonalProjects/deslop/scripts/chunks/Chunk_3051_3075.txt,3052,/home/chinmay/ChinmayPersonalProjects/gopdfsuit/internal/pdf/merge/merger.go,245,go_perf_layer_memory_allocation_append_without_known_capacity,true_positive,Snippet appends during loop without visible capacity hint
/home/chinmay/ChinmayPersonalProjects/deslop/scripts/chunks/Chunk_3051_3075.txt,3053,/home/chinmay/ChinmayPersonalProjects/gopdfsuit/internal/pdf/merge/merger.go,245,slice_append_without_prealloc_known_bound,true_positive,Snippet appends during loop without visible capacity hint
/home/chinmay/ChinmayPersonalProjects/deslop/scripts/chunks/Chunk_3051_3075.txt,3054,/home/chinmay/ChinmayPersonalProjects/gopdfsuit/internal/pdf/merge/merger.go,245,slice_grow_without_cap_hint,true_positive,Snippet appends during loop without visible capacity hint
/home/chinmay/ChinmayPersonalProjects/deslop/scripts/chunks/Chunk_3051_3075.txt,3055,/home/chinmay/ChinmayPersonalProjects/gopdfsuit/internal/pdf/merge/merger.go,251,slice_append_without_prealloc_known_bound,true_positive,Snippet appends during loop without visible capacity hint
/home/chinmay/ChinmayPersonalProjects/deslop/scripts/chunks/Chunk_3051_3075.txt,3056,/home/chinmay/ChinmayPersonalProjects/gopdfsuit/internal/pdf/merge/merger.go,251,slice_grow_without_cap_hint,true_positive,Snippet appends during loop without visible capacity hint
/home/chinmay/ChinmayPersonalProjects/deslop/scripts/chunks/Chunk_3051_3075.txt,3057,/home/chinmay/ChinmayPersonalProjects/gopdfsuit/internal/pdf/merge/merger.go,254,slice_append_without_prealloc_known_bound,true_positive,Snippet appends during loop without visible capacity hint
/home/chinmay/ChinmayPersonalProjects/deslop/scripts/chunks/Chunk_3051_3075.txt,3058,/home/chinmay/ChinmayPersonalProjects/gopdfsuit/internal/pdf/merge/merger.go,254,slice_grow_without_cap_hint,true_positive,Snippet appends during loop without visible capacity hint
/home/chinmay/ChinmayPersonalProjects/deslop/scripts/chunks/Chunk_3051_3075.txt,3059,/home/chinmay/ChinmayPersonalProjects/gopdfsuit/internal/pdf/merge/merger.go,264,go_perf_layer_caching_unbounded_cache_map,true_positive,Snippet shows cache related pattern flagged by rule
/home/chinmay/ChinmayPersonalProjects/deslop/scripts/chunks/Chunk_3051_3075.txt,3060,/home/chinmay/ChinmayPersonalProjects/gopdfsuit/internal/pdf/merge/merger.go,264,go_perf_layer_collection_iteration_range_over_map_for_deterministic_first,true_positive,Snippet ranges map where order is nondeterministic
/home/chinmay/ChinmayPersonalProjects/deslop/scripts/chunks/Chunk_3051_3075.txt,3061,/home/chinmay/ChinmayPersonalProjects/gopdfsuit/internal/pdf/merge/merger.go,264,go_perf_layer_data_structure_choice_interface_map_for_typed_values,true_positive,Snippet creates or uses map pattern flagged by rule
/home/chinmay/ChinmayPersonalProjects/deslop/scripts/chunks/Chunk_3051_3075.txt,3062,/home/chinmay/ChinmayPersonalProjects/gopdfsuit/internal/pdf/merge/merger.go,264,go_perf_layer_data_structure_choice_map_string_bool_for_membership,true_positive,Snippet creates or uses map pattern flagged by rule
/home/chinmay/ChinmayPersonalProjects/deslop/scripts/chunks/Chunk_3051_3075.txt,3063,/home/chinmay/ChinmayPersonalProjects/gopdfsuit/internal/pdf/merge/merger.go,264,go_perf_layer_database_access_rows_scan_into_map_per_row,false_positive,No database access evidence in snippet
/home/chinmay/ChinmayPersonalProjects/deslop/scripts/chunks/Chunk_3051_3075.txt,3064,/home/chinmay/ChinmayPersonalProjects/gopdfsuit/internal/pdf/merge/merger.go,264,go_perf_layer_memory_allocation_map_recreated_for_static_lookup,true_positive,Snippet creates or uses map pattern flagged by rule
/home/chinmay/ChinmayPersonalProjects/deslop/scripts/chunks/Chunk_3051_3075.txt,3065,/home/chinmay/ChinmayPersonalProjects/gopdfsuit/internal/pdf/merge/merger.go,266,go_perf_layer_algorithmic_complexity_repeated_nested_slice_scans,true_positive,Snippet shows nested iteration pattern
/home/chinmay/ChinmayPersonalProjects/deslop/scripts/chunks/Chunk_3051_3075.txt,3066,/home/chinmay/ChinmayPersonalProjects/gopdfsuit/internal/pdf/merge/merger.go,266,go_perf_layer_collection_iteration_copy_slice_before_readonly_range,false_positive,No pre range slice copy shown
/home/chinmay/ChinmayPersonalProjects/deslop/scripts/chunks/Chunk_3051_3075.txt,3067,/home/chinmay/ChinmayPersonalProjects/gopdfsuit/internal/pdf/merge/merger.go,269,go_perf_layer_algorithmic_complexity_quadratic_append_filter_pipeline,true_positive,Snippet shows nested iteration pattern
/home/chinmay/ChinmayPersonalProjects/deslop/scripts/chunks/Chunk_3051_3075.txt,3068,/home/chinmay/ChinmayPersonalProjects/gopdfsuit/internal/pdf/merge/merger.go,275,go_perf_layer_io_operations_scanner_used_for_large_token_stream,true_positive,Snippet uses scanner for token stream
/home/chinmay/ChinmayPersonalProjects/deslop/scripts/chunks/Chunk_3051_3075.txt,3069,/home/chinmay/ChinmayPersonalProjects/gopdfsuit/internal/pdf/merge/merger.go,275,go_perf_layer_network_calls_retry_loop_without_backoff,false_positive,No clear retry loop over network call shown
/home/chinmay/ChinmayPersonalProjects/deslop/scripts/chunks/Chunk_3051_3075.txt,3070,/home/chinmay/ChinmayPersonalProjects/gopdfsuit/internal/pdf/merge/merger.go,276,map_growth_without_size_hint,true_positive,Snippet creates or uses map pattern flagged by rule
/home/chinmay/ChinmayPersonalProjects/deslop/scripts/chunks/Chunk_3051_3075.txt,3071,/home/chinmay/ChinmayPersonalProjects/gopdfsuit/internal/pdf/merge/merger.go,280,go_perf_layer_garbage_collection_cleanup_response_body_not_drained_for_reuse,false_positive,No http response body handling shown
/home/chinmay/ChinmayPersonalProjects/deslop/scripts/chunks/Chunk_3051_3075.txt,3072,/home/chinmay/ChinmayPersonalProjects/gopdfsuit/internal/pdf/merge/merger.go,290,slice_append_without_prealloc_known_bound,true_positive,Snippet appends during loop without visible capacity hint
/home/chinmay/ChinmayPersonalProjects/deslop/scripts/chunks/Chunk_3051_3075.txt,3073,/home/chinmay/ChinmayPersonalProjects/gopdfsuit/internal/pdf/merge/merger.go,290,slice_grow_without_cap_hint,true_positive,Snippet appends during loop without visible capacity hint
/home/chinmay/ChinmayPersonalProjects/deslop/scripts/chunks/Chunk_3051_3075.txt,3074,/home/chinmay/ChinmayPersonalProjects/gopdfsuit/internal/pdf/merge/merger.go,300,nested_append_without_outer_capacity,true_positive,Snippet appends during loop without visible capacity hint
/home/chinmay/ChinmayPersonalProjects/deslop/scripts/chunks/Chunk_3051_3075.txt,3075,/home/chinmay/ChinmayPersonalProjects/gopdfsuit/internal/pdf/merge/merger.go,300,slice_append_without_prealloc_known_bound,true_positive,Snippet appends during loop without visible capacity hint
/home/chinmay/ChinmayPersonalProjects/deslop/scripts/chunks/Chunk_3076_3100.txt,3076,/home/chinmay/ChinmayPersonalProjects/gopdfsuit/internal/pdf/merge/merger.go,300,slice_grow_without_cap_hint,true_positive,Snippet appends during loop without visible capacity hint
/home/chinmay/ChinmayPersonalProjects/deslop/scripts/chunks/Chunk_3076_3100.txt,3077,/home/chinmay/ChinmayPersonalProjects/gopdfsuit/internal/pdf/merge/merger.go,311,go_perf_layer_io_operations_small_writes_without_bufio_writer,true_positive,Snippet performs repeated writes without bufio writer
/home/chinmay/ChinmayPersonalProjects/deslop/scripts/chunks/Chunk_3076_3100.txt,3078,/home/chinmay/ChinmayPersonalProjects/gopdfsuit/internal/pdf/merge/merger.go,311,go_perf_layer_memory_allocation_temporary_byte_slice_for_string_write,true_positive,Snippet allocates byte buffer or conversion in path
/home/chinmay/ChinmayPersonalProjects/deslop/scripts/chunks/Chunk_3076_3100.txt,3079,/home/chinmay/ChinmayPersonalProjects/gopdfsuit/internal/pdf/merge/merger.go,311,go_perf_layer_string_handling_byte_string_roundtrip_for_contains,false_positive,No contains or index byte string roundtrip shown
/home/chinmay/ChinmayPersonalProjects/deslop/scripts/chunks/Chunk_3076_3100.txt,3080,/home/chinmay/ChinmayPersonalProjects/gopdfsuit/internal/pdf/merge/merger.go,315,go_perf_layer_collection_iteration_copy_slice_before_readonly_range,false_positive,No pre range slice copy shown
/home/chinmay/ChinmayPersonalProjects/deslop/scripts/chunks/Chunk_3076_3100.txt,3081,/home/chinmay/ChinmayPersonalProjects/gopdfsuit/internal/pdf/merge/merger.go,316,go_perf_layer_network_calls_retry_loop_without_backoff,false_positive,No clear retry loop over network call shown
/home/chinmay/ChinmayPersonalProjects/deslop/scripts/chunks/Chunk_3076_3100.txt,3082,/home/chinmay/ChinmayPersonalProjects/gopdfsuit/internal/pdf/merge/merger.go,321,go_perf_layer_memory_allocation_append_without_known_capacity,true_positive,Snippet appends during loop without visible capacity hint
/home/chinmay/ChinmayPersonalProjects/deslop/scripts/chunks/Chunk_3076_3100.txt,3083,/home/chinmay/ChinmayPersonalProjects/gopdfsuit/internal/pdf/merge/merger.go,333,go_perf_layer_io_operations_small_writes_without_bufio_writer,true_positive,Snippet performs repeated writes without bufio writer
/home/chinmay/ChinmayPersonalProjects/deslop/scripts/chunks/Chunk_3076_3100.txt,3084,/home/chinmay/ChinmayPersonalProjects/gopdfsuit/internal/pdf/merge/merger.go,333,go_perf_layer_memory_allocation_temporary_byte_slice_for_string_write,true_positive,Snippet allocates byte buffer or conversion in path
/home/chinmay/ChinmayPersonalProjects/deslop/scripts/chunks/Chunk_3076_3100.txt,3085,/home/chinmay/ChinmayPersonalProjects/gopdfsuit/internal/pdf/merge/merger.go,333,go_perf_layer_string_handling_byte_string_roundtrip_for_contains,false_positive,No contains or index byte string roundtrip shown
/home/chinmay/ChinmayPersonalProjects/deslop/scripts/chunks/Chunk_3076_3100.txt,3086,/home/chinmay/ChinmayPersonalProjects/gopdfsuit/internal/pdf/merge/merger.go,334,go_perf_layer_collection_iteration_copy_slice_before_readonly_range,false_positive,No pre range slice copy shown
/home/chinmay/ChinmayPersonalProjects/deslop/scripts/chunks/Chunk_3076_3100.txt,3087,/home/chinmay/ChinmayPersonalProjects/gopdfsuit/internal/pdf/merge/merger.go,335,go_perf_layer_network_calls_retry_loop_without_backoff,false_positive,No clear retry loop over network call shown
/home/chinmay/ChinmayPersonalProjects/deslop/scripts/chunks/Chunk_3076_3100.txt,3088,/home/chinmay/ChinmayPersonalProjects/gopdfsuit/internal/pdf/merge/merger.go,340,go_perf_layer_memory_allocation_append_without_known_capacity,true_positive,Snippet appends during loop without visible capacity hint
/home/chinmay/ChinmayPersonalProjects/deslop/scripts/chunks/Chunk_3076_3100.txt,3089,/home/chinmay/ChinmayPersonalProjects/gopdfsuit/internal/pdf/merge/merger.go,353,go_perf_layer_memory_allocation_temporary_byte_slice_for_string_write,true_positive,Snippet allocates byte buffer or conversion in path
/home/chinmay/ChinmayPersonalProjects/deslop/scripts/chunks/Chunk_3076_3100.txt,3090,/home/chinmay/ChinmayPersonalProjects/gopdfsuit/internal/pdf/merge/merger.go,353,go_perf_layer_string_handling_byte_string_roundtrip_for_contains,false_positive,No contains or index byte string roundtrip shown
/home/chinmay/ChinmayPersonalProjects/deslop/scripts/chunks/Chunk_3076_3100.txt,3091,/home/chinmay/ChinmayPersonalProjects/gopdfsuit/internal/pdf/merge/merger.go,354,go_perf_layer_memory_allocation_append_without_known_capacity,true_positive,Snippet appends during loop without visible capacity hint
/home/chinmay/ChinmayPersonalProjects/deslop/scripts/chunks/Chunk_3076_3100.txt,3092,/home/chinmay/ChinmayPersonalProjects/gopdfsuit/internal/pdf/merge/merger.go,356,go_perf_layer_io_operations_small_writes_without_bufio_writer,true_positive,Snippet performs repeated writes without bufio writer
/home/chinmay/ChinmayPersonalProjects/deslop/scripts/chunks/Chunk_3076_3100.txt,3093,/home/chinmay/ChinmayPersonalProjects/gopdfsuit/internal/pdf/merge/merger.go,356,go_perf_layer_serialization_gzip_writer_created_per_small_payload,false_positive,No gzip writer creation shown
/home/chinmay/ChinmayPersonalProjects/deslop/scripts/chunks/Chunk_3076_3100.txt,3094,/home/chinmay/ChinmayPersonalProjects/gopdfsuit/internal/pdf/merge/merger.go,359,go_perf_layer_garbage_collection_cleanup_response_body_not_drained_for_reuse,false_positive,No http response body handling shown
/home/chinmay/ChinmayPersonalProjects/deslop/scripts/chunks/Chunk_3076_3100.txt,3095,/home/chinmay/ChinmayPersonalProjects/gopdfsuit/internal/pdf/merge/merger.go,370,go_perf_layer_string_handling_byte_string_roundtrip_for_contains,false_positive,No contains or index byte string roundtrip shown
/home/chinmay/ChinmayPersonalProjects/deslop/scripts/chunks/Chunk_3076_3100.txt,3096,/home/chinmay/ChinmayPersonalProjects/gopdfsuit/internal/pdf/merge/merger.go,370,go_perf_layer_string_handling_string_lower_for_case_insensitive_compare,false_positive,No case normalization call shown
/home/chinmay/ChinmayPersonalProjects/deslop/scripts/chunks/Chunk_3076_3100.txt,3097,/home/chinmay/ChinmayPersonalProjects/gopdfsuit/internal/pdf/merge/merger.go,372,go_perf_layer_garbage_collection_cleanup_response_body_not_drained_for_reuse,false_positive,No http response body handling shown
/home/chinmay/ChinmayPersonalProjects/deslop/scripts/chunks/Chunk_3076_3100.txt,3098,/home/chinmay/ChinmayPersonalProjects/gopdfsuit/internal/pdf/merge/merger.go,372,go_perf_layer_serialization_gzip_writer_created_per_small_payload,false_positive,No gzip writer creation shown
/home/chinmay/ChinmayPersonalProjects/deslop/scripts/chunks/Chunk_3076_3100.txt,3099,/home/chinmay/ChinmayPersonalProjects/gopdfsuit/internal/pdf/merge/merger.go,374,go_perf_layer_garbage_collection_cleanup_large_slice_retained_after_truncate,true_positive,Snippet retains large backing array after truncate
/home/chinmay/ChinmayPersonalProjects/deslop/scripts/chunks/Chunk_3076_3100.txt,3100,/home/chinmay/ChinmayPersonalProjects/gopdfsuit/internal/pdf/merge/merger.go,374,go_perf_layer_garbage_collection_cleanup_sync_pool_stores_large_unbounded_buffers,true_positive,Snippet uses sync pool buffer pattern
/home/chinmay/ChinmayPersonalProjects/deslop/scripts/chunks/Chunk_3101_3125.txt,3101,/home/chinmay/ChinmayPersonalProjects/gopdfsuit/internal/pdf/merge/merger.go,374,go_perf_layer_memory_allocation_temporary_byte_slice_for_string_write,true_positive,Snippet allocates byte buffer or conversion in path
/home/chinmay/ChinmayPersonalProjects/deslop/scripts/chunks/Chunk_3101_3125.txt,3102,/home/chinmay/ChinmayPersonalProjects/gopdfsuit/internal/pdf/merge/merger.go,378,go_perf_layer_caching_json_cache_value_stored_as_string,true_positive,Snippet shows cache related pattern flagged by rule
/home/chinmay/ChinmayPersonalProjects/deslop/scripts/chunks/Chunk_3101_3125.txt,3103,/home/chinmay/ChinmayPersonalProjects/gopdfsuit/internal/pdf/merge/merger.go,378,go_perf_layer_caching_unbounded_cache_map,true_positive,Snippet shows cache related pattern flagged by rule
/home/chinmay/ChinmayPersonalProjects/deslop/scripts/chunks/Chunk_3101_3125.txt,3104,/home/chinmay/ChinmayPersonalProjects/gopdfsuit/internal/pdf/merge/merger.go,383,go_perf_layer_resource_pooling_buffer_pool_without_max_capacity,false_positive,No sync pool buffer pattern shown
/home/chinmay/ChinmayPersonalProjects/deslop/scripts/chunks/Chunk_3101_3125.txt,3105,/home/chinmay/ChinmayPersonalProjects/gopdfsuit/internal/pdf/merge/merger.go,384,go_perf_layer_io_operations_small_writes_without_bufio_writer,true_positive,Snippet performs repeated writes without bufio writer
/home/chinmay/ChinmayPersonalProjects/deslop/scripts/chunks/Chunk_3101_3125.txt,3106,/home/chinmay/ChinmayPersonalProjects/gopdfsuit/internal/pdf/merge/merger.go,392,go_perf_layer_database_access_query_inside_loop_without_batching,false_positive,No database access evidence in snippet
/home/chinmay/ChinmayPersonalProjects/deslop/scripts/chunks/Chunk_3101_3125.txt,3107,/home/chinmay/ChinmayPersonalProjects/gopdfsuit/internal/pdf/merge/merger.go,392,go_perf_layer_database_access_select_star_on_hot_query,true_positive,Snippet contains database query or db call
/home/chinmay/ChinmayPersonalProjects/deslop/scripts/chunks/Chunk_3101_3125.txt,3108,/home/chinmay/ChinmayPersonalProjects/gopdfsuit/internal/pdf/merge/merger.go,394,go_perf_layer_algorithmic_complexity_quadratic_append_filter_pipeline,true_positive,Snippet shows nested iteration pattern
/home/chinmay/ChinmayPersonalProjects/deslop/scripts/chunks/Chunk_3101_3125.txt,3109,/home/chinmay/ChinmayPersonalProjects/gopdfsuit/internal/pdf/merge/merger.go,394,go_perf_layer_algorithmic_complexity_repeated_nested_slice_scans,true_positive,Snippet shows nested iteration pattern
/home/chinmay/ChinmayPersonalProjects/deslop/scripts/chunks/Chunk_3101_3125.txt,3110,/home/chinmay/ChinmayPersonalProjects/gopdfsuit/internal/pdf/merge/merger.go,394,go_perf_layer_collection_iteration_copy_slice_before_readonly_range,false_positive,No pre range slice copy shown
/home/chinmay/ChinmayPersonalProjects/deslop/scripts/chunks/Chunk_3101_3125.txt,3111,/home/chinmay/ChinmayPersonalProjects/gopdfsuit/internal/pdf/merge/merger.go,394,go_perf_layer_network_calls_retry_loop_without_backoff,false_positive,No clear retry loop over network call shown
/home/chinmay/ChinmayPersonalProjects/deslop/scripts/chunks/Chunk_3101_3125.txt,3112,/home/chinmay/ChinmayPersonalProjects/gopdfsuit/internal/pdf/merge/merger.go,401,go_perf_layer_memory_allocation_temporary_byte_slice_for_string_write,true_positive,Snippet allocates byte buffer or conversion in path
/home/chinmay/ChinmayPersonalProjects/deslop/scripts/chunks/Chunk_3101_3125.txt,3113,/home/chinmay/ChinmayPersonalProjects/gopdfsuit/internal/pdf/merge/merger.go,401,go_perf_layer_string_handling_byte_string_roundtrip_for_contains,false_positive,No contains or index byte string roundtrip shown
/home/chinmay/ChinmayPersonalProjects/deslop/scripts/chunks/Chunk_3101_3125.txt,3114,/home/chinmay/ChinmayPersonalProjects/gopdfsuit/internal/pdf/merge/merger.go,402,go_perf_layer_memory_allocation_append_without_known_capacity,true_positive,Snippet appends during loop without visible capacity hint
/home/chinmay/ChinmayPersonalProjects/deslop/scripts/chunks/Chunk_3101_3125.txt,3115,/home/chinmay/ChinmayPersonalProjects/gopdfsuit/internal/pdf/merge/merger.go,405,go_perf_layer_io_operations_small_writes_without_bufio_writer,true_positive,Snippet performs repeated writes without bufio writer
/home/chinmay/ChinmayPersonalProjects/deslop/scripts/chunks/Chunk_3101_3125.txt,3116,/home/chinmay/ChinmayPersonalProjects/gopdfsuit/internal/pdf/merge/merger.go,415,strconv_formatint_int64_cast_itoa,true_positive,Snippet shows conversion or encoding call for this rule
/home/chinmay/ChinmayPersonalProjects/deslop/scripts/chunks/Chunk_3101_3125.txt,3117,/home/chinmay/ChinmayPersonalProjects/gopdfsuit/internal/pdf/merge/merger.go,417,nested_append_without_outer_capacity,true_positive,Snippet appends during loop without visible capacity hint
/home/chinmay/ChinmayPersonalProjects/deslop/scripts/chunks/Chunk_3101_3125.txt,3118,/home/chinmay/ChinmayPersonalProjects/gopdfsuit/internal/pdf/merge/merger.go,439,go_perf_layer_string_handling_byte_string_roundtrip_for_contains,false_positive,No contains or index byte string roundtrip shown
/home/chinmay/ChinmayPersonalProjects/deslop/scripts/chunks/Chunk_3101_3125.txt,3119,/home/chinmay/ChinmayPersonalProjects/gopdfsuit/internal/pdf/merge/merger.go,440,go_perf_layer_database_access_query_inside_loop_without_batching,false_positive,No database access evidence in snippet
/home/chinmay/ChinmayPersonalProjects/deslop/scripts/chunks/Chunk_3101_3125.txt,3120,/home/chinmay/ChinmayPersonalProjects/gopdfsuit/internal/pdf/merge/merger.go,441,go_perf_layer_collection_iteration_copy_slice_before_readonly_range,false_positive,No pre range slice copy shown
/home/chinmay/ChinmayPersonalProjects/deslop/scripts/chunks/Chunk_3101_3125.txt,3121,/home/chinmay/ChinmayPersonalProjects/gopdfsuit/internal/pdf/merge/merger.go,441,go_perf_layer_network_calls_retry_loop_without_backoff,false_positive,No clear retry loop over network call shown
/home/chinmay/ChinmayPersonalProjects/deslop/scripts/chunks/Chunk_3101_3125.txt,3122,/home/chinmay/ChinmayPersonalProjects/gopdfsuit/internal/pdf/merge/merger.go,442,go_perf_layer_memory_allocation_temporary_byte_slice_for_string_write,true_positive,Snippet allocates byte buffer or conversion in path
/home/chinmay/ChinmayPersonalProjects/deslop/scripts/chunks/Chunk_3101_3125.txt,3123,/home/chinmay/ChinmayPersonalProjects/gopdfsuit/internal/pdf/merge/parser.go,25,go_perf_layer_memory_allocation_temporary_byte_slice_for_string_write,true_positive,Snippet allocates byte buffer or conversion in path
/home/chinmay/ChinmayPersonalProjects/deslop/scripts/chunks/Chunk_3101_3125.txt,3124,/home/chinmay/ChinmayPersonalProjects/gopdfsuit/internal/pdf/merge/parser.go,25,go_perf_layer_string_handling_byte_string_roundtrip_for_contains,false_positive,No contains or index byte string roundtrip shown
/home/chinmay/ChinmayPersonalProjects/deslop/scripts/chunks/Chunk_3101_3125.txt,3125,/home/chinmay/ChinmayPersonalProjects/gopdfsuit/internal/pdf/merge/parser.go,54,go_perf_layer_garbage_collection_cleanup_large_slice_retained_after_truncate,true_positive,Snippet retains large backing array after truncate
/home/chinmay/ChinmayPersonalProjects/deslop/scripts/chunks/Chunk_3126_3150.txt,3126,/home/chinmay/ChinmayPersonalProjects/gopdfsuit/internal/pdf/merge/parser.go,54,go_perf_layer_memory_allocation_temporary_byte_slice_for_string_write,true_positive,Snippet allocates byte buffer or conversion in path
/home/chinmay/ChinmayPersonalProjects/deslop/scripts/chunks/Chunk_3126_3150.txt,3127,/home/chinmay/ChinmayPersonalProjects/gopdfsuit/internal/pdf/merge/parser.go,55,go_perf_layer_database_access_select_star_on_hot_query,true_positive,Snippet contains database query or db call
/home/chinmay/ChinmayPersonalProjects/deslop/scripts/chunks/Chunk_3126_3150.txt,3128,/home/chinmay/ChinmayPersonalProjects/gopdfsuit/internal/pdf/merge/parser.go,55,go_perf_layer_string_handling_string_lower_for_case_insensitive_compare,false_positive,No case normalization call shown
/home/chinmay/ChinmayPersonalProjects/deslop/scripts/chunks/Chunk_3126_3150.txt,3129,/home/chinmay/ChinmayPersonalProjects/gopdfsuit/internal/pdf/merge/parser.go,58,go_perf_layer_collection_iteration_len_called_after_materializing_channel,true_positive,Snippet materializes channel before len call
/home/chinmay/ChinmayPersonalProjects/deslop/scripts/chunks/Chunk_3126_3150.txt,3130,/home/chinmay/ChinmayPersonalProjects/gopdfsuit/internal/pdf/merge/parser.go,58,go_perf_layer_collection_iteration_manual_index_loop_without_bounds_need,false_positive,No manual index loop pattern shown
/home/chinmay/ChinmayPersonalProjects/deslop/scripts/chunks/Chunk_3126_3150.txt,3131,/home/chinmay/ChinmayPersonalProjects/gopdfsuit/internal/pdf/merge/parser.go,58,go_perf_layer_network_calls_retry_loop_without_backoff,false_positive,No clear retry loop over network call shown
/home/chinmay/ChinmayPersonalProjects/deslop/scripts/chunks/Chunk_3126_3150.txt,3132,/home/chinmay/ChinmayPersonalProjects/gopdfsuit/internal/pdf/merge/parser.go,59,go_perf_layer_database_access_count_query_before_paged_fetch,false_positive,No database access evidence in snippet
/home/chinmay/ChinmayPersonalProjects/deslop/scripts/chunks/Chunk_3126_3150.txt,3133,/home/chinmay/ChinmayPersonalProjects/gopdfsuit/internal/pdf/merge/parser.go,59,go_perf_layer_database_access_query_inside_loop_without_batching,false_positive,No database access evidence in snippet
/home/chinmay/ChinmayPersonalProjects/deslop/scripts/chunks/Chunk_3126_3150.txt,3134,/home/chinmay/ChinmayPersonalProjects/gopdfsuit/internal/pdf/merge/parser.go,67,go_perf_layer_garbage_collection_cleanup_response_body_not_drained_for_reuse,false_positive,No http response body handling shown
/home/chinmay/ChinmayPersonalProjects/deslop/scripts/chunks/Chunk_3126_3150.txt,3135,/home/chinmay/ChinmayPersonalProjects/gopdfsuit/internal/pdf/merge/parser.go,79,go_perf_layer_memory_allocation_append_without_known_capacity,true_positive,Snippet appends during loop without visible capacity hint
/home/chinmay/ChinmayPersonalProjects/deslop/scripts/chunks/Chunk_3126_3150.txt,3136,/home/chinmay/ChinmayPersonalProjects/gopdfsuit/internal/pdf/merge/parser.go,79,slice_grow_without_cap_hint,true_positive,Snippet appends during loop without visible capacity hint
/home/chinmay/ChinmayPersonalProjects/deslop/scripts/chunks/Chunk_3126_3150.txt,3137,/home/chinmay/ChinmayPersonalProjects/gopdfsuit/internal/pdf/merge/parser.go,99,go_perf_layer_algorithmic_complexity_repeated_nested_slice_scans,true_positive,Snippet shows nested iteration pattern
/home/chinmay/ChinmayPersonalProjects/deslop/scripts/chunks/Chunk_3126_3150.txt,3138,/home/chinmay/ChinmayPersonalProjects/gopdfsuit/internal/pdf/merge/parser.go,99,go_perf_layer_collection_iteration_manual_index_loop_without_bounds_need,false_positive,No manual index loop pattern shown
/home/chinmay/ChinmayPersonalProjects/deslop/scripts/chunks/Chunk_3126_3150.txt,3139,/home/chinmay/ChinmayPersonalProjects/gopdfsuit/internal/pdf/merge/parser.go,99,go_perf_layer_io_operations_scanner_used_for_large_token_stream,true_positive,Snippet uses scanner for token stream
/home/chinmay/ChinmayPersonalProjects/deslop/scripts/chunks/Chunk_3126_3150.txt,3140,/home/chinmay/ChinmayPersonalProjects/gopdfsuit/internal/pdf/merge/parser.go,99,go_perf_layer_network_calls_retry_loop_without_backoff,false_positive,No clear retry loop over network call shown
/home/chinmay/ChinmayPersonalProjects/deslop/scripts/chunks/Chunk_3126_3150.txt,3141,/home/chinmay/ChinmayPersonalProjects/gopdfsuit/internal/pdf/merge/parser.go,109,go_perf_layer_caching_json_cache_value_stored_as_string,true_positive,Snippet shows cache related pattern flagged by rule
/home/chinmay/ChinmayPersonalProjects/deslop/scripts/chunks/Chunk_3126_3150.txt,3142,/home/chinmay/ChinmayPersonalProjects/gopdfsuit/internal/pdf/merge/parser.go,109,go_perf_layer_data_structure_choice_small_enum_string_switch_map,false_positive,No small enum map choice evidence shown
/home/chinmay/ChinmayPersonalProjects/deslop/scripts/chunks/Chunk_3126_3150.txt,3143,/home/chinmay/ChinmayPersonalProjects/gopdfsuit/internal/pdf/merge/parser.go,109,go_perf_layer_memory_allocation_temporary_byte_slice_for_string_write,true_positive,Snippet allocates byte buffer or conversion in path
/home/chinmay/ChinmayPersonalProjects/deslop/scripts/chunks/Chunk_3126_3150.txt,3144,/home/chinmay/ChinmayPersonalProjects/gopdfsuit/internal/pdf/merge/parser.go,109,go_perf_layer_string_handling_byte_string_roundtrip_for_contains,false_positive,No contains or index byte string roundtrip shown
/home/chinmay/ChinmayPersonalProjects/deslop/scripts/chunks/Chunk_3126_3150.txt,3145,/home/chinmay/ChinmayPersonalProjects/gopdfsuit/internal/pdf/merge/parser.go,109,go_perf_layer_string_handling_string_lower_for_case_insensitive_compare,false_positive,No case normalization call shown
/home/chinmay/ChinmayPersonalProjects/deslop/scripts/chunks/Chunk_3126_3150.txt,3146,/home/chinmay/ChinmayPersonalProjects/gopdfsuit/internal/pdf/merge/parser.go,119,go_perf_layer_database_access_select_star_on_hot_query,true_positive,Snippet contains database query or db call
/home/chinmay/ChinmayPersonalProjects/deslop/scripts/chunks/Chunk_3126_3150.txt,3147,/home/chinmay/ChinmayPersonalProjects/gopdfsuit/internal/pdf/merge/parser.go,120,go_perf_layer_database_access_query_inside_loop_without_batching,false_positive,No database access evidence in snippet
/home/chinmay/ChinmayPersonalProjects/deslop/scripts/chunks/Chunk_3126_3150.txt,3148,/home/chinmay/ChinmayPersonalProjects/gopdfsuit/internal/pdf/merge/parser.go,159,go_perf_layer_caching_unbounded_cache_map,true_positive,Snippet shows cache related pattern flagged by rule
/home/chinmay/ChinmayPersonalProjects/deslop/scripts/chunks/Chunk_3126_3150.txt,3149,/home/chinmay/ChinmayPersonalProjects/gopdfsuit/internal/pdf/merge/parser.go,177,go_perf_layer_network_calls_retry_loop_without_backoff,false_positive,No clear retry loop over network call shown
/home/chinmay/ChinmayPersonalProjects/deslop/scripts/chunks/Chunk_3126_3150.txt,3150,/home/chinmay/ChinmayPersonalProjects/gopdfsuit/internal/pdf/merge/parser.go,178,go_perf_layer_string_handling_string_lower_for_case_insensitive_compare,false_positive,No case normalization call shown
/home/chinmay/ChinmayPersonalProjects/deslop/scripts/chunks/Chunk_3151_3175.txt,3151,/home/chinmay/ChinmayPersonalProjects/gopdfsuit/internal/pdf/merge/parser.go,199,go_perf_layer_network_calls_retry_loop_without_backoff,false_positive,No clear retry loop over network call shown
/home/chinmay/ChinmayPersonalProjects/deslop/scripts/chunks/Chunk_3151_3175.txt,3152,/home/chinmay/ChinmayPersonalProjects/gopdfsuit/internal/pdf/merge/parser.go,212,go_perf_layer_io_operations_scanner_used_for_large_token_stream,true_positive,Snippet uses scanner for token stream
/home/chinmay/ChinmayPersonalProjects/deslop/scripts/chunks/Chunk_3151_3175.txt,3153,/home/chinmay/ChinmayPersonalProjects/gopdfsuit/internal/pdf/merge/parser.go,212,go_perf_layer_network_calls_retry_loop_without_backoff,false_positive,No clear retry loop over network call shown
/home/chinmay/ChinmayPersonalProjects/deslop/scripts/chunks/Chunk_3151_3175.txt,3154,/home/chinmay/ChinmayPersonalProjects/gopdfsuit/internal/pdf/merge/parser.go,213,go_perf_layer_data_structure_choice_small_enum_string_switch_map,false_positive,No small enum map choice evidence shown
/home/chinmay/ChinmayPersonalProjects/deslop/scripts/chunks/Chunk_3151_3175.txt,3155,/home/chinmay/ChinmayPersonalProjects/gopdfsuit/internal/pdf/merge/parser.go,214,go_perf_layer_string_handling_string_lower_for_case_insensitive_compare,false_positive,No case normalization call shown
/home/chinmay/ChinmayPersonalProjects/deslop/scripts/chunks/Chunk_3151_3175.txt,3156,/home/chinmay/ChinmayPersonalProjects/gopdfsuit/internal/pdf/merge/parser.go,240,go_perf_layer_io_operations_scanner_used_for_large_token_stream,true_positive,Snippet uses scanner for token stream
/home/chinmay/ChinmayPersonalProjects/deslop/scripts/chunks/Chunk_3151_3175.txt,3157,/home/chinmay/ChinmayPersonalProjects/gopdfsuit/internal/pdf/merge/parser.go,240,go_perf_layer_network_calls_retry_loop_without_backoff,false_positive,No clear retry loop over network call shown
/home/chinmay/ChinmayPersonalProjects/deslop/scripts/chunks/Chunk_3151_3175.txt,3158,/home/chinmay/ChinmayPersonalProjects/gopdfsuit/internal/pdf/merge/parser.go,241,go_perf_layer_string_handling_string_lower_for_case_insensitive_compare,false_positive,No case normalization call shown
/home/chinmay/ChinmayPersonalProjects/deslop/scripts/chunks/Chunk_3151_3175.txt,3159,/home/chinmay/ChinmayPersonalProjects/gopdfsuit/internal/pdf/merge/parser.go,242,go_perf_layer_caching_json_cache_value_stored_as_string,true_positive,Snippet shows cache related pattern flagged by rule
/home/chinmay/ChinmayPersonalProjects/deslop/scripts/chunks/Chunk_3151_3175.txt,3160,/home/chinmay/ChinmayPersonalProjects/gopdfsuit/internal/pdf/merge/parser.go,242,go_perf_layer_data_structure_choice_small_enum_string_switch_map,false_positive,No small enum map choice evidence shown
/home/chinmay/ChinmayPersonalProjects/deslop/scripts/chunks/Chunk_3151_3175.txt,3161,/home/chinmay/ChinmayPersonalProjects/gopdfsuit/internal/pdf/merge/parser.go,247,go_perf_layer_caching_unbounded_cache_map,true_positive,Snippet shows cache related pattern flagged by rule
/home/chinmay/ChinmayPersonalProjects/deslop/scripts/chunks/Chunk_3151_3175.txt,3162,/home/chinmay/ChinmayPersonalProjects/gopdfsuit/internal/pdf/merge/parser.go,269,go_perf_layer_io_operations_scanner_used_for_large_token_stream,true_positive,Snippet uses scanner for token stream
/home/chinmay/ChinmayPersonalProjects/deslop/scripts/chunks/Chunk_3151_3175.txt,3163,/home/chinmay/ChinmayPersonalProjects/gopdfsuit/internal/pdf/merge/parser.go,269,go_perf_layer_network_calls_retry_loop_without_backoff,false_positive,No clear retry loop over network call shown
/home/chinmay/ChinmayPersonalProjects/deslop/scripts/chunks/Chunk_3151_3175.txt,3164,/home/chinmay/ChinmayPersonalProjects/gopdfsuit/internal/pdf/merge/parser.go,270,go_perf_layer_string_handling_string_lower_for_case_insensitive_compare,false_positive,No case normalization call shown
/home/chinmay/ChinmayPersonalProjects/deslop/scripts/chunks/Chunk_3151_3175.txt,3165,/home/chinmay/ChinmayPersonalProjects/gopdfsuit/internal/pdf/merge/parser.go,271,go_perf_layer_caching_json_cache_value_stored_as_string,true_positive,Snippet shows cache related pattern flagged by rule
/home/chinmay/ChinmayPersonalProjects/deslop/scripts/chunks/Chunk_3151_3175.txt,3166,/home/chinmay/ChinmayPersonalProjects/gopdfsuit/internal/pdf/merge/parser.go,271,go_perf_layer_data_structure_choice_small_enum_string_switch_map,false_positive,No small enum map choice evidence shown
/home/chinmay/ChinmayPersonalProjects/deslop/scripts/chunks/Chunk_3151_3175.txt,3167,/home/chinmay/ChinmayPersonalProjects/gopdfsuit/internal/pdf/merge/parser.go,287,go_perf_layer_caching_unbounded_cache_map,true_positive,Snippet shows cache related pattern flagged by rule
/home/chinmay/ChinmayPersonalProjects/deslop/scripts/chunks/Chunk_3151_3175.txt,3168,/home/chinmay/ChinmayPersonalProjects/gopdfsuit/internal/pdf/merge/parser.go,299,go_perf_layer_string_handling_byte_string_roundtrip_for_contains,false_positive,No contains or index byte string roundtrip shown
/home/chinmay/ChinmayPersonalProjects/deslop/scripts/chunks/Chunk_3151_3175.txt,3169,/home/chinmay/ChinmayPersonalProjects/gopdfsuit/internal/pdf/merge/parser.go,299,go_perf_layer_string_handling_regexp_compile_in_request_path,true_positive,Snippet compiles regexp inside function path
/home/chinmay/ChinmayPersonalProjects/deslop/scripts/chunks/Chunk_3151_3175.txt,3170,/home/chinmay/ChinmayPersonalProjects/gopdfsuit/internal/pdf/merge/parser.go,299,go_perf_layer_string_handling_string_lower_for_case_insensitive_compare,false_positive,No case normalization call shown
/home/chinmay/ChinmayPersonalProjects/deslop/scripts/chunks/Chunk_3151_3175.txt,3171,/home/chinmay/ChinmayPersonalProjects/gopdfsuit/internal/pdf/merge/parser.go,300,bytes_buffer_without_grow_known_bound,true_positive,Snippet uses builder or buffer pattern flagged by rule
/home/chinmay/ChinmayPersonalProjects/deslop/scripts/chunks/Chunk_3151_3175.txt,3172,/home/chinmay/ChinmayPersonalProjects/gopdfsuit/internal/pdf/merge/parser.go,300,go_perf_layer_memory_allocation_bytes_buffer_allocated_per_record,true_positive,Snippet allocates byte buffer or conversion in path
/home/chinmay/ChinmayPersonalProjects/deslop/scripts/chunks/Chunk_3151_3175.txt,3173,/home/chinmay/ChinmayPersonalProjects/gopdfsuit/internal/pdf/merge/parser.go,300,go_perf_layer_memory_allocation_temporary_byte_slice_for_string_write,true_positive,Snippet allocates byte buffer or conversion in path
/home/chinmay/ChinmayPersonalProjects/deslop/scripts/chunks/Chunk_3151_3175.txt,3174,/home/chinmay/ChinmayPersonalProjects/gopdfsuit/internal/pdf/merge/parser.go,300,go_perf_layer_resource_pooling_buffer_pool_without_max_capacity,false_positive,No sync pool buffer pattern shown
/home/chinmay/ChinmayPersonalProjects/deslop/scripts/chunks/Chunk_3151_3175.txt,3175,/home/chinmay/ChinmayPersonalProjects/gopdfsuit/internal/pdf/merge/parser.go,304,go_perf_layer_algorithmic_complexity_repeated_nested_slice_scans,true_positive,Snippet shows nested iteration pattern
/home/chinmay/ChinmayPersonalProjects/deslop/scripts/chunks/Chunk_3176_3200.txt,3176,/home/chinmay/ChinmayPersonalProjects/gopdfsuit/internal/pdf/merge/parser.go,305,go_perf_layer_database_access_query_inside_loop_without_batching,false_positive,No database access evidence in snippet
/home/chinmay/ChinmayPersonalProjects/deslop/scripts/chunks/Chunk_3176_3200.txt,3177,/home/chinmay/ChinmayPersonalProjects/gopdfsuit/internal/pdf/merge/parser.go,305,go_perf_layer_database_access_select_star_on_hot_query,true_positive,Snippet contains database query or db call
/home/chinmay/ChinmayPersonalProjects/deslop/scripts/chunks/Chunk_3176_3200.txt,3178,/home/chinmay/ChinmayPersonalProjects/gopdfsuit/internal/pdf/merge/parser.go,309,go_perf_layer_framework_performance_template_execute_to_string_then_write,false_positive,Rule pattern not evidenced in provided snippet
/home/chinmay/ChinmayPersonalProjects/deslop/scripts/chunks/Chunk_3176_3200.txt,3179,/home/chinmay/ChinmayPersonalProjects/gopdfsuit/internal/pdf/merge/parser.go,317,go_perf_layer_collection_iteration_manual_index_loop_without_bounds_need,false_positive,No manual index loop pattern shown
/home/chinmay/ChinmayPersonalProjects/deslop/scripts/chunks/Chunk_3176_3200.txt,3180,/home/chinmay/ChinmayPersonalProjects/gopdfsuit/internal/pdf/merge/parser.go,317,go_perf_layer_io_operations_scanner_used_for_large_token_stream,true_positive,Snippet uses scanner for token stream
/home/chinmay/ChinmayPersonalProjects/deslop/scripts/chunks/Chunk_3176_3200.txt,3181,/home/chinmay/ChinmayPersonalProjects/gopdfsuit/internal/pdf/merge/parser.go,317,go_perf_layer_network_calls_retry_loop_without_backoff,false_positive,No clear retry loop over network call shown
/home/chinmay/ChinmayPersonalProjects/deslop/scripts/chunks/Chunk_3176_3200.txt,3182,/home/chinmay/ChinmayPersonalProjects/gopdfsuit/internal/pdf/merge/parser.go,324,go_perf_layer_io_operations_small_writes_without_bufio_writer,true_positive,Snippet performs repeated writes without bufio writer
/home/chinmay/ChinmayPersonalProjects/deslop/scripts/chunks/Chunk_3176_3200.txt,3183,/home/chinmay/ChinmayPersonalProjects/gopdfsuit/internal/pdf/merge/parser.go,389,go_perf_layer_string_handling_byte_string_roundtrip_for_contains,false_positive,No contains or index byte string roundtrip shown
/home/chinmay/ChinmayPersonalProjects/deslop/scripts/chunks/Chunk_3176_3200.txt,3184,/home/chinmay/ChinmayPersonalProjects/gopdfsuit/internal/pdf/merge/parser.go,394,go_perf_layer_garbage_collection_cleanup_response_body_not_drained_for_reuse,false_positive,No http response body handling shown
/home/chinmay/ChinmayPersonalProjects/deslop/scripts/chunks/Chunk_3176_3200.txt,3185,/home/chinmay/ChinmayPersonalProjects/gopdfsuit/internal/pdf/merge/parser.go,394,go_perf_layer_memory_allocation_temporary_byte_slice_for_string_write,true_positive,Snippet allocates byte buffer or conversion in path
/home/chinmay/ChinmayPersonalProjects/deslop/scripts/chunks/Chunk_3176_3200.txt,3186,/home/chinmay/ChinmayPersonalProjects/gopdfsuit/internal/pdf/merge/parser.go,394,go_perf_layer_string_handling_byte_string_roundtrip_for_contains,false_positive,No contains or index byte string roundtrip shown
/home/chinmay/ChinmayPersonalProjects/deslop/scripts/chunks/Chunk_3176_3200.txt,3187,/home/chinmay/ChinmayPersonalProjects/gopdfsuit/internal/pdf/merge/parser.go,401,go_perf_layer_garbage_collection_cleanup_response_body_not_drained_for_reuse,false_positive,No http response body handling shown
/home/chinmay/ChinmayPersonalProjects/deslop/scripts/chunks/Chunk_3176_3200.txt,3188,/home/chinmay/ChinmayPersonalProjects/gopdfsuit/internal/pdf/merge/parser.go,401,go_perf_layer_memory_allocation_temporary_byte_slice_for_string_write,true_positive,Snippet allocates byte buffer or conversion in path
/home/chinmay/ChinmayPersonalProjects/deslop/scripts/chunks/Chunk_3176_3200.txt,3189,/home/chinmay/ChinmayPersonalProjects/gopdfsuit/internal/pdf/merge/parser.go,401,go_perf_layer_string_handling_byte_string_roundtrip_for_contains,false_positive,No contains or index byte string roundtrip shown
/home/chinmay/ChinmayPersonalProjects/deslop/scripts/chunks/Chunk_3176_3200.txt,3190,/home/chinmay/ChinmayPersonalProjects/gopdfsuit/internal/pdf/merge/parser.go,407,go_perf_layer_garbage_collection_cleanup_response_body_not_drained_for_reuse,false_positive,No http response body handling shown
/home/chinmay/ChinmayPersonalProjects/deslop/scripts/chunks/Chunk_3176_3200.txt,3191,/home/chinmay/ChinmayPersonalProjects/gopdfsuit/internal/pdf/merge/parser.go,407,go_perf_layer_memory_allocation_temporary_byte_slice_for_string_write,true_positive,Snippet allocates byte buffer or conversion in path
/home/chinmay/ChinmayPersonalProjects/deslop/scripts/chunks/Chunk_3176_3200.txt,3192,/home/chinmay/ChinmayPersonalProjects/gopdfsuit/internal/pdf/merge/parser.go,407,go_perf_layer_string_handling_byte_string_roundtrip_for_contains,false_positive,No contains or index byte string roundtrip shown
/home/chinmay/ChinmayPersonalProjects/deslop/scripts/chunks/Chunk_3176_3200.txt,3193,/home/chinmay/ChinmayPersonalProjects/gopdfsuit/internal/pdf/merge/parser.go,413,go_perf_layer_garbage_collection_cleanup_response_body_not_drained_for_reuse,false_positive,No http response body handling shown
/home/chinmay/ChinmayPersonalProjects/deslop/scripts/chunks/Chunk_3176_3200.txt,3194,/home/chinmay/ChinmayPersonalProjects/gopdfsuit/internal/pdf/merge/parser.go,413,go_perf_layer_memory_allocation_temporary_byte_slice_for_string_write,true_positive,Snippet allocates byte buffer or conversion in path
/home/chinmay/ChinmayPersonalProjects/deslop/scripts/chunks/Chunk_3176_3200.txt,3195,/home/chinmay/ChinmayPersonalProjects/gopdfsuit/internal/pdf/merge/parser.go,413,go_perf_layer_string_handling_byte_string_roundtrip_for_contains,false_positive,No contains or index byte string roundtrip shown
/home/chinmay/ChinmayPersonalProjects/deslop/scripts/chunks/Chunk_3176_3200.txt,3196,/home/chinmay/ChinmayPersonalProjects/gopdfsuit/internal/pdf/merge/parser.go,419,go_perf_layer_garbage_collection_cleanup_response_body_not_drained_for_reuse,false_positive,No http response body handling shown
/home/chinmay/ChinmayPersonalProjects/deslop/scripts/chunks/Chunk_3176_3200.txt,3197,/home/chinmay/ChinmayPersonalProjects/gopdfsuit/internal/pdf/merge/parser.go,419,go_perf_layer_memory_allocation_temporary_byte_slice_for_string_write,true_positive,Snippet allocates byte buffer or conversion in path
/home/chinmay/ChinmayPersonalProjects/deslop/scripts/chunks/Chunk_3176_3200.txt,3198,/home/chinmay/ChinmayPersonalProjects/gopdfsuit/internal/pdf/merge/parser.go,419,go_perf_layer_string_handling_byte_string_roundtrip_for_contains,false_positive,No contains or index byte string roundtrip shown
/home/chinmay/ChinmayPersonalProjects/deslop/scripts/chunks/Chunk_3176_3200.txt,3199,/home/chinmay/ChinmayPersonalProjects/gopdfsuit/internal/pdf/merge/parser.go,425,go_perf_layer_garbage_collection_cleanup_response_body_not_drained_for_reuse,false_positive,No http response body handling shown
/home/chinmay/ChinmayPersonalProjects/deslop/scripts/chunks/Chunk_3176_3200.txt,3200,/home/chinmay/ChinmayPersonalProjects/gopdfsuit/internal/pdf/merge/parser.go,425,go_perf_layer_memory_allocation_temporary_byte_slice_for_string_write,true_positive,Snippet allocates byte buffer or conversion in path
/home/chinmay/ChinmayPersonalProjects/deslop/scripts/chunks/Chunk_3201_3225.txt,3201,/home/chinmay/ChinmayPersonalProjects/gopdfsuit/internal/pdf/merge/parser.go,425,go_perf_layer_string_handling_byte_string_roundtrip_for_contains,false_positive,No contains or index byte string roundtrip shown
/home/chinmay/ChinmayPersonalProjects/deslop/scripts/chunks/Chunk_3201_3225.txt,3202,/home/chinmay/ChinmayPersonalProjects/gopdfsuit/internal/pdf/merge/parser.go,440,go_perf_layer_algorithmic_complexity_repeated_nested_slice_scans,false_positive,No nested scan pattern shown
/home/chinmay/ChinmayPersonalProjects/deslop/scripts/chunks/Chunk_3201_3225.txt,3203,/home/chinmay/ChinmayPersonalProjects/gopdfsuit/internal/pdf/merge/parser.go,440,go_perf_layer_caching_json_cache_value_stored_as_string,true_positive,Snippet shows cache related pattern flagged by rule
/home/chinmay/ChinmayPersonalProjects/deslop/scripts/chunks/Chunk_3201_3225.txt,3204,/home/chinmay/ChinmayPersonalProjects/gopdfsuit/internal/pdf/merge/parser.go,440,go_perf_layer_caching_unbounded_cache_map,true_positive,Snippet shows cache related pattern flagged by rule
/home/chinmay/ChinmayPersonalProjects/deslop/scripts/chunks/Chunk_3201_3225.txt,3205,/home/chinmay/ChinmayPersonalProjects/gopdfsuit/internal/pdf/merge/parser.go,440,go_perf_layer_collection_iteration_copy_slice_before_readonly_range,false_positive,No pre range slice copy shown
/home/chinmay/ChinmayPersonalProjects/deslop/scripts/chunks/Chunk_3201_3225.txt,3206,/home/chinmay/ChinmayPersonalProjects/gopdfsuit/internal/pdf/merge/parser.go,440,go_perf_layer_collection_iteration_range_over_map_for_deterministic_first,false_positive,No map range pattern shown
/home/chinmay/ChinmayPersonalProjects/deslop/scripts/chunks/Chunk_3201_3225.txt,3207,/home/chinmay/ChinmayPersonalProjects/gopdfsuit/internal/pdf/merge/parser.go,440,go_perf_layer_data_structure_choice_interface_map_for_typed_values,true_positive,Snippet creates or uses map pattern flagged by rule
/home/chinmay/ChinmayPersonalProjects/deslop/scripts/chunks/Chunk_3201_3225.txt,3208,/home/chinmay/ChinmayPersonalProjects/gopdfsuit/internal/pdf/merge/parser.go,440,go_perf_layer_data_structure_choice_map_string_bool_for_membership,true_positive,Snippet creates or uses map pattern flagged by rule
/home/chinmay/ChinmayPersonalProjects/deslop/scripts/chunks/Chunk_3201_3225.txt,3209,/home/chinmay/ChinmayPersonalProjects/gopdfsuit/internal/pdf/merge/parser.go,440,go_perf_layer_data_structure_choice_small_enum_string_switch_map,false_positive,No small enum map choice evidence shown
/home/chinmay/ChinmayPersonalProjects/deslop/scripts/chunks/Chunk_3201_3225.txt,3210,/home/chinmay/ChinmayPersonalProjects/gopdfsuit/internal/pdf/merge/parser.go,440,go_perf_layer_database_access_rows_scan_into_map_per_row,false_positive,No database access evidence in snippet
/home/chinmay/ChinmayPersonalProjects/deslop/scripts/chunks/Chunk_3201_3225.txt,3211,/home/chinmay/ChinmayPersonalProjects/gopdfsuit/internal/pdf/merge/parser.go,440,go_perf_layer_memory_allocation_bytes_buffer_allocated_per_record,true_positive,Snippet allocates byte buffer or conversion in path
/home/chinmay/ChinmayPersonalProjects/deslop/scripts/chunks/Chunk_3201_3225.txt,3212,/home/chinmay/ChinmayPersonalProjects/gopdfsuit/internal/pdf/merge/parser.go,440,go_perf_layer_memory_allocation_map_recreated_for_static_lookup,true_positive,Snippet creates or uses map pattern flagged by rule
/home/chinmay/ChinmayPersonalProjects/deslop/scripts/chunks/Chunk_3201_3225.txt,3213,/home/chinmay/ChinmayPersonalProjects/gopdfsuit/internal/pdf/merge/parser.go,440,go_perf_layer_memory_allocation_temporary_byte_slice_for_string_write,true_positive,Snippet allocates byte buffer or conversion in path
/home/chinmay/ChinmayPersonalProjects/deslop/scripts/chunks/Chunk_3201_3225.txt,3214,/home/chinmay/ChinmayPersonalProjects/gopdfsuit/internal/pdf/merge/parser.go,440,go_perf_layer_string_handling_byte_string_roundtrip_for_contains,false_positive,No contains or index byte string roundtrip shown
/home/chinmay/ChinmayPersonalProjects/deslop/scripts/chunks/Chunk_3201_3225.txt,3215,/home/chinmay/ChinmayPersonalProjects/gopdfsuit/internal/pdf/merge/parser.go,443,go_perf_layer_string_handling_string_lower_for_case_insensitive_compare,false_positive,No case normalization call shown
/home/chinmay/ChinmayPersonalProjects/deslop/scripts/chunks/Chunk_3201_3225.txt,3216,/home/chinmay/ChinmayPersonalProjects/gopdfsuit/internal/pdf/merge/parser.go,444,go_perf_layer_database_access_count_query_before_paged_fetch,false_positive,No database access evidence in snippet
/home/chinmay/ChinmayPersonalProjects/deslop/scripts/chunks/Chunk_3201_3225.txt,3217,/home/chinmay/ChinmayPersonalProjects/gopdfsuit/internal/pdf/merge/parser.go,444,go_perf_layer_database_access_query_inside_loop_without_batching,false_positive,No database access evidence in snippet
/home/chinmay/ChinmayPersonalProjects/deslop/scripts/chunks/Chunk_3201_3225.txt,3218,/home/chinmay/ChinmayPersonalProjects/gopdfsuit/internal/pdf/merge/parser.go,444,go_perf_layer_database_access_select_star_on_hot_query,true_positive,Snippet contains database query or db call
/home/chinmay/ChinmayPersonalProjects/deslop/scripts/chunks/Chunk_3201_3225.txt,3219,/home/chinmay/ChinmayPersonalProjects/gopdfsuit/internal/pdf/merge/parser.go,444,go_perf_layer_garbage_collection_cleanup_response_body_not_drained_for_reuse,false_positive,No http response body handling shown
/home/chinmay/ChinmayPersonalProjects/deslop/scripts/chunks/Chunk_3201_3225.txt,3220,/home/chinmay/ChinmayPersonalProjects/gopdfsuit/internal/pdf/merge/parser.go,444,go_perf_layer_serialization_gzip_writer_created_per_small_payload,false_positive,No gzip writer creation shown
/home/chinmay/ChinmayPersonalProjects/deslop/scripts/chunks/Chunk_3201_3225.txt,3221,/home/chinmay/ChinmayPersonalProjects/gopdfsuit/internal/pdf/merge/parser.go,445,go_perf_layer_algorithmic_complexity_quadratic_append_filter_pipeline,false_positive,No nested scan pattern shown
/home/chinmay/ChinmayPersonalProjects/deslop/scripts/chunks/Chunk_3201_3225.txt,3222,/home/chinmay/ChinmayPersonalProjects/gopdfsuit/internal/pdf/merge/parser.go,461,go_perf_layer_io_operations_scanner_used_for_large_token_stream,true_positive,Snippet uses scanner for token stream
/home/chinmay/ChinmayPersonalProjects/deslop/scripts/chunks/Chunk_3201_3225.txt,3223,/home/chinmay/ChinmayPersonalProjects/gopdfsuit/internal/pdf/merge/parser.go,481,go_perf_layer_network_calls_retry_loop_without_backoff,false_positive,No clear retry loop over network call shown
/home/chinmay/ChinmayPersonalProjects/deslop/scripts/chunks/Chunk_3201_3225.txt,3224,/home/chinmay/ChinmayPersonalProjects/gopdfsuit/internal/pdf/merge/parser.go,485,slice_grow_without_cap_hint,false_positive,No loop append growth pattern shown
/home/chinmay/ChinmayPersonalProjects/deslop/scripts/chunks/Chunk_3201_3225.txt,3225,/home/chinmay/ChinmayPersonalProjects/gopdfsuit/internal/pdf/merge/parser.go,501,map_growth_without_size_hint,true_positive,Snippet creates or uses map pattern flagged by rule
/home/chinmay/ChinmayPersonalProjects/deslop/scripts/chunks/Chunk_3226_3250.txt,3226,/home/chinmay/ChinmayPersonalProjects/gopdfsuit/internal/pdf/merge/parser.go,510,go_perf_layer_database_access_count_query_before_paged_fetch,false_positive,No database access evidence in snippet
/home/chinmay/ChinmayPersonalProjects/deslop/scripts/chunks/Chunk_3226_3250.txt,3227,/home/chinmay/ChinmayPersonalProjects/gopdfsuit/internal/pdf/merge/parser.go,510,go_perf_layer_database_access_query_inside_loop_without_batching,false_positive,No database access evidence in snippet
/home/chinmay/ChinmayPersonalProjects/deslop/scripts/chunks/Chunk_3226_3250.txt,3228,/home/chinmay/ChinmayPersonalProjects/gopdfsuit/internal/pdf/merge/parser.go,510,go_perf_layer_database_access_select_star_on_hot_query,true_positive,Snippet contains database query or db call
/home/chinmay/ChinmayPersonalProjects/deslop/scripts/chunks/Chunk_3226_3250.txt,3229,/home/chinmay/ChinmayPersonalProjects/gopdfsuit/internal/pdf/merge/parser.go,510,go_perf_layer_io_operations_scanner_used_for_large_token_stream,true_positive,Snippet uses scanner for token stream
/home/chinmay/ChinmayPersonalProjects/deslop/scripts/chunks/Chunk_3226_3250.txt,3230,/home/chinmay/ChinmayPersonalProjects/gopdfsuit/internal/pdf/merge/parser.go,510,go_perf_layer_string_handling_byte_string_roundtrip_for_contains,false_positive,No contains or index byte string roundtrip shown
/home/chinmay/ChinmayPersonalProjects/deslop/scripts/chunks/Chunk_3226_3250.txt,3231,/home/chinmay/ChinmayPersonalProjects/gopdfsuit/internal/pdf/merge/parser.go,510,go_perf_layer_string_handling_string_lower_for_case_insensitive_compare,false_positive,No case normalization call shown
/home/chinmay/ChinmayPersonalProjects/deslop/scripts/chunks/Chunk_3226_3250.txt,3232,/home/chinmay/ChinmayPersonalProjects/gopdfsuit/internal/pdf/merge/parser.go,511,go_perf_layer_garbage_collection_cleanup_response_body_not_drained_for_reuse,false_positive,No http response body handling shown
/home/chinmay/ChinmayPersonalProjects/deslop/scripts/chunks/Chunk_3226_3250.txt,3233,/home/chinmay/ChinmayPersonalProjects/gopdfsuit/internal/pdf/merge/parser.go,511,go_perf_layer_serialization_gzip_writer_created_per_small_payload,false_positive,No gzip writer creation shown
/home/chinmay/ChinmayPersonalProjects/deslop/scripts/chunks/Chunk_3226_3250.txt,3234,/home/chinmay/ChinmayPersonalProjects/gopdfsuit/internal/pdf/merge/parser.go,526,go_perf_layer_collection_iteration_manual_index_loop_without_bounds_need,false_positive,No manual index loop pattern shown
/home/chinmay/ChinmayPersonalProjects/deslop/scripts/chunks/Chunk_3226_3250.txt,3235,/home/chinmay/ChinmayPersonalProjects/gopdfsuit/internal/pdf/merge/parser.go,526,go_perf_layer_memory_allocation_temporary_byte_slice_for_string_write,true_positive,Snippet allocates byte buffer or conversion in path
/home/chinmay/ChinmayPersonalProjects/deslop/scripts/chunks/Chunk_3226_3250.txt,3236,/home/chinmay/ChinmayPersonalProjects/gopdfsuit/internal/pdf/merge/parser.go,534,go_perf_layer_network_calls_retry_loop_without_backoff,false_positive,No clear retry loop over network call shown
/home/chinmay/ChinmayPersonalProjects/deslop/scripts/chunks/Chunk_3226_3250.txt,3237,/home/chinmay/ChinmayPersonalProjects/gopdfsuit/internal/pdf/merge/parser.go,556,go_perf_layer_collection_iteration_copy_slice_before_readonly_range,true_positive,Snippet copies slice before readonly iteration
/home/chinmay/ChinmayPersonalProjects/deslop/scripts/chunks/Chunk_3226_3250.txt,3238,/home/chinmay/ChinmayPersonalProjects/gopdfsuit/internal/pdf/merge/parser.go,564,go_perf_layer_resource_pooling_buffer_pool_without_max_capacity,false_positive,No sync pool buffer pattern shown
/home/chinmay/ChinmayPersonalProjects/deslop/scripts/chunks/Chunk_3226_3250.txt,3239,/home/chinmay/ChinmayPersonalProjects/gopdfsuit/internal/pdf/merge/split.go,19,go_perf_layer_algorithmic_complexity_quadratic_append_filter_pipeline,true_positive,Snippet shows nested iteration pattern
/home/chinmay/ChinmayPersonalProjects/deslop/scripts/chunks/Chunk_3226_3250.txt,3240,/home/chinmay/ChinmayPersonalProjects/gopdfsuit/internal/pdf/merge/split.go,19,go_perf_layer_string_handling_string_lower_for_case_insensitive_compare,false_positive,No case normalization call shown
/home/chinmay/ChinmayPersonalProjects/deslop/scripts/chunks/Chunk_3226_3250.txt,3241,/home/chinmay/ChinmayPersonalProjects/gopdfsuit/internal/pdf/merge/split.go,24,go_perf_layer_caching_json_cache_value_stored_as_string,true_positive,Snippet shows cache related pattern flagged by rule
/home/chinmay/ChinmayPersonalProjects/deslop/scripts/chunks/Chunk_3226_3250.txt,3242,/home/chinmay/ChinmayPersonalProjects/gopdfsuit/internal/pdf/merge/split.go,24,go_perf_layer_caching_unbounded_cache_map,true_positive,Snippet shows cache related pattern flagged by rule
/home/chinmay/ChinmayPersonalProjects/deslop/scripts/chunks/Chunk_3226_3250.txt,3243,/home/chinmay/ChinmayPersonalProjects/gopdfsuit/internal/pdf/merge/split.go,24,go_perf_layer_collection_iteration_range_over_map_for_deterministic_first,true_positive,Snippet ranges map where order is nondeterministic
/home/chinmay/ChinmayPersonalProjects/deslop/scripts/chunks/Chunk_3226_3250.txt,3244,/home/chinmay/ChinmayPersonalProjects/gopdfsuit/internal/pdf/merge/split.go,24,go_perf_layer_data_structure_choice_map_string_bool_for_membership,true_positive,Snippet creates or uses map pattern flagged by rule
/home/chinmay/ChinmayPersonalProjects/deslop/scripts/chunks/Chunk_3226_3250.txt,3245,/home/chinmay/ChinmayPersonalProjects/gopdfsuit/internal/pdf/merge/split.go,24,go_perf_layer_data_structure_choice_small_enum_string_switch_map,false_positive,No small enum map choice evidence shown
/home/chinmay/ChinmayPersonalProjects/deslop/scripts/chunks/Chunk_3226_3250.txt,3246,/home/chinmay/ChinmayPersonalProjects/gopdfsuit/internal/pdf/merge/split.go,24,go_perf_layer_database_access_rows_scan_into_map_per_row,false_positive,No database access evidence in snippet
/home/chinmay/ChinmayPersonalProjects/deslop/scripts/chunks/Chunk_3226_3250.txt,3247,/home/chinmay/ChinmayPersonalProjects/gopdfsuit/internal/pdf/merge/split.go,24,go_perf_layer_memory_allocation_map_recreated_for_static_lookup,true_positive,Snippet creates or uses map pattern flagged by rule
/home/chinmay/ChinmayPersonalProjects/deslop/scripts/chunks/Chunk_3226_3250.txt,3248,/home/chinmay/ChinmayPersonalProjects/gopdfsuit/internal/pdf/merge/split.go,24,go_perf_layer_memory_allocation_temporary_byte_slice_for_string_write,true_positive,Snippet allocates byte buffer or conversion in path
/home/chinmay/ChinmayPersonalProjects/deslop/scripts/chunks/Chunk_3226_3250.txt,3249,/home/chinmay/ChinmayPersonalProjects/gopdfsuit/internal/pdf/merge/split.go,24,unnecessary_map_for_set_of_ints,true_positive,Snippet creates or uses map pattern flagged by rule
/home/chinmay/ChinmayPersonalProjects/deslop/scripts/chunks/Chunk_3226_3250.txt,3250,/home/chinmay/ChinmayPersonalProjects/gopdfsuit/internal/pdf/merge/split.go,28,go_perf_layer_algorithmic_complexity_repeated_nested_slice_scans,false_positive,No nested scan pattern shown
/home/chinmay/ChinmayPersonalProjects/deslop/scripts/chunks/Chunk_3251_3275.txt,3251,/home/chinmay/ChinmayPersonalProjects/gopdfsuit/internal/pdf/merge/split.go,28,go_perf_layer_collection_iteration_copy_slice_before_readonly_range,false_positive,No pre range slice copy shown
/home/chinmay/ChinmayPersonalProjects/deslop/scripts/chunks/Chunk_3251_3275.txt,3252,/home/chinmay/ChinmayPersonalProjects/gopdfsuit/internal/pdf/merge/split.go,28,go_perf_layer_io_operations_scanner_used_for_large_token_stream,true_positive,Snippet uses scanner for token stream
/home/chinmay/ChinmayPersonalProjects/deslop/scripts/chunks/Chunk_3251_3275.txt,3253,/home/chinmay/ChinmayPersonalProjects/gopdfsuit/internal/pdf/merge/split.go,28,go_perf_layer_network_calls_retry_loop_without_backoff,false_positive,No clear retry loop over network call shown
/home/chinmay/ChinmayPersonalProjects/deslop/scripts/chunks/Chunk_3251_3275.txt,3254,/home/chinmay/ChinmayPersonalProjects/gopdfsuit/internal/pdf/merge/split.go,33,go_perf_layer_error_handling_cost_error_string_built_before_error_needed,false_positive,No eager error string construction shown
/home/chinmay/ChinmayPersonalProjects/deslop/scripts/chunks/Chunk_3251_3275.txt,3255,/home/chinmay/ChinmayPersonalProjects/gopdfsuit/internal/pdf/merge/split.go,34,go_perf_layer_database_access_query_inside_loop_without_batching,false_positive,No database access evidence in snippet
/home/chinmay/ChinmayPersonalProjects/deslop/scripts/chunks/Chunk_3251_3275.txt,3256,/home/chinmay/ChinmayPersonalProjects/gopdfsuit/internal/pdf/merge/split.go,47,map_growth_without_size_hint,true_positive,Snippet creates or uses map pattern flagged by rule
/home/chinmay/ChinmayPersonalProjects/deslop/scripts/chunks/Chunk_3251_3275.txt,3257,/home/chinmay/ChinmayPersonalProjects/gopdfsuit/internal/pdf/merge/split.go,62,slice_append_without_prealloc_known_bound,false_positive,No loop append growth pattern shown
/home/chinmay/ChinmayPersonalProjects/deslop/scripts/chunks/Chunk_3251_3275.txt,3258,/home/chinmay/ChinmayPersonalProjects/gopdfsuit/internal/pdf/merge/split.go,62,slice_grow_without_cap_hint,false_positive,No loop append growth pattern shown
/home/chinmay/ChinmayPersonalProjects/deslop/scripts/chunks/Chunk_3251_3275.txt,3259,/home/chinmay/ChinmayPersonalProjects/gopdfsuit/internal/pdf/merge/split.go,71,go_perf_layer_io_operations_scanner_used_for_large_token_stream,true_positive,Snippet uses scanner for token stream
/home/chinmay/ChinmayPersonalProjects/deslop/scripts/chunks/Chunk_3251_3275.txt,3260,/home/chinmay/ChinmayPersonalProjects/gopdfsuit/internal/pdf/merge/split.go,71,go_perf_layer_io_operations_temporary_file_for_stream_transform,false_positive,No temporary file transform shown
/home/chinmay/ChinmayPersonalProjects/deslop/scripts/chunks/Chunk_3251_3275.txt,3261,/home/chinmay/ChinmayPersonalProjects/gopdfsuit/internal/pdf/merge/split.go,71,go_perf_layer_string_handling_regexp_compile_in_request_path,false_positive,No regexp compile call shown
/home/chinmay/ChinmayPersonalProjects/deslop/scripts/chunks/Chunk_3251_3275.txt,3262,/home/chinmay/ChinmayPersonalProjects/gopdfsuit/internal/pdf/merge/split.go,72,go_perf_layer_algorithmic_complexity_quadratic_append_filter_pipeline,true_positive,Snippet shows nested iteration pattern
/home/chinmay/ChinmayPersonalProjects/deslop/scripts/chunks/Chunk_3251_3275.txt,3263,/home/chinmay/ChinmayPersonalProjects/gopdfsuit/internal/pdf/merge/split.go,72,go_perf_layer_algorithmic_complexity_repeated_nested_slice_scans,true_positive,Snippet shows nested iteration pattern
/home/chinmay/ChinmayPersonalProjects/deslop/scripts/chunks/Chunk_3251_3275.txt,3264,/home/chinmay/ChinmayPersonalProjects/gopdfsuit/internal/pdf/merge/split.go,72,go_perf_layer_algorithmic_complexity_sort_before_linear_dedup,false_positive,No sort based dedup pattern shown
/home/chinmay/ChinmayPersonalProjects/deslop/scripts/chunks/Chunk_3251_3275.txt,3265,/home/chinmay/ChinmayPersonalProjects/gopdfsuit/internal/pdf/merge/split.go,72,go_perf_layer_collection_iteration_copy_slice_before_readonly_range,false_positive,No pre range slice copy shown
/home/chinmay/ChinmayPersonalProjects/deslop/scripts/chunks/Chunk_3251_3275.txt,3266,/home/chinmay/ChinmayPersonalProjects/gopdfsuit/internal/pdf/merge/split.go,72,go_perf_layer_collection_iteration_len_called_after_materializing_channel,true_positive,Snippet materializes channel before len call
/home/chinmay/ChinmayPersonalProjects/deslop/scripts/chunks/Chunk_3251_3275.txt,3267,/home/chinmay/ChinmayPersonalProjects/gopdfsuit/internal/pdf/merge/split.go,72,go_perf_layer_collection_iteration_manual_index_loop_without_bounds_need,false_positive,No manual index loop pattern shown
/home/chinmay/ChinmayPersonalProjects/deslop/scripts/chunks/Chunk_3251_3275.txt,3268,/home/chinmay/ChinmayPersonalProjects/gopdfsuit/internal/pdf/merge/split.go,72,go_perf_layer_collection_iteration_range_over_map_for_deterministic_first,true_positive,Snippet ranges map where order is nondeterministic
/home/chinmay/ChinmayPersonalProjects/deslop/scripts/chunks/Chunk_3251_3275.txt,3269,/home/chinmay/ChinmayPersonalProjects/gopdfsuit/internal/pdf/merge/split.go,72,go_perf_layer_database_access_rows_scan_into_map_per_row,false_positive,No database access evidence in snippet
/home/chinmay/ChinmayPersonalProjects/deslop/scripts/chunks/Chunk_3251_3275.txt,3270,/home/chinmay/ChinmayPersonalProjects/gopdfsuit/internal/pdf/merge/split.go,72,go_perf_layer_garbage_collection_cleanup_large_slice_retained_after_truncate,true_positive,Snippet retains large backing array after truncate
/home/chinmay/ChinmayPersonalProjects/deslop/scripts/chunks/Chunk_3251_3275.txt,3271,/home/chinmay/ChinmayPersonalProjects/gopdfsuit/internal/pdf/merge/split.go,72,go_perf_layer_hot_path_optimization_invariant_parse_inside_handler,true_positive,Snippet performs parse work inside function path
/home/chinmay/ChinmayPersonalProjects/deslop/scripts/chunks/Chunk_3251_3275.txt,3272,/home/chinmay/ChinmayPersonalProjects/gopdfsuit/internal/pdf/merge/split.go,72,go_perf_layer_network_calls_retry_loop_without_backoff,false_positive,No clear retry loop over network call shown
/home/chinmay/ChinmayPersonalProjects/deslop/scripts/chunks/Chunk_3251_3275.txt,3273,/home/chinmay/ChinmayPersonalProjects/gopdfsuit/internal/pdf/merge/split.go,77,go_perf_layer_error_handling_cost_sentinel_error_allocated_per_call,false_positive,No errors new allocation shown
/home/chinmay/ChinmayPersonalProjects/deslop/scripts/chunks/Chunk_3251_3275.txt,3274,/home/chinmay/ChinmayPersonalProjects/gopdfsuit/internal/pdf/merge/split.go,93,go_perf_layer_caching_per_request_config_cache_rebuild,true_positive,Snippet shows cache related pattern flagged by rule
/home/chinmay/ChinmayPersonalProjects/deslop/scripts/chunks/Chunk_3251_3275.txt,3275,/home/chinmay/ChinmayPersonalProjects/gopdfsuit/internal/pdf/merge/split.go,93,go_perf_layer_caching_unbounded_cache_map,true_positive,Snippet shows cache related pattern flagged by rule
/home/chinmay/ChinmayPersonalProjects/deslop/scripts/chunks/Chunk_3276_3300.txt,3276,/home/chinmay/ChinmayPersonalProjects/gopdfsuit/internal/pdf/merge/split.go,93,go_perf_layer_data_structure_choice_linked_list_for_cache_iteration,true_positive,Snippet uses linked list for cache iteration
/home/chinmay/ChinmayPersonalProjects/deslop/scripts/chunks/Chunk_3276_3300.txt,3277,/home/chinmay/ChinmayPersonalProjects/gopdfsuit/internal/pdf/merge/split.go,93,go_perf_layer_data_structure_choice_map_string_bool_for_membership,true_positive,Snippet creates or uses map pattern flagged by rule
/home/chinmay/ChinmayPersonalProjects/deslop/scripts/chunks/Chunk_3276_3300.txt,3278,/home/chinmay/ChinmayPersonalProjects/gopdfsuit/internal/pdf/merge/split.go,93,go_perf_layer_network_calls_dns_lookup_per_request_path,true_positive,Snippet performs dns lookup in function path
/home/chinmay/ChinmayPersonalProjects/deslop/scripts/chunks/Chunk_3276_3300.txt,3279,/home/chinmay/ChinmayPersonalProjects/gopdfsuit/internal/pdf/merge/split.go,93,go_perf_layer_resource_pooling_rate_limiter_per_request,true_positive,Snippet creates rate limiter in request path
/home/chinmay/ChinmayPersonalProjects/deslop/scripts/chunks/Chunk_3276_3300.txt,3280,/home/chinmay/ChinmayPersonalProjects/gopdfsuit/internal/pdf/merge/split.go,94,go_perf_layer_memory_allocation_temporary_byte_slice_for_string_write,true_positive,Snippet allocates byte buffer or conversion in path
/home/chinmay/ChinmayPersonalProjects/deslop/scripts/chunks/Chunk_3276_3300.txt,3281,/home/chinmay/ChinmayPersonalProjects/gopdfsuit/internal/pdf/merge/split.go,101,go_perf_layer_memory_allocation_map_recreated_for_static_lookup,false_positive,No map allocation pattern shown
/home/chinmay/ChinmayPersonalProjects/deslop/scripts/chunks/Chunk_3276_3300.txt,3282,/home/chinmay/ChinmayPersonalProjects/gopdfsuit/internal/pdf/merge/split.go,101,slice_append_without_prealloc_known_bound,false_positive,No loop append growth pattern shown
/home/chinmay/ChinmayPersonalProjects/deslop/scripts/chunks/Chunk_3276_3300.txt,3283,/home/chinmay/ChinmayPersonalProjects/gopdfsuit/internal/pdf/merge/split.go,101,slice_grow_without_cap_hint,false_positive,No loop append growth pattern shown
/home/chinmay/ChinmayPersonalProjects/deslop/scripts/chunks/Chunk_3276_3300.txt,3284,/home/chinmay/ChinmayPersonalProjects/gopdfsuit/internal/pdf/merge/split.go,110,slice_append_without_prealloc_known_bound,false_positive,No loop append growth pattern shown
/home/chinmay/ChinmayPersonalProjects/deslop/scripts/chunks/Chunk_3276_3300.txt,3285,/home/chinmay/ChinmayPersonalProjects/gopdfsuit/internal/pdf/merge/split.go,110,slice_grow_without_cap_hint,false_positive,No loop append growth pattern shown
/home/chinmay/ChinmayPersonalProjects/deslop/scripts/chunks/Chunk_3276_3300.txt,3286,/home/chinmay/ChinmayPersonalProjects/gopdfsuit/internal/pdf/merge/split.go,120,unnecessary_map_for_set_of_ints,true_positive,Snippet creates or uses map pattern flagged by rule
/home/chinmay/ChinmayPersonalProjects/deslop/scripts/chunks/Chunk_3276_3300.txt,3287,/home/chinmay/ChinmayPersonalProjects/gopdfsuit/internal/pdf/merge/split.go,124,slice_append_without_prealloc_known_bound,false_positive,No loop append growth pattern shown
/home/chinmay/ChinmayPersonalProjects/deslop/scripts/chunks/Chunk_3276_3300.txt,3288,/home/chinmay/ChinmayPersonalProjects/gopdfsuit/internal/pdf/merge/split.go,124,slice_grow_without_cap_hint,false_positive,No loop append growth pattern shown
/home/chinmay/ChinmayPersonalProjects/deslop/scripts/chunks/Chunk_3276_3300.txt,3289,/home/chinmay/ChinmayPersonalProjects/gopdfsuit/internal/pdf/merge/split.go,125,map_growth_without_size_hint,false_positive,No map allocation pattern shown
/home/chinmay/ChinmayPersonalProjects/deslop/scripts/chunks/Chunk_3276_3300.txt,3290,/home/chinmay/ChinmayPersonalProjects/gopdfsuit/internal/pdf/merge/split.go,137,slice_append_without_prealloc_known_bound,false_positive,No loop append growth pattern shown
/home/chinmay/ChinmayPersonalProjects/deslop/scripts/chunks/Chunk_3276_3300.txt,3291,/home/chinmay/ChinmayPersonalProjects/gopdfsuit/internal/pdf/merge/split.go,137,slice_grow_without_cap_hint,false_positive,No loop append growth pattern shown
/home/chinmay/ChinmayPersonalProjects/deslop/scripts/chunks/Chunk_3276_3300.txt,3292,/home/chinmay/ChinmayPersonalProjects/gopdfsuit/internal/pdf/merge/split.go,137,three_index_slice_for_append_safety,false_positive,No three index slice syntax shown
/home/chinmay/ChinmayPersonalProjects/deslop/scripts/chunks/Chunk_3276_3300.txt,3293,/home/chinmay/ChinmayPersonalProjects/gopdfsuit/internal/pdf/merge/split.go,149,slice_append_without_prealloc_known_bound,false_positive,No loop append growth pattern shown
/home/chinmay/ChinmayPersonalProjects/deslop/scripts/chunks/Chunk_3276_3300.txt,3294,/home/chinmay/ChinmayPersonalProjects/gopdfsuit/internal/pdf/merge/split.go,149,slice_grow_without_cap_hint,false_positive,No loop append growth pattern shown
/home/chinmay/ChinmayPersonalProjects/deslop/scripts/chunks/Chunk_3276_3300.txt,3295,/home/chinmay/ChinmayPersonalProjects/gopdfsuit/internal/pdf/merge/split.go,157,go_perf_layer_collection_iteration_copy_slice_before_readonly_range,false_positive,No pre range slice copy shown
/home/chinmay/ChinmayPersonalProjects/deslop/scripts/chunks/Chunk_3276_3300.txt,3296,/home/chinmay/ChinmayPersonalProjects/gopdfsuit/internal/pdf/merge/split.go,157,go_perf_layer_collection_iteration_len_called_after_materializing_channel,true_positive,Snippet materializes channel before len call
/home/chinmay/ChinmayPersonalProjects/deslop/scripts/chunks/Chunk_3276_3300.txt,3297,/home/chinmay/ChinmayPersonalProjects/gopdfsuit/internal/pdf/merge/split.go,157,go_perf_layer_collection_iteration_range_over_map_for_deterministic_first,true_positive,Snippet ranges map where order is nondeterministic
/home/chinmay/ChinmayPersonalProjects/deslop/scripts/chunks/Chunk_3276_3300.txt,3298,/home/chinmay/ChinmayPersonalProjects/gopdfsuit/internal/pdf/merge/split.go,157,go_perf_layer_database_access_select_star_on_hot_query,true_positive,Snippet contains database query or db call
/home/chinmay/ChinmayPersonalProjects/deslop/scripts/chunks/Chunk_3276_3300.txt,3299,/home/chinmay/ChinmayPersonalProjects/gopdfsuit/internal/pdf/merge/split.go,158,go_perf_layer_string_handling_byte_string_roundtrip_for_contains,false_positive,No contains or index byte string roundtrip shown
/home/chinmay/ChinmayPersonalProjects/deslop/scripts/chunks/Chunk_3276_3300.txt,3300,/home/chinmay/ChinmayPersonalProjects/gopdfsuit/internal/pdf/merge/split.go,158,go_perf_layer_string_handling_fmt_sprintf_for_simple_concat,true_positive,Snippet uses fmt sprintf for string building
/home/chinmay/ChinmayPersonalProjects/deslop/scripts/chunks/Chunk_3301_3325.txt,3301,/home/chinmay/ChinmayPersonalProjects/gopdfsuit/internal/pdf/merge/split.go,158,go_perf_layer_string_handling_regexp_compile_in_request_path,true_positive,Snippet compiles regexp inside function path
/home/chinmay/ChinmayPersonalProjects/deslop/scripts/chunks/Chunk_3301_3325.txt,3302,/home/chinmay/ChinmayPersonalProjects/gopdfsuit/internal/pdf/merge/split.go,158,go_perf_layer_string_handling_string_lower_for_case_insensitive_compare,false_positive,No case normalization call shown
/home/chinmay/ChinmayPersonalProjects/deslop/scripts/chunks/Chunk_3301_3325.txt,3303,/home/chinmay/ChinmayPersonalProjects/gopdfsuit/internal/pdf/merge/split.go,159,go_perf_layer_caching_cache_key_built_with_fmt,true_positive,Snippet shows cache related pattern flagged by rule
/home/chinmay/ChinmayPersonalProjects/deslop/scripts/chunks/Chunk_3301_3325.txt,3304,/home/chinmay/ChinmayPersonalProjects/gopdfsuit/internal/pdf/merge/split.go,159,go_perf_layer_caching_json_cache_value_stored_as_string,true_positive,Snippet shows cache related pattern flagged by rule
/home/chinmay/ChinmayPersonalProjects/deslop/scripts/chunks/Chunk_3301_3325.txt,3305,/home/chinmay/ChinmayPersonalProjects/gopdfsuit/internal/pdf/merge/split.go,159,go_perf_layer_caching_unbounded_cache_map,true_positive,Snippet shows cache related pattern flagged by rule
/home/chinmay/ChinmayPersonalProjects/deslop/scripts/chunks/Chunk_3301_3325.txt,3306,/home/chinmay/ChinmayPersonalProjects/gopdfsuit/internal/pdf/merge/split.go,159,go_perf_layer_data_structure_choice_interface_map_for_typed_values,true_positive,Snippet creates or uses map pattern flagged by rule
/home/chinmay/ChinmayPersonalProjects/deslop/scripts/chunks/Chunk_3301_3325.txt,3307,/home/chinmay/ChinmayPersonalProjects/gopdfsuit/internal/pdf/merge/split.go,159,go_perf_layer_data_structure_choice_linked_list_for_cache_iteration,true_positive,Snippet uses linked list for cache iteration
/home/chinmay/ChinmayPersonalProjects/deslop/scripts/chunks/Chunk_3301_3325.txt,3308,/home/chinmay/ChinmayPersonalProjects/gopdfsuit/internal/pdf/merge/split.go,159,go_perf_layer_data_structure_choice_map_string_bool_for_membership,true_positive,Snippet creates or uses map pattern flagged by rule
/home/chinmay/ChinmayPersonalProjects/deslop/scripts/chunks/Chunk_3301_3325.txt,3309,/home/chinmay/ChinmayPersonalProjects/gopdfsuit/internal/pdf/merge/split.go,159,go_perf_layer_data_structure_choice_small_enum_string_switch_map,false_positive,No small enum map choice evidence shown
/home/chinmay/ChinmayPersonalProjects/deslop/scripts/chunks/Chunk_3301_3325.txt,3310,/home/chinmay/ChinmayPersonalProjects/gopdfsuit/internal/pdf/merge/split.go,159,go_perf_layer_database_access_rows_scan_into_map_per_row,false_positive,No database access evidence in snippet
/home/chinmay/ChinmayPersonalProjects/deslop/scripts/chunks/Chunk_3301_3325.txt,3311,/home/chinmay/ChinmayPersonalProjects/gopdfsuit/internal/pdf/merge/split.go,159,go_perf_layer_memory_allocation_bytes_buffer_allocated_per_record,true_positive,Snippet allocates byte buffer or conversion in path
/home/chinmay/ChinmayPersonalProjects/deslop/scripts/chunks/Chunk_3301_3325.txt,3312,/home/chinmay/ChinmayPersonalProjects/gopdfsuit/internal/pdf/merge/split.go,159,go_perf_layer_memory_allocation_map_recreated_for_static_lookup,true_positive,Snippet creates or uses map pattern flagged by rule
/home/chinmay/ChinmayPersonalProjects/deslop/scripts/chunks/Chunk_3301_3325.txt,3313,/home/chinmay/ChinmayPersonalProjects/gopdfsuit/internal/pdf/merge/split.go,159,go_perf_layer_memory_allocation_temporary_byte_slice_for_string_write,true_positive,Snippet allocates byte buffer or conversion in path
/home/chinmay/ChinmayPersonalProjects/deslop/scripts/chunks/Chunk_3301_3325.txt,3314,/home/chinmay/ChinmayPersonalProjects/gopdfsuit/internal/pdf/merge/split.go,159,go_perf_layer_network_calls_dns_lookup_per_request_path,true_positive,Snippet performs dns lookup in function path
/home/chinmay/ChinmayPersonalProjects/deslop/scripts/chunks/Chunk_3301_3325.txt,3315,/home/chinmay/ChinmayPersonalProjects/gopdfsuit/internal/pdf/merge/split.go,159,go_perf_layer_serialization_map_any_json_decode_in_hot_path,false_positive,No dynamic json decode pattern shown
/home/chinmay/ChinmayPersonalProjects/deslop/scripts/chunks/Chunk_3301_3325.txt,3316,/home/chinmay/ChinmayPersonalProjects/gopdfsuit/internal/pdf/merge/split.go,160,go_perf_layer_algorithmic_complexity_repeated_nested_slice_scans,true_positive,Snippet shows nested iteration pattern
/home/chinmay/ChinmayPersonalProjects/deslop/scripts/chunks/Chunk_3301_3325.txt,3317,/home/chinmay/ChinmayPersonalProjects/gopdfsuit/internal/pdf/merge/split.go,161,go_perf_layer_algorithmic_complexity_quadratic_append_filter_pipeline,true_positive,Snippet shows nested iteration pattern
/home/chinmay/ChinmayPersonalProjects/deslop/scripts/chunks/Chunk_3301_3325.txt,3318,/home/chinmay/ChinmayPersonalProjects/gopdfsuit/internal/pdf/merge/split.go,161,go_perf_layer_io_operations_scanner_used_for_large_token_stream,true_positive,Snippet uses scanner for token stream
/home/chinmay/ChinmayPersonalProjects/deslop/scripts/chunks/Chunk_3301_3325.txt,3319,/home/chinmay/ChinmayPersonalProjects/gopdfsuit/internal/pdf/merge/split.go,161,go_perf_layer_network_calls_retry_loop_without_backoff,false_positive,No clear retry loop over network call shown
/home/chinmay/ChinmayPersonalProjects/deslop/scripts/chunks/Chunk_3301_3325.txt,3320,/home/chinmay/ChinmayPersonalProjects/gopdfsuit/internal/pdf/merge/split.go,162,map_growth_without_size_hint,true_positive,Snippet creates or uses map pattern flagged by rule
/home/chinmay/ChinmayPersonalProjects/deslop/scripts/chunks/Chunk_3301_3325.txt,3321,/home/chinmay/ChinmayPersonalProjects/gopdfsuit/internal/pdf/merge/split.go,163,append_then_trim_each_iteration,true_positive,Snippet appends during loop without visible capacity hint
/home/chinmay/ChinmayPersonalProjects/deslop/scripts/chunks/Chunk_3301_3325.txt,3322,/home/chinmay/ChinmayPersonalProjects/gopdfsuit/internal/pdf/merge/split.go,163,slice_append_without_prealloc_known_bound,true_positive,Snippet appends during loop without visible capacity hint
/home/chinmay/ChinmayPersonalProjects/deslop/scripts/chunks/Chunk_3301_3325.txt,3323,/home/chinmay/ChinmayPersonalProjects/gopdfsuit/internal/pdf/merge/split.go,163,slice_grow_without_cap_hint,true_positive,Snippet appends during loop without visible capacity hint
/home/chinmay/ChinmayPersonalProjects/deslop/scripts/chunks/Chunk_3301_3325.txt,3324,/home/chinmay/ChinmayPersonalProjects/gopdfsuit/internal/pdf/merge/split.go,169,go_perf_layer_database_access_count_query_before_paged_fetch,false_positive,No database access evidence in snippet
/home/chinmay/ChinmayPersonalProjects/deslop/scripts/chunks/Chunk_3301_3325.txt,3325,/home/chinmay/ChinmayPersonalProjects/gopdfsuit/internal/pdf/merge/split.go,169,go_perf_layer_garbage_collection_cleanup_response_body_not_drained_for_reuse,false_positive,No http response body handling shown
/home/chinmay/ChinmayPersonalProjects/deslop/scripts/chunks/Chunk_3326_3350.txt,3326,/home/chinmay/ChinmayPersonalProjects/gopdfsuit/internal/pdf/merge/split.go,178,slice_append_without_prealloc_known_bound,true_positive,Snippet appends during loop without visible capacity hint
/home/chinmay/ChinmayPersonalProjects/deslop/scripts/chunks/Chunk_3326_3350.txt,3327,/home/chinmay/ChinmayPersonalProjects/gopdfsuit/internal/pdf/merge/split.go,178,slice_grow_without_cap_hint,true_positive,Snippet appends during loop without visible capacity hint
/home/chinmay/ChinmayPersonalProjects/deslop/scripts/chunks/Chunk_3326_3350.txt,3328,/home/chinmay/ChinmayPersonalProjects/gopdfsuit/internal/pdf/merge/split.go,182,go_perf_layer_database_access_query_inside_loop_without_batching,false_positive,No database access evidence in snippet
/home/chinmay/ChinmayPersonalProjects/deslop/scripts/chunks/Chunk_3326_3350.txt,3329,/home/chinmay/ChinmayPersonalProjects/gopdfsuit/internal/pdf/merge/split.go,182,go_perf_layer_io_operations_temporary_file_for_stream_transform,false_positive,No temporary file transform shown
/home/chinmay/ChinmayPersonalProjects/deslop/scripts/chunks/Chunk_3326_3350.txt,3330,/home/chinmay/ChinmayPersonalProjects/gopdfsuit/internal/pdf/merge/split.go,183,filter_then_count_then_iterate,true_positive,Snippet counts then iterates filtered collection
/home/chinmay/ChinmayPersonalProjects/deslop/scripts/chunks/Chunk_3326_3350.txt,3331,/home/chinmay/ChinmayPersonalProjects/gopdfsuit/internal/pdf/merge/split.go,193,slice_append_without_prealloc_known_bound,true_positive,Snippet appends during loop without visible capacity hint
/home/chinmay/ChinmayPersonalProjects/deslop/scripts/chunks/Chunk_3326_3350.txt,3332,/home/chinmay/ChinmayPersonalProjects/gopdfsuit/internal/pdf/merge/split.go,193,slice_grow_without_cap_hint,true_positive,Snippet appends during loop without visible capacity hint
/home/chinmay/ChinmayPersonalProjects/deslop/scripts/chunks/Chunk_3326_3350.txt,3333,/home/chinmay/ChinmayPersonalProjects/gopdfsuit/internal/pdf/merge/split.go,203,slice_append_without_prealloc_known_bound,true_positive,Snippet appends during loop without visible capacity hint
/home/chinmay/ChinmayPersonalProjects/deslop/scripts/chunks/Chunk_3326_3350.txt,3334,/home/chinmay/ChinmayPersonalProjects/gopdfsuit/internal/pdf/merge/split.go,203,slice_grow_without_cap_hint,true_positive,Snippet appends during loop without visible capacity hint
/home/chinmay/ChinmayPersonalProjects/deslop/scripts/chunks/Chunk_3326_3350.txt,3335,/home/chinmay/ChinmayPersonalProjects/gopdfsuit/internal/pdf/merge/split.go,222,unnecessary_map_for_set_of_ints,true_positive,Snippet creates or uses map pattern flagged by rule
/home/chinmay/ChinmayPersonalProjects/deslop/scripts/chunks/Chunk_3326_3350.txt,3336,/home/chinmay/ChinmayPersonalProjects/gopdfsuit/internal/pdf/merge/split.go,236,slice_append_without_prealloc_known_bound,true_positive,Snippet appends during loop without visible capacity hint
/home/chinmay/ChinmayPersonalProjects/deslop/scripts/chunks/Chunk_3326_3350.txt,3337,/home/chinmay/ChinmayPersonalProjects/gopdfsuit/internal/pdf/merge/split.go,236,slice_grow_without_cap_hint,true_positive,Snippet appends during loop without visible capacity hint
/home/chinmay/ChinmayPersonalProjects/deslop/scripts/chunks/Chunk_3326_3350.txt,3338,/home/chinmay/ChinmayPersonalProjects/gopdfsuit/internal/pdf/merge/split.go,246,slice_append_without_prealloc_known_bound,true_positive,Snippet appends during loop without visible capacity hint
/home/chinmay/ChinmayPersonalProjects/deslop/scripts/chunks/Chunk_3326_3350.txt,3339,/home/chinmay/ChinmayPersonalProjects/gopdfsuit/internal/pdf/merge/split.go,246,slice_grow_without_cap_hint,true_positive,Snippet appends during loop without visible capacity hint
/home/chinmay/ChinmayPersonalProjects/deslop/scripts/chunks/Chunk_3326_3350.txt,3340,/home/chinmay/ChinmayPersonalProjects/gopdfsuit/internal/pdf/merge/split.go,283,go_perf_layer_io_operations_scanner_used_for_large_token_stream,true_positive,Snippet uses scanner for token stream
/home/chinmay/ChinmayPersonalProjects/deslop/scripts/chunks/Chunk_3326_3350.txt,3341,/home/chinmay/ChinmayPersonalProjects/gopdfsuit/internal/pdf/merge/split.go,283,go_perf_layer_network_calls_retry_loop_without_backoff,false_positive,No clear retry loop over network call shown
/home/chinmay/ChinmayPersonalProjects/deslop/scripts/chunks/Chunk_3326_3350.txt,3342,/home/chinmay/ChinmayPersonalProjects/gopdfsuit/internal/pdf/merge/split.go,289,go_perf_layer_garbage_collection_cleanup_response_body_not_drained_for_reuse,false_positive,No http response body handling shown
/home/chinmay/ChinmayPersonalProjects/deslop/scripts/chunks/Chunk_3326_3350.txt,3343,/home/chinmay/ChinmayPersonalProjects/gopdfsuit/internal/pdf/merge/types.go,54,go_perf_layer_caching_unbounded_cache_map,true_positive,Snippet shows cache related pattern flagged by rule
/home/chinmay/ChinmayPersonalProjects/deslop/scripts/chunks/Chunk_3326_3350.txt,3344,/home/chinmay/ChinmayPersonalProjects/gopdfsuit/internal/pdf/merge/types.go,54,go_perf_layer_data_structure_choice_map_string_bool_for_membership,true_positive,Snippet creates or uses map pattern flagged by rule
/home/chinmay/ChinmayPersonalProjects/deslop/scripts/chunks/Chunk_3326_3350.txt,3345,/home/chinmay/ChinmayPersonalProjects/gopdfsuit/internal/pdf/merge/types.go,54,go_perf_layer_database_access_rows_scan_into_map_per_row,false_positive,No database access evidence in snippet
/home/chinmay/ChinmayPersonalProjects/deslop/scripts/chunks/Chunk_3326_3350.txt,3346,/home/chinmay/ChinmayPersonalProjects/gopdfsuit/internal/pdf/merge/types.go,54,go_perf_layer_memory_allocation_map_recreated_for_static_lookup,true_positive,Snippet creates or uses map pattern flagged by rule
/home/chinmay/ChinmayPersonalProjects/deslop/scripts/chunks/Chunk_3326_3350.txt,3347,/home/chinmay/ChinmayPersonalProjects/gopdfsuit/internal/pdf/merge/types.go,54,go_perf_layer_network_calls_dns_lookup_per_request_path,true_positive,Snippet performs dns lookup in function path
/home/chinmay/ChinmayPersonalProjects/deslop/scripts/chunks/Chunk_3326_3350.txt,3348,/home/chinmay/ChinmayPersonalProjects/gopdfsuit/internal/pdf/merge/types.go,55,go_perf_layer_network_calls_retry_loop_without_backoff,false_positive,No clear retry loop over network call shown
/home/chinmay/ChinmayPersonalProjects/deslop/scripts/chunks/Chunk_3326_3350.txt,3349,/home/chinmay/ChinmayPersonalProjects/gopdfsuit/internal/pdf/merge/types.go,56,unnecessary_map_for_set_of_ints,true_positive,Snippet creates or uses map pattern flagged by rule
/home/chinmay/ChinmayPersonalProjects/deslop/scripts/chunks/Chunk_3326_3350.txt,3350,/home/chinmay/ChinmayPersonalProjects/gopdfsuit/internal/pdf/merge/types.go,85,go_perf_layer_caching_unbounded_cache_map,true_positive,Snippet shows cache related pattern flagged by rule
/home/chinmay/ChinmayPersonalProjects/deslop/scripts/chunks/Chunk_3351_3375.txt,3351,/home/chinmay/ChinmayPersonalProjects/gopdfsuit/internal/pdf/merge/types.go,85,go_perf_layer_memory_allocation_map_recreated_for_static_lookup,true_positive,Snippet creates or uses map pattern flagged by rule
/home/chinmay/ChinmayPersonalProjects/deslop/scripts/chunks/Chunk_3351_3375.txt,3352,/home/chinmay/ChinmayPersonalProjects/gopdfsuit/internal/pdf/merge/types.go,85,go_perf_layer_memory_allocation_temporary_byte_slice_for_string_write,true_positive,Snippet allocates byte buffer or conversion in path
/home/chinmay/ChinmayPersonalProjects/deslop/scripts/chunks/Chunk_3351_3375.txt,3353,/home/chinmay/ChinmayPersonalProjects/gopdfsuit/internal/pdf/merge.go,15,go_perf_layer_algorithmic_complexity_repeated_nested_slice_scans,true_positive,Snippet shows nested iteration pattern
/home/chinmay/ChinmayPersonalProjects/deslop/scripts/chunks/Chunk_3351_3375.txt,3354,/home/chinmay/ChinmayPersonalProjects/gopdfsuit/internal/pdf/merge.go,15,go_perf_layer_collection_iteration_copy_slice_before_readonly_range,false_positive,No pre range slice copy shown
/home/chinmay/ChinmayPersonalProjects/deslop/scripts/chunks/Chunk_3351_3375.txt,3355,/home/chinmay/ChinmayPersonalProjects/gopdfsuit/internal/pdf/merge.go,15,go_perf_layer_garbage_collection_cleanup_large_slice_retained_after_truncate,true_positive,Snippet retains large backing array after truncate
/home/chinmay/ChinmayPersonalProjects/deslop/scripts/chunks/Chunk_3351_3375.txt,3356,/home/chinmay/ChinmayPersonalProjects/gopdfsuit/internal/pdf/merge.go,15,go_perf_layer_memory_allocation_temporary_byte_slice_for_string_write,true_positive,Snippet allocates byte buffer or conversion in path
/home/chinmay/ChinmayPersonalProjects/deslop/scripts/chunks/Chunk_3351_3375.txt,3357,/home/chinmay/ChinmayPersonalProjects/gopdfsuit/internal/pdf/merge.go,15,go_perf_layer_string_handling_byte_string_roundtrip_for_contains,false_positive,No contains or index byte string roundtrip shown
/home/chinmay/ChinmayPersonalProjects/deslop/scripts/chunks/Chunk_3351_3375.txt,3358,/home/chinmay/ChinmayPersonalProjects/gopdfsuit/internal/pdf/merge.go,16,bytes_buffer_without_grow_known_bound,true_positive,Snippet uses builder or buffer pattern flagged by rule
/home/chinmay/ChinmayPersonalProjects/deslop/scripts/chunks/Chunk_3351_3375.txt,3359,/home/chinmay/ChinmayPersonalProjects/gopdfsuit/internal/pdf/merge.go,16,go_perf_layer_garbage_collection_cleanup_sync_pool_stores_large_unbounded_buffers,true_positive,Snippet uses sync pool buffer pattern
/home/chinmay/ChinmayPersonalProjects/deslop/scripts/chunks/Chunk_3351_3375.txt,3360,/home/chinmay/ChinmayPersonalProjects/gopdfsuit/internal/pdf/merge.go,16,go_perf_layer_memory_allocation_bytes_buffer_allocated_per_record,true_positive,Snippet allocates byte buffer or conversion in path
/home/chinmay/ChinmayPersonalProjects/deslop/scripts/chunks/Chunk_3351_3375.txt,3361,/home/chinmay/ChinmayPersonalProjects/gopdfsuit/internal/pdf/merge.go,17,go_perf_layer_database_access_transaction_per_row_bulk_write,false_positive,No database access evidence in snippet
/home/chinmay/ChinmayPersonalProjects/deslop/scripts/chunks/Chunk_3351_3375.txt,3362,/home/chinmay/ChinmayPersonalProjects/gopdfsuit/internal/pdf/merge.go,17,go_perf_layer_framework_performance_template_execute_to_string_then_write,false_positive,Rule pattern not evidenced in provided snippet
/home/chinmay/ChinmayPersonalProjects/deslop/scripts/chunks/Chunk_3351_3375.txt,3363,/home/chinmay/ChinmayPersonalProjects/gopdfsuit/internal/pdf/merge.go,17,go_perf_layer_io_operations_readall_on_known_large_file,false_positive,No readall call shown
/home/chinmay/ChinmayPersonalProjects/deslop/scripts/chunks/Chunk_3351_3375.txt,3364,/home/chinmay/ChinmayPersonalProjects/gopdfsuit/internal/pdf/merge.go,17,go_perf_layer_io_operations_scanner_used_for_large_token_stream,true_positive,Snippet uses scanner for token stream
/home/chinmay/ChinmayPersonalProjects/deslop/scripts/chunks/Chunk_3351_3375.txt,3365,/home/chinmay/ChinmayPersonalProjects/gopdfsuit/internal/pdf/merge.go,17,go_perf_layer_io_operations_small_writes_without_bufio_writer,true_positive,Snippet performs repeated writes without bufio writer
/home/chinmay/ChinmayPersonalProjects/deslop/scripts/chunks/Chunk_3351_3375.txt,3366,/home/chinmay/ChinmayPersonalProjects/gopdfsuit/internal/pdf/merge.go,17,go_perf_layer_io_operations_temporary_file_for_stream_transform,false_positive,No temporary file transform shown
/home/chinmay/ChinmayPersonalProjects/deslop/scripts/chunks/Chunk_3351_3375.txt,3367,/home/chinmay/ChinmayPersonalProjects/gopdfsuit/internal/pdf/merge.go,17,go_perf_layer_serialization_gzip_writer_created_per_small_payload,false_positive,No gzip writer creation shown
/home/chinmay/ChinmayPersonalProjects/deslop/scripts/chunks/Chunk_3351_3375.txt,3368,/home/chinmay/ChinmayPersonalProjects/gopdfsuit/internal/pdf/merge.go,19,go_perf_layer_logging_overhead_log_fields_built_before_level_check,false_positive,No eager log field construction shown
/home/chinmay/ChinmayPersonalProjects/deslop/scripts/chunks/Chunk_3351_3375.txt,3369,/home/chinmay/ChinmayPersonalProjects/gopdfsuit/internal/pdf/merge.go,20,go_perf_layer_caching_cache_key_built_with_fmt,true_positive,Snippet shows cache related pattern flagged by rule
/home/chinmay/ChinmayPersonalProjects/deslop/scripts/chunks/Chunk_3351_3375.txt,3370,/home/chinmay/ChinmayPersonalProjects/gopdfsuit/internal/pdf/merge.go,20,go_perf_layer_caching_cache_miss_does_duplicate_work,true_positive,Snippet shows cache related pattern flagged by rule
/home/chinmay/ChinmayPersonalProjects/deslop/scripts/chunks/Chunk_3351_3375.txt,3371,/home/chinmay/ChinmayPersonalProjects/gopdfsuit/internal/pdf/merge.go,20,go_perf_layer_caching_json_cache_value_stored_as_string,true_positive,Snippet shows cache related pattern flagged by rule
/home/chinmay/ChinmayPersonalProjects/deslop/scripts/chunks/Chunk_3351_3375.txt,3372,/home/chinmay/ChinmayPersonalProjects/gopdfsuit/internal/pdf/merge.go,20,go_perf_layer_caching_unbounded_cache_map,true_positive,Snippet shows cache related pattern flagged by rule
/home/chinmay/ChinmayPersonalProjects/deslop/scripts/chunks/Chunk_3351_3375.txt,3373,/home/chinmay/ChinmayPersonalProjects/gopdfsuit/internal/pdf/merge.go,20,go_perf_layer_collection_iteration_range_over_map_for_deterministic_first,true_positive,Snippet ranges map where order is nondeterministic
/home/chinmay/ChinmayPersonalProjects/deslop/scripts/chunks/Chunk_3351_3375.txt,3374,/home/chinmay/ChinmayPersonalProjects/gopdfsuit/internal/pdf/merge.go,20,go_perf_layer_data_structure_choice_interface_map_for_typed_values,true_positive,Snippet creates or uses map pattern flagged by rule
/home/chinmay/ChinmayPersonalProjects/deslop/scripts/chunks/Chunk_3351_3375.txt,3375,/home/chinmay/ChinmayPersonalProjects/gopdfsuit/internal/pdf/merge.go,20,go_perf_layer_data_structure_choice_linked_list_for_cache_iteration,true_positive,Snippet uses linked list for cache iteration
/home/chinmay/ChinmayPersonalProjects/deslop/scripts/chunks/Chunk_3376_3400.txt,3376,/home/chinmay/ChinmayPersonalProjects/gopdfsuit/internal/pdf/merge.go,20,go_perf_layer_data_structure_choice_map_string_bool_for_membership,true_positive,Snippet creates or uses map pattern flagged by rule
/home/chinmay/ChinmayPersonalProjects/deslop/scripts/chunks/Chunk_3376_3400.txt,3377,/home/chinmay/ChinmayPersonalProjects/gopdfsuit/internal/pdf/merge.go,20,go_perf_layer_data_structure_choice_small_enum_string_switch_map,false_positive,No small enum map choice evidence shown
/home/chinmay/ChinmayPersonalProjects/deslop/scripts/chunks/Chunk_3376_3400.txt,3378,/home/chinmay/ChinmayPersonalProjects/gopdfsuit/internal/pdf/merge.go,20,go_perf_layer_database_access_rows_scan_into_map_per_row,false_positive,No database access evidence in snippet
/home/chinmay/ChinmayPersonalProjects/deslop/scripts/chunks/Chunk_3376_3400.txt,3379,/home/chinmay/ChinmayPersonalProjects/gopdfsuit/internal/pdf/merge.go,20,go_perf_layer_memory_allocation_map_recreated_for_static_lookup,true_positive,Snippet creates or uses map pattern flagged by rule
/home/chinmay/ChinmayPersonalProjects/deslop/scripts/chunks/Chunk_3376_3400.txt,3380,/home/chinmay/ChinmayPersonalProjects/gopdfsuit/internal/pdf/merge.go,20,go_perf_layer_network_calls_dns_lookup_per_request_path,true_positive,Snippet performs dns lookup in function path
/home/chinmay/ChinmayPersonalProjects/deslop/scripts/chunks/Chunk_3376_3400.txt,3381,/home/chinmay/ChinmayPersonalProjects/gopdfsuit/internal/pdf/merge.go,27,go_perf_layer_error_handling_cost_sentinel_error_allocated_per_call,false_positive,No errors new allocation shown
/home/chinmay/ChinmayPersonalProjects/deslop/scripts/chunks/Chunk_3376_3400.txt,3382,/home/chinmay/ChinmayPersonalProjects/gopdfsuit/internal/pdf/merge.go,27,unnecessary_map_for_set_of_ints,true_positive,Snippet creates or uses map pattern flagged by rule
/home/chinmay/ChinmayPersonalProjects/deslop/scripts/chunks/Chunk_3376_3400.txt,3383,/home/chinmay/ChinmayPersonalProjects/gopdfsuit/internal/pdf/merge.go,32,go_perf_layer_database_access_count_query_before_paged_fetch,false_positive,No database access evidence in snippet
/home/chinmay/ChinmayPersonalProjects/deslop/scripts/chunks/Chunk_3376_3400.txt,3384,/home/chinmay/ChinmayPersonalProjects/gopdfsuit/internal/pdf/merge.go,32,go_perf_layer_database_access_query_inside_loop_without_batching,false_positive,No database access evidence in snippet
/home/chinmay/ChinmayPersonalProjects/deslop/scripts/chunks/Chunk_3376_3400.txt,3385,/home/chinmay/ChinmayPersonalProjects/gopdfsuit/internal/pdf/merge.go,32,go_perf_layer_database_access_select_star_on_hot_query,true_positive,Snippet contains database query or db call
/home/chinmay/ChinmayPersonalProjects/deslop/scripts/chunks/Chunk_3376_3400.txt,3386,/home/chinmay/ChinmayPersonalProjects/gopdfsuit/internal/pdf/merge.go,32,go_perf_layer_string_handling_fmt_sprintf_for_simple_concat,false_positive,No fmt sprintf usage shown
/home/chinmay/ChinmayPersonalProjects/deslop/scripts/chunks/Chunk_3376_3400.txt,3387,/home/chinmay/ChinmayPersonalProjects/gopdfsuit/internal/pdf/merge.go,32,go_perf_layer_string_handling_regexp_compile_in_request_path,true_positive,Snippet compiles regexp inside function path
/home/chinmay/ChinmayPersonalProjects/deslop/scripts/chunks/Chunk_3376_3400.txt,3388,/home/chinmay/ChinmayPersonalProjects/gopdfsuit/internal/pdf/merge.go,32,go_perf_layer_string_handling_string_lower_for_case_insensitive_compare,false_positive,No case normalization call shown
/home/chinmay/ChinmayPersonalProjects/deslop/scripts/chunks/Chunk_3376_3400.txt,3389,/home/chinmay/ChinmayPersonalProjects/gopdfsuit/internal/pdf/merge.go,32,go_perf_layer_string_handling_strings_join_single_element_loop,false_positive,No strings join call shown
/home/chinmay/ChinmayPersonalProjects/deslop/scripts/chunks/Chunk_3376_3400.txt,3390,/home/chinmay/ChinmayPersonalProjects/gopdfsuit/internal/pdf/merge.go,36,go_perf_layer_algorithmic_complexity_quadratic_append_filter_pipeline,true_positive,Snippet shows nested iteration pattern
/home/chinmay/ChinmayPersonalProjects/deslop/scripts/chunks/Chunk_3376_3400.txt,3391,/home/chinmay/ChinmayPersonalProjects/gopdfsuit/internal/pdf/merge.go,36,go_perf_layer_collection_iteration_len_called_after_materializing_channel,true_positive,Snippet materializes channel before len call
/home/chinmay/ChinmayPersonalProjects/deslop/scripts/chunks/Chunk_3376_3400.txt,3392,/home/chinmay/ChinmayPersonalProjects/gopdfsuit/internal/pdf/merge.go,36,go_perf_layer_collection_iteration_manual_index_loop_without_bounds_need,false_positive,No manual index loop pattern shown
/home/chinmay/ChinmayPersonalProjects/deslop/scripts/chunks/Chunk_3376_3400.txt,3393,/home/chinmay/ChinmayPersonalProjects/gopdfsuit/internal/pdf/merge.go,39,go_perf_layer_garbage_collection_cleanup_response_body_not_drained_for_reuse,false_positive,No http response body handling shown
/home/chinmay/ChinmayPersonalProjects/deslop/scripts/chunks/Chunk_3376_3400.txt,3394,/home/chinmay/ChinmayPersonalProjects/gopdfsuit/internal/pdf/merge.go,43,go_perf_layer_hot_path_optimization_invariant_parse_inside_handler,true_positive,Snippet performs parse work inside function path
/home/chinmay/ChinmayPersonalProjects/deslop/scripts/chunks/Chunk_3376_3400.txt,3395,/home/chinmay/ChinmayPersonalProjects/gopdfsuit/internal/pdf/merge.go,43,go_perf_layer_network_calls_retry_loop_without_backoff,false_positive,No clear retry loop over network call shown
/home/chinmay/ChinmayPersonalProjects/deslop/scripts/chunks/Chunk_3376_3400.txt,3396,/home/chinmay/ChinmayPersonalProjects/gopdfsuit/internal/pdf/merge.go,46,go_perf_layer_error_handling_cost_error_string_built_before_error_needed,false_positive,No eager error string construction shown
/home/chinmay/ChinmayPersonalProjects/deslop/scripts/chunks/Chunk_3376_3400.txt,3397,/home/chinmay/ChinmayPersonalProjects/gopdfsuit/internal/pdf/merge.go,55,allocation_churn_in_loop,true_positive,Snippet appends during loop without visible capacity hint
/home/chinmay/ChinmayPersonalProjects/deslop/scripts/chunks/Chunk_3376_3400.txt,3398,/home/chinmay/ChinmayPersonalProjects/gopdfsuit/internal/pdf/merge.go,55,make_map_inside_hot_loop_same_shape,true_positive,Snippet creates or uses map pattern flagged by rule
/home/chinmay/ChinmayPersonalProjects/deslop/scripts/chunks/Chunk_3376_3400.txt,3399,/home/chinmay/ChinmayPersonalProjects/gopdfsuit/internal/pdf/merge.go,55,repeated_map_clone_in_loop,true_positive,Snippet creates or uses map pattern flagged by rule
/home/chinmay/ChinmayPersonalProjects/deslop/scripts/chunks/Chunk_3376_3400.txt,3400,/home/chinmay/ChinmayPersonalProjects/gopdfsuit/internal/pdf/merge.go,61,map_growth_without_size_hint,true_positive,Snippet creates or uses map pattern flagged by rule
/home/chinmay/ChinmayPersonalProjects/deslop/scripts/chunks/Chunk_3401_3425.txt,3401,/home/chinmay/ChinmayPersonalProjects/gopdfsuit/internal/pdf/merge.go,68,go_perf_layer_resource_pooling_rate_limiter_per_request,true_positive,Snippet creates rate limiter in request path
/home/chinmay/ChinmayPersonalProjects/deslop/scripts/chunks/Chunk_3401_3425.txt,3402,/home/chinmay/ChinmayPersonalProjects/gopdfsuit/internal/pdf/merge.go,69,allocation_churn_in_loop,true_positive,Snippet appends during loop without visible capacity hint
/home/chinmay/ChinmayPersonalProjects/deslop/scripts/chunks/Chunk_3401_3425.txt,3403,/home/chinmay/ChinmayPersonalProjects/gopdfsuit/internal/pdf/merge.go,69,make_map_inside_hot_loop_same_shape,true_positive,Snippet creates or uses map pattern flagged by rule
/home/chinmay/ChinmayPersonalProjects/deslop/scripts/chunks/Chunk_3401_3425.txt,3404,/home/chinmay/ChinmayPersonalProjects/gopdfsuit/internal/pdf/merge.go,72,filter_then_count_then_iterate,true_positive,Snippet counts then iterates filtered collection
/home/chinmay/ChinmayPersonalProjects/deslop/scripts/chunks/Chunk_3401_3425.txt,3405,/home/chinmay/ChinmayPersonalProjects/gopdfsuit/internal/pdf/merge.go,100,slice_append_without_prealloc_known_bound,true_positive,Snippet appends during loop without visible capacity hint
/home/chinmay/ChinmayPersonalProjects/deslop/scripts/chunks/Chunk_3401_3425.txt,3406,/home/chinmay/ChinmayPersonalProjects/gopdfsuit/internal/pdf/merge.go,100,slice_grow_without_cap_hint,true_positive,Snippet appends during loop without visible capacity hint
/home/chinmay/ChinmayPersonalProjects/deslop/scripts/chunks/Chunk_3401_3425.txt,3407,/home/chinmay/ChinmayPersonalProjects/gopdfsuit/internal/pdf/merge.go,118,slice_append_without_prealloc_known_bound,true_positive,Snippet appends during loop without visible capacity hint
/home/chinmay/ChinmayPersonalProjects/deslop/scripts/chunks/Chunk_3401_3425.txt,3408,/home/chinmay/ChinmayPersonalProjects/gopdfsuit/internal/pdf/merge.go,118,slice_grow_without_cap_hint,true_positive,Snippet appends during loop without visible capacity hint
/home/chinmay/ChinmayPersonalProjects/deslop/scripts/chunks/Chunk_3401_3425.txt,3409,/home/chinmay/ChinmayPersonalProjects/gopdfsuit/internal/pdf/merge.go,130,slice_append_without_prealloc_known_bound,true_positive,Snippet appends during loop without visible capacity hint
/home/chinmay/ChinmayPersonalProjects/deslop/scripts/chunks/Chunk_3401_3425.txt,3410,/home/chinmay/ChinmayPersonalProjects/gopdfsuit/internal/pdf/merge.go,130,slice_grow_without_cap_hint,true_positive,Snippet appends during loop without visible capacity hint
/home/chinmay/ChinmayPersonalProjects/deslop/scripts/chunks/Chunk_3401_3425.txt,3411,/home/chinmay/ChinmayPersonalProjects/gopdfsuit/internal/pdf/merge.go,145,slice_append_without_prealloc_known_bound,true_positive,Snippet appends during loop without visible capacity hint
/home/chinmay/ChinmayPersonalProjects/deslop/scripts/chunks/Chunk_3401_3425.txt,3412,/home/chinmay/ChinmayPersonalProjects/gopdfsuit/internal/pdf/merge.go,145,slice_grow_without_cap_hint,true_positive,Snippet appends during loop without visible capacity hint
/home/chinmay/ChinmayPersonalProjects/deslop/scripts/chunks/Chunk_3401_3425.txt,3413,/home/chinmay/ChinmayPersonalProjects/gopdfsuit/internal/pdf/merge.go,152,slice_append_without_prealloc_known_bound,true_positive,Snippet appends during loop without visible capacity hint
/home/chinmay/ChinmayPersonalProjects/deslop/scripts/chunks/Chunk_3401_3425.txt,3414,/home/chinmay/ChinmayPersonalProjects/gopdfsuit/internal/pdf/merge.go,152,slice_grow_without_cap_hint,true_positive,Snippet appends during loop without visible capacity hint
/home/chinmay/ChinmayPersonalProjects/deslop/scripts/chunks/Chunk_3401_3425.txt,3415,/home/chinmay/ChinmayPersonalProjects/gopdfsuit/internal/pdf/merge.go,167,string_concat_in_loop,false_positive,Rule pattern not evidenced in provided snippet
/home/chinmay/ChinmayPersonalProjects/deslop/scripts/chunks/Chunk_3401_3425.txt,3416,/home/chinmay/ChinmayPersonalProjects/gopdfsuit/internal/pdf/merge.go,169,fmt_hot_path,true_positive,Snippet uses fmt formatting call
/home/chinmay/ChinmayPersonalProjects/deslop/scripts/chunks/Chunk_3401_3425.txt,3417,/home/chinmay/ChinmayPersonalProjects/gopdfsuit/internal/pdf/merge.go,169,string_concat_in_loop,false_positive,Rule pattern not evidenced in provided snippet
/home/chinmay/ChinmayPersonalProjects/deslop/scripts/chunks/Chunk_3401_3425.txt,3418,/home/chinmay/ChinmayPersonalProjects/gopdfsuit/internal/pdf/merge.go,180,fmt_hot_path,true_positive,Snippet uses fmt formatting call
/home/chinmay/ChinmayPersonalProjects/deslop/scripts/chunks/Chunk_3401_3425.txt,3419,/home/chinmay/ChinmayPersonalProjects/gopdfsuit/internal/pdf/merge.go,180,slice_append_without_prealloc_known_bound,true_positive,Snippet appends during loop without visible capacity hint
/home/chinmay/ChinmayPersonalProjects/deslop/scripts/chunks/Chunk_3401_3425.txt,3420,/home/chinmay/ChinmayPersonalProjects/gopdfsuit/internal/pdf/merge.go,180,slice_grow_without_cap_hint,true_positive,Snippet appends during loop without visible capacity hint
/home/chinmay/ChinmayPersonalProjects/deslop/scripts/chunks/Chunk_3401_3425.txt,3421,/home/chinmay/ChinmayPersonalProjects/gopdfsuit/internal/pdf/merge.go,197,slice_append_without_prealloc_known_bound,true_positive,Snippet appends during loop without visible capacity hint
/home/chinmay/ChinmayPersonalProjects/deslop/scripts/chunks/Chunk_3401_3425.txt,3422,/home/chinmay/ChinmayPersonalProjects/gopdfsuit/internal/pdf/merge.go,197,slice_grow_without_cap_hint,true_positive,Snippet appends during loop without visible capacity hint
/home/chinmay/ChinmayPersonalProjects/deslop/scripts/chunks/Chunk_3401_3425.txt,3423,/home/chinmay/ChinmayPersonalProjects/gopdfsuit/internal/pdf/merge.go,209,regexp_compile_in_hot_path,true_positive,Snippet compiles regexp inside function path
/home/chinmay/ChinmayPersonalProjects/deslop/scripts/chunks/Chunk_3401_3425.txt,3424,/home/chinmay/ChinmayPersonalProjects/gopdfsuit/internal/pdf/merge.go,229,fmt_hot_path,true_positive,Snippet uses fmt formatting call
/home/chinmay/ChinmayPersonalProjects/deslop/scripts/chunks/Chunk_3401_3425.txt,3425,/home/chinmay/ChinmayPersonalProjects/gopdfsuit/internal/pdf/merge.go,243,go_perf_layer_collection_iteration_copy_slice_before_readonly_range,false_positive,No pre range slice copy shown
/home/chinmay/ChinmayPersonalProjects/deslop/scripts/chunks/Chunk_3426_3450.txt,3426,/home/chinmay/ChinmayPersonalProjects/gopdfsuit/internal/pdf/merge.go,243,go_perf_layer_memory_allocation_temporary_byte_slice_for_string_write,true_positive,Snippet allocates byte buffer or conversion in path
/home/chinmay/ChinmayPersonalProjects/deslop/scripts/chunks/Chunk_3426_3450.txt,3427,/home/chinmay/ChinmayPersonalProjects/gopdfsuit/internal/pdf/merge.go,244,go_perf_layer_network_calls_retry_loop_without_backoff,false_positive,No clear retry loop over network call shown
/home/chinmay/ChinmayPersonalProjects/deslop/scripts/chunks/Chunk_3426_3450.txt,3428,/home/chinmay/ChinmayPersonalProjects/gopdfsuit/internal/pdf/merge.go,253,bytes_buffer_without_grow_known_bound,true_positive,Snippet uses builder or buffer pattern flagged by rule
/home/chinmay/ChinmayPersonalProjects/deslop/scripts/chunks/Chunk_3426_3450.txt,3429,/home/chinmay/ChinmayPersonalProjects/gopdfsuit/internal/pdf/merge.go,253,go_perf_layer_memory_allocation_bytes_buffer_allocated_per_record,true_positive,Snippet allocates byte buffer or conversion in path
/home/chinmay/ChinmayPersonalProjects/deslop/scripts/chunks/Chunk_3426_3450.txt,3430,/home/chinmay/ChinmayPersonalProjects/gopdfsuit/internal/pdf/merge.go,253,go_perf_layer_memory_allocation_temporary_byte_slice_for_string_write,true_positive,Snippet allocates byte buffer or conversion in path
/home/chinmay/ChinmayPersonalProjects/deslop/scripts/chunks/Chunk_3426_3450.txt,3431,/home/chinmay/ChinmayPersonalProjects/gopdfsuit/internal/pdf/merge.go,253,go_perf_layer_resource_pooling_buffer_pool_without_max_capacity,false_positive,No sync pool buffer pattern shown
/home/chinmay/ChinmayPersonalProjects/deslop/scripts/chunks/Chunk_3426_3450.txt,3432,/home/chinmay/ChinmayPersonalProjects/gopdfsuit/internal/pdf/merge.go,253,go_perf_layer_string_handling_byte_string_roundtrip_for_contains,false_positive,No contains or index byte string roundtrip shown
/home/chinmay/ChinmayPersonalProjects/deslop/scripts/chunks/Chunk_3426_3450.txt,3433,/home/chinmay/ChinmayPersonalProjects/gopdfsuit/internal/pdf/merge.go,254,go_perf_layer_io_operations_scanner_used_for_large_token_stream,true_positive,Snippet uses scanner for token stream
/home/chinmay/ChinmayPersonalProjects/deslop/scripts/chunks/Chunk_3426_3450.txt,3434,/home/chinmay/ChinmayPersonalProjects/gopdfsuit/internal/pdf/merge.go,254,go_perf_layer_string_handling_fmt_sprintf_for_simple_concat,true_positive,Snippet uses fmt sprintf for string building
/home/chinmay/ChinmayPersonalProjects/deslop/scripts/chunks/Chunk_3426_3450.txt,3435,/home/chinmay/ChinmayPersonalProjects/gopdfsuit/internal/pdf/merge.go,254,go_perf_layer_string_handling_regexp_compile_in_request_path,true_positive,Snippet compiles regexp inside function path
/home/chinmay/ChinmayPersonalProjects/deslop/scripts/chunks/Chunk_3426_3450.txt,3436,/home/chinmay/ChinmayPersonalProjects/gopdfsuit/internal/pdf/merge.go,256,go_perf_layer_collection_iteration_copy_slice_before_readonly_range,false_positive,No pre range slice copy shown
/home/chinmay/ChinmayPersonalProjects/deslop/scripts/chunks/Chunk_3426_3450.txt,3437,/home/chinmay/ChinmayPersonalProjects/gopdfsuit/internal/pdf/merge.go,256,go_perf_layer_collection_iteration_manual_index_loop_without_bounds_need,false_positive,No manual index loop pattern shown
/home/chinmay/ChinmayPersonalProjects/deslop/scripts/chunks/Chunk_3426_3450.txt,3438,/home/chinmay/ChinmayPersonalProjects/gopdfsuit/internal/pdf/merge.go,256,go_perf_layer_database_access_query_inside_loop_without_batching,false_positive,No database access evidence in snippet
/home/chinmay/ChinmayPersonalProjects/deslop/scripts/chunks/Chunk_3426_3450.txt,3439,/home/chinmay/ChinmayPersonalProjects/gopdfsuit/internal/pdf/merge.go,256,go_perf_layer_network_calls_retry_loop_without_backoff,false_positive,No clear retry loop over network call shown
/home/chinmay/ChinmayPersonalProjects/deslop/scripts/chunks/Chunk_3426_3450.txt,3440,/home/chinmay/ChinmayPersonalProjects/gopdfsuit/internal/pdf/merge.go,264,go_perf_layer_framework_performance_template_execute_to_string_then_write,false_positive,Rule pattern not evidenced in provided snippet
/home/chinmay/ChinmayPersonalProjects/deslop/scripts/chunks/Chunk_3426_3450.txt,3441,/home/chinmay/ChinmayPersonalProjects/gopdfsuit/internal/pdf/merge.go,266,fmt_hot_path,true_positive,Snippet uses fmt formatting call
/home/chinmay/ChinmayPersonalProjects/deslop/scripts/chunks/Chunk_3426_3450.txt,3442,/home/chinmay/ChinmayPersonalProjects/gopdfsuit/internal/pdf/merge.go,268,go_perf_layer_io_operations_small_writes_without_bufio_writer,true_positive,Snippet performs repeated writes without bufio writer
/home/chinmay/ChinmayPersonalProjects/deslop/scripts/chunks/Chunk_3426_3450.txt,3443,/home/chinmay/ChinmayPersonalProjects/gopdfsuit/internal/pdf/merge.go,281,strconv_repeat_on_same_binding,true_positive,Snippet shows conversion or encoding call for this rule
/home/chinmay/ChinmayPersonalProjects/deslop/scripts/chunks/Chunk_3426_3450.txt,3444,/home/chinmay/ChinmayPersonalProjects/gopdfsuit/internal/pdf/merge.go,292,go_perf_layer_caching_cache_key_built_with_fmt,true_positive,Snippet shows cache related pattern flagged by rule
/home/chinmay/ChinmayPersonalProjects/deslop/scripts/chunks/Chunk_3426_3450.txt,3445,/home/chinmay/ChinmayPersonalProjects/gopdfsuit/internal/pdf/merge.go,292,go_perf_layer_caching_json_cache_value_stored_as_string,true_positive,Snippet shows cache related pattern flagged by rule
/home/chinmay/ChinmayPersonalProjects/deslop/scripts/chunks/Chunk_3426_3450.txt,3446,/home/chinmay/ChinmayPersonalProjects/gopdfsuit/internal/pdf/merge.go,292,go_perf_layer_caching_unbounded_cache_map,true_positive,Snippet shows cache related pattern flagged by rule
/home/chinmay/ChinmayPersonalProjects/deslop/scripts/chunks/Chunk_3426_3450.txt,3447,/home/chinmay/ChinmayPersonalProjects/gopdfsuit/internal/pdf/merge.go,292,go_perf_layer_database_access_count_query_before_paged_fetch,true_positive,Snippet contains database query or db call
/home/chinmay/ChinmayPersonalProjects/deslop/scripts/chunks/Chunk_3426_3450.txt,3448,/home/chinmay/ChinmayPersonalProjects/gopdfsuit/internal/pdf/merge.go,292,go_perf_layer_database_access_select_star_on_hot_query,true_positive,Snippet contains database query or db call
/home/chinmay/ChinmayPersonalProjects/deslop/scripts/chunks/Chunk_3426_3450.txt,3449,/home/chinmay/ChinmayPersonalProjects/gopdfsuit/internal/pdf/merge.go,292,go_perf_layer_io_operations_stat_before_open_without_branch,false_positive,No stat before open pattern shown
/home/chinmay/ChinmayPersonalProjects/deslop/scripts/chunks/Chunk_3426_3450.txt,3450,/home/chinmay/ChinmayPersonalProjects/gopdfsuit/internal/pdf/merge.go,293,go_perf_layer_garbage_collection_cleanup_large_slice_retained_after_truncate,true_positive,Snippet retains large backing array after truncate
/home/chinmay/ChinmayPersonalProjects/deslop/scripts/chunks/Chunk_3451_3475.txt,3451,/home/chinmay/ChinmayPersonalProjects/gopdfsuit/internal/pdf/merge.go,293,go_perf_layer_garbage_collection_cleanup_response_body_not_drained_for_reuse,false_positive,No http response body handling shown
/home/chinmay/ChinmayPersonalProjects/deslop/scripts/chunks/Chunk_3451_3475.txt,3452,/home/chinmay/ChinmayPersonalProjects/gopdfsuit/internal/pdf/merge.go,293,go_perf_layer_memory_allocation_temporary_byte_slice_for_string_write,true_positive,Snippet allocates byte buffer or conversion in path
/home/chinmay/ChinmayPersonalProjects/deslop/scripts/chunks/Chunk_3451_3475.txt,3453,/home/chinmay/ChinmayPersonalProjects/gopdfsuit/internal/pdf/merge.go,293,go_perf_layer_serialization_gzip_writer_created_per_small_payload,false_positive,No gzip writer creation shown
/home/chinmay/ChinmayPersonalProjects/deslop/scripts/chunks/Chunk_3451_3475.txt,3454,/home/chinmay/ChinmayPersonalProjects/gopdfsuit/internal/pdf/merge.go,293,go_perf_layer_string_handling_byte_string_roundtrip_for_contains,false_positive,No contains or index byte string roundtrip shown
/home/chinmay/ChinmayPersonalProjects/deslop/scripts/chunks/Chunk_3451_3475.txt,3455,/home/chinmay/ChinmayPersonalProjects/gopdfsuit/internal/pdf/merge.go,294,go_perf_layer_string_handling_string_lower_for_case_insensitive_compare,false_positive,No case normalization call shown
/home/chinmay/ChinmayPersonalProjects/deslop/scripts/chunks/Chunk_3451_3475.txt,3456,/home/chinmay/ChinmayPersonalProjects/gopdfsuit/internal/pdf/merge.go,299,go_perf_layer_resource_pooling_buffer_pool_without_max_capacity,false_positive,No sync pool buffer pattern shown
/home/chinmay/ChinmayPersonalProjects/deslop/scripts/chunks/Chunk_3451_3475.txt,3457,/home/chinmay/ChinmayPersonalProjects/gopdfsuit/internal/pdf/merge.go,300,go_perf_layer_io_operations_small_writes_without_bufio_writer,true_positive,Snippet performs repeated writes without bufio writer
/home/chinmay/ChinmayPersonalProjects/deslop/scripts/chunks/Chunk_3451_3475.txt,3458,/home/chinmay/ChinmayPersonalProjects/gopdfsuit/internal/pdf/merge.go,301,go_perf_layer_string_handling_fmt_sprintf_for_simple_concat,true_positive,Snippet uses fmt sprintf for string building
/home/chinmay/ChinmayPersonalProjects/deslop/scripts/chunks/Chunk_3451_3475.txt,3459,/home/chinmay/ChinmayPersonalProjects/gopdfsuit/internal/pdf/merge.go,309,go_perf_layer_algorithmic_complexity_repeated_nested_slice_scans,true_positive,Snippet shows nested iteration pattern
/home/chinmay/ChinmayPersonalProjects/deslop/scripts/chunks/Chunk_3451_3475.txt,3460,/home/chinmay/ChinmayPersonalProjects/gopdfsuit/internal/pdf/merge.go,309,go_perf_layer_collection_iteration_copy_slice_before_readonly_range,false_positive,No pre range slice copy shown
/home/chinmay/ChinmayPersonalProjects/deslop/scripts/chunks/Chunk_3451_3475.txt,3461,/home/chinmay/ChinmayPersonalProjects/gopdfsuit/internal/pdf/merge.go,309,go_perf_layer_memory_allocation_temporary_byte_slice_for_string_write,true_positive,Snippet allocates byte buffer or conversion in path
/home/chinmay/ChinmayPersonalProjects/deslop/scripts/chunks/Chunk_3451_3475.txt,3462,/home/chinmay/ChinmayPersonalProjects/gopdfsuit/internal/pdf/merge.go,310,go_perf_layer_caching_cache_miss_does_duplicate_work,true_positive,Snippet shows cache related pattern flagged by rule
/home/chinmay/ChinmayPersonalProjects/deslop/scripts/chunks/Chunk_3451_3475.txt,3463,/home/chinmay/ChinmayPersonalProjects/gopdfsuit/internal/pdf/merge.go,310,go_perf_layer_caching_json_cache_value_stored_as_string,true_positive,Snippet shows cache related pattern flagged by rule
/home/chinmay/ChinmayPersonalProjects/deslop/scripts/chunks/Chunk_3451_3475.txt,3464,/home/chinmay/ChinmayPersonalProjects/gopdfsuit/internal/pdf/merge.go,310,go_perf_layer_caching_unbounded_cache_map,true_positive,Snippet shows cache related pattern flagged by rule
/home/chinmay/ChinmayPersonalProjects/deslop/scripts/chunks/Chunk_3451_3475.txt,3465,/home/chinmay/ChinmayPersonalProjects/gopdfsuit/internal/pdf/merge.go,310,go_perf_layer_collection_iteration_range_over_map_for_deterministic_first,true_positive,Snippet ranges map where order is nondeterministic
/home/chinmay/ChinmayPersonalProjects/deslop/scripts/chunks/Chunk_3451_3475.txt,3466,/home/chinmay/ChinmayPersonalProjects/gopdfsuit/internal/pdf/merge.go,310,go_perf_layer_data_structure_choice_interface_map_for_typed_values,true_positive,Snippet creates or uses map pattern flagged by rule
/home/chinmay/ChinmayPersonalProjects/deslop/scripts/chunks/Chunk_3451_3475.txt,3467,/home/chinmay/ChinmayPersonalProjects/gopdfsuit/internal/pdf/merge.go,310,go_perf_layer_data_structure_choice_map_string_bool_for_membership,true_positive,Snippet creates or uses map pattern flagged by rule
/home/chinmay/ChinmayPersonalProjects/deslop/scripts/chunks/Chunk_3451_3475.txt,3468,/home/chinmay/ChinmayPersonalProjects/gopdfsuit/internal/pdf/merge.go,310,go_perf_layer_data_structure_choice_small_enum_string_switch_map,false_positive,No small enum map choice evidence shown
/home/chinmay/ChinmayPersonalProjects/deslop/scripts/chunks/Chunk_3451_3475.txt,3469,/home/chinmay/ChinmayPersonalProjects/gopdfsuit/internal/pdf/merge.go,310,go_perf_layer_database_access_rows_scan_into_map_per_row,false_positive,No database access evidence in snippet
/home/chinmay/ChinmayPersonalProjects/deslop/scripts/chunks/Chunk_3451_3475.txt,3470,/home/chinmay/ChinmayPersonalProjects/gopdfsuit/internal/pdf/merge.go,310,go_perf_layer_memory_allocation_bytes_buffer_allocated_per_record,true_positive,Snippet allocates byte buffer or conversion in path
/home/chinmay/ChinmayPersonalProjects/deslop/scripts/chunks/Chunk_3451_3475.txt,3471,/home/chinmay/ChinmayPersonalProjects/gopdfsuit/internal/pdf/merge.go,310,go_perf_layer_memory_allocation_map_recreated_for_static_lookup,true_positive,Snippet creates or uses map pattern flagged by rule
/home/chinmay/ChinmayPersonalProjects/deslop/scripts/chunks/Chunk_3451_3475.txt,3472,/home/chinmay/ChinmayPersonalProjects/gopdfsuit/internal/pdf/merge.go,310,unnecessary_map_for_set_of_ints,true_positive,Snippet creates or uses map pattern flagged by rule
/home/chinmay/ChinmayPersonalProjects/deslop/scripts/chunks/Chunk_3451_3475.txt,3473,/home/chinmay/ChinmayPersonalProjects/gopdfsuit/internal/pdf/merge.go,312,go_perf_layer_database_access_count_query_before_paged_fetch,false_positive,No database access evidence in snippet
/home/chinmay/ChinmayPersonalProjects/deslop/scripts/chunks/Chunk_3451_3475.txt,3474,/home/chinmay/ChinmayPersonalProjects/gopdfsuit/internal/pdf/merge.go,312,go_perf_layer_database_access_query_inside_loop_without_batching,false_positive,No database access evidence in snippet
/home/chinmay/ChinmayPersonalProjects/deslop/scripts/chunks/Chunk_3451_3475.txt,3475,/home/chinmay/ChinmayPersonalProjects/gopdfsuit/internal/pdf/merge.go,313,go_perf_layer_algorithmic_complexity_quadratic_append_filter_pipeline,true_positive,Snippet shows nested iteration pattern
/home/chinmay/ChinmayPersonalProjects/deslop/scripts/chunks/Chunk_3476_3500.txt,3476,/home/chinmay/ChinmayPersonalProjects/gopdfsuit/internal/pdf/merge.go,315,go_perf_layer_string_handling_string_lower_for_case_insensitive_compare,false_positive,No case normalization call shown
/home/chinmay/ChinmayPersonalProjects/deslop/scripts/chunks/Chunk_3476_3500.txt,3477,/home/chinmay/ChinmayPersonalProjects/gopdfsuit/internal/pdf/merge.go,316,go_perf_layer_garbage_collection_cleanup_response_body_not_drained_for_reuse,false_positive,No http response body handling shown
/home/chinmay/ChinmayPersonalProjects/deslop/scripts/chunks/Chunk_3476_3500.txt,3478,/home/chinmay/ChinmayPersonalProjects/gopdfsuit/internal/pdf/merge.go,317,go_perf_layer_string_handling_byte_string_roundtrip_for_contains,false_positive,No contains or index byte string roundtrip shown
/home/chinmay/ChinmayPersonalProjects/deslop/scripts/chunks/Chunk_3476_3500.txt,3479,/home/chinmay/ChinmayPersonalProjects/gopdfsuit/internal/pdf/merge.go,324,go_perf_layer_collection_iteration_manual_index_loop_without_bounds_need,false_positive,No manual index loop pattern shown
/home/chinmay/ChinmayPersonalProjects/deslop/scripts/chunks/Chunk_3476_3500.txt,3480,/home/chinmay/ChinmayPersonalProjects/gopdfsuit/internal/pdf/merge.go,324,go_perf_layer_network_calls_retry_loop_without_backoff,false_positive,No clear retry loop over network call shown
/home/chinmay/ChinmayPersonalProjects/deslop/scripts/chunks/Chunk_3476_3500.txt,3481,/home/chinmay/ChinmayPersonalProjects/gopdfsuit/internal/pdf/merge.go,327,slice_append_without_prealloc_known_bound,true_positive,Snippet appends during loop without visible capacity hint
/home/chinmay/ChinmayPersonalProjects/deslop/scripts/chunks/Chunk_3476_3500.txt,3482,/home/chinmay/ChinmayPersonalProjects/gopdfsuit/internal/pdf/merge.go,327,slice_grow_without_cap_hint,true_positive,Snippet appends during loop without visible capacity hint
/home/chinmay/ChinmayPersonalProjects/deslop/scripts/chunks/Chunk_3476_3500.txt,3483,/home/chinmay/ChinmayPersonalProjects/gopdfsuit/internal/pdf/merge.go,328,map_growth_without_size_hint,true_positive,Snippet creates or uses map pattern flagged by rule
/home/chinmay/ChinmayPersonalProjects/deslop/scripts/chunks/Chunk_3476_3500.txt,3484,/home/chinmay/ChinmayPersonalProjects/gopdfsuit/internal/pdf/merge.go,343,regexp_compile_in_hot_path,true_positive,Snippet compiles regexp inside function path
/home/chinmay/ChinmayPersonalProjects/deslop/scripts/chunks/Chunk_3476_3500.txt,3485,/home/chinmay/ChinmayPersonalProjects/gopdfsuit/internal/pdf/merge.go,345,regexp_compile_in_hot_path,true_positive,Snippet compiles regexp inside function path
/home/chinmay/ChinmayPersonalProjects/deslop/scripts/chunks/Chunk_3476_3500.txt,3486,/home/chinmay/ChinmayPersonalProjects/gopdfsuit/internal/pdf/merge.go,347,strconv_repeat_on_same_binding,true_positive,Snippet shows conversion or encoding call for this rule
/home/chinmay/ChinmayPersonalProjects/deslop/scripts/chunks/Chunk_3476_3500.txt,3487,/home/chinmay/ChinmayPersonalProjects/gopdfsuit/internal/pdf/merge.go,352,nested_append_without_outer_capacity,true_positive,Snippet appends during loop without visible capacity hint
/home/chinmay/ChinmayPersonalProjects/deslop/scripts/chunks/Chunk_3476_3500.txt,3488,/home/chinmay/ChinmayPersonalProjects/gopdfsuit/internal/pdf/merge.go,352,slice_append_without_prealloc_known_bound,true_positive,Snippet appends during loop without visible capacity hint
/home/chinmay/ChinmayPersonalProjects/deslop/scripts/chunks/Chunk_3476_3500.txt,3489,/home/chinmay/ChinmayPersonalProjects/gopdfsuit/internal/pdf/merge.go,352,slice_grow_without_cap_hint,true_positive,Snippet appends during loop without visible capacity hint
/home/chinmay/ChinmayPersonalProjects/deslop/scripts/chunks/Chunk_3476_3500.txt,3490,/home/chinmay/ChinmayPersonalProjects/gopdfsuit/internal/pdf/merge.go,369,go_perf_layer_algorithmic_complexity_repeated_nested_slice_scans,true_positive,Snippet shows nested iteration pattern
/home/chinmay/ChinmayPersonalProjects/deslop/scripts/chunks/Chunk_3476_3500.txt,3491,/home/chinmay/ChinmayPersonalProjects/gopdfsuit/internal/pdf/merge.go,369,go_perf_layer_collection_iteration_copy_slice_before_readonly_range,false_positive,No pre range slice copy shown
/home/chinmay/ChinmayPersonalProjects/deslop/scripts/chunks/Chunk_3476_3500.txt,3492,/home/chinmay/ChinmayPersonalProjects/gopdfsuit/internal/pdf/merge.go,369,go_perf_layer_collection_iteration_manual_index_loop_without_bounds_need,false_positive,No manual index loop pattern shown
/home/chinmay/ChinmayPersonalProjects/deslop/scripts/chunks/Chunk_3476_3500.txt,3493,/home/chinmay/ChinmayPersonalProjects/gopdfsuit/internal/pdf/merge.go,369,go_perf_layer_network_calls_retry_loop_without_backoff,false_positive,No clear retry loop over network call shown
/home/chinmay/ChinmayPersonalProjects/deslop/scripts/chunks/Chunk_3476_3500.txt,3494,/home/chinmay/ChinmayPersonalProjects/gopdfsuit/internal/pdf/merge.go,370,go_perf_layer_memory_allocation_temporary_byte_slice_for_string_write,true_positive,Snippet allocates byte buffer or conversion in path
/home/chinmay/ChinmayPersonalProjects/deslop/scripts/chunks/Chunk_3476_3500.txt,3495,/home/chinmay/ChinmayPersonalProjects/gopdfsuit/internal/pdf/merge.go,379,go_perf_layer_garbage_collection_cleanup_response_body_not_drained_for_reuse,false_positive,No http response body handling shown
/home/chinmay/ChinmayPersonalProjects/deslop/scripts/chunks/Chunk_3476_3500.txt,3496,/home/chinmay/ChinmayPersonalProjects/gopdfsuit/internal/pdf/metadata.go,29,go_perf_layer_hot_path_optimization_invariant_parse_inside_handler,true_positive,Snippet performs parse work inside function path
/home/chinmay/ChinmayPersonalProjects/deslop/scripts/chunks/Chunk_3476_3500.txt,3497,/home/chinmay/ChinmayPersonalProjects/gopdfsuit/internal/pdf/metadata.go,70,go_perf_layer_string_handling_byte_string_roundtrip_for_contains,false_positive,No contains or index byte string roundtrip shown
/home/chinmay/ChinmayPersonalProjects/deslop/scripts/chunks/Chunk_3476_3500.txt,3498,/home/chinmay/ChinmayPersonalProjects/gopdfsuit/internal/pdf/metadata.go,70,go_perf_layer_string_handling_fmt_sprintf_for_simple_concat,true_positive,Snippet uses fmt sprintf for string building
/home/chinmay/ChinmayPersonalProjects/deslop/scripts/chunks/Chunk_3476_3500.txt,3499,/home/chinmay/ChinmayPersonalProjects/gopdfsuit/internal/pdf/metadata.go,70,go_perf_layer_string_handling_string_lower_for_case_insensitive_compare,false_positive,No case normalization call shown
/home/chinmay/ChinmayPersonalProjects/deslop/scripts/chunks/Chunk_3476_3500.txt,3500,/home/chinmay/ChinmayPersonalProjects/gopdfsuit/internal/pdf/metadata.go,70,go_perf_layer_string_handling_strings_join_single_element_loop,false_positive,No strings join call shown
/home/chinmay/ChinmayPersonalProjects/deslop/scripts/chunks/Chunk_3501_3525.txt,3501,/home/chinmay/ChinmayPersonalProjects/gopdfsuit/internal/pdf/metadata.go,76,go_perf_layer_caching_json_cache_value_stored_as_string,true_positive,Snippet shows cache related pattern flagged by rule
/home/chinmay/ChinmayPersonalProjects/deslop/scripts/chunks/Chunk_3501_3525.txt,3502,/home/chinmay/ChinmayPersonalProjects/gopdfsuit/internal/pdf/metadata.go,76,go_perf_layer_error_handling_cost_error_string_built_before_error_needed,true_positive,Snippet builds formatted error string eagerly
/home/chinmay/ChinmayPersonalProjects/deslop/scripts/chunks/Chunk_3501_3525.txt,3503,/home/chinmay/ChinmayPersonalProjects/gopdfsuit/internal/pdf/metadata.go,76,go_perf_layer_memory_allocation_temporary_byte_slice_for_string_write,true_positive,Snippet allocates byte buffer or conversion in path
/home/chinmay/ChinmayPersonalProjects/deslop/scripts/chunks/Chunk_3501_3525.txt,3504,/home/chinmay/ChinmayPersonalProjects/gopdfsuit/internal/pdf/metadata.go,76,strings_builder_without_grow_known_bound,true_positive,Snippet uses builder or buffer pattern flagged by rule
/home/chinmay/ChinmayPersonalProjects/deslop/scripts/chunks/Chunk_3501_3525.txt,3505,/home/chinmay/ChinmayPersonalProjects/gopdfsuit/internal/pdf/metadata.go,77,go_perf_layer_io_operations_scanner_used_for_large_token_stream,true_positive,Snippet uses scanner for token stream
/home/chinmay/ChinmayPersonalProjects/deslop/scripts/chunks/Chunk_3501_3525.txt,3506,/home/chinmay/ChinmayPersonalProjects/gopdfsuit/internal/pdf/metadata.go,77,string_builder_write_string_vs_plus,true_positive,Snippet uses builder or buffer pattern flagged by rule
/home/chinmay/ChinmayPersonalProjects/deslop/scripts/chunks/Chunk_3501_3525.txt,3507,/home/chinmay/ChinmayPersonalProjects/gopdfsuit/internal/pdf/metadata.go,81,go_perf_layer_network_calls_retry_loop_without_backoff,false_positive,No clear retry loop over network call shown
/home/chinmay/ChinmayPersonalProjects/deslop/scripts/chunks/Chunk_3501_3525.txt,3508,/home/chinmay/ChinmayPersonalProjects/gopdfsuit/internal/pdf/metadata.go,91,go_perf_layer_data_structure_choice_interface_map_for_typed_values,true_positive,Snippet creates or uses map pattern flagged by rule
/home/chinmay/ChinmayPersonalProjects/deslop/scripts/chunks/Chunk_3501_3525.txt,3509,/home/chinmay/ChinmayPersonalProjects/gopdfsuit/internal/pdf/metadata.go,120,go_perf_layer_caching_cache_key_built_with_fmt,true_positive,Snippet shows cache related pattern flagged by rule
/home/chinmay/ChinmayPersonalProjects/deslop/scripts/chunks/Chunk_3501_3525.txt,3510,/home/chinmay/ChinmayPersonalProjects/gopdfsuit/internal/pdf/metadata.go,203,go_perf_layer_algorithmic_complexity_repeated_nested_slice_scans,true_positive,Snippet shows nested iteration pattern
/home/chinmay/ChinmayPersonalProjects/deslop/scripts/chunks/Chunk_3501_3525.txt,3511,/home/chinmay/ChinmayPersonalProjects/gopdfsuit/internal/pdf/metadata.go,203,go_perf_layer_collection_iteration_copy_slice_before_readonly_range,false_positive,No pre range slice copy shown
/home/chinmay/ChinmayPersonalProjects/deslop/scripts/chunks/Chunk_3501_3525.txt,3512,/home/chinmay/ChinmayPersonalProjects/gopdfsuit/internal/pdf/metadata.go,206,fmt_hot_path,true_positive,Snippet uses fmt formatting call
/home/chinmay/ChinmayPersonalProjects/deslop/scripts/chunks/Chunk_3501_3525.txt,3513,/home/chinmay/ChinmayPersonalProjects/gopdfsuit/internal/pdf/metadata.go,245,builder_write_string_single_byte_literal,true_positive,Snippet uses builder or buffer pattern flagged by rule
/home/chinmay/ChinmayPersonalProjects/deslop/scripts/chunks/Chunk_3501_3525.txt,3514,/home/chinmay/ChinmayPersonalProjects/gopdfsuit/internal/pdf/metadata.go,260,go_perf_layer_caching_unbounded_cache_map,true_positive,Snippet shows cache related pattern flagged by rule
/home/chinmay/ChinmayPersonalProjects/deslop/scripts/chunks/Chunk_3501_3525.txt,3515,/home/chinmay/ChinmayPersonalProjects/gopdfsuit/internal/pdf/metadata.go,269,go_perf_layer_caching_json_cache_value_stored_as_string,true_positive,Snippet shows cache related pattern flagged by rule
/home/chinmay/ChinmayPersonalProjects/deslop/scripts/chunks/Chunk_3501_3525.txt,3516,/home/chinmay/ChinmayPersonalProjects/gopdfsuit/internal/pdf/metadata.go,269,go_perf_layer_error_handling_cost_error_string_built_before_error_needed,true_positive,Snippet builds formatted error string eagerly
/home/chinmay/ChinmayPersonalProjects/deslop/scripts/chunks/Chunk_3501_3525.txt,3517,/home/chinmay/ChinmayPersonalProjects/gopdfsuit/internal/pdf/metadata.go,269,go_perf_layer_memory_allocation_bytes_buffer_allocated_per_record,true_positive,Snippet allocates byte buffer or conversion in path
/home/chinmay/ChinmayPersonalProjects/deslop/scripts/chunks/Chunk_3501_3525.txt,3518,/home/chinmay/ChinmayPersonalProjects/gopdfsuit/internal/pdf/metadata.go,269,go_perf_layer_memory_allocation_temporary_byte_slice_for_string_write,true_positive,Snippet allocates byte buffer or conversion in path
/home/chinmay/ChinmayPersonalProjects/deslop/scripts/chunks/Chunk_3501_3525.txt,3519,/home/chinmay/ChinmayPersonalProjects/gopdfsuit/internal/pdf/metadata.go,269,go_perf_layer_string_handling_byte_string_roundtrip_for_contains,false_positive,No contains or index byte string roundtrip shown
/home/chinmay/ChinmayPersonalProjects/deslop/scripts/chunks/Chunk_3501_3525.txt,3520,/home/chinmay/ChinmayPersonalProjects/gopdfsuit/internal/pdf/metadata.go,269,go_perf_layer_string_handling_fmt_sprintf_for_simple_concat,true_positive,Snippet uses fmt sprintf for string building
/home/chinmay/ChinmayPersonalProjects/deslop/scripts/chunks/Chunk_3501_3525.txt,3521,/home/chinmay/ChinmayPersonalProjects/gopdfsuit/internal/pdf/metadata.go,272,go_perf_layer_io_operations_scanner_used_for_large_token_stream,true_positive,Snippet uses scanner for token stream
/home/chinmay/ChinmayPersonalProjects/deslop/scripts/chunks/Chunk_3501_3525.txt,3522,/home/chinmay/ChinmayPersonalProjects/gopdfsuit/internal/pdf/metadata.go,272,go_perf_layer_io_operations_small_writes_without_bufio_writer,true_positive,Snippet performs repeated writes without bufio writer
/home/chinmay/ChinmayPersonalProjects/deslop/scripts/chunks/Chunk_3501_3525.txt,3523,/home/chinmay/ChinmayPersonalProjects/gopdfsuit/internal/pdf/metadata.go,272,go_perf_layer_io_operations_temporary_file_for_stream_transform,false_positive,No temporary file transform shown
/home/chinmay/ChinmayPersonalProjects/deslop/scripts/chunks/Chunk_3501_3525.txt,3524,/home/chinmay/ChinmayPersonalProjects/gopdfsuit/internal/pdf/metadata.go,273,go_perf_layer_network_calls_retry_loop_without_backoff,false_positive,No clear retry loop over network call shown
/home/chinmay/ChinmayPersonalProjects/deslop/scripts/chunks/Chunk_3501_3525.txt,3525,/home/chinmay/ChinmayPersonalProjects/gopdfsuit/internal/pdf/metadata.go,283,go_perf_layer_serialization_gzip_writer_created_per_small_payload,false_positive,No gzip writer creation shown
/home/chinmay/ChinmayPersonalProjects/deslop/scripts/chunks/Chunk_3526_3550.txt,3526,/home/chinmay/ChinmayPersonalProjects/gopdfsuit/internal/pdf/metadata.go,284,go_perf_layer_resource_pooling_buffer_pool_without_max_capacity,false_positive,No sync pool buffer pattern shown
/home/chinmay/ChinmayPersonalProjects/deslop/scripts/chunks/Chunk_3526_3550.txt,3527,/home/chinmay/ChinmayPersonalProjects/gopdfsuit/internal/pdf/metadata.go,298,go_perf_layer_caching_cache_key_built_with_fmt,true_positive,Snippet shows cache related pattern flagged by rule
/home/chinmay/ChinmayPersonalProjects/deslop/scripts/chunks/Chunk_3526_3550.txt,3528,/home/chinmay/ChinmayPersonalProjects/gopdfsuit/internal/pdf/metadata.go,298,go_perf_layer_caching_unbounded_cache_map,true_positive,Snippet shows cache related pattern flagged by rule
/home/chinmay/ChinmayPersonalProjects/deslop/scripts/chunks/Chunk_3526_3550.txt,3529,/home/chinmay/ChinmayPersonalProjects/gopdfsuit/internal/pdf/metadata.go,298,go_perf_layer_data_structure_choice_interface_map_for_typed_values,true_positive,Snippet creates or uses map pattern flagged by rule
/home/chinmay/ChinmayPersonalProjects/deslop/scripts/chunks/Chunk_3526_3550.txt,3530,/home/chinmay/ChinmayPersonalProjects/gopdfsuit/internal/pdf/metadata.go,298,go_perf_layer_database_access_query_inside_loop_without_batching,false_positive,No database access evidence in snippet
/home/chinmay/ChinmayPersonalProjects/deslop/scripts/chunks/Chunk_3526_3550.txt,3531,/home/chinmay/ChinmayPersonalProjects/gopdfsuit/internal/pdf/metadata.go,374,go_perf_layer_string_handling_fmt_sprintf_for_simple_concat,true_positive,Snippet uses fmt sprintf for string building
/home/chinmay/ChinmayPersonalProjects/deslop/scripts/chunks/Chunk_3526_3550.txt,3532,/home/chinmay/ChinmayPersonalProjects/gopdfsuit/internal/pdf/metadata.go,384,go_perf_layer_network_calls_retry_loop_without_backoff,false_positive,No clear retry loop over network call shown
/home/chinmay/ChinmayPersonalProjects/deslop/scripts/chunks/Chunk_3526_3550.txt,3533,/home/chinmay/ChinmayPersonalProjects/gopdfsuit/internal/pdf/outline.go,59,go_perf_layer_async_concurrency_goroutine_per_item_without_worker_limit,false_positive,No goroutine per item pattern shown
/home/chinmay/ChinmayPersonalProjects/deslop/scripts/chunks/Chunk_3526_3550.txt,3534,/home/chinmay/ChinmayPersonalProjects/gopdfsuit/internal/pdf/outline.go,59,go_perf_layer_network_calls_retry_loop_without_backoff,false_positive,No clear retry loop over network call shown
/home/chinmay/ChinmayPersonalProjects/deslop/scripts/chunks/Chunk_3526_3550.txt,3535,/home/chinmay/ChinmayPersonalProjects/gopdfsuit/internal/pdf/outline.go,85,go_perf_layer_algorithmic_complexity_quadratic_append_filter_pipeline,true_positive,Snippet shows nested iteration pattern
/home/chinmay/ChinmayPersonalProjects/deslop/scripts/chunks/Chunk_3526_3550.txt,3536,/home/chinmay/ChinmayPersonalProjects/gopdfsuit/internal/pdf/outline.go,85,go_perf_layer_algorithmic_complexity_recursive_graph_walk_without_seen_set,true_positive,Snippet performs recursive walk pattern
/home/chinmay/ChinmayPersonalProjects/deslop/scripts/chunks/Chunk_3526_3550.txt,3537,/home/chinmay/ChinmayPersonalProjects/gopdfsuit/internal/pdf/outline.go,85,go_perf_layer_algorithmic_complexity_repeated_nested_slice_scans,true_positive,Snippet shows nested iteration pattern
/home/chinmay/ChinmayPersonalProjects/deslop/scripts/chunks/Chunk_3526_3550.txt,3538,/home/chinmay/ChinmayPersonalProjects/gopdfsuit/internal/pdf/outline.go,85,go_perf_layer_algorithmic_complexity_sort_before_linear_dedup,false_positive,No sort based dedup pattern shown
/home/chinmay/ChinmayPersonalProjects/deslop/scripts/chunks/Chunk_3526_3550.txt,3539,/home/chinmay/ChinmayPersonalProjects/gopdfsuit/internal/pdf/outline.go,85,go_perf_layer_collection_iteration_copy_slice_before_readonly_range,false_positive,No pre range slice copy shown
/home/chinmay/ChinmayPersonalProjects/deslop/scripts/chunks/Chunk_3526_3550.txt,3540,/home/chinmay/ChinmayPersonalProjects/gopdfsuit/internal/pdf/outline.go,85,go_perf_layer_collection_iteration_manual_index_loop_without_bounds_need,false_positive,No manual index loop pattern shown
/home/chinmay/ChinmayPersonalProjects/deslop/scripts/chunks/Chunk_3526_3550.txt,3541,/home/chinmay/ChinmayPersonalProjects/gopdfsuit/internal/pdf/outline.go,85,go_perf_layer_collection_iteration_range_over_map_for_deterministic_first,true_positive,Snippet ranges map where order is nondeterministic
/home/chinmay/ChinmayPersonalProjects/deslop/scripts/chunks/Chunk_3526_3550.txt,3542,/home/chinmay/ChinmayPersonalProjects/gopdfsuit/internal/pdf/outline.go,85,go_perf_layer_hot_path_optimization_time_now_called_many_times_per_item,false_positive,No repeated time now calls shown
/home/chinmay/ChinmayPersonalProjects/deslop/scripts/chunks/Chunk_3526_3550.txt,3543,/home/chinmay/ChinmayPersonalProjects/gopdfsuit/internal/pdf/outline.go,85,go_perf_layer_network_calls_retry_loop_without_backoff,false_positive,No clear retry loop over network call shown
/home/chinmay/ChinmayPersonalProjects/deslop/scripts/chunks/Chunk_3526_3550.txt,3544,/home/chinmay/ChinmayPersonalProjects/gopdfsuit/internal/pdf/outline.go,86,go_perf_layer_async_concurrency_goroutine_per_item_without_worker_limit,false_positive,No goroutine per item pattern shown
/home/chinmay/ChinmayPersonalProjects/deslop/scripts/chunks/Chunk_3526_3550.txt,3545,/home/chinmay/ChinmayPersonalProjects/gopdfsuit/internal/pdf/outline.go,89,go_perf_layer_io_operations_stat_before_open_without_branch,false_positive,No stat before open pattern shown
/home/chinmay/ChinmayPersonalProjects/deslop/scripts/chunks/Chunk_3526_3550.txt,3546,/home/chinmay/ChinmayPersonalProjects/gopdfsuit/internal/pdf/outline.go,93,go_perf_layer_data_structure_choice_small_enum_string_switch_map,false_positive,No small enum map choice evidence shown
/home/chinmay/ChinmayPersonalProjects/deslop/scripts/chunks/Chunk_3526_3550.txt,3547,/home/chinmay/ChinmayPersonalProjects/gopdfsuit/internal/pdf/outline.go,94,go_perf_layer_string_handling_string_lower_for_case_insensitive_compare,false_positive,No case normalization call shown
/home/chinmay/ChinmayPersonalProjects/deslop/scripts/chunks/Chunk_3526_3550.txt,3548,/home/chinmay/ChinmayPersonalProjects/gopdfsuit/internal/pdf/outline.go,95,go_perf_layer_database_access_count_query_before_paged_fetch,true_positive,Snippet contains database query or db call
/home/chinmay/ChinmayPersonalProjects/deslop/scripts/chunks/Chunk_3526_3550.txt,3549,/home/chinmay/ChinmayPersonalProjects/gopdfsuit/internal/pdf/outline.go,95,go_perf_layer_database_access_query_inside_loop_without_batching,true_positive,Snippet contains database query or db call
/home/chinmay/ChinmayPersonalProjects/deslop/scripts/chunks/Chunk_3526_3550.txt,3550,/home/chinmay/ChinmayPersonalProjects/gopdfsuit/internal/pdf/outline.go,104,go_perf_layer_caching_cache_miss_does_duplicate_work,true_positive,Snippet shows cache related pattern flagged by rule
/home/chinmay/ChinmayPersonalProjects/deslop/scripts/chunks/Chunk_3551_3575.txt,3551,/home/chinmay/ChinmayPersonalProjects/gopdfsuit/internal/pdf/outline.go,158,go_perf_layer_string_handling_fmt_sprintf_for_simple_concat,true_positive,Snippet uses fmt sprintf for string building
/home/chinmay/ChinmayPersonalProjects/deslop/scripts/chunks/Chunk_3551_3575.txt,3552,/home/chinmay/ChinmayPersonalProjects/gopdfsuit/internal/pdf/outline.go,158,go_perf_layer_string_handling_strings_join_single_element_loop,false_positive,No strings join call shown
/home/chinmay/ChinmayPersonalProjects/deslop/scripts/chunks/Chunk_3551_3575.txt,3553,/home/chinmay/ChinmayPersonalProjects/gopdfsuit/internal/pdf/outline.go,162,go_perf_layer_caching_cache_key_built_with_fmt,true_positive,Snippet shows cache related pattern flagged by rule
/home/chinmay/ChinmayPersonalProjects/deslop/scripts/chunks/Chunk_3551_3575.txt,3554,/home/chinmay/ChinmayPersonalProjects/gopdfsuit/internal/pdf/outline.go,162,go_perf_layer_caching_json_cache_value_stored_as_string,true_positive,Snippet shows cache related pattern flagged by rule
/home/chinmay/ChinmayPersonalProjects/deslop/scripts/chunks/Chunk_3551_3575.txt,3555,/home/chinmay/ChinmayPersonalProjects/gopdfsuit/internal/pdf/outline.go,162,go_perf_layer_caching_unbounded_cache_map,true_positive,Snippet shows cache related pattern flagged by rule
/home/chinmay/ChinmayPersonalProjects/deslop/scripts/chunks/Chunk_3551_3575.txt,3556,/home/chinmay/ChinmayPersonalProjects/gopdfsuit/internal/pdf/outline.go,168,go_perf_layer_resource_pooling_rate_limiter_per_request,true_positive,Snippet creates rate limiter in request path
/home/chinmay/ChinmayPersonalProjects/deslop/scripts/chunks/Chunk_3551_3575.txt,3557,/home/chinmay/ChinmayPersonalProjects/gopdfsuit/internal/pdf/outline.go,170,fmt_hot_path,true_positive,Snippet uses fmt formatting call
/home/chinmay/ChinmayPersonalProjects/deslop/scripts/chunks/Chunk_3551_3575.txt,3558,/home/chinmay/ChinmayPersonalProjects/gopdfsuit/internal/pdf/outline.go,170,go_perf_layer_memory_allocation_temporary_byte_slice_for_string_write,true_positive,Snippet allocates byte buffer or conversion in path
/home/chinmay/ChinmayPersonalProjects/deslop/scripts/chunks/Chunk_3551_3575.txt,3559,/home/chinmay/ChinmayPersonalProjects/gopdfsuit/internal/pdf/outline.go,200,go_perf_layer_memory_allocation_append_without_known_capacity,true_positive,Snippet appends during loop without visible capacity hint
/home/chinmay/ChinmayPersonalProjects/deslop/scripts/chunks/Chunk_3551_3575.txt,3560,/home/chinmay/ChinmayPersonalProjects/gopdfsuit/internal/pdf/outline.go,211,go_perf_layer_database_access_select_star_on_hot_query,true_positive,Snippet contains database query or db call
/home/chinmay/ChinmayPersonalProjects/deslop/scripts/chunks/Chunk_3551_3575.txt,3561,/home/chinmay/ChinmayPersonalProjects/gopdfsuit/internal/pdf/outline.go,212,go_perf_layer_collection_iteration_range_over_map_for_deterministic_first,true_positive,Snippet ranges map where order is nondeterministic
/home/chinmay/ChinmayPersonalProjects/deslop/scripts/chunks/Chunk_3551_3575.txt,3562,/home/chinmay/ChinmayPersonalProjects/gopdfsuit/internal/pdf/outline.go,215,go_perf_layer_network_calls_retry_loop_without_backoff,false_positive,No clear retry loop over network call shown
/home/chinmay/ChinmayPersonalProjects/deslop/scripts/chunks/Chunk_3551_3575.txt,3563,/home/chinmay/ChinmayPersonalProjects/gopdfsuit/internal/pdf/outline.go,216,go_perf_layer_async_concurrency_goroutine_per_item_without_worker_limit,false_positive,No goroutine per item pattern shown
/home/chinmay/ChinmayPersonalProjects/deslop/scripts/chunks/Chunk_3551_3575.txt,3564,/home/chinmay/ChinmayPersonalProjects/gopdfsuit/internal/pdf/outline.go,245,go_perf_layer_database_access_query_inside_loop_without_batching,false_positive,No database access evidence in snippet
/home/chinmay/ChinmayPersonalProjects/deslop/scripts/chunks/Chunk_3551_3575.txt,3565,/home/chinmay/ChinmayPersonalProjects/gopdfsuit/internal/pdf/outline.go,264,go_perf_layer_async_concurrency_goroutine_per_item_without_worker_limit,false_positive,No goroutine per item pattern shown
/home/chinmay/ChinmayPersonalProjects/deslop/scripts/chunks/Chunk_3551_3575.txt,3566,/home/chinmay/ChinmayPersonalProjects/gopdfsuit/internal/pdf/outline.go,264,go_perf_layer_network_calls_retry_loop_without_backoff,false_positive,No clear retry loop over network call shown
/home/chinmay/ChinmayPersonalProjects/deslop/scripts/chunks/Chunk_3551_3575.txt,3567,/home/chinmay/ChinmayPersonalProjects/gopdfsuit/internal/pdf/outline.go,266,go_perf_layer_io_operations_stat_before_open_without_branch,false_positive,No stat before open pattern shown
/home/chinmay/ChinmayPersonalProjects/deslop/scripts/chunks/Chunk_3551_3575.txt,3568,/home/chinmay/ChinmayPersonalProjects/gopdfsuit/internal/pdf/outline.go,276,go_perf_layer_async_concurrency_goroutine_per_item_without_worker_limit,false_positive,No goroutine per item pattern shown
/home/chinmay/ChinmayPersonalProjects/deslop/scripts/chunks/Chunk_3551_3575.txt,3569,/home/chinmay/ChinmayPersonalProjects/gopdfsuit/internal/pdf/outline.go,278,go_perf_layer_network_calls_retry_loop_without_backoff,false_positive,No clear retry loop over network call shown
/home/chinmay/ChinmayPersonalProjects/deslop/scripts/chunks/Chunk_3551_3575.txt,3570,/home/chinmay/ChinmayPersonalProjects/gopdfsuit/internal/pdf/outline.go,281,go_perf_layer_io_operations_stat_before_open_without_branch,false_positive,No stat before open pattern shown
/home/chinmay/ChinmayPersonalProjects/deslop/scripts/chunks/Chunk_3551_3575.txt,3571,/home/chinmay/ChinmayPersonalProjects/gopdfsuit/internal/pdf/outline.go,293,go_perf_layer_async_concurrency_goroutine_per_item_without_worker_limit,false_positive,No goroutine per item pattern shown
/home/chinmay/ChinmayPersonalProjects/deslop/scripts/chunks/Chunk_3551_3575.txt,3572,/home/chinmay/ChinmayPersonalProjects/gopdfsuit/internal/pdf/outline.go,293,go_perf_layer_collection_iteration_range_over_map_for_deterministic_first,true_positive,Snippet ranges map where order is nondeterministic
/home/chinmay/ChinmayPersonalProjects/deslop/scripts/chunks/Chunk_3551_3575.txt,3573,/home/chinmay/ChinmayPersonalProjects/gopdfsuit/internal/pdf/outline.go,293,go_perf_layer_database_access_count_query_before_paged_fetch,false_positive,No database access evidence in snippet
/home/chinmay/ChinmayPersonalProjects/deslop/scripts/chunks/Chunk_3551_3575.txt,3574,/home/chinmay/ChinmayPersonalProjects/gopdfsuit/internal/pdf/outline.go,293,go_perf_layer_database_access_query_inside_loop_without_batching,false_positive,No database access evidence in snippet
/home/chinmay/ChinmayPersonalProjects/deslop/scripts/chunks/Chunk_3551_3575.txt,3575,/home/chinmay/ChinmayPersonalProjects/gopdfsuit/internal/pdf/outline.go,295,go_perf_layer_algorithmic_complexity_quadratic_append_filter_pipeline,true_positive,Snippet shows nested iteration pattern
/home/chinmay/ChinmayPersonalProjects/deslop/scripts/chunks/Chunk_3576_3600.txt,3576,/home/chinmay/ChinmayPersonalProjects/gopdfsuit/internal/pdf/outline.go,295,go_perf_layer_algorithmic_complexity_repeated_nested_slice_scans,true_positive,Snippet shows nested iteration pattern
/home/chinmay/ChinmayPersonalProjects/deslop/scripts/chunks/Chunk_3576_3600.txt,3577,/home/chinmay/ChinmayPersonalProjects/gopdfsuit/internal/pdf/outline.go,295,go_perf_layer_collection_iteration_copy_slice_before_readonly_range,false_positive,No pre range slice copy shown
/home/chinmay/ChinmayPersonalProjects/deslop/scripts/chunks/Chunk_3576_3600.txt,3578,/home/chinmay/ChinmayPersonalProjects/gopdfsuit/internal/pdf/outline.go,295,go_perf_layer_network_calls_retry_loop_without_backoff,false_positive,No clear retry loop over network call shown
/home/chinmay/ChinmayPersonalProjects/deslop/scripts/chunks/Chunk_3576_3600.txt,3579,/home/chinmay/ChinmayPersonalProjects/gopdfsuit/internal/pdf/outline.go,296,go_perf_layer_string_handling_string_lower_for_case_insensitive_compare,false_positive,No case normalization call shown
/home/chinmay/ChinmayPersonalProjects/deslop/scripts/chunks/Chunk_3576_3600.txt,3580,/home/chinmay/ChinmayPersonalProjects/gopdfsuit/internal/pdf/outline.go,309,go_perf_layer_io_operations_stat_before_open_without_branch,false_positive,No stat before open pattern shown
/home/chinmay/ChinmayPersonalProjects/deslop/scripts/chunks/Chunk_3576_3600.txt,3581,/home/chinmay/ChinmayPersonalProjects/gopdfsuit/internal/pdf/outline.go,315,go_perf_layer_caching_cache_key_built_with_fmt,true_positive,Snippet shows cache related pattern flagged by rule
/home/chinmay/ChinmayPersonalProjects/deslop/scripts/chunks/Chunk_3576_3600.txt,3582,/home/chinmay/ChinmayPersonalProjects/gopdfsuit/internal/pdf/outline.go,315,go_perf_layer_caching_json_cache_value_stored_as_string,true_positive,Snippet shows cache related pattern flagged by rule
/home/chinmay/ChinmayPersonalProjects/deslop/scripts/chunks/Chunk_3576_3600.txt,3583,/home/chinmay/ChinmayPersonalProjects/gopdfsuit/internal/pdf/outline.go,315,go_perf_layer_caching_unbounded_cache_map,true_positive,Snippet shows cache related pattern flagged by rule
/home/chinmay/ChinmayPersonalProjects/deslop/scripts/chunks/Chunk_3576_3600.txt,3584,/home/chinmay/ChinmayPersonalProjects/gopdfsuit/internal/pdf/outline.go,316,go_perf_layer_error_handling_cost_error_string_built_before_error_needed,true_positive,Snippet builds formatted error string eagerly
/home/chinmay/ChinmayPersonalProjects/deslop/scripts/chunks/Chunk_3576_3600.txt,3585,/home/chinmay/ChinmayPersonalProjects/gopdfsuit/internal/pdf/outline.go,316,go_perf_layer_memory_allocation_temporary_byte_slice_for_string_write,true_positive,Snippet allocates byte buffer or conversion in path
/home/chinmay/ChinmayPersonalProjects/deslop/scripts/chunks/Chunk_3576_3600.txt,3586,/home/chinmay/ChinmayPersonalProjects/gopdfsuit/internal/pdf/outline.go,316,go_perf_layer_string_handling_byte_string_roundtrip_for_contains,false_positive,No contains or index byte string roundtrip shown
/home/chinmay/ChinmayPersonalProjects/deslop/scripts/chunks/Chunk_3576_3600.txt,3587,/home/chinmay/ChinmayPersonalProjects/gopdfsuit/internal/pdf/outline.go,316,go_perf_layer_string_handling_fmt_sprintf_for_simple_concat,true_positive,Snippet uses fmt sprintf for string building
/home/chinmay/ChinmayPersonalProjects/deslop/scripts/chunks/Chunk_3576_3600.txt,3588,/home/chinmay/ChinmayPersonalProjects/gopdfsuit/internal/pdf/outline.go,316,strings_builder_without_grow_known_bound,true_positive,Snippet uses builder or buffer pattern flagged by rule
/home/chinmay/ChinmayPersonalProjects/deslop/scripts/chunks/Chunk_3576_3600.txt,3589,/home/chinmay/ChinmayPersonalProjects/gopdfsuit/internal/pdf/outline.go,327,filter_then_count_then_iterate,false_positive,No filter count iterate pattern shown
/home/chinmay/ChinmayPersonalProjects/deslop/scripts/chunks/Chunk_3576_3600.txt,3590,/home/chinmay/ChinmayPersonalProjects/gopdfsuit/internal/pdf/outline.go,328,builder_or_buffer_recreated_per_iteration,true_positive,Snippet uses builder or buffer pattern flagged by rule
/home/chinmay/ChinmayPersonalProjects/deslop/scripts/chunks/Chunk_3576_3600.txt,3591,/home/chinmay/ChinmayPersonalProjects/gopdfsuit/internal/pdf/outline.go,345,go_perf_layer_memory_allocation_append_without_known_capacity,true_positive,Snippet appends during loop without visible capacity hint
/home/chinmay/ChinmayPersonalProjects/deslop/scripts/chunks/Chunk_3576_3600.txt,3592,/home/chinmay/ChinmayPersonalProjects/gopdfsuit/internal/pdf/outline.go,345,slice_append_without_prealloc_known_bound,true_positive,Snippet appends during loop without visible capacity hint
/home/chinmay/ChinmayPersonalProjects/deslop/scripts/chunks/Chunk_3576_3600.txt,3593,/home/chinmay/ChinmayPersonalProjects/gopdfsuit/internal/pdf/outline.go,345,slice_grow_without_cap_hint,true_positive,Snippet appends during loop without visible capacity hint
/home/chinmay/ChinmayPersonalProjects/deslop/scripts/chunks/Chunk_3576_3600.txt,3594,/home/chinmay/ChinmayPersonalProjects/gopdfsuit/internal/pdf/outline.go,348,slice_append_without_prealloc_known_bound,true_positive,Snippet appends during loop without visible capacity hint
/home/chinmay/ChinmayPersonalProjects/deslop/scripts/chunks/Chunk_3576_3600.txt,3595,/home/chinmay/ChinmayPersonalProjects/gopdfsuit/internal/pdf/outline.go,348,slice_grow_without_cap_hint,true_positive,Snippet appends during loop without visible capacity hint
/home/chinmay/ChinmayPersonalProjects/deslop/scripts/chunks/Chunk_3576_3600.txt,3596,/home/chinmay/ChinmayPersonalProjects/gopdfsuit/internal/pdf/outline.go,353,slice_append_without_prealloc_known_bound,true_positive,Snippet appends during loop without visible capacity hint
/home/chinmay/ChinmayPersonalProjects/deslop/scripts/chunks/Chunk_3576_3600.txt,3597,/home/chinmay/ChinmayPersonalProjects/gopdfsuit/internal/pdf/outline.go,353,slice_grow_without_cap_hint,true_positive,Snippet appends during loop without visible capacity hint
/home/chinmay/ChinmayPersonalProjects/deslop/scripts/chunks/Chunk_3576_3600.txt,3598,/home/chinmay/ChinmayPersonalProjects/gopdfsuit/internal/pdf/outline.go,362,fmt_hot_path,true_positive,Snippet uses fmt formatting call
/home/chinmay/ChinmayPersonalProjects/deslop/scripts/chunks/Chunk_3576_3600.txt,3599,/home/chinmay/ChinmayPersonalProjects/gopdfsuit/internal/pdf/outline.go,362,hex_encode_to_string_in_loop,true_positive,Snippet shows conversion or encoding call for this rule
/home/chinmay/ChinmayPersonalProjects/deslop/scripts/chunks/Chunk_3576_3600.txt,3600,/home/chinmay/ChinmayPersonalProjects/gopdfsuit/internal/pdf/outline.go,362,uuid_hash_formatting_only_for_logs,true_positive,Snippet shows conversion or encoding call for this rule
/home/chinmay/ChinmayPersonalProjects/deslop/scripts/chunks/Chunk_3601_3625.txt,3601,/home/chinmay/ChinmayPersonalProjects/gopdfsuit/internal/pdf/outline.go,364,fmt_hot_path,true_positive,Snippet uses fmt formatting call
/home/chinmay/ChinmayPersonalProjects/deslop/scripts/chunks/Chunk_3601_3625.txt,3602,/home/chinmay/ChinmayPersonalProjects/gopdfsuit/internal/pdf/outline.go,367,fmt_hot_path,true_positive,Snippet uses fmt formatting call
/home/chinmay/ChinmayPersonalProjects/deslop/scripts/chunks/Chunk_3601_3625.txt,3603,/home/chinmay/ChinmayPersonalProjects/gopdfsuit/internal/pdf/outline.go,372,fmt_hot_path,true_positive,Snippet uses fmt formatting call
/home/chinmay/ChinmayPersonalProjects/deslop/scripts/chunks/Chunk_3601_3625.txt,3604,/home/chinmay/ChinmayPersonalProjects/gopdfsuit/internal/pdf/outline.go,375,fmt_hot_path,true_positive,Snippet uses fmt formatting call
/home/chinmay/ChinmayPersonalProjects/deslop/scripts/chunks/Chunk_3601_3625.txt,3605,/home/chinmay/ChinmayPersonalProjects/gopdfsuit/internal/pdf/outline.go,380,fmt_hot_path,true_positive,Snippet uses fmt formatting call
/home/chinmay/ChinmayPersonalProjects/deslop/scripts/chunks/Chunk_3601_3625.txt,3606,/home/chinmay/ChinmayPersonalProjects/gopdfsuit/internal/pdf/outline.go,383,fmt_hot_path,true_positive,Snippet uses fmt formatting call
/home/chinmay/ChinmayPersonalProjects/deslop/scripts/chunks/Chunk_3601_3625.txt,3607,/home/chinmay/ChinmayPersonalProjects/gopdfsuit/internal/pdf/outline.go,386,fmt_hot_path,true_positive,Snippet uses fmt formatting call
/home/chinmay/ChinmayPersonalProjects/deslop/scripts/chunks/Chunk_3601_3625.txt,3608,/home/chinmay/ChinmayPersonalProjects/gopdfsuit/internal/pdf/outline.go,387,fmt_hot_path,true_positive,Snippet uses fmt formatting call
/home/chinmay/ChinmayPersonalProjects/deslop/scripts/chunks/Chunk_3601_3625.txt,3609,/home/chinmay/ChinmayPersonalProjects/gopdfsuit/internal/pdf/outline.go,388,fmt_hot_path,true_positive,Snippet uses fmt formatting call
/home/chinmay/ChinmayPersonalProjects/deslop/scripts/chunks/Chunk_3601_3625.txt,3610,/home/chinmay/ChinmayPersonalProjects/gopdfsuit/internal/pdf/outline.go,398,go_perf_layer_string_handling_byte_string_roundtrip_for_contains,false_positive,No contains or index byte string roundtrip shown
/home/chinmay/ChinmayPersonalProjects/deslop/scripts/chunks/Chunk_3601_3625.txt,3611,/home/chinmay/ChinmayPersonalProjects/gopdfsuit/internal/pdf/outline.go,398,go_perf_layer_string_handling_fmt_sprintf_for_simple_concat,true_positive,Snippet uses fmt sprintf for string building
/home/chinmay/ChinmayPersonalProjects/deslop/scripts/chunks/Chunk_3601_3625.txt,3612,/home/chinmay/ChinmayPersonalProjects/gopdfsuit/internal/pdf/outline.go,400,go_perf_layer_network_calls_retry_loop_without_backoff,false_positive,No clear retry loop over network call shown
/home/chinmay/ChinmayPersonalProjects/deslop/scripts/chunks/Chunk_3601_3625.txt,3613,/home/chinmay/ChinmayPersonalProjects/gopdfsuit/internal/pdf/outline.go,409,strings_builder_without_grow_known_bound,true_positive,Snippet uses builder or buffer pattern flagged by rule
/home/chinmay/ChinmayPersonalProjects/deslop/scripts/chunks/Chunk_3601_3625.txt,3614,/home/chinmay/ChinmayPersonalProjects/gopdfsuit/internal/pdf/outline.go,414,fmt_hot_path,true_positive,Snippet uses fmt formatting call
/home/chinmay/ChinmayPersonalProjects/deslop/scripts/chunks/Chunk_3601_3625.txt,3615,/home/chinmay/ChinmayPersonalProjects/gopdfsuit/internal/pdf/outline.go,420,fmt_hot_path,true_positive,Snippet uses fmt formatting call
/home/chinmay/ChinmayPersonalProjects/deslop/scripts/chunks/Chunk_3601_3625.txt,3616,/home/chinmay/ChinmayPersonalProjects/gopdfsuit/internal/pdf/outline.go,434,go_perf_layer_algorithmic_complexity_quadratic_append_filter_pipeline,true_positive,Snippet shows nested iteration pattern
/home/chinmay/ChinmayPersonalProjects/deslop/scripts/chunks/Chunk_3601_3625.txt,3617,/home/chinmay/ChinmayPersonalProjects/gopdfsuit/internal/pdf/outline.go,434,go_perf_layer_string_handling_string_lower_for_case_insensitive_compare,false_positive,No case normalization call shown
/home/chinmay/ChinmayPersonalProjects/deslop/scripts/chunks/Chunk_3601_3625.txt,3618,/home/chinmay/ChinmayPersonalProjects/gopdfsuit/internal/pdf/outline.go,438,go_perf_layer_algorithmic_complexity_repeated_nested_slice_scans,true_positive,Snippet shows nested iteration pattern
/home/chinmay/ChinmayPersonalProjects/deslop/scripts/chunks/Chunk_3601_3625.txt,3619,/home/chinmay/ChinmayPersonalProjects/gopdfsuit/internal/pdf/outline.go,438,go_perf_layer_collection_iteration_copy_slice_before_readonly_range,false_positive,No pre range slice copy shown
/home/chinmay/ChinmayPersonalProjects/deslop/scripts/chunks/Chunk_3601_3625.txt,3620,/home/chinmay/ChinmayPersonalProjects/gopdfsuit/internal/pdf/outline.go,438,go_perf_layer_collection_iteration_manual_index_loop_without_bounds_need,true_positive,Snippet uses manual index loop over length
/home/chinmay/ChinmayPersonalProjects/deslop/scripts/chunks/Chunk_3601_3625.txt,3621,/home/chinmay/ChinmayPersonalProjects/gopdfsuit/internal/pdf/outline.go,438,go_perf_layer_network_calls_retry_loop_without_backoff,false_positive,No clear retry loop over network call shown
/home/chinmay/ChinmayPersonalProjects/deslop/scripts/chunks/Chunk_3601_3625.txt,3622,/home/chinmay/ChinmayPersonalProjects/gopdfsuit/internal/pdf/outline.go,438,go_perf_layer_runtime_configuration_debug_build_tags_in_hot_binary,true_positive,Snippet references debug build path
/home/chinmay/ChinmayPersonalProjects/deslop/scripts/chunks/Chunk_3601_3625.txt,3623,/home/chinmay/ChinmayPersonalProjects/gopdfsuit/internal/pdf/outline.go,439,go_perf_layer_caching_json_cache_value_stored_as_string,true_positive,Snippet shows cache related pattern flagged by rule
/home/chinmay/ChinmayPersonalProjects/deslop/scripts/chunks/Chunk_3601_3625.txt,3624,/home/chinmay/ChinmayPersonalProjects/gopdfsuit/internal/pdf/outline.go,439,go_perf_layer_memory_allocation_temporary_byte_slice_for_string_write,true_positive,Snippet allocates byte buffer or conversion in path
/home/chinmay/ChinmayPersonalProjects/deslop/scripts/chunks/Chunk_3601_3625.txt,3625,/home/chinmay/ChinmayPersonalProjects/gopdfsuit/internal/pdf/outline.go,439,go_perf_layer_string_handling_byte_string_roundtrip_for_contains,false_positive,No contains or index byte string roundtrip shown
/home/chinmay/ChinmayPersonalProjects/deslop/scripts/chunks/Chunk_3626_3650.txt,3626,/home/chinmay/ChinmayPersonalProjects/gopdfsuit/internal/pdf/outline.go,439,go_perf_layer_string_handling_fmt_sprintf_for_simple_concat,true_positive,Snippet uses fmt sprintf for string building
/home/chinmay/ChinmayPersonalProjects/deslop/scripts/chunks/Chunk_3626_3650.txt,3627,/home/chinmay/ChinmayPersonalProjects/gopdfsuit/internal/pdf/outline.go,439,go_perf_layer_string_handling_strings_join_single_element_loop,false_positive,No strings join call shown
/home/chinmay/ChinmayPersonalProjects/deslop/scripts/chunks/Chunk_3626_3650.txt,3628,/home/chinmay/ChinmayPersonalProjects/gopdfsuit/internal/pdf/outline.go,439,strings_builder_without_grow_known_bound,true_positive,Snippet uses builder or buffer pattern flagged by rule
/home/chinmay/ChinmayPersonalProjects/deslop/scripts/chunks/Chunk_3626_3650.txt,3629,/home/chinmay/ChinmayPersonalProjects/gopdfsuit/internal/pdf/outline.go,440,builder_write_string_single_byte_literal,true_positive,Snippet uses builder or buffer pattern flagged by rule
/home/chinmay/ChinmayPersonalProjects/deslop/scripts/chunks/Chunk_3626_3650.txt,3630,/home/chinmay/ChinmayPersonalProjects/gopdfsuit/internal/pdf/outline.go,443,go_perf_layer_data_structure_choice_slice_queue_pop_front,false_positive,No slice pop front queue pattern shown
/home/chinmay/ChinmayPersonalProjects/deslop/scripts/chunks/Chunk_3626_3650.txt,3631,/home/chinmay/ChinmayPersonalProjects/gopdfsuit/internal/pdf/outline.go,443,go_perf_layer_memory_allocation_bytes_buffer_allocated_per_record,true_positive,Snippet allocates byte buffer or conversion in path
/home/chinmay/ChinmayPersonalProjects/deslop/scripts/chunks/Chunk_3626_3650.txt,3632,/home/chinmay/ChinmayPersonalProjects/gopdfsuit/internal/pdf/outline.go,456,go_perf_layer_caching_cache_key_built_with_fmt,true_positive,Snippet shows cache related pattern flagged by rule
/home/chinmay/ChinmayPersonalProjects/deslop/scripts/chunks/Chunk_3626_3650.txt,3633,/home/chinmay/ChinmayPersonalProjects/gopdfsuit/internal/pdf/outline.go,469,builder_write_string_single_byte_literal,true_positive,Snippet uses builder or buffer pattern flagged by rule
/home/chinmay/ChinmayPersonalProjects/deslop/scripts/chunks/Chunk_3626_3650.txt,3634,/home/chinmay/ChinmayPersonalProjects/gopdfsuit/internal/pdf/outline.go,478,fmt_hot_path,true_positive,Snippet uses fmt formatting call
/home/chinmay/ChinmayPersonalProjects/deslop/scripts/chunks/Chunk_3626_3650.txt,3635,/home/chinmay/ChinmayPersonalProjects/gopdfsuit/internal/pdf/outline.go,478,hex_encode_to_string_in_loop,true_positive,Snippet shows conversion or encoding call for this rule
/home/chinmay/ChinmayPersonalProjects/deslop/scripts/chunks/Chunk_3626_3650.txt,3636,/home/chinmay/ChinmayPersonalProjects/gopdfsuit/internal/pdf/outline.go,478,uuid_hash_formatting_only_for_logs,true_positive,Snippet shows conversion or encoding call for this rule
/home/chinmay/ChinmayPersonalProjects/deslop/scripts/chunks/Chunk_3626_3650.txt,3637,/home/chinmay/ChinmayPersonalProjects/gopdfsuit/internal/pdf/outline.go,480,fmt_hot_path,true_positive,Snippet uses fmt formatting call
/home/chinmay/ChinmayPersonalProjects/deslop/scripts/chunks/Chunk_3626_3650.txt,3638,/home/chinmay/ChinmayPersonalProjects/gopdfsuit/internal/pdf/outline.go,483,go_perf_layer_caching_unbounded_cache_map,true_positive,Snippet shows cache related pattern flagged by rule
/home/chinmay/ChinmayPersonalProjects/deslop/scripts/chunks/Chunk_3626_3650.txt,3639,/home/chinmay/ChinmayPersonalProjects/gopdfsuit/internal/pdf/outline.go,487,fmt_hot_path,true_positive,Snippet uses fmt formatting call
/home/chinmay/ChinmayPersonalProjects/deslop/scripts/chunks/Chunk_3626_3650.txt,3640,/home/chinmay/ChinmayPersonalProjects/gopdfsuit/internal/pdf/outline.go,491,fmt_hot_path,true_positive,Snippet uses fmt formatting call
/home/chinmay/ChinmayPersonalProjects/deslop/scripts/chunks/Chunk_3626_3650.txt,3641,/home/chinmay/ChinmayPersonalProjects/gopdfsuit/internal/pdf/outline.go,495,builder_write_string_single_byte_literal,true_positive,Snippet uses builder or buffer pattern flagged by rule
/home/chinmay/ChinmayPersonalProjects/deslop/scripts/chunks/Chunk_3626_3650.txt,3642,/home/chinmay/ChinmayPersonalProjects/gopdfsuit/internal/pdf/pagemanager.go,42,public_bool_parameter_api,true_positive,Snippet exposes public bool parameter api
/home/chinmay/ChinmayPersonalProjects/deslop/scripts/chunks/Chunk_3626_3650.txt,3643,/home/chinmay/ChinmayPersonalProjects/gopdfsuit/internal/pdf/pagemanager.go,44,go_perf_layer_collection_iteration_range_over_map_for_deterministic_first,false_positive,No map range pattern shown
/home/chinmay/ChinmayPersonalProjects/deslop/scripts/chunks/Chunk_3626_3650.txt,3644,/home/chinmay/ChinmayPersonalProjects/gopdfsuit/internal/pdf/pagemanager.go,44,go_perf_layer_memory_allocation_temporary_byte_slice_for_string_write,true_positive,Snippet allocates byte buffer or conversion in path
/home/chinmay/ChinmayPersonalProjects/deslop/scripts/chunks/Chunk_3626_3650.txt,3645,/home/chinmay/ChinmayPersonalProjects/gopdfsuit/internal/pdf/pagemanager.go,49,go_perf_layer_memory_allocation_map_recreated_for_static_lookup,true_positive,Snippet creates or uses map pattern flagged by rule
/home/chinmay/ChinmayPersonalProjects/deslop/scripts/chunks/Chunk_3626_3650.txt,3646,/home/chinmay/ChinmayPersonalProjects/gopdfsuit/internal/pdf/pagemanager.go,49,go_perf_layer_resource_pooling_buffer_pool_without_max_capacity,false_positive,No sync pool buffer pattern shown
/home/chinmay/ChinmayPersonalProjects/deslop/scripts/chunks/Chunk_3626_3650.txt,3647,/home/chinmay/ChinmayPersonalProjects/gopdfsuit/internal/pdf/pagemanager.go,49,go_perf_layer_string_handling_byte_string_roundtrip_for_contains,false_positive,No contains or index byte string roundtrip shown
/home/chinmay/ChinmayPersonalProjects/deslop/scripts/chunks/Chunk_3626_3650.txt,3648,/home/chinmay/ChinmayPersonalProjects/gopdfsuit/internal/pdf/pagemanager.go,51,go_perf_layer_caching_json_cache_value_stored_as_string,true_positive,Snippet shows cache related pattern flagged by rule
/home/chinmay/ChinmayPersonalProjects/deslop/scripts/chunks/Chunk_3626_3650.txt,3649,/home/chinmay/ChinmayPersonalProjects/gopdfsuit/internal/pdf/pagemanager.go,51,go_perf_layer_caching_unbounded_cache_map,true_positive,Snippet shows cache related pattern flagged by rule
/home/chinmay/ChinmayPersonalProjects/deslop/scripts/chunks/Chunk_3626_3650.txt,3650,/home/chinmay/ChinmayPersonalProjects/gopdfsuit/internal/pdf/pagemanager.go,51,go_perf_layer_data_structure_choice_interface_map_for_typed_values,true_positive,Snippet creates or uses map pattern flagged by rule
/home/chinmay/ChinmayPersonalProjects/deslop/scripts/chunks/Chunk_3651_3675.txt,3651,/home/chinmay/ChinmayPersonalProjects/gopdfsuit/internal/pdf/pagemanager.go,51,go_perf_layer_data_structure_choice_map_string_bool_for_membership,true_positive,Snippet creates or uses map pattern flagged by rule
/home/chinmay/ChinmayPersonalProjects/deslop/scripts/chunks/Chunk_3651_3675.txt,3652,/home/chinmay/ChinmayPersonalProjects/gopdfsuit/internal/pdf/pagemanager.go,51,go_perf_layer_data_structure_choice_small_enum_string_switch_map,false_positive,No small enum map choice evidence shown
/home/chinmay/ChinmayPersonalProjects/deslop/scripts/chunks/Chunk_3651_3675.txt,3653,/home/chinmay/ChinmayPersonalProjects/gopdfsuit/internal/pdf/pagemanager.go,67,go_perf_layer_memory_allocation_append_without_known_capacity,true_positive,Snippet appends during loop without visible capacity hint
/home/chinmay/ChinmayPersonalProjects/deslop/scripts/chunks/Chunk_3651_3675.txt,3654,/home/chinmay/ChinmayPersonalProjects/gopdfsuit/internal/pdf/pagemanager.go,67,go_perf_layer_memory_allocation_temporary_byte_slice_for_string_write,true_positive,Snippet allocates byte buffer or conversion in path
/home/chinmay/ChinmayPersonalProjects/deslop/scripts/chunks/Chunk_3651_3675.txt,3655,/home/chinmay/ChinmayPersonalProjects/gopdfsuit/internal/pdf/pagemanager.go,70,go_perf_layer_resource_pooling_buffer_pool_without_max_capacity,false_positive,No sync pool buffer pattern shown
/home/chinmay/ChinmayPersonalProjects/deslop/scripts/chunks/Chunk_3651_3675.txt,3656,/home/chinmay/ChinmayPersonalProjects/gopdfsuit/internal/pdf/pagemanager.go,76,go_perf_layer_memory_allocation_append_without_known_capacity,true_positive,Snippet appends during loop without visible capacity hint
/home/chinmay/ChinmayPersonalProjects/deslop/scripts/chunks/Chunk_3651_3675.txt,3657,/home/chinmay/ChinmayPersonalProjects/gopdfsuit/internal/pdf/pagemanager.go,89,go_perf_layer_string_handling_string_lower_for_case_insensitive_compare,false_positive,No case normalization call shown
/home/chinmay/ChinmayPersonalProjects/deslop/scripts/chunks/Chunk_3651_3675.txt,3658,/home/chinmay/ChinmayPersonalProjects/gopdfsuit/internal/pdf/pagemanager.go,97,go_perf_layer_collection_iteration_manual_index_loop_without_bounds_need,false_positive,No manual index loop pattern shown
/home/chinmay/ChinmayPersonalProjects/deslop/scripts/chunks/Chunk_3651_3675.txt,3659,/home/chinmay/ChinmayPersonalProjects/gopdfsuit/internal/pdf/pagemanager.go,97,go_perf_layer_network_calls_retry_loop_without_backoff,false_positive,No clear retry loop over network call shown
/home/chinmay/ChinmayPersonalProjects/deslop/scripts/chunks/Chunk_3651_3675.txt,3660,/home/chinmay/ChinmayPersonalProjects/gopdfsuit/internal/pdf/pagemanager.go,97,go_perf_layer_string_handling_fmt_sprintf_for_simple_concat,true_positive,Snippet uses fmt sprintf for string building
/home/chinmay/ChinmayPersonalProjects/deslop/scripts/chunks/Chunk_3651_3675.txt,3661,/home/chinmay/ChinmayPersonalProjects/gopdfsuit/internal/pdf/pagemanager.go,97,go_perf_layer_string_handling_strings_join_single_element_loop,false_positive,No strings join call shown
/home/chinmay/ChinmayPersonalProjects/deslop/scripts/chunks/Chunk_3651_3675.txt,3662,/home/chinmay/ChinmayPersonalProjects/gopdfsuit/internal/pdf/pagemanager.go,101,sprintf_for_simple_string_format,true_positive,Snippet uses fmt sprintf for string building
/home/chinmay/ChinmayPersonalProjects/deslop/scripts/chunks/Chunk_3651_3675.txt,3663,/home/chinmay/ChinmayPersonalProjects/gopdfsuit/internal/pdf/pagemanager.go,148,go_perf_layer_memory_allocation_append_without_known_capacity,true_positive,Snippet appends during loop without visible capacity hint
/home/chinmay/ChinmayPersonalProjects/deslop/scripts/chunks/Chunk_3651_3675.txt,3664,/home/chinmay/ChinmayPersonalProjects/gopdfsuit/internal/pdf/pagemanager.go,155,go_perf_layer_lazy_loading_eager_connect_to_all_backends,true_positive,Snippet eagerly connects to backends
/home/chinmay/ChinmayPersonalProjects/deslop/scripts/chunks/Chunk_3651_3675.txt,3665,/home/chinmay/ChinmayPersonalProjects/gopdfsuit/internal/pdf/pdf.go,44,go_perf_layer_memory_allocation_temporary_byte_slice_for_string_write,true_positive,Snippet allocates byte buffer or conversion in path
/home/chinmay/ChinmayPersonalProjects/deslop/scripts/chunks/Chunk_3651_3675.txt,3666,/home/chinmay/ChinmayPersonalProjects/gopdfsuit/internal/pdf/pdf.go,63,error_wrapping_misuse,true_positive,Snippet uses fmt errorf and rule applies
/home/chinmay/ChinmayPersonalProjects/deslop/scripts/chunks/Chunk_3651_3675.txt,3667,/home/chinmay/ChinmayPersonalProjects/gopdfsuit/internal/pdf/pdf.go,63,fmt_errorf_without_wrap_verb,true_positive,Snippet uses fmt errorf and rule applies
/home/chinmay/ChinmayPersonalProjects/deslop/scripts/chunks/Chunk_3651_3675.txt,3668,/home/chinmay/ChinmayPersonalProjects/gopdfsuit/internal/pdf/pdf.go,85,go_perf_layer_memory_allocation_temporary_byte_slice_for_string_write,true_positive,Snippet allocates byte buffer or conversion in path
/home/chinmay/ChinmayPersonalProjects/deslop/scripts/chunks/Chunk_3651_3675.txt,3669,/home/chinmay/ChinmayPersonalProjects/gopdfsuit/internal/pdf/pdf.go,104,error_wrapping_misuse,true_positive,Snippet uses fmt errorf and rule applies
/home/chinmay/ChinmayPersonalProjects/deslop/scripts/chunks/Chunk_3651_3675.txt,3670,/home/chinmay/ChinmayPersonalProjects/gopdfsuit/internal/pdf/pdf.go,104,fmt_errorf_without_wrap_verb,true_positive,Snippet uses fmt errorf and rule applies
/home/chinmay/ChinmayPersonalProjects/deslop/scripts/chunks/Chunk_3651_3675.txt,3671,/home/chinmay/ChinmayPersonalProjects/gopdfsuit/internal/pdf/pdfa.go,15,go_perf_layer_string_handling_fmt_sprintf_for_simple_concat,true_positive,Snippet uses fmt sprintf for string building
/home/chinmay/ChinmayPersonalProjects/deslop/scripts/chunks/Chunk_3651_3675.txt,3672,/home/chinmay/ChinmayPersonalProjects/gopdfsuit/internal/pdf/pdfa.go,42,sprintf_for_simple_string_format,true_positive,Snippet uses fmt sprintf for string building
/home/chinmay/ChinmayPersonalProjects/deslop/scripts/chunks/Chunk_3651_3675.txt,3673,/home/chinmay/ChinmayPersonalProjects/gopdfsuit/internal/pdf/pdfa.go,48,go_perf_layer_network_calls_retry_loop_without_backoff,false_positive,No clear retry loop over network call shown
/home/chinmay/ChinmayPersonalProjects/deslop/scripts/chunks/Chunk_3651_3675.txt,3674,/home/chinmay/ChinmayPersonalProjects/gopdfsuit/internal/pdf/pdfa.go,122,go_perf_layer_string_handling_byte_string_roundtrip_for_contains,false_positive,No contains or index byte string roundtrip shown
/home/chinmay/ChinmayPersonalProjects/deslop/scripts/chunks/Chunk_3651_3675.txt,3675,/home/chinmay/ChinmayPersonalProjects/gopdfsuit/internal/pdf/pdfa.go,122,go_perf_layer_string_handling_fmt_sprintf_for_simple_concat,true_positive,Snippet uses fmt sprintf for string building
/home/chinmay/ChinmayPersonalProjects/deslop/scripts/chunks/Chunk_3676_3700.txt,3676,/home/chinmay/ChinmayPersonalProjects/gopdfsuit/internal/pdf/pdfa.go,124,go_perf_layer_memory_allocation_temporary_byte_slice_for_string_write,true_positive,Snippet allocates byte buffer or conversion in path
/home/chinmay/ChinmayPersonalProjects/deslop/scripts/chunks/Chunk_3676_3700.txt,3677,/home/chinmay/ChinmayPersonalProjects/gopdfsuit/internal/pdf/pdfa.go,126,go_perf_layer_error_handling_cost_error_string_built_before_error_needed,true_positive,Snippet builds formatted error string eagerly
/home/chinmay/ChinmayPersonalProjects/deslop/scripts/chunks/Chunk_3676_3700.txt,3678,/home/chinmay/ChinmayPersonalProjects/gopdfsuit/internal/pdf/pdfa.go,143,comment_style_tutorial,true_positive,Snippet comments match tutorial style warning
/home/chinmay/ChinmayPersonalProjects/deslop/scripts/chunks/Chunk_3676_3700.txt,3679,/home/chinmay/ChinmayPersonalProjects/gopdfsuit/internal/pdf/pdfa.go,144,go_perf_layer_algorithmic_complexity_repeated_nested_slice_scans,true_positive,Snippet shows nested iteration pattern
/home/chinmay/ChinmayPersonalProjects/deslop/scripts/chunks/Chunk_3676_3700.txt,3680,/home/chinmay/ChinmayPersonalProjects/gopdfsuit/internal/pdf/pdfa.go,144,go_perf_layer_algorithmic_complexity_sort_before_linear_dedup,false_positive,No sort based dedup pattern shown
/home/chinmay/ChinmayPersonalProjects/deslop/scripts/chunks/Chunk_3676_3700.txt,3681,/home/chinmay/ChinmayPersonalProjects/gopdfsuit/internal/pdf/pdfa.go,144,go_perf_layer_collection_iteration_copy_slice_before_readonly_range,true_positive,Snippet copies slice before readonly iteration
/home/chinmay/ChinmayPersonalProjects/deslop/scripts/chunks/Chunk_3676_3700.txt,3682,/home/chinmay/ChinmayPersonalProjects/gopdfsuit/internal/pdf/pdfa.go,144,go_perf_layer_database_access_rows_scan_into_map_per_row,false_positive,No database access evidence in snippet
/home/chinmay/ChinmayPersonalProjects/deslop/scripts/chunks/Chunk_3676_3700.txt,3683,/home/chinmay/ChinmayPersonalProjects/gopdfsuit/internal/pdf/pdfa.go,144,go_perf_layer_hot_path_optimization_allocation_in_hash_or_less_func,false_positive,No hash or less allocation pattern shown
/home/chinmay/ChinmayPersonalProjects/deslop/scripts/chunks/Chunk_3676_3700.txt,3684,/home/chinmay/ChinmayPersonalProjects/gopdfsuit/internal/pdf/pdfa.go,144,go_perf_layer_network_calls_retry_loop_without_backoff,false_positive,No clear retry loop over network call shown
/home/chinmay/ChinmayPersonalProjects/deslop/scripts/chunks/Chunk_3676_3700.txt,3685,/home/chinmay/ChinmayPersonalProjects/gopdfsuit/internal/pdf/pdfa.go,145,go_perf_layer_caching_json_cache_value_stored_as_string,true_positive,Snippet shows cache related pattern flagged by rule
/home/chinmay/ChinmayPersonalProjects/deslop/scripts/chunks/Chunk_3676_3700.txt,3686,/home/chinmay/ChinmayPersonalProjects/gopdfsuit/internal/pdf/pdfa.go,145,go_perf_layer_data_structure_choice_interface_map_for_typed_values,true_positive,Snippet creates or uses map pattern flagged by rule
/home/chinmay/ChinmayPersonalProjects/deslop/scripts/chunks/Chunk_3676_3700.txt,3687,/home/chinmay/ChinmayPersonalProjects/gopdfsuit/internal/pdf/pdfa.go,146,go_perf_layer_memory_allocation_bytes_buffer_allocated_per_record,true_positive,Snippet allocates byte buffer or conversion in path
/home/chinmay/ChinmayPersonalProjects/deslop/scripts/chunks/Chunk_3676_3700.txt,3688,/home/chinmay/ChinmayPersonalProjects/gopdfsuit/internal/pdf/pdfa.go,146,go_perf_layer_memory_allocation_temporary_byte_slice_for_string_write,true_positive,Snippet allocates byte buffer or conversion in path
/home/chinmay/ChinmayPersonalProjects/deslop/scripts/chunks/Chunk_3676_3700.txt,3689,/home/chinmay/ChinmayPersonalProjects/gopdfsuit/internal/pdf/pdfa.go,161,go_perf_layer_runtime_configuration_debug_build_tags_in_hot_binary,true_positive,Snippet references debug build path
/home/chinmay/ChinmayPersonalProjects/deslop/scripts/chunks/Chunk_3676_3700.txt,3690,/home/chinmay/ChinmayPersonalProjects/gopdfsuit/internal/pdf/pdfa.go,161,go_perf_layer_string_handling_byte_string_roundtrip_for_contains,false_positive,No contains or index byte string roundtrip shown
/home/chinmay/ChinmayPersonalProjects/deslop/scripts/chunks/Chunk_3676_3700.txt,3691,/home/chinmay/ChinmayPersonalProjects/gopdfsuit/internal/pdf/pdfa.go,313,go_perf_layer_io_operations_small_writes_without_bufio_writer,true_positive,Snippet performs repeated writes without bufio writer
/home/chinmay/ChinmayPersonalProjects/deslop/scripts/chunks/Chunk_3676_3700.txt,3692,/home/chinmay/ChinmayPersonalProjects/gopdfsuit/internal/pdf/pdfa.go,313,go_perf_layer_io_operations_temporary_file_for_stream_transform,false_positive,No temporary file transform shown
/home/chinmay/ChinmayPersonalProjects/deslop/scripts/chunks/Chunk_3676_3700.txt,3693,/home/chinmay/ChinmayPersonalProjects/gopdfsuit/internal/pdf/pdfa.go,313,go_perf_layer_runtime_configuration_debug_build_tags_in_hot_binary,true_positive,Snippet references debug build path
/home/chinmay/ChinmayPersonalProjects/deslop/scripts/chunks/Chunk_3676_3700.txt,3694,/home/chinmay/ChinmayPersonalProjects/gopdfsuit/internal/pdf/pdfa.go,316,go_perf_layer_serialization_gzip_writer_created_per_small_payload,false_positive,No gzip writer creation shown
/home/chinmay/ChinmayPersonalProjects/deslop/scripts/chunks/Chunk_3676_3700.txt,3695,/home/chinmay/ChinmayPersonalProjects/gopdfsuit/internal/pdf/pdfa.go,317,go_perf_layer_memory_allocation_temporary_byte_slice_for_string_write,true_positive,Snippet allocates byte buffer or conversion in path
/home/chinmay/ChinmayPersonalProjects/deslop/scripts/chunks/Chunk_3676_3700.txt,3696,/home/chinmay/ChinmayPersonalProjects/gopdfsuit/internal/pdf/pdfa.go,317,go_perf_layer_resource_pooling_buffer_pool_without_max_capacity,false_positive,No sync pool buffer pattern shown
/home/chinmay/ChinmayPersonalProjects/deslop/scripts/chunks/Chunk_3676_3700.txt,3697,/home/chinmay/ChinmayPersonalProjects/gopdfsuit/internal/pdf/pdfa.go,317,go_perf_layer_string_handling_byte_string_roundtrip_for_contains,false_positive,No contains or index byte string roundtrip shown
/home/chinmay/ChinmayPersonalProjects/deslop/scripts/chunks/Chunk_3676_3700.txt,3698,/home/chinmay/ChinmayPersonalProjects/gopdfsuit/internal/pdf/pdfa.go,319,go_perf_layer_error_handling_cost_error_string_built_before_error_needed,true_positive,Snippet builds formatted error string eagerly
/home/chinmay/ChinmayPersonalProjects/deslop/scripts/chunks/Chunk_3676_3700.txt,3699,/home/chinmay/ChinmayPersonalProjects/gopdfsuit/internal/pdf/pdfa.go,328,go_perf_layer_string_handling_fmt_sprintf_for_simple_concat,true_positive,Snippet uses fmt sprintf for string building
/home/chinmay/ChinmayPersonalProjects/deslop/scripts/chunks/Chunk_3676_3700.txt,3700,/home/chinmay/ChinmayPersonalProjects/gopdfsuit/internal/pdf/pdfa.go,344,go_perf_layer_io_operations_small_writes_without_bufio_writer,true_positive,Snippet performs repeated writes without bufio writer
/home/chinmay/ChinmayPersonalProjects/deslop/scripts/chunks/Chunk_3701_3725.txt,3701,/home/chinmay/ChinmayPersonalProjects/gopdfsuit/internal/pdf/pdfa.go,344,go_perf_layer_io_operations_temporary_file_for_stream_transform,false_positive,No temporary file transform shown
/home/chinmay/ChinmayPersonalProjects/deslop/scripts/chunks/Chunk_3701_3725.txt,3702,/home/chinmay/ChinmayPersonalProjects/gopdfsuit/internal/pdf/pdfa.go,344,go_perf_layer_string_handling_fmt_sprintf_for_simple_concat,true_positive,Snippet uses fmt sprintf for string building
/home/chinmay/ChinmayPersonalProjects/deslop/scripts/chunks/Chunk_3701_3725.txt,3703,/home/chinmay/ChinmayPersonalProjects/gopdfsuit/internal/pdf/pdfa.go,347,go_perf_layer_serialization_gzip_writer_created_per_small_payload,false_positive,No gzip writer creation shown
/home/chinmay/ChinmayPersonalProjects/deslop/scripts/chunks/Chunk_3701_3725.txt,3704,/home/chinmay/ChinmayPersonalProjects/gopdfsuit/internal/pdf/pdfa.go,348,go_perf_layer_memory_allocation_temporary_byte_slice_for_string_write,true_positive,Snippet allocates byte buffer or conversion in path
/home/chinmay/ChinmayPersonalProjects/deslop/scripts/chunks/Chunk_3701_3725.txt,3705,/home/chinmay/ChinmayPersonalProjects/gopdfsuit/internal/pdf/pdfa.go,348,go_perf_layer_resource_pooling_buffer_pool_without_max_capacity,false_positive,No sync pool buffer pattern shown
/home/chinmay/ChinmayPersonalProjects/deslop/scripts/chunks/Chunk_3701_3725.txt,3706,/home/chinmay/ChinmayPersonalProjects/gopdfsuit/internal/pdf/pdfa.go,348,go_perf_layer_string_handling_byte_string_roundtrip_for_contains,false_positive,No contains or index byte string roundtrip shown
/home/chinmay/ChinmayPersonalProjects/deslop/scripts/chunks/Chunk_3701_3725.txt,3707,/home/chinmay/ChinmayPersonalProjects/gopdfsuit/internal/pdf/pdfa.go,350,go_perf_layer_error_handling_cost_error_string_built_before_error_needed,true_positive,Snippet builds formatted error string eagerly
/home/chinmay/ChinmayPersonalProjects/deslop/scripts/chunks/Chunk_3701_3725.txt,3708,/home/chinmay/ChinmayPersonalProjects/gopdfsuit/internal/pdf/pdfa.go,374,go_perf_layer_algorithmic_complexity_repeated_nested_slice_scans,true_positive,Snippet shows nested iteration pattern
/home/chinmay/ChinmayPersonalProjects/deslop/scripts/chunks/Chunk_3701_3725.txt,3709,/home/chinmay/ChinmayPersonalProjects/gopdfsuit/internal/pdf/pdfa.go,374,go_perf_layer_collection_iteration_copy_slice_before_readonly_range,true_positive,Snippet copies slice before readonly iteration
/home/chinmay/ChinmayPersonalProjects/deslop/scripts/chunks/Chunk_3701_3725.txt,3710,/home/chinmay/ChinmayPersonalProjects/gopdfsuit/internal/pdf/pdfa.go,374,go_perf_layer_network_calls_retry_loop_without_backoff,false_positive,No clear retry loop over network call shown
/home/chinmay/ChinmayPersonalProjects/deslop/scripts/chunks/Chunk_3701_3725.txt,3711,/home/chinmay/ChinmayPersonalProjects/gopdfsuit/internal/pdf/pdfa.go,375,go_perf_layer_memory_allocation_temporary_byte_slice_for_string_write,true_positive,Snippet allocates byte buffer or conversion in path
/home/chinmay/ChinmayPersonalProjects/deslop/scripts/chunks/Chunk_3701_3725.txt,3712,/home/chinmay/ChinmayPersonalProjects/gopdfsuit/internal/pdf/pdfa.go,388,go_perf_layer_runtime_configuration_debug_build_tags_in_hot_binary,true_positive,Snippet references debug build path
/home/chinmay/ChinmayPersonalProjects/deslop/scripts/chunks/Chunk_3701_3725.txt,3713,/home/chinmay/ChinmayPersonalProjects/gopdfsuit/internal/pdf/pdfa.go,400,go_perf_layer_string_handling_byte_string_roundtrip_for_contains,false_positive,No contains or index byte string roundtrip shown
/home/chinmay/ChinmayPersonalProjects/deslop/scripts/chunks/Chunk_3701_3725.txt,3714,/home/chinmay/ChinmayPersonalProjects/gopdfsuit/internal/pdf/pdfa.go,478,go_perf_layer_caching_json_cache_value_stored_as_string,true_positive,Snippet shows cache related pattern flagged by rule
/home/chinmay/ChinmayPersonalProjects/deslop/scripts/chunks/Chunk_3701_3725.txt,3715,/home/chinmay/ChinmayPersonalProjects/gopdfsuit/internal/pdf/pdfa.go,478,go_perf_layer_data_structure_choice_interface_map_for_typed_values,true_positive,Snippet creates or uses map pattern flagged by rule
/home/chinmay/ChinmayPersonalProjects/deslop/scripts/chunks/Chunk_3701_3725.txt,3716,/home/chinmay/ChinmayPersonalProjects/gopdfsuit/internal/pdf/pdfa.go,478,go_perf_layer_error_handling_cost_error_string_built_before_error_needed,true_positive,Snippet builds formatted error string eagerly
/home/chinmay/ChinmayPersonalProjects/deslop/scripts/chunks/Chunk_3701_3725.txt,3717,/home/chinmay/ChinmayPersonalProjects/gopdfsuit/internal/pdf/pdfa.go,478,go_perf_layer_memory_allocation_temporary_byte_slice_for_string_write,true_positive,Snippet allocates byte buffer or conversion in path
/home/chinmay/ChinmayPersonalProjects/deslop/scripts/chunks/Chunk_3701_3725.txt,3718,/home/chinmay/ChinmayPersonalProjects/gopdfsuit/internal/pdf/pdfa.go,478,go_perf_layer_string_handling_byte_string_roundtrip_for_contains,false_positive,No contains or index byte string roundtrip shown
/home/chinmay/ChinmayPersonalProjects/deslop/scripts/chunks/Chunk_3701_3725.txt,3719,/home/chinmay/ChinmayPersonalProjects/gopdfsuit/internal/pdf/pdfa.go,478,go_perf_layer_string_handling_fmt_sprintf_for_simple_concat,true_positive,Snippet uses fmt sprintf for string building
/home/chinmay/ChinmayPersonalProjects/deslop/scripts/chunks/Chunk_3701_3725.txt,3720,/home/chinmay/ChinmayPersonalProjects/gopdfsuit/internal/pdf/pdfa.go,481,go_perf_layer_network_calls_retry_loop_without_backoff,false_positive,No clear retry loop over network call shown
/home/chinmay/ChinmayPersonalProjects/deslop/scripts/chunks/Chunk_3701_3725.txt,3721,/home/chinmay/ChinmayPersonalProjects/gopdfsuit/internal/pdf/redact/encryption_inhouse.go,25,go_perf_layer_collection_iteration_copy_slice_before_readonly_range,true_positive,Snippet copies slice before readonly iteration
/home/chinmay/ChinmayPersonalProjects/deslop/scripts/chunks/Chunk_3701_3725.txt,3722,/home/chinmay/ChinmayPersonalProjects/gopdfsuit/internal/pdf/redact/encryption_inhouse.go,25,go_perf_layer_memory_allocation_temporary_byte_slice_for_string_write,true_positive,Snippet allocates byte buffer or conversion in path
/home/chinmay/ChinmayPersonalProjects/deslop/scripts/chunks/Chunk_3701_3725.txt,3723,/home/chinmay/ChinmayPersonalProjects/gopdfsuit/internal/pdf/redact/encryption_inhouse.go,47,go_perf_layer_memory_allocation_bytes_buffer_allocated_per_record,true_positive,Snippet allocates byte buffer or conversion in path
/home/chinmay/ChinmayPersonalProjects/deslop/scripts/chunks/Chunk_3701_3725.txt,3724,/home/chinmay/ChinmayPersonalProjects/gopdfsuit/internal/pdf/redact/encryption_inhouse.go,47,go_perf_layer_memory_allocation_temporary_byte_slice_for_string_write,true_positive,Snippet allocates byte buffer or conversion in path
/home/chinmay/ChinmayPersonalProjects/deslop/scripts/chunks/Chunk_3701_3725.txt,3725,/home/chinmay/ChinmayPersonalProjects/gopdfsuit/internal/pdf/redact/encryption_inhouse.go,47,go_perf_layer_string_handling_byte_string_roundtrip_for_contains,false_positive,No contains or index byte string roundtrip shown
/home/chinmay/ChinmayPersonalProjects/deslop/scripts/chunks/Chunk_3726_3750.txt,3726,/home/chinmay/ChinmayPersonalProjects/gopdfsuit/internal/pdf/redact/encryption_inhouse.go,50,go_perf_layer_caching_json_cache_value_stored_as_string,true_positive,Snippet shows cache related pattern flagged by rule
/home/chinmay/ChinmayPersonalProjects/deslop/scripts/chunks/Chunk_3726_3750.txt,3727,/home/chinmay/ChinmayPersonalProjects/gopdfsuit/internal/pdf/redact/encryption_inhouse.go,50,go_perf_layer_data_structure_choice_map_string_bool_for_membership,true_positive,Snippet creates or uses map pattern flagged by rule
/home/chinmay/ChinmayPersonalProjects/deslop/scripts/chunks/Chunk_3726_3750.txt,3728,/home/chinmay/ChinmayPersonalProjects/gopdfsuit/internal/pdf/redact/encryption_inhouse.go,50,go_perf_layer_data_structure_choice_small_enum_string_switch_map,false_positive,No small enum map choice evidence shown
/home/chinmay/ChinmayPersonalProjects/deslop/scripts/chunks/Chunk_3726_3750.txt,3729,/home/chinmay/ChinmayPersonalProjects/gopdfsuit/internal/pdf/redact/encryption_inhouse.go,50,go_perf_layer_error_handling_cost_error_string_built_before_error_needed,false_positive,No eager error string construction shown
/home/chinmay/ChinmayPersonalProjects/deslop/scripts/chunks/Chunk_3726_3750.txt,3730,/home/chinmay/ChinmayPersonalProjects/gopdfsuit/internal/pdf/redact/encryption_inhouse.go,50,go_perf_layer_string_handling_string_lower_for_case_insensitive_compare,false_positive,No case normalization call shown
/home/chinmay/ChinmayPersonalProjects/deslop/scripts/chunks/Chunk_3726_3750.txt,3731,/home/chinmay/ChinmayPersonalProjects/gopdfsuit/internal/pdf/redact/encryption_inhouse.go,51,errors_new_for_static_sentinel,true_positive,Snippet allocates sentinel error in function
/home/chinmay/ChinmayPersonalProjects/deslop/scripts/chunks/Chunk_3726_3750.txt,3732,/home/chinmay/ChinmayPersonalProjects/gopdfsuit/internal/pdf/redact/encryption_inhouse.go,51,go_perf_layer_memory_allocation_map_recreated_for_static_lookup,true_positive,Snippet creates or uses map pattern flagged by rule
/home/chinmay/ChinmayPersonalProjects/deslop/scripts/chunks/Chunk_3726_3750.txt,3733,/home/chinmay/ChinmayPersonalProjects/gopdfsuit/internal/pdf/redact/encryption_inhouse.go,54,go_perf_layer_caching_cache_key_built_with_fmt,true_positive,Snippet shows cache related pattern flagged by rule
/home/chinmay/ChinmayPersonalProjects/deslop/scripts/chunks/Chunk_3726_3750.txt,3734,/home/chinmay/ChinmayPersonalProjects/gopdfsuit/internal/pdf/redact/encryption_inhouse.go,54,go_perf_layer_caching_unbounded_cache_map,true_positive,Snippet shows cache related pattern flagged by rule
/home/chinmay/ChinmayPersonalProjects/deslop/scripts/chunks/Chunk_3726_3750.txt,3735,/home/chinmay/ChinmayPersonalProjects/gopdfsuit/internal/pdf/redact/encryption_inhouse.go,63,go_perf_layer_collection_iteration_range_over_map_for_deterministic_first,true_positive,Snippet ranges map where order is nondeterministic
/home/chinmay/ChinmayPersonalProjects/deslop/scripts/chunks/Chunk_3726_3750.txt,3736,/home/chinmay/ChinmayPersonalProjects/gopdfsuit/internal/pdf/redact/encryption_inhouse.go,63,go_perf_layer_database_access_rows_scan_into_map_per_row,false_positive,No database access evidence in snippet
/home/chinmay/ChinmayPersonalProjects/deslop/scripts/chunks/Chunk_3726_3750.txt,3737,/home/chinmay/ChinmayPersonalProjects/gopdfsuit/internal/pdf/redact/encryption_inhouse.go,63,go_perf_layer_garbage_collection_cleanup_response_body_not_drained_for_reuse,false_positive,No http response body handling shown
/home/chinmay/ChinmayPersonalProjects/deslop/scripts/chunks/Chunk_3726_3750.txt,3738,/home/chinmay/ChinmayPersonalProjects/gopdfsuit/internal/pdf/redact/encryption_inhouse.go,75,go_perf_layer_io_operations_scanner_used_for_large_token_stream,true_positive,Snippet uses scanner for token stream
/home/chinmay/ChinmayPersonalProjects/deslop/scripts/chunks/Chunk_3726_3750.txt,3739,/home/chinmay/ChinmayPersonalProjects/gopdfsuit/internal/pdf/redact/encryption_inhouse.go,75,go_perf_layer_io_operations_temporary_file_for_stream_transform,false_positive,No temporary file transform shown
/home/chinmay/ChinmayPersonalProjects/deslop/scripts/chunks/Chunk_3726_3750.txt,3740,/home/chinmay/ChinmayPersonalProjects/gopdfsuit/internal/pdf/redact/encryption_inhouse.go,80,go_perf_layer_network_calls_retry_loop_without_backoff,false_positive,No clear retry loop over network call shown
/home/chinmay/ChinmayPersonalProjects/deslop/scripts/chunks/Chunk_3726_3750.txt,3741,/home/chinmay/ChinmayPersonalProjects/gopdfsuit/internal/pdf/redact/encryption_inhouse.go,96,go_perf_layer_database_access_query_inside_loop_without_batching,false_positive,No database access evidence in snippet
/home/chinmay/ChinmayPersonalProjects/deslop/scripts/chunks/Chunk_3726_3750.txt,3742,/home/chinmay/ChinmayPersonalProjects/gopdfsuit/internal/pdf/redact/encryption_inhouse.go,96,go_perf_layer_memory_allocation_bytes_buffer_allocated_per_record,true_positive,Snippet allocates byte buffer or conversion in path
/home/chinmay/ChinmayPersonalProjects/deslop/scripts/chunks/Chunk_3726_3750.txt,3743,/home/chinmay/ChinmayPersonalProjects/gopdfsuit/internal/pdf/redact/encryption_inhouse.go,96,go_perf_layer_memory_allocation_temporary_byte_slice_for_string_write,true_positive,Snippet allocates byte buffer or conversion in path
/home/chinmay/ChinmayPersonalProjects/deslop/scripts/chunks/Chunk_3726_3750.txt,3744,/home/chinmay/ChinmayPersonalProjects/gopdfsuit/internal/pdf/redact/encryption_inhouse.go,96,go_perf_layer_string_handling_byte_string_roundtrip_for_contains,false_positive,No contains or index byte string roundtrip shown
/home/chinmay/ChinmayPersonalProjects/deslop/scripts/chunks/Chunk_3726_3750.txt,3745,/home/chinmay/ChinmayPersonalProjects/gopdfsuit/internal/pdf/redact/encryption_inhouse.go,96,go_perf_layer_string_handling_string_lower_for_case_insensitive_compare,false_positive,No case normalization call shown
/home/chinmay/ChinmayPersonalProjects/deslop/scripts/chunks/Chunk_3726_3750.txt,3746,/home/chinmay/ChinmayPersonalProjects/gopdfsuit/internal/pdf/redact/encryption_inhouse.go,98,errors_new_for_static_sentinel,true_positive,Snippet allocates sentinel error in function
/home/chinmay/ChinmayPersonalProjects/deslop/scripts/chunks/Chunk_3726_3750.txt,3747,/home/chinmay/ChinmayPersonalProjects/gopdfsuit/internal/pdf/redact/encryption_inhouse.go,98,go_perf_layer_error_handling_cost_error_string_built_before_error_needed,false_positive,No eager error string construction shown
/home/chinmay/ChinmayPersonalProjects/deslop/scripts/chunks/Chunk_3726_3750.txt,3748,/home/chinmay/ChinmayPersonalProjects/gopdfsuit/internal/pdf/redact/encryption_inhouse.go,112,go_perf_layer_network_calls_retry_loop_without_backoff,false_positive,No clear retry loop over network call shown
/home/chinmay/ChinmayPersonalProjects/deslop/scripts/chunks/Chunk_3726_3750.txt,3749,/home/chinmay/ChinmayPersonalProjects/gopdfsuit/internal/pdf/redact/encryption_inhouse.go,119,go_perf_layer_string_handling_string_lower_for_case_insensitive_compare,false_positive,No case normalization call shown
/home/chinmay/ChinmayPersonalProjects/deslop/scripts/chunks/Chunk_3726_3750.txt,3750,/home/chinmay/ChinmayPersonalProjects/gopdfsuit/internal/pdf/redact/encryption_inhouse.go,124,strings_replace_all_for_single_char,true_positive,Snippet uses replaceall for character replacement
/home/chinmay/ChinmayPersonalProjects/deslop/scripts/chunks/Chunk_3751_3775.txt,3751,/home/chinmay/ChinmayPersonalProjects/gopdfsuit/internal/pdf/redact/encryption_inhouse.go,135,go_perf_layer_database_access_count_query_before_paged_fetch,false_positive,No database access evidence in snippet
/home/chinmay/ChinmayPersonalProjects/deslop/scripts/chunks/Chunk_3751_3775.txt,3752,/home/chinmay/ChinmayPersonalProjects/gopdfsuit/internal/pdf/redact/encryption_inhouse.go,135,go_perf_layer_garbage_collection_cleanup_response_body_not_drained_for_reuse,false_positive,No http response body handling shown
/home/chinmay/ChinmayPersonalProjects/deslop/scripts/chunks/Chunk_3751_3775.txt,3753,/home/chinmay/ChinmayPersonalProjects/gopdfsuit/internal/pdf/redact/encryption_inhouse.go,135,go_perf_layer_memory_allocation_temporary_byte_slice_for_string_write,true_positive,Snippet allocates byte buffer or conversion in path
/home/chinmay/ChinmayPersonalProjects/deslop/scripts/chunks/Chunk_3751_3775.txt,3754,/home/chinmay/ChinmayPersonalProjects/gopdfsuit/internal/pdf/redact/encryption_inhouse.go,136,errors_new_for_static_sentinel,true_positive,Snippet allocates sentinel error in function
/home/chinmay/ChinmayPersonalProjects/deslop/scripts/chunks/Chunk_3751_3775.txt,3755,/home/chinmay/ChinmayPersonalProjects/gopdfsuit/internal/pdf/redact/encryption_inhouse.go,136,go_perf_layer_caching_cache_miss_does_duplicate_work,true_positive,Snippet shows cache related pattern flagged by rule
/home/chinmay/ChinmayPersonalProjects/deslop/scripts/chunks/Chunk_3751_3775.txt,3756,/home/chinmay/ChinmayPersonalProjects/gopdfsuit/internal/pdf/redact/encryption_inhouse.go,136,go_perf_layer_caching_json_cache_value_stored_as_string,true_positive,Snippet shows cache related pattern flagged by rule
/home/chinmay/ChinmayPersonalProjects/deslop/scripts/chunks/Chunk_3751_3775.txt,3757,/home/chinmay/ChinmayPersonalProjects/gopdfsuit/internal/pdf/redact/encryption_inhouse.go,136,go_perf_layer_caching_unbounded_cache_map,true_positive,Snippet shows cache related pattern flagged by rule
/home/chinmay/ChinmayPersonalProjects/deslop/scripts/chunks/Chunk_3751_3775.txt,3758,/home/chinmay/ChinmayPersonalProjects/gopdfsuit/internal/pdf/redact/encryption_inhouse.go,136,go_perf_layer_error_handling_cost_sentinel_error_allocated_per_call,true_positive,Snippet allocates sentinel error in function
/home/chinmay/ChinmayPersonalProjects/deslop/scripts/chunks/Chunk_3751_3775.txt,3759,/home/chinmay/ChinmayPersonalProjects/gopdfsuit/internal/pdf/redact/encryption_inhouse.go,136,go_perf_layer_hot_path_optimization_invariant_parse_inside_handler,true_positive,Snippet performs parse work inside function path
/home/chinmay/ChinmayPersonalProjects/deslop/scripts/chunks/Chunk_3751_3775.txt,3760,/home/chinmay/ChinmayPersonalProjects/gopdfsuit/internal/pdf/redact/encryption_inhouse.go,166,go_perf_layer_string_handling_string_lower_for_case_insensitive_compare,false_positive,No case normalization call shown
/home/chinmay/ChinmayPersonalProjects/deslop/scripts/chunks/Chunk_3751_3775.txt,3761,/home/chinmay/ChinmayPersonalProjects/gopdfsuit/internal/pdf/redact/encryption_inhouse.go,179,go_perf_layer_memory_allocation_temporary_byte_slice_for_string_write,true_positive,Snippet allocates byte buffer or conversion in path
/home/chinmay/ChinmayPersonalProjects/deslop/scripts/chunks/Chunk_3751_3775.txt,3762,/home/chinmay/ChinmayPersonalProjects/gopdfsuit/internal/pdf/redact/encryption_inhouse.go,179,go_perf_layer_string_handling_byte_string_roundtrip_for_contains,false_positive,No contains or index byte string roundtrip shown
/home/chinmay/ChinmayPersonalProjects/deslop/scripts/chunks/Chunk_3751_3775.txt,3763,/home/chinmay/ChinmayPersonalProjects/gopdfsuit/internal/pdf/redact/encryption_inhouse.go,179,go_perf_layer_string_handling_fmt_sprintf_for_simple_concat,true_positive,Snippet uses fmt sprintf for string building
/home/chinmay/ChinmayPersonalProjects/deslop/scripts/chunks/Chunk_3751_3775.txt,3764,/home/chinmay/ChinmayPersonalProjects/gopdfsuit/internal/pdf/redact/encryption_inhouse.go,179,go_perf_layer_string_handling_string_lower_for_case_insensitive_compare,false_positive,No case normalization call shown
/home/chinmay/ChinmayPersonalProjects/deslop/scripts/chunks/Chunk_3751_3775.txt,3765,/home/chinmay/ChinmayPersonalProjects/gopdfsuit/internal/pdf/redact/encryption_inhouse.go,181,go_perf_layer_garbage_collection_cleanup_large_slice_retained_after_truncate,true_positive,Snippet retains large backing array after truncate
/home/chinmay/ChinmayPersonalProjects/deslop/scripts/chunks/Chunk_3751_3775.txt,3766,/home/chinmay/ChinmayPersonalProjects/gopdfsuit/internal/pdf/redact/encryption_inhouse.go,181,strings_replace_all_for_single_char,true_positive,Snippet uses replaceall for character replacement
/home/chinmay/ChinmayPersonalProjects/deslop/scripts/chunks/Chunk_3751_3775.txt,3767,/home/chinmay/ChinmayPersonalProjects/gopdfsuit/internal/pdf/redact/encryption_inhouse.go,210,timing_attack_on_token_comparison,true_positive,Snippet compares secret token using equality operator
/home/chinmay/ChinmayPersonalProjects/deslop/scripts/chunks/Chunk_3751_3775.txt,3768,/home/chinmay/ChinmayPersonalProjects/gopdfsuit/internal/pdf/redact/encryption_inhouse.go,232,go_perf_layer_memory_allocation_append_without_known_capacity,true_positive,Snippet appends during loop without visible capacity hint
/home/chinmay/ChinmayPersonalProjects/deslop/scripts/chunks/Chunk_3751_3775.txt,3769,/home/chinmay/ChinmayPersonalProjects/gopdfsuit/internal/pdf/redact/encryption_inhouse.go,232,go_perf_layer_memory_allocation_bytes_buffer_allocated_per_record,true_positive,Snippet allocates byte buffer or conversion in path
/home/chinmay/ChinmayPersonalProjects/deslop/scripts/chunks/Chunk_3751_3775.txt,3770,/home/chinmay/ChinmayPersonalProjects/gopdfsuit/internal/pdf/redact/encryption_inhouse.go,232,go_perf_layer_memory_allocation_temporary_byte_slice_for_string_write,true_positive,Snippet allocates byte buffer or conversion in path
/home/chinmay/ChinmayPersonalProjects/deslop/scripts/chunks/Chunk_3751_3775.txt,3771,/home/chinmay/ChinmayPersonalProjects/gopdfsuit/internal/pdf/redact/encryption_inhouse.go,232,weak_crypto,true_positive,Snippet uses weak cryptographic primitive
/home/chinmay/ChinmayPersonalProjects/deslop/scripts/chunks/Chunk_3751_3775.txt,3772,/home/chinmay/ChinmayPersonalProjects/gopdfsuit/internal/pdf/redact/encryption_inhouse.go,232,weak_hash_for_integrity,true_positive,Snippet uses weak cryptographic primitive
/home/chinmay/ChinmayPersonalProjects/deslop/scripts/chunks/Chunk_3751_3775.txt,3773,/home/chinmay/ChinmayPersonalProjects/gopdfsuit/internal/pdf/redact/encryption_inhouse.go,233,go_perf_layer_io_operations_small_writes_without_bufio_writer,true_positive,Snippet performs repeated writes without bufio writer
/home/chinmay/ChinmayPersonalProjects/deslop/scripts/chunks/Chunk_3751_3775.txt,3774,/home/chinmay/ChinmayPersonalProjects/gopdfsuit/internal/pdf/redact/encryption_inhouse.go,242,go_perf_layer_network_calls_retry_loop_without_backoff,false_positive,No clear retry loop over network call shown
/home/chinmay/ChinmayPersonalProjects/deslop/scripts/chunks/Chunk_3751_3775.txt,3775,/home/chinmay/ChinmayPersonalProjects/gopdfsuit/internal/pdf/redact/encryption_inhouse.go,243,md5_sum_in_loop,true_positive,Snippet computes md5 inside loop
/home/chinmay/ChinmayPersonalProjects/deslop/scripts/chunks/Chunk_3776_3800.txt,3776,/home/chinmay/ChinmayPersonalProjects/gopdfsuit/internal/pdf/redact/encryption_inhouse.go,243,weak_crypto,true_positive,Snippet uses weak cryptographic primitive
/home/chinmay/ChinmayPersonalProjects/deslop/scripts/chunks/Chunk_3776_3800.txt,3777,/home/chinmay/ChinmayPersonalProjects/gopdfsuit/internal/pdf/redact/encryption_inhouse.go,243,weak_hash_for_integrity,true_positive,Snippet uses weak cryptographic primitive
/home/chinmay/ChinmayPersonalProjects/deslop/scripts/chunks/Chunk_3776_3800.txt,3778,/home/chinmay/ChinmayPersonalProjects/gopdfsuit/internal/pdf/redact/encryption_inhouse.go,253,go_perf_layer_memory_allocation_temporary_byte_slice_for_string_write,true_positive,Snippet allocates byte buffer or conversion in path
/home/chinmay/ChinmayPersonalProjects/deslop/scripts/chunks/Chunk_3776_3800.txt,3779,/home/chinmay/ChinmayPersonalProjects/gopdfsuit/internal/pdf/redact/encryption_inhouse.go,255,go_perf_layer_memory_allocation_append_without_known_capacity,true_positive,Snippet appends during loop without visible capacity hint
/home/chinmay/ChinmayPersonalProjects/deslop/scripts/chunks/Chunk_3776_3800.txt,3780,/home/chinmay/ChinmayPersonalProjects/gopdfsuit/internal/pdf/redact/encryption_inhouse.go,255,weak_crypto,true_positive,Snippet uses weak cryptographic primitive
/home/chinmay/ChinmayPersonalProjects/deslop/scripts/chunks/Chunk_3776_3800.txt,3781,/home/chinmay/ChinmayPersonalProjects/gopdfsuit/internal/pdf/redact/encryption_inhouse.go,255,weak_hash_for_integrity,true_positive,Snippet uses weak cryptographic primitive
/home/chinmay/ChinmayPersonalProjects/deslop/scripts/chunks/Chunk_3776_3800.txt,3782,/home/chinmay/ChinmayPersonalProjects/gopdfsuit/internal/pdf/redact/encryption_inhouse.go,258,go_perf_layer_network_calls_retry_loop_without_backoff,false_positive,No clear retry loop over network call shown
/home/chinmay/ChinmayPersonalProjects/deslop/scripts/chunks/Chunk_3776_3800.txt,3783,/home/chinmay/ChinmayPersonalProjects/gopdfsuit/internal/pdf/redact/encryption_inhouse.go,269,go_perf_layer_algorithmic_complexity_quadratic_append_filter_pipeline,false_positive,No nested scan pattern shown
/home/chinmay/ChinmayPersonalProjects/deslop/scripts/chunks/Chunk_3776_3800.txt,3784,/home/chinmay/ChinmayPersonalProjects/gopdfsuit/internal/pdf/redact/encryption_inhouse.go,269,go_perf_layer_string_handling_string_lower_for_case_insensitive_compare,false_positive,No case normalization call shown
/home/chinmay/ChinmayPersonalProjects/deslop/scripts/chunks/Chunk_3776_3800.txt,3785,/home/chinmay/ChinmayPersonalProjects/gopdfsuit/internal/pdf/redact/encryption_inhouse.go,283,weak_crypto,true_positive,Snippet uses weak cryptographic primitive
/home/chinmay/ChinmayPersonalProjects/deslop/scripts/chunks/Chunk_3776_3800.txt,3786,/home/chinmay/ChinmayPersonalProjects/gopdfsuit/internal/pdf/redact/encryption_inhouse.go,283,weak_hash_for_integrity,true_positive,Snippet uses weak cryptographic primitive
/home/chinmay/ChinmayPersonalProjects/deslop/scripts/chunks/Chunk_3776_3800.txt,3787,/home/chinmay/ChinmayPersonalProjects/gopdfsuit/internal/pdf/redact/encryption_inhouse.go,286,go_perf_layer_algorithmic_complexity_repeated_nested_slice_scans,false_positive,No nested scan pattern shown
/home/chinmay/ChinmayPersonalProjects/deslop/scripts/chunks/Chunk_3776_3800.txt,3788,/home/chinmay/ChinmayPersonalProjects/gopdfsuit/internal/pdf/redact/encryption_inhouse.go,286,go_perf_layer_network_calls_retry_loop_without_backoff,false_positive,No clear retry loop over network call shown
/home/chinmay/ChinmayPersonalProjects/deslop/scripts/chunks/Chunk_3776_3800.txt,3789,/home/chinmay/ChinmayPersonalProjects/gopdfsuit/internal/pdf/redact/encryption_inhouse.go,287,md5_sum_in_loop,false_positive,No md5 in loop pattern shown
/home/chinmay/ChinmayPersonalProjects/deslop/scripts/chunks/Chunk_3776_3800.txt,3790,/home/chinmay/ChinmayPersonalProjects/gopdfsuit/internal/pdf/redact/encryption_inhouse.go,287,weak_crypto,true_positive,Snippet uses weak cryptographic primitive
/home/chinmay/ChinmayPersonalProjects/deslop/scripts/chunks/Chunk_3776_3800.txt,3791,/home/chinmay/ChinmayPersonalProjects/gopdfsuit/internal/pdf/redact/encryption_inhouse.go,287,weak_hash_for_integrity,true_positive,Snippet uses weak cryptographic primitive
/home/chinmay/ChinmayPersonalProjects/deslop/scripts/chunks/Chunk_3776_3800.txt,3792,/home/chinmay/ChinmayPersonalProjects/gopdfsuit/internal/pdf/redact/encryption_inhouse.go,292,go_perf_layer_memory_allocation_append_without_known_capacity,false_positive,No loop append growth pattern shown
/home/chinmay/ChinmayPersonalProjects/deslop/scripts/chunks/Chunk_3776_3800.txt,3793,/home/chinmay/ChinmayPersonalProjects/gopdfsuit/internal/pdf/redact/encryption_inhouse.go,292,go_perf_layer_memory_allocation_temporary_byte_slice_for_string_write,true_positive,Snippet allocates byte buffer or conversion in path
/home/chinmay/ChinmayPersonalProjects/deslop/scripts/chunks/Chunk_3776_3800.txt,3794,/home/chinmay/ChinmayPersonalProjects/gopdfsuit/internal/pdf/redact/encryption_inhouse.go,292,go_perf_layer_string_handling_byte_string_roundtrip_for_contains,false_positive,No contains or index byte string roundtrip shown
/home/chinmay/ChinmayPersonalProjects/deslop/scripts/chunks/Chunk_3776_3800.txt,3795,/home/chinmay/ChinmayPersonalProjects/gopdfsuit/internal/pdf/redact/encryption_inhouse.go,309,go_perf_layer_io_operations_scanner_used_for_large_token_stream,true_positive,Snippet uses scanner for token stream
/home/chinmay/ChinmayPersonalProjects/deslop/scripts/chunks/Chunk_3776_3800.txt,3796,/home/chinmay/ChinmayPersonalProjects/gopdfsuit/internal/pdf/redact/encryption_inhouse.go,309,go_perf_layer_io_operations_temporary_file_for_stream_transform,false_positive,No temporary file transform shown
/home/chinmay/ChinmayPersonalProjects/deslop/scripts/chunks/Chunk_3776_3800.txt,3797,/home/chinmay/ChinmayPersonalProjects/gopdfsuit/internal/pdf/redact/encryption_inhouse.go,309,go_perf_layer_string_handling_byte_string_roundtrip_for_contains,false_positive,No contains or index byte string roundtrip shown
/home/chinmay/ChinmayPersonalProjects/deslop/scripts/chunks/Chunk_3776_3800.txt,3798,/home/chinmay/ChinmayPersonalProjects/gopdfsuit/internal/pdf/redact/encryption_inhouse.go,309,go_perf_layer_string_handling_fmt_sprintf_for_simple_concat,true_positive,Snippet uses fmt sprintf for string building
/home/chinmay/ChinmayPersonalProjects/deslop/scripts/chunks/Chunk_3776_3800.txt,3799,/home/chinmay/ChinmayPersonalProjects/gopdfsuit/internal/pdf/redact/encryption_inhouse.go,309,go_perf_layer_string_handling_string_lower_for_case_insensitive_compare,false_positive,No case normalization call shown
/home/chinmay/ChinmayPersonalProjects/deslop/scripts/chunks/Chunk_3776_3800.txt,3800,/home/chinmay/ChinmayPersonalProjects/gopdfsuit/internal/pdf/redact/encryption_inhouse.go,310,go_perf_layer_database_access_count_query_before_paged_fetch,false_positive,No database access evidence in snippet
/home/chinmay/ChinmayPersonalProjects/deslop/scripts/chunks/Chunk_3801_3825.txt,3801,/home/chinmay/ChinmayPersonalProjects/gopdfsuit/internal/pdf/redact/encryption_inhouse.go,310,go_perf_layer_garbage_collection_cleanup_response_body_not_drained_for_reuse,false_positive,No http response body handling shown
/home/chinmay/ChinmayPersonalProjects/deslop/scripts/chunks/Chunk_3801_3825.txt,3802,/home/chinmay/ChinmayPersonalProjects/gopdfsuit/internal/pdf/redact/encryption_inhouse.go,315,go_perf_layer_caching_cache_key_built_with_fmt,true_positive,Snippet shows cache related pattern flagged by rule
/home/chinmay/ChinmayPersonalProjects/deslop/scripts/chunks/Chunk_3801_3825.txt,3803,/home/chinmay/ChinmayPersonalProjects/gopdfsuit/internal/pdf/redact/encryption_inhouse.go,315,go_perf_layer_io_operations_readall_on_known_large_file,false_positive,No readall call shown
/home/chinmay/ChinmayPersonalProjects/deslop/scripts/chunks/Chunk_3801_3825.txt,3804,/home/chinmay/ChinmayPersonalProjects/gopdfsuit/internal/pdf/redact/encryption_inhouse.go,318,go_perf_layer_garbage_collection_cleanup_large_slice_retained_after_truncate,true_positive,Snippet retains large backing array after truncate
/home/chinmay/ChinmayPersonalProjects/deslop/scripts/chunks/Chunk_3801_3825.txt,3805,/home/chinmay/ChinmayPersonalProjects/gopdfsuit/internal/pdf/redact/encryption_inhouse.go,318,go_perf_layer_memory_allocation_temporary_byte_slice_for_string_write,true_positive,Snippet allocates byte buffer or conversion in path
/home/chinmay/ChinmayPersonalProjects/deslop/scripts/chunks/Chunk_3801_3825.txt,3806,/home/chinmay/ChinmayPersonalProjects/gopdfsuit/internal/pdf/redact/encryption_inhouse.go,319,three_index_slice_for_append_safety,false_positive,No three index slice syntax shown
/home/chinmay/ChinmayPersonalProjects/deslop/scripts/chunks/Chunk_3801_3825.txt,3807,/home/chinmay/ChinmayPersonalProjects/gopdfsuit/internal/pdf/redact/encryption_inhouse.go,328,go_perf_layer_memory_allocation_temporary_byte_slice_for_string_write,true_positive,Snippet allocates byte buffer or conversion in path
/home/chinmay/ChinmayPersonalProjects/deslop/scripts/chunks/Chunk_3801_3825.txt,3808,/home/chinmay/ChinmayPersonalProjects/gopdfsuit/internal/pdf/redact/encryption_inhouse.go,332,weak_crypto,true_positive,Snippet uses weak cryptographic primitive
/home/chinmay/ChinmayPersonalProjects/deslop/scripts/chunks/Chunk_3801_3825.txt,3809,/home/chinmay/ChinmayPersonalProjects/gopdfsuit/internal/pdf/redact/encryption_inhouse.go,332,weak_hash_for_integrity,true_positive,Snippet uses weak cryptographic primitive
/home/chinmay/ChinmayPersonalProjects/deslop/scripts/chunks/Chunk_3801_3825.txt,3810,/home/chinmay/ChinmayPersonalProjects/gopdfsuit/internal/pdf/redact/encryption_inhouse.go,354,go_perf_layer_memory_allocation_temporary_byte_slice_for_string_write,true_positive,Snippet allocates byte buffer or conversion in path
/home/chinmay/ChinmayPersonalProjects/deslop/scripts/chunks/Chunk_3801_3825.txt,3811,/home/chinmay/ChinmayPersonalProjects/gopdfsuit/internal/pdf/redact/encryption_inhouse.go,358,weak_crypto,true_positive,Snippet uses weak cryptographic primitive
/home/chinmay/ChinmayPersonalProjects/deslop/scripts/chunks/Chunk_3801_3825.txt,3812,/home/chinmay/ChinmayPersonalProjects/gopdfsuit/internal/pdf/redact/encryption_inhouse.go,360,go_perf_layer_memory_allocation_temporary_byte_slice_for_string_write,true_positive,Snippet allocates byte buffer or conversion in path
/home/chinmay/ChinmayPersonalProjects/deslop/scripts/chunks/Chunk_3801_3825.txt,3813,/home/chinmay/ChinmayPersonalProjects/gopdfsuit/internal/pdf/redact/encryption_inhouse.go,368,go_perf_layer_collection_iteration_copy_slice_before_readonly_range,false_positive,No pre range slice copy shown
/home/chinmay/ChinmayPersonalProjects/deslop/scripts/chunks/Chunk_3801_3825.txt,3814,/home/chinmay/ChinmayPersonalProjects/gopdfsuit/internal/pdf/redact/encryption_inhouse.go,368,go_perf_layer_memory_allocation_temporary_byte_slice_for_string_write,true_positive,Snippet allocates byte buffer or conversion in path
/home/chinmay/ChinmayPersonalProjects/deslop/scripts/chunks/Chunk_3801_3825.txt,3815,/home/chinmay/ChinmayPersonalProjects/gopdfsuit/internal/pdf/redact/encryption_inhouse.go,369,go_perf_layer_network_calls_retry_loop_without_backoff,false_positive,No clear retry loop over network call shown
/home/chinmay/ChinmayPersonalProjects/deslop/scripts/chunks/Chunk_3801_3825.txt,3816,/home/chinmay/ChinmayPersonalProjects/gopdfsuit/internal/pdf/redact/helpers.go,21,go_perf_layer_collection_iteration_copy_slice_before_readonly_range,false_positive,No pre range slice copy shown
/home/chinmay/ChinmayPersonalProjects/deslop/scripts/chunks/Chunk_3801_3825.txt,3817,/home/chinmay/ChinmayPersonalProjects/gopdfsuit/internal/pdf/redact/helpers.go,21,go_perf_layer_collection_iteration_manual_index_loop_without_bounds_need,false_positive,No manual index loop pattern shown
/home/chinmay/ChinmayPersonalProjects/deslop/scripts/chunks/Chunk_3801_3825.txt,3818,/home/chinmay/ChinmayPersonalProjects/gopdfsuit/internal/pdf/redact/helpers.go,21,go_perf_layer_database_access_query_inside_loop_without_batching,false_positive,No database access evidence in snippet
/home/chinmay/ChinmayPersonalProjects/deslop/scripts/chunks/Chunk_3801_3825.txt,3819,/home/chinmay/ChinmayPersonalProjects/gopdfsuit/internal/pdf/redact/helpers.go,21,go_perf_layer_network_calls_retry_loop_without_backoff,false_positive,No clear retry loop over network call shown
/home/chinmay/ChinmayPersonalProjects/deslop/scripts/chunks/Chunk_3801_3825.txt,3820,/home/chinmay/ChinmayPersonalProjects/gopdfsuit/internal/pdf/redact/helpers.go,22,go_perf_layer_memory_allocation_temporary_byte_slice_for_string_write,true_positive,Snippet allocates byte buffer or conversion in path
/home/chinmay/ChinmayPersonalProjects/deslop/scripts/chunks/Chunk_3801_3825.txt,3821,/home/chinmay/ChinmayPersonalProjects/gopdfsuit/internal/pdf/redact/helpers.go,31,go_perf_layer_collection_iteration_copy_slice_before_readonly_range,true_positive,Snippet copies slice before readonly iteration
/home/chinmay/ChinmayPersonalProjects/deslop/scripts/chunks/Chunk_3801_3825.txt,3822,/home/chinmay/ChinmayPersonalProjects/gopdfsuit/internal/pdf/redact/helpers.go,38,go_perf_layer_resource_pooling_buffer_pool_without_max_capacity,false_positive,No sync pool buffer pattern shown
/home/chinmay/ChinmayPersonalProjects/deslop/scripts/chunks/Chunk_3801_3825.txt,3823,/home/chinmay/ChinmayPersonalProjects/gopdfsuit/internal/pdf/redact/helpers.go,47,go_perf_layer_collection_iteration_copy_slice_before_readonly_range,true_positive,Snippet copies slice before readonly iteration
/home/chinmay/ChinmayPersonalProjects/deslop/scripts/chunks/Chunk_3801_3825.txt,3824,/home/chinmay/ChinmayPersonalProjects/gopdfsuit/internal/pdf/redact/helpers.go,51,go_perf_layer_resource_pooling_buffer_pool_without_max_capacity,false_positive,No sync pool buffer pattern shown
/home/chinmay/ChinmayPersonalProjects/deslop/scripts/chunks/Chunk_3801_3825.txt,3825,/home/chinmay/ChinmayPersonalProjects/gopdfsuit/internal/pdf/redact/helpers.go,69,go_perf_layer_caching_cache_key_built_with_fmt,true_positive,Snippet shows cache related pattern flagged by rule
/home/chinmay/ChinmayPersonalProjects/deslop/scripts/chunks/Chunk_3826_3850.txt,3826,/home/chinmay/ChinmayPersonalProjects/gopdfsuit/internal/pdf/redact/helpers.go,69,go_perf_layer_string_handling_string_lower_for_case_insensitive_compare,false_positive,No case normalization call shown
/home/chinmay/ChinmayPersonalProjects/deslop/scripts/chunks/Chunk_3826_3850.txt,3827,/home/chinmay/ChinmayPersonalProjects/gopdfsuit/internal/pdf/redact/helpers.go,70,go_perf_layer_caching_json_cache_value_stored_as_string,true_positive,Snippet shows cache related pattern flagged by rule
/home/chinmay/ChinmayPersonalProjects/deslop/scripts/chunks/Chunk_3826_3850.txt,3828,/home/chinmay/ChinmayPersonalProjects/gopdfsuit/internal/pdf/redact/helpers.go,70,go_perf_layer_caching_unbounded_cache_map,true_positive,Snippet shows cache related pattern flagged by rule
/home/chinmay/ChinmayPersonalProjects/deslop/scripts/chunks/Chunk_3826_3850.txt,3829,/home/chinmay/ChinmayPersonalProjects/gopdfsuit/internal/pdf/redact/helpers.go,70,go_perf_layer_database_access_query_inside_loop_without_batching,false_positive,No database access evidence in snippet
/home/chinmay/ChinmayPersonalProjects/deslop/scripts/chunks/Chunk_3826_3850.txt,3830,/home/chinmay/ChinmayPersonalProjects/gopdfsuit/internal/pdf/redact/helpers.go,71,go_perf_layer_async_concurrency_context_timeout_allocated_per_inner_call,false_positive,No repeated timeout context allocation shown
/home/chinmay/ChinmayPersonalProjects/deslop/scripts/chunks/Chunk_3826_3850.txt,3831,/home/chinmay/ChinmayPersonalProjects/gopdfsuit/internal/pdf/redact/helpers.go,71,go_perf_layer_memory_allocation_temporary_byte_slice_for_string_write,true_positive,Snippet allocates byte buffer or conversion in path
/home/chinmay/ChinmayPersonalProjects/deslop/scripts/chunks/Chunk_3826_3850.txt,3832,/home/chinmay/ChinmayPersonalProjects/gopdfsuit/internal/pdf/redact/helpers.go,76,go_perf_layer_collection_iteration_copy_slice_before_readonly_range,false_positive,No pre range slice copy shown
/home/chinmay/ChinmayPersonalProjects/deslop/scripts/chunks/Chunk_3826_3850.txt,3833,/home/chinmay/ChinmayPersonalProjects/gopdfsuit/internal/pdf/redact/helpers.go,77,go_perf_layer_network_calls_retry_loop_without_backoff,false_positive,No clear retry loop over network call shown
/home/chinmay/ChinmayPersonalProjects/deslop/scripts/chunks/Chunk_3826_3850.txt,3834,/home/chinmay/ChinmayPersonalProjects/gopdfsuit/internal/pdf/redact/helpers.go,91,go_perf_layer_network_calls_retry_loop_without_backoff,false_positive,No clear retry loop over network call shown
/home/chinmay/ChinmayPersonalProjects/deslop/scripts/chunks/Chunk_3826_3850.txt,3835,/home/chinmay/ChinmayPersonalProjects/gopdfsuit/internal/pdf/redact/helpers.go,99,go_perf_layer_io_operations_scanner_used_for_large_token_stream,true_positive,Snippet uses scanner for token stream
/home/chinmay/ChinmayPersonalProjects/deslop/scripts/chunks/Chunk_3826_3850.txt,3836,/home/chinmay/ChinmayPersonalProjects/gopdfsuit/internal/pdf/redact/helpers.go,99,go_perf_layer_string_handling_byte_string_roundtrip_for_contains,false_positive,No contains or index byte string roundtrip shown
/home/chinmay/ChinmayPersonalProjects/deslop/scripts/chunks/Chunk_3826_3850.txt,3837,/home/chinmay/ChinmayPersonalProjects/gopdfsuit/internal/pdf/redact/helpers.go,99,go_perf_layer_string_handling_fmt_sprintf_for_simple_concat,false_positive,No fmt sprintf usage shown
/home/chinmay/ChinmayPersonalProjects/deslop/scripts/chunks/Chunk_3826_3850.txt,3838,/home/chinmay/ChinmayPersonalProjects/gopdfsuit/internal/pdf/redact/helpers.go,99,go_perf_layer_string_handling_string_lower_for_case_insensitive_compare,false_positive,No case normalization call shown
/home/chinmay/ChinmayPersonalProjects/deslop/scripts/chunks/Chunk_3826_3850.txt,3839,/home/chinmay/ChinmayPersonalProjects/gopdfsuit/internal/pdf/redact/helpers.go,100,go_perf_layer_algorithmic_complexity_repeated_nested_slice_scans,false_positive,No nested scan pattern shown
/home/chinmay/ChinmayPersonalProjects/deslop/scripts/chunks/Chunk_3826_3850.txt,3840,/home/chinmay/ChinmayPersonalProjects/gopdfsuit/internal/pdf/redact/helpers.go,100,go_perf_layer_collection_iteration_copy_slice_before_readonly_range,false_positive,No pre range slice copy shown
/home/chinmay/ChinmayPersonalProjects/deslop/scripts/chunks/Chunk_3826_3850.txt,3841,/home/chinmay/ChinmayPersonalProjects/gopdfsuit/internal/pdf/redact/helpers.go,100,go_perf_layer_collection_iteration_manual_index_loop_without_bounds_need,false_positive,No manual index loop pattern shown
/home/chinmay/ChinmayPersonalProjects/deslop/scripts/chunks/Chunk_3826_3850.txt,3842,/home/chinmay/ChinmayPersonalProjects/gopdfsuit/internal/pdf/redact/helpers.go,100,go_perf_layer_collection_iteration_range_over_map_for_deterministic_first,true_positive,Snippet ranges map where order is nondeterministic
/home/chinmay/ChinmayPersonalProjects/deslop/scripts/chunks/Chunk_3826_3850.txt,3843,/home/chinmay/ChinmayPersonalProjects/gopdfsuit/internal/pdf/redact/helpers.go,100,go_perf_layer_database_access_count_query_before_paged_fetch,false_positive,No database access evidence in snippet
/home/chinmay/ChinmayPersonalProjects/deslop/scripts/chunks/Chunk_3826_3850.txt,3844,/home/chinmay/ChinmayPersonalProjects/gopdfsuit/internal/pdf/redact/helpers.go,100,go_perf_layer_database_access_query_inside_loop_without_batching,false_positive,No database access evidence in snippet
/home/chinmay/ChinmayPersonalProjects/deslop/scripts/chunks/Chunk_3826_3850.txt,3845,/home/chinmay/ChinmayPersonalProjects/gopdfsuit/internal/pdf/redact/helpers.go,100,go_perf_layer_database_access_rows_scan_into_map_per_row,false_positive,No database access evidence in snippet
/home/chinmay/ChinmayPersonalProjects/deslop/scripts/chunks/Chunk_3826_3850.txt,3846,/home/chinmay/ChinmayPersonalProjects/gopdfsuit/internal/pdf/redact/helpers.go,100,go_perf_layer_network_calls_retry_loop_without_backoff,false_positive,No clear retry loop over network call shown
/home/chinmay/ChinmayPersonalProjects/deslop/scripts/chunks/Chunk_3826_3850.txt,3847,/home/chinmay/ChinmayPersonalProjects/gopdfsuit/internal/pdf/redact/helpers.go,101,go_perf_layer_garbage_collection_cleanup_response_body_not_drained_for_reuse,false_positive,No http response body handling shown
/home/chinmay/ChinmayPersonalProjects/deslop/scripts/chunks/Chunk_3826_3850.txt,3848,/home/chinmay/ChinmayPersonalProjects/gopdfsuit/internal/pdf/redact/helpers.go,101,go_perf_layer_serialization_gzip_writer_created_per_small_payload,false_positive,No gzip writer creation shown
/home/chinmay/ChinmayPersonalProjects/deslop/scripts/chunks/Chunk_3826_3850.txt,3849,/home/chinmay/ChinmayPersonalProjects/gopdfsuit/internal/pdf/redact/helpers.go,102,go_perf_layer_memory_allocation_temporary_byte_slice_for_string_write,true_positive,Snippet allocates byte buffer or conversion in path
/home/chinmay/ChinmayPersonalProjects/deslop/scripts/chunks/Chunk_3826_3850.txt,3850,/home/chinmay/ChinmayPersonalProjects/gopdfsuit/internal/pdf/redact/helpers.go,105,regexp_compile_in_hot_path,true_positive,Snippet compiles regexp inside function path
/home/chinmay/ChinmayPersonalProjects/deslop/scripts/chunks/Chunk_3851_3875.txt,3851,/home/chinmay/ChinmayPersonalProjects/gopdfsuit/internal/pdf/redact/helpers.go,137,regexp_compile_in_hot_path,true_positive,Snippet compiles regexp inside function path
/home/chinmay/ChinmayPersonalProjects/deslop/scripts/chunks/Chunk_3851_3875.txt,3852,/home/chinmay/ChinmayPersonalProjects/gopdfsuit/internal/pdf/redact/helpers.go,139,go_perf_layer_caching_json_cache_value_stored_as_string,true_positive,Snippet shows cache related pattern flagged by rule
/home/chinmay/ChinmayPersonalProjects/deslop/scripts/chunks/Chunk_3851_3875.txt,3853,/home/chinmay/ChinmayPersonalProjects/gopdfsuit/internal/pdf/redact/helpers.go,139,go_perf_layer_data_structure_choice_map_string_bool_for_membership,true_positive,Snippet creates or uses map pattern flagged by rule
/home/chinmay/ChinmayPersonalProjects/deslop/scripts/chunks/Chunk_3851_3875.txt,3854,/home/chinmay/ChinmayPersonalProjects/gopdfsuit/internal/pdf/redact/helpers.go,139,go_perf_layer_data_structure_choice_small_enum_string_switch_map,false_positive,No small enum map choice evidence shown
/home/chinmay/ChinmayPersonalProjects/deslop/scripts/chunks/Chunk_3851_3875.txt,3855,/home/chinmay/ChinmayPersonalProjects/gopdfsuit/internal/pdf/redact/helpers.go,141,go_perf_layer_caching_cache_key_built_with_fmt,true_positive,Snippet shows cache related pattern flagged by rule
/home/chinmay/ChinmayPersonalProjects/deslop/scripts/chunks/Chunk_3851_3875.txt,3856,/home/chinmay/ChinmayPersonalProjects/gopdfsuit/internal/pdf/redact/helpers.go,142,go_perf_layer_caching_unbounded_cache_map,true_positive,Snippet shows cache related pattern flagged by rule
/home/chinmay/ChinmayPersonalProjects/deslop/scripts/chunks/Chunk_3851_3875.txt,3857,/home/chinmay/ChinmayPersonalProjects/gopdfsuit/internal/pdf/redact/helpers.go,142,go_perf_layer_memory_allocation_map_recreated_for_static_lookup,true_positive,Snippet creates or uses map pattern flagged by rule
/home/chinmay/ChinmayPersonalProjects/deslop/scripts/chunks/Chunk_3851_3875.txt,3858,/home/chinmay/ChinmayPersonalProjects/gopdfsuit/internal/pdf/redact/helpers.go,149,fmt_hot_path,false_positive,No fmt formatting call shown
/home/chinmay/ChinmayPersonalProjects/deslop/scripts/chunks/Chunk_3851_3875.txt,3859,/home/chinmay/ChinmayPersonalProjects/gopdfsuit/internal/pdf/redact/ocr_adapter.go,29,single_impl_interface,false_positive,No clear evidence for this structural style rule
/home/chinmay/ChinmayPersonalProjects/deslop/scripts/chunks/Chunk_3851_3875.txt,3860,/home/chinmay/ChinmayPersonalProjects/gopdfsuit/internal/pdf/redact/ocr_adapter.go,36,go_perf_layer_error_handling_cost_error_string_built_before_error_needed,false_positive,No eager error string construction shown
/home/chinmay/ChinmayPersonalProjects/deslop/scripts/chunks/Chunk_3851_3875.txt,3861,/home/chinmay/ChinmayPersonalProjects/gopdfsuit/internal/pdf/redact/ocr_adapter.go,36,go_perf_layer_string_handling_string_lower_for_case_insensitive_compare,true_positive,Snippet normalizes case with strings lower or upper
/home/chinmay/ChinmayPersonalProjects/deslop/scripts/chunks/Chunk_3851_3875.txt,3862,/home/chinmay/ChinmayPersonalProjects/gopdfsuit/internal/pdf/redact/ocr_adapter.go,36,repeated_string_trim_normalize,false_positive,Rule pattern not evidenced in provided snippet
/home/chinmay/ChinmayPersonalProjects/deslop/scripts/chunks/Chunk_3851_3875.txt,3863,/home/chinmay/ChinmayPersonalProjects/gopdfsuit/internal/pdf/redact/ocr_adapter.go,44,go_perf_layer_algorithmic_complexity_quadratic_append_filter_pipeline,true_positive,Snippet shows nested iteration pattern
/home/chinmay/ChinmayPersonalProjects/deslop/scripts/chunks/Chunk_3851_3875.txt,3864,/home/chinmay/ChinmayPersonalProjects/gopdfsuit/internal/pdf/redact/ocr_adapter.go,44,go_perf_layer_string_handling_string_lower_for_case_insensitive_compare,true_positive,Snippet normalizes case with strings lower or upper
/home/chinmay/ChinmayPersonalProjects/deslop/scripts/chunks/Chunk_3851_3875.txt,3865,/home/chinmay/ChinmayPersonalProjects/gopdfsuit/internal/pdf/redact/ocr_adapter.go,47,go_perf_layer_data_structure_choice_small_enum_string_switch_map,false_positive,No small enum map choice evidence shown
/home/chinmay/ChinmayPersonalProjects/deslop/scripts/chunks/Chunk_3851_3875.txt,3866,/home/chinmay/ChinmayPersonalProjects/gopdfsuit/internal/pdf/redact/ocr_adapter.go,51,go_perf_layer_memory_allocation_temporary_byte_slice_for_string_write,true_positive,Snippet allocates byte buffer or conversion in path
/home/chinmay/ChinmayPersonalProjects/deslop/scripts/chunks/Chunk_3851_3875.txt,3867,/home/chinmay/ChinmayPersonalProjects/gopdfsuit/internal/pdf/redact/ocr_adapter.go,51,go_perf_layer_string_handling_byte_string_roundtrip_for_contains,false_positive,No contains or index byte string roundtrip shown
/home/chinmay/ChinmayPersonalProjects/deslop/scripts/chunks/Chunk_3851_3875.txt,3868,/home/chinmay/ChinmayPersonalProjects/gopdfsuit/internal/pdf/redact/ocr_adapter.go,55,go_perf_layer_algorithmic_complexity_repeated_nested_slice_scans,true_positive,Snippet shows nested iteration pattern
/home/chinmay/ChinmayPersonalProjects/deslop/scripts/chunks/Chunk_3851_3875.txt,3869,/home/chinmay/ChinmayPersonalProjects/gopdfsuit/internal/pdf/redact/ocr_adapter.go,55,go_perf_layer_collection_iteration_copy_slice_before_readonly_range,false_positive,No pre range slice copy shown
/home/chinmay/ChinmayPersonalProjects/deslop/scripts/chunks/Chunk_3851_3875.txt,3870,/home/chinmay/ChinmayPersonalProjects/gopdfsuit/internal/pdf/redact/ocr_adapter.go,56,go_perf_layer_network_calls_retry_loop_without_backoff,false_positive,No clear retry loop over network call shown
/home/chinmay/ChinmayPersonalProjects/deslop/scripts/chunks/Chunk_3851_3875.txt,3871,/home/chinmay/ChinmayPersonalProjects/gopdfsuit/internal/pdf/redact/ocr_adapter.go,58,repeated_string_trim_normalize,false_positive,Rule pattern not evidenced in provided snippet
/home/chinmay/ChinmayPersonalProjects/deslop/scripts/chunks/Chunk_3851_3875.txt,3872,/home/chinmay/ChinmayPersonalProjects/gopdfsuit/internal/pdf/redact/ocr_adapter.go,63,go_perf_layer_memory_allocation_append_without_known_capacity,true_positive,Snippet appends during loop without visible capacity hint
/home/chinmay/ChinmayPersonalProjects/deslop/scripts/chunks/Chunk_3851_3875.txt,3873,/home/chinmay/ChinmayPersonalProjects/gopdfsuit/internal/pdf/redact/ocr_adapter.go,63,slice_append_without_prealloc_known_bound,true_positive,Snippet appends during loop without visible capacity hint
/home/chinmay/ChinmayPersonalProjects/deslop/scripts/chunks/Chunk_3851_3875.txt,3874,/home/chinmay/ChinmayPersonalProjects/gopdfsuit/internal/pdf/redact/ocr_adapter.go,63,slice_grow_without_cap_hint,true_positive,Snippet appends during loop without visible capacity hint
/home/chinmay/ChinmayPersonalProjects/deslop/scripts/chunks/Chunk_3851_3875.txt,3875,/home/chinmay/ChinmayPersonalProjects/gopdfsuit/internal/pdf/redact/ocr_adapter.go,78,go_perf_layer_algorithmic_complexity_quadratic_append_filter_pipeline,true_positive,Snippet shows nested iteration pattern
/home/chinmay/ChinmayPersonalProjects/deslop/scripts/chunks/Chunk_3876_3900.txt,3876,/home/chinmay/ChinmayPersonalProjects/gopdfsuit/internal/pdf/redact/ocr_adapter.go,78,go_perf_layer_error_handling_cost_error_string_built_before_error_needed,true_positive,Snippet builds formatted error string eagerly
/home/chinmay/ChinmayPersonalProjects/deslop/scripts/chunks/Chunk_3876_3900.txt,3877,/home/chinmay/ChinmayPersonalProjects/gopdfsuit/internal/pdf/redact/ocr_adapter.go,79,errors_new_for_static_sentinel,true_positive,Snippet allocates sentinel error in function
/home/chinmay/ChinmayPersonalProjects/deslop/scripts/chunks/Chunk_3876_3900.txt,3878,/home/chinmay/ChinmayPersonalProjects/gopdfsuit/internal/pdf/redact/ocr_adapter.go,79,go_perf_layer_algorithmic_complexity_repeated_nested_slice_scans,true_positive,Snippet shows nested iteration pattern
/home/chinmay/ChinmayPersonalProjects/deslop/scripts/chunks/Chunk_3876_3900.txt,3879,/home/chinmay/ChinmayPersonalProjects/gopdfsuit/internal/pdf/redact/ocr_adapter.go,79,go_perf_layer_collection_iteration_copy_slice_before_readonly_range,false_positive,No pre range slice copy shown
/home/chinmay/ChinmayPersonalProjects/deslop/scripts/chunks/Chunk_3876_3900.txt,3880,/home/chinmay/ChinmayPersonalProjects/gopdfsuit/internal/pdf/redact/ocr_adapter.go,79,go_perf_layer_io_operations_scanner_used_for_large_token_stream,true_positive,Snippet uses scanner for token stream
/home/chinmay/ChinmayPersonalProjects/deslop/scripts/chunks/Chunk_3876_3900.txt,3881,/home/chinmay/ChinmayPersonalProjects/gopdfsuit/internal/pdf/redact/ocr_adapter.go,79,go_perf_layer_memory_allocation_bytes_buffer_allocated_per_record,true_positive,Snippet allocates byte buffer or conversion in path
/home/chinmay/ChinmayPersonalProjects/deslop/scripts/chunks/Chunk_3876_3900.txt,3882,/home/chinmay/ChinmayPersonalProjects/gopdfsuit/internal/pdf/redact/ocr_adapter.go,79,go_perf_layer_memory_allocation_temporary_byte_slice_for_string_write,true_positive,Snippet allocates byte buffer or conversion in path
/home/chinmay/ChinmayPersonalProjects/deslop/scripts/chunks/Chunk_3876_3900.txt,3883,/home/chinmay/ChinmayPersonalProjects/gopdfsuit/internal/pdf/redact/ocr_adapter.go,79,go_perf_layer_network_calls_retry_loop_without_backoff,false_positive,No clear retry loop over network call shown
/home/chinmay/ChinmayPersonalProjects/deslop/scripts/chunks/Chunk_3876_3900.txt,3884,/home/chinmay/ChinmayPersonalProjects/gopdfsuit/internal/pdf/redact/ocr_adapter.go,85,go_perf_layer_string_handling_byte_string_roundtrip_for_contains,false_positive,No contains or index byte string roundtrip shown
/home/chinmay/ChinmayPersonalProjects/deslop/scripts/chunks/Chunk_3876_3900.txt,3885,/home/chinmay/ChinmayPersonalProjects/gopdfsuit/internal/pdf/redact/ocr_adapter.go,94,go_perf_layer_garbage_collection_cleanup_large_slice_retained_after_truncate,true_positive,Snippet retains large backing array after truncate
/home/chinmay/ChinmayPersonalProjects/deslop/scripts/chunks/Chunk_3876_3900.txt,3886,/home/chinmay/ChinmayPersonalProjects/gopdfsuit/internal/pdf/redact/ocr_adapter.go,94,go_perf_layer_garbage_collection_cleanup_sync_pool_stores_large_unbounded_buffers,true_positive,Snippet uses sync pool buffer pattern
/home/chinmay/ChinmayPersonalProjects/deslop/scripts/chunks/Chunk_3876_3900.txt,3887,/home/chinmay/ChinmayPersonalProjects/gopdfsuit/internal/pdf/redact/ocr_adapter.go,98,go_perf_layer_io_operations_readall_on_known_large_file,false_positive,No readall call shown
/home/chinmay/ChinmayPersonalProjects/deslop/scripts/chunks/Chunk_3876_3900.txt,3888,/home/chinmay/ChinmayPersonalProjects/gopdfsuit/internal/pdf/redact/ocr_adapter.go,100,go_perf_layer_io_operations_stat_before_open_without_branch,false_positive,No stat before open pattern shown
/home/chinmay/ChinmayPersonalProjects/deslop/scripts/chunks/Chunk_3876_3900.txt,3889,/home/chinmay/ChinmayPersonalProjects/gopdfsuit/internal/pdf/redact/ocr_adapter.go,100,go_perf_layer_io_operations_temporary_file_for_stream_transform,false_positive,No temporary file transform shown
/home/chinmay/ChinmayPersonalProjects/deslop/scripts/chunks/Chunk_3876_3900.txt,3890,/home/chinmay/ChinmayPersonalProjects/gopdfsuit/internal/pdf/redact/ocr_adapter.go,100,go_perf_layer_string_handling_fmt_sprintf_for_simple_concat,true_positive,Snippet uses fmt sprintf for string building
/home/chinmay/ChinmayPersonalProjects/deslop/scripts/chunks/Chunk_3876_3900.txt,3891,/home/chinmay/ChinmayPersonalProjects/gopdfsuit/internal/pdf/redact/ocr_adapter.go,100,go_perf_layer_string_handling_string_lower_for_case_insensitive_compare,false_positive,No case normalization call shown
/home/chinmay/ChinmayPersonalProjects/deslop/scripts/chunks/Chunk_3876_3900.txt,3892,/home/chinmay/ChinmayPersonalProjects/gopdfsuit/internal/pdf/redact/ocr_adapter.go,100,go_perf_layer_string_handling_strings_join_single_element_loop,false_positive,No strings join call shown
/home/chinmay/ChinmayPersonalProjects/deslop/scripts/chunks/Chunk_3876_3900.txt,3893,/home/chinmay/ChinmayPersonalProjects/gopdfsuit/internal/pdf/redact/ocr_adapter.go,105,go_perf_layer_data_structure_choice_small_enum_string_switch_map,false_positive,No small enum map choice evidence shown
/home/chinmay/ChinmayPersonalProjects/deslop/scripts/chunks/Chunk_3876_3900.txt,3894,/home/chinmay/ChinmayPersonalProjects/gopdfsuit/internal/pdf/redact/ocr_adapter.go,112,fmt_hot_path,true_positive,Snippet uses fmt formatting call
/home/chinmay/ChinmayPersonalProjects/deslop/scripts/chunks/Chunk_3876_3900.txt,3895,/home/chinmay/ChinmayPersonalProjects/gopdfsuit/internal/pdf/redact/ocr_adapter.go,114,missing_context,false_positive,No clear evidence for this structural style rule
/home/chinmay/ChinmayPersonalProjects/deslop/scripts/chunks/Chunk_3876_3900.txt,3896,/home/chinmay/ChinmayPersonalProjects/gopdfsuit/internal/pdf/redact/ocr_adapter.go,116,error_wrapping_misuse,true_positive,Snippet uses fmt errorf and rule applies
/home/chinmay/ChinmayPersonalProjects/deslop/scripts/chunks/Chunk_3876_3900.txt,3897,/home/chinmay/ChinmayPersonalProjects/gopdfsuit/internal/pdf/redact/ocr_adapter.go,116,fmt_errorf_without_wrap_verb,true_positive,Snippet uses fmt errorf and rule applies
/home/chinmay/ChinmayPersonalProjects/deslop/scripts/chunks/Chunk_3876_3900.txt,3898,/home/chinmay/ChinmayPersonalProjects/gopdfsuit/internal/pdf/redact/ocr_adapter.go,129,missing_context,false_positive,No clear evidence for this structural style rule
/home/chinmay/ChinmayPersonalProjects/deslop/scripts/chunks/Chunk_3876_3900.txt,3899,/home/chinmay/ChinmayPersonalProjects/gopdfsuit/internal/pdf/redact/ocr_adapter.go,132,error_wrapping_misuse,true_positive,Snippet uses fmt errorf and rule applies
/home/chinmay/ChinmayPersonalProjects/deslop/scripts/chunks/Chunk_3876_3900.txt,3900,/home/chinmay/ChinmayPersonalProjects/gopdfsuit/internal/pdf/redact/ocr_adapter.go,132,fmt_errorf_without_wrap_verb,true_positive,Snippet uses fmt errorf and rule applies
/home/chinmay/ChinmayPersonalProjects/deslop/scripts/chunks/Chunk_3901_3925.txt,3901,/home/chinmay/ChinmayPersonalProjects/gopdfsuit/internal/pdf/redact/ocr_adapter.go,139,go_perf_layer_resource_pooling_buffer_pool_without_max_capacity,false_positive,No sync pool buffer pattern shown
/home/chinmay/ChinmayPersonalProjects/deslop/scripts/chunks/Chunk_3901_3925.txt,3902,/home/chinmay/ChinmayPersonalProjects/gopdfsuit/internal/pdf/redact/ocr_adapter.go,165,slice_grow_without_cap_hint,false_positive,No loop append growth pattern shown
/home/chinmay/ChinmayPersonalProjects/deslop/scripts/chunks/Chunk_3901_3925.txt,3903,/home/chinmay/ChinmayPersonalProjects/gopdfsuit/internal/pdf/redact/pdf_utils.go,4,helper_or_utils_package_contains_domain_logic,false_positive,No clear evidence for this structural style rule
/home/chinmay/ChinmayPersonalProjects/deslop/scripts/chunks/Chunk_3901_3925.txt,3904,/home/chinmay/ChinmayPersonalProjects/gopdfsuit/internal/pdf/redact/pdf_utils.go,19,go_perf_layer_algorithmic_complexity_repeated_nested_slice_scans,false_positive,No nested scan pattern shown
/home/chinmay/ChinmayPersonalProjects/deslop/scripts/chunks/Chunk_3901_3925.txt,3905,/home/chinmay/ChinmayPersonalProjects/gopdfsuit/internal/pdf/redact/pdf_utils.go,19,go_perf_layer_caching_cache_key_built_with_fmt,true_positive,Snippet shows cache related pattern flagged by rule
/home/chinmay/ChinmayPersonalProjects/deslop/scripts/chunks/Chunk_3901_3925.txt,3906,/home/chinmay/ChinmayPersonalProjects/gopdfsuit/internal/pdf/redact/pdf_utils.go,19,go_perf_layer_caching_cache_miss_does_duplicate_work,true_positive,Snippet shows cache related pattern flagged by rule
/home/chinmay/ChinmayPersonalProjects/deslop/scripts/chunks/Chunk_3901_3925.txt,3907,/home/chinmay/ChinmayPersonalProjects/gopdfsuit/internal/pdf/redact/pdf_utils.go,19,go_perf_layer_caching_json_cache_value_stored_as_string,true_positive,Snippet shows cache related pattern flagged by rule
/home/chinmay/ChinmayPersonalProjects/deslop/scripts/chunks/Chunk_3901_3925.txt,3908,/home/chinmay/ChinmayPersonalProjects/gopdfsuit/internal/pdf/redact/pdf_utils.go,19,go_perf_layer_caching_unbounded_cache_map,true_positive,Snippet shows cache related pattern flagged by rule
/home/chinmay/ChinmayPersonalProjects/deslop/scripts/chunks/Chunk_3901_3925.txt,3909,/home/chinmay/ChinmayPersonalProjects/gopdfsuit/internal/pdf/redact/pdf_utils.go,19,go_perf_layer_collection_iteration_copy_slice_before_readonly_range,false_positive,No pre range slice copy shown
/home/chinmay/ChinmayPersonalProjects/deslop/scripts/chunks/Chunk_3901_3925.txt,3910,/home/chinmay/ChinmayPersonalProjects/gopdfsuit/internal/pdf/redact/pdf_utils.go,19,go_perf_layer_collection_iteration_range_over_map_for_deterministic_first,true_positive,Snippet ranges map where order is nondeterministic
/home/chinmay/ChinmayPersonalProjects/deslop/scripts/chunks/Chunk_3901_3925.txt,3911,/home/chinmay/ChinmayPersonalProjects/gopdfsuit/internal/pdf/redact/pdf_utils.go,19,go_perf_layer_data_structure_choice_interface_map_for_typed_values,true_positive,Snippet creates or uses map pattern flagged by rule
/home/chinmay/ChinmayPersonalProjects/deslop/scripts/chunks/Chunk_3901_3925.txt,3912,/home/chinmay/ChinmayPersonalProjects/gopdfsuit/internal/pdf/redact/pdf_utils.go,19,go_perf_layer_data_structure_choice_map_string_bool_for_membership,true_positive,Snippet creates or uses map pattern flagged by rule
/home/chinmay/ChinmayPersonalProjects/deslop/scripts/chunks/Chunk_3901_3925.txt,3913,/home/chinmay/ChinmayPersonalProjects/gopdfsuit/internal/pdf/redact/pdf_utils.go,19,go_perf_layer_data_structure_choice_small_enum_string_switch_map,false_positive,No small enum map choice evidence shown
/home/chinmay/ChinmayPersonalProjects/deslop/scripts/chunks/Chunk_3901_3925.txt,3914,/home/chinmay/ChinmayPersonalProjects/gopdfsuit/internal/pdf/redact/pdf_utils.go,19,go_perf_layer_database_access_rows_scan_into_map_per_row,false_positive,No database access evidence in snippet
/home/chinmay/ChinmayPersonalProjects/deslop/scripts/chunks/Chunk_3901_3925.txt,3915,/home/chinmay/ChinmayPersonalProjects/gopdfsuit/internal/pdf/redact/pdf_utils.go,19,go_perf_layer_error_handling_cost_error_string_built_before_error_needed,false_positive,No eager error string construction shown
/home/chinmay/ChinmayPersonalProjects/deslop/scripts/chunks/Chunk_3901_3925.txt,3916,/home/chinmay/ChinmayPersonalProjects/gopdfsuit/internal/pdf/redact/pdf_utils.go,19,go_perf_layer_memory_allocation_bytes_buffer_allocated_per_record,true_positive,Snippet allocates byte buffer or conversion in path
/home/chinmay/ChinmayPersonalProjects/deslop/scripts/chunks/Chunk_3901_3925.txt,3917,/home/chinmay/ChinmayPersonalProjects/gopdfsuit/internal/pdf/redact/pdf_utils.go,19,go_perf_layer_memory_allocation_map_recreated_for_static_lookup,true_positive,Snippet creates or uses map pattern flagged by rule
/home/chinmay/ChinmayPersonalProjects/deslop/scripts/chunks/Chunk_3901_3925.txt,3918,/home/chinmay/ChinmayPersonalProjects/gopdfsuit/internal/pdf/redact/pdf_utils.go,19,go_perf_layer_memory_allocation_temporary_byte_slice_for_string_write,true_positive,Snippet allocates byte buffer or conversion in path
/home/chinmay/ChinmayPersonalProjects/deslop/scripts/chunks/Chunk_3901_3925.txt,3919,/home/chinmay/ChinmayPersonalProjects/gopdfsuit/internal/pdf/redact/pdf_utils.go,19,go_perf_layer_string_handling_byte_string_roundtrip_for_contains,false_positive,No contains or index byte string roundtrip shown
/home/chinmay/ChinmayPersonalProjects/deslop/scripts/chunks/Chunk_3901_3925.txt,3920,/home/chinmay/ChinmayPersonalProjects/gopdfsuit/internal/pdf/redact/pdf_utils.go,19,go_perf_layer_string_handling_fmt_sprintf_for_simple_concat,false_positive,No fmt sprintf usage shown
/home/chinmay/ChinmayPersonalProjects/deslop/scripts/chunks/Chunk_3901_3925.txt,3921,/home/chinmay/ChinmayPersonalProjects/gopdfsuit/internal/pdf/redact/pdf_utils.go,19,go_perf_layer_string_handling_string_lower_for_case_insensitive_compare,false_positive,No case normalization call shown
/home/chinmay/ChinmayPersonalProjects/deslop/scripts/chunks/Chunk_3901_3925.txt,3922,/home/chinmay/ChinmayPersonalProjects/gopdfsuit/internal/pdf/redact/pdf_utils.go,21,go_perf_layer_database_access_count_query_before_paged_fetch,false_positive,No database access evidence in snippet
/home/chinmay/ChinmayPersonalProjects/deslop/scripts/chunks/Chunk_3901_3925.txt,3923,/home/chinmay/ChinmayPersonalProjects/gopdfsuit/internal/pdf/redact/pdf_utils.go,21,go_perf_layer_database_access_query_inside_loop_without_batching,false_positive,No database access evidence in snippet
/home/chinmay/ChinmayPersonalProjects/deslop/scripts/chunks/Chunk_3901_3925.txt,3924,/home/chinmay/ChinmayPersonalProjects/gopdfsuit/internal/pdf/redact/pdf_utils.go,22,go_perf_layer_algorithmic_complexity_sort_before_linear_dedup,false_positive,No sort based dedup pattern shown
/home/chinmay/ChinmayPersonalProjects/deslop/scripts/chunks/Chunk_3901_3925.txt,3925,/home/chinmay/ChinmayPersonalProjects/gopdfsuit/internal/pdf/redact/pdf_utils.go,22,go_perf_layer_io_operations_scanner_used_for_large_token_stream,true_positive,Snippet uses scanner for token stream
/home/chinmay/ChinmayPersonalProjects/deslop/scripts/chunks/Chunk_3926_3950.txt,3926,/home/chinmay/ChinmayPersonalProjects/gopdfsuit/internal/pdf/redact/pdf_utils.go,22,go_perf_layer_network_calls_retry_loop_without_backoff,false_positive,No clear retry loop over network call shown
/home/chinmay/ChinmayPersonalProjects/deslop/scripts/chunks/Chunk_3926_3950.txt,3927,/home/chinmay/ChinmayPersonalProjects/gopdfsuit/internal/pdf/redact/pdf_utils.go,24,go_perf_layer_garbage_collection_cleanup_response_body_not_drained_for_reuse,false_positive,No http response body handling shown
/home/chinmay/ChinmayPersonalProjects/deslop/scripts/chunks/Chunk_3926_3950.txt,3928,/home/chinmay/ChinmayPersonalProjects/gopdfsuit/internal/pdf/redact/pdf_utils.go,24,go_perf_layer_serialization_gzip_writer_created_per_small_payload,false_positive,No gzip writer creation shown
/home/chinmay/ChinmayPersonalProjects/deslop/scripts/chunks/Chunk_3926_3950.txt,3929,/home/chinmay/ChinmayPersonalProjects/gopdfsuit/internal/pdf/redact/pdf_utils.go,28,regexp_compile_in_hot_path,true_positive,Snippet compiles regexp inside function path
/home/chinmay/ChinmayPersonalProjects/deslop/scripts/chunks/Chunk_3926_3950.txt,3930,/home/chinmay/ChinmayPersonalProjects/gopdfsuit/internal/pdf/redact/pdf_utils.go,38,regexp_compile_in_hot_path,true_positive,Snippet compiles regexp inside function path
/home/chinmay/ChinmayPersonalProjects/deslop/scripts/chunks/Chunk_3926_3950.txt,3931,/home/chinmay/ChinmayPersonalProjects/gopdfsuit/internal/pdf/redact/pdf_utils.go,68,fmt_hot_path,false_positive,No fmt formatting call shown
/home/chinmay/ChinmayPersonalProjects/deslop/scripts/chunks/Chunk_3926_3950.txt,3932,/home/chinmay/ChinmayPersonalProjects/gopdfsuit/internal/pdf/redact/pdf_utils.go,68,map_growth_without_size_hint,true_positive,Snippet creates or uses map pattern flagged by rule
/home/chinmay/ChinmayPersonalProjects/deslop/scripts/chunks/Chunk_3926_3950.txt,3933,/home/chinmay/ChinmayPersonalProjects/gopdfsuit/internal/pdf/redact/pdf_utils.go,86,go_perf_layer_caching_cache_key_built_with_fmt,true_positive,Snippet shows cache related pattern flagged by rule
/home/chinmay/ChinmayPersonalProjects/deslop/scripts/chunks/Chunk_3926_3950.txt,3934,/home/chinmay/ChinmayPersonalProjects/gopdfsuit/internal/pdf/redact/pdf_utils.go,86,go_perf_layer_caching_unbounded_cache_map,true_positive,Snippet shows cache related pattern flagged by rule
/home/chinmay/ChinmayPersonalProjects/deslop/scripts/chunks/Chunk_3926_3950.txt,3935,/home/chinmay/ChinmayPersonalProjects/gopdfsuit/internal/pdf/redact/pdf_utils.go,86,go_perf_layer_collection_iteration_range_over_map_for_deterministic_first,true_positive,Snippet ranges map where order is nondeterministic
/home/chinmay/ChinmayPersonalProjects/deslop/scripts/chunks/Chunk_3926_3950.txt,3936,/home/chinmay/ChinmayPersonalProjects/gopdfsuit/internal/pdf/redact/pdf_utils.go,86,go_perf_layer_data_structure_choice_small_enum_string_switch_map,false_positive,No small enum map choice evidence shown
/home/chinmay/ChinmayPersonalProjects/deslop/scripts/chunks/Chunk_3926_3950.txt,3937,/home/chinmay/ChinmayPersonalProjects/gopdfsuit/internal/pdf/redact/pdf_utils.go,86,go_perf_layer_database_access_count_query_before_paged_fetch,false_positive,No database access evidence in snippet
/home/chinmay/ChinmayPersonalProjects/deslop/scripts/chunks/Chunk_3926_3950.txt,3938,/home/chinmay/ChinmayPersonalProjects/gopdfsuit/internal/pdf/redact/pdf_utils.go,86,go_perf_layer_database_access_rows_scan_into_map_per_row,false_positive,No database access evidence in snippet
/home/chinmay/ChinmayPersonalProjects/deslop/scripts/chunks/Chunk_3926_3950.txt,3939,/home/chinmay/ChinmayPersonalProjects/gopdfsuit/internal/pdf/redact/pdf_utils.go,86,go_perf_layer_garbage_collection_cleanup_response_body_not_drained_for_reuse,false_positive,No http response body handling shown
/home/chinmay/ChinmayPersonalProjects/deslop/scripts/chunks/Chunk_3926_3950.txt,3940,/home/chinmay/ChinmayPersonalProjects/gopdfsuit/internal/pdf/redact/pdf_utils.go,86,go_perf_layer_memory_allocation_map_recreated_for_static_lookup,true_positive,Snippet creates or uses map pattern flagged by rule
/home/chinmay/ChinmayPersonalProjects/deslop/scripts/chunks/Chunk_3926_3950.txt,3941,/home/chinmay/ChinmayPersonalProjects/gopdfsuit/internal/pdf/redact/pdf_utils.go,92,go_perf_layer_collection_iteration_copy_slice_before_readonly_range,false_positive,No pre range slice copy shown
/home/chinmay/ChinmayPersonalProjects/deslop/scripts/chunks/Chunk_3926_3950.txt,3942,/home/chinmay/ChinmayPersonalProjects/gopdfsuit/internal/pdf/redact/pdf_utils.go,92,go_perf_layer_network_calls_retry_loop_without_backoff,false_positive,No clear retry loop over network call shown
/home/chinmay/ChinmayPersonalProjects/deslop/scripts/chunks/Chunk_3926_3950.txt,3943,/home/chinmay/ChinmayPersonalProjects/gopdfsuit/internal/pdf/redact/pdf_utils.go,104,go_perf_layer_memory_allocation_append_without_known_capacity,true_positive,Snippet appends during loop without visible capacity hint
/home/chinmay/ChinmayPersonalProjects/deslop/scripts/chunks/Chunk_3926_3950.txt,3944,/home/chinmay/ChinmayPersonalProjects/gopdfsuit/internal/pdf/redact/pdf_utils.go,117,go_perf_layer_string_handling_string_lower_for_case_insensitive_compare,false_positive,No case normalization call shown
/home/chinmay/ChinmayPersonalProjects/deslop/scripts/chunks/Chunk_3926_3950.txt,3945,/home/chinmay/ChinmayPersonalProjects/gopdfsuit/internal/pdf/redact/pdf_utils.go,118,go_perf_layer_database_access_count_query_before_paged_fetch,false_positive,No database access evidence in snippet
/home/chinmay/ChinmayPersonalProjects/deslop/scripts/chunks/Chunk_3926_3950.txt,3946,/home/chinmay/ChinmayPersonalProjects/gopdfsuit/internal/pdf/redact/pdf_utils.go,118,go_perf_layer_garbage_collection_cleanup_response_body_not_drained_for_reuse,false_positive,No http response body handling shown
/home/chinmay/ChinmayPersonalProjects/deslop/scripts/chunks/Chunk_3926_3950.txt,3947,/home/chinmay/ChinmayPersonalProjects/gopdfsuit/internal/pdf/redact/pdf_utils.go,124,go_perf_layer_caching_cache_key_built_with_fmt,true_positive,Snippet shows cache related pattern flagged by rule
/home/chinmay/ChinmayPersonalProjects/deslop/scripts/chunks/Chunk_3926_3950.txt,3948,/home/chinmay/ChinmayPersonalProjects/gopdfsuit/internal/pdf/redact/pdf_utils.go,124,go_perf_layer_caching_json_cache_value_stored_as_string,true_positive,Snippet shows cache related pattern flagged by rule
/home/chinmay/ChinmayPersonalProjects/deslop/scripts/chunks/Chunk_3926_3950.txt,3949,/home/chinmay/ChinmayPersonalProjects/gopdfsuit/internal/pdf/redact/pdf_utils.go,124,go_perf_layer_data_structure_choice_map_string_bool_for_membership,true_positive,Snippet creates or uses map pattern flagged by rule
/home/chinmay/ChinmayPersonalProjects/deslop/scripts/chunks/Chunk_3926_3950.txt,3950,/home/chinmay/ChinmayPersonalProjects/gopdfsuit/internal/pdf/redact/pdf_utils.go,124,go_perf_layer_data_structure_choice_small_enum_string_switch_map,false_positive,No small enum map choice evidence shown
/home/chinmay/ChinmayPersonalProjects/deslop/scripts/chunks/Chunk_3951_3975.txt,3951,/home/chinmay/ChinmayPersonalProjects/gopdfsuit/internal/pdf/redact/pdf_utils.go,125,go_perf_layer_caching_unbounded_cache_map,true_positive,Snippet shows cache related pattern flagged by rule
/home/chinmay/ChinmayPersonalProjects/deslop/scripts/chunks/Chunk_3951_3975.txt,3952,/home/chinmay/ChinmayPersonalProjects/gopdfsuit/internal/pdf/redact/pdf_utils.go,125,go_perf_layer_memory_allocation_map_recreated_for_static_lookup,true_positive,Snippet creates or uses map pattern flagged by rule
/home/chinmay/ChinmayPersonalProjects/deslop/scripts/chunks/Chunk_3951_3975.txt,3953,/home/chinmay/ChinmayPersonalProjects/gopdfsuit/internal/pdf/redact/pdf_utils.go,143,go_perf_layer_database_access_count_query_before_paged_fetch,false_positive,No database access evidence in snippet
/home/chinmay/ChinmayPersonalProjects/deslop/scripts/chunks/Chunk_3951_3975.txt,3954,/home/chinmay/ChinmayPersonalProjects/gopdfsuit/internal/pdf/redact/pdf_utils.go,143,go_perf_layer_database_access_query_inside_loop_without_batching,false_positive,No database access evidence in snippet
/home/chinmay/ChinmayPersonalProjects/deslop/scripts/chunks/Chunk_3951_3975.txt,3955,/home/chinmay/ChinmayPersonalProjects/gopdfsuit/internal/pdf/redact/pdf_utils.go,143,go_perf_layer_memory_allocation_bytes_buffer_allocated_per_record,true_positive,Snippet allocates byte buffer or conversion in path
/home/chinmay/ChinmayPersonalProjects/deslop/scripts/chunks/Chunk_3951_3975.txt,3956,/home/chinmay/ChinmayPersonalProjects/gopdfsuit/internal/pdf/redact/pdf_utils.go,143,go_perf_layer_memory_allocation_temporary_byte_slice_for_string_write,true_positive,Snippet allocates byte buffer or conversion in path
/home/chinmay/ChinmayPersonalProjects/deslop/scripts/chunks/Chunk_3951_3975.txt,3957,/home/chinmay/ChinmayPersonalProjects/gopdfsuit/internal/pdf/redact/pdf_utils.go,143,go_perf_layer_string_handling_byte_string_roundtrip_for_contains,false_positive,No contains or index byte string roundtrip shown
/home/chinmay/ChinmayPersonalProjects/deslop/scripts/chunks/Chunk_3951_3975.txt,3958,/home/chinmay/ChinmayPersonalProjects/gopdfsuit/internal/pdf/redact/pdf_utils.go,145,errors_new_for_static_sentinel,true_positive,Snippet allocates sentinel error in function
/home/chinmay/ChinmayPersonalProjects/deslop/scripts/chunks/Chunk_3951_3975.txt,3959,/home/chinmay/ChinmayPersonalProjects/gopdfsuit/internal/pdf/redact/pdf_utils.go,145,go_perf_layer_caching_cache_miss_does_duplicate_work,true_positive,Snippet shows cache related pattern flagged by rule
/home/chinmay/ChinmayPersonalProjects/deslop/scripts/chunks/Chunk_3951_3975.txt,3960,/home/chinmay/ChinmayPersonalProjects/gopdfsuit/internal/pdf/redact/pdf_utils.go,145,go_perf_layer_error_handling_cost_error_string_built_before_error_needed,false_positive,No eager error string construction shown
/home/chinmay/ChinmayPersonalProjects/deslop/scripts/chunks/Chunk_3951_3975.txt,3961,/home/chinmay/ChinmayPersonalProjects/gopdfsuit/internal/pdf/redact/pdf_utils.go,145,go_perf_layer_memory_allocation_map_recreated_for_static_lookup,true_positive,Snippet creates or uses map pattern flagged by rule
/home/chinmay/ChinmayPersonalProjects/deslop/scripts/chunks/Chunk_3951_3975.txt,3962,/home/chinmay/ChinmayPersonalProjects/gopdfsuit/internal/pdf/redact/pdf_utils.go,148,go_perf_layer_caching_cache_key_built_with_fmt,true_positive,Snippet shows cache related pattern flagged by rule
/home/chinmay/ChinmayPersonalProjects/deslop/scripts/chunks/Chunk_3951_3975.txt,3963,/home/chinmay/ChinmayPersonalProjects/gopdfsuit/internal/pdf/redact/pdf_utils.go,148,go_perf_layer_caching_json_cache_value_stored_as_string,true_positive,Snippet shows cache related pattern flagged by rule
/home/chinmay/ChinmayPersonalProjects/deslop/scripts/chunks/Chunk_3951_3975.txt,3964,/home/chinmay/ChinmayPersonalProjects/gopdfsuit/internal/pdf/redact/pdf_utils.go,148,go_perf_layer_caching_unbounded_cache_map,true_positive,Snippet shows cache related pattern flagged by rule
/home/chinmay/ChinmayPersonalProjects/deslop/scripts/chunks/Chunk_3951_3975.txt,3965,/home/chinmay/ChinmayPersonalProjects/gopdfsuit/internal/pdf/redact/pdf_utils.go,148,go_perf_layer_collection_iteration_range_over_map_for_deterministic_first,true_positive,Snippet ranges map where order is nondeterministic
/home/chinmay/ChinmayPersonalProjects/deslop/scripts/chunks/Chunk_3951_3975.txt,3966,/home/chinmay/ChinmayPersonalProjects/gopdfsuit/internal/pdf/redact/pdf_utils.go,148,go_perf_layer_data_structure_choice_map_string_bool_for_membership,true_positive,Snippet creates or uses map pattern flagged by rule
/home/chinmay/ChinmayPersonalProjects/deslop/scripts/chunks/Chunk_3951_3975.txt,3967,/home/chinmay/ChinmayPersonalProjects/gopdfsuit/internal/pdf/redact/pdf_utils.go,148,go_perf_layer_data_structure_choice_small_enum_string_switch_map,false_positive,No small enum map choice evidence shown
/home/chinmay/ChinmayPersonalProjects/deslop/scripts/chunks/Chunk_3951_3975.txt,3968,/home/chinmay/ChinmayPersonalProjects/gopdfsuit/internal/pdf/redact/pdf_utils.go,148,go_perf_layer_database_access_rows_scan_into_map_per_row,false_positive,No database access evidence in snippet
/home/chinmay/ChinmayPersonalProjects/deslop/scripts/chunks/Chunk_3951_3975.txt,3969,/home/chinmay/ChinmayPersonalProjects/gopdfsuit/internal/pdf/redact/pdf_utils.go,148,go_perf_layer_garbage_collection_cleanup_response_body_not_drained_for_reuse,false_positive,No http response body handling shown
/home/chinmay/ChinmayPersonalProjects/deslop/scripts/chunks/Chunk_3951_3975.txt,3970,/home/chinmay/ChinmayPersonalProjects/gopdfsuit/internal/pdf/redact/pdf_utils.go,149,go_perf_layer_string_handling_string_lower_for_case_insensitive_compare,false_positive,No case normalization call shown
/home/chinmay/ChinmayPersonalProjects/deslop/scripts/chunks/Chunk_3951_3975.txt,3971,/home/chinmay/ChinmayPersonalProjects/gopdfsuit/internal/pdf/redact/pdf_utils.go,159,go_perf_layer_algorithmic_complexity_recursive_graph_walk_without_seen_set,true_positive,Snippet performs recursive walk pattern
/home/chinmay/ChinmayPersonalProjects/deslop/scripts/chunks/Chunk_3951_3975.txt,3972,/home/chinmay/ChinmayPersonalProjects/gopdfsuit/internal/pdf/redact/pdf_utils.go,170,go_perf_layer_network_calls_retry_loop_without_backoff,false_positive,No clear retry loop over network call shown
/home/chinmay/ChinmayPersonalProjects/deslop/scripts/chunks/Chunk_3951_3975.txt,3973,/home/chinmay/ChinmayPersonalProjects/gopdfsuit/internal/pdf/redact/pdf_utils.go,199,go_perf_layer_string_handling_byte_string_roundtrip_for_contains,false_positive,No contains or index byte string roundtrip shown
/home/chinmay/ChinmayPersonalProjects/deslop/scripts/chunks/Chunk_3951_3975.txt,3974,/home/chinmay/ChinmayPersonalProjects/gopdfsuit/internal/pdf/redact/pdf_utils.go,199,go_perf_layer_string_handling_string_lower_for_case_insensitive_compare,false_positive,No case normalization call shown
/home/chinmay/ChinmayPersonalProjects/deslop/scripts/chunks/Chunk_3951_3975.txt,3975,/home/chinmay/ChinmayPersonalProjects/gopdfsuit/internal/pdf/redact/pdf_utils.go,199,go_perf_layer_string_handling_strings_join_single_element_loop,false_positive,No strings join call shown
/home/chinmay/ChinmayPersonalProjects/deslop/scripts/chunks/Chunk_3976_4000.txt,3976,/home/chinmay/ChinmayPersonalProjects/gopdfsuit/internal/pdf/redact/pdf_utils.go,200,go_perf_layer_database_access_count_query_before_paged_fetch,false_positive,No database access evidence in snippet
/home/chinmay/ChinmayPersonalProjects/deslop/scripts/chunks/Chunk_3976_4000.txt,3977,/home/chinmay/ChinmayPersonalProjects/gopdfsuit/internal/pdf/redact/pdf_utils.go,200,go_perf_layer_database_access_query_inside_loop_without_batching,false_positive,No database access evidence in snippet
/home/chinmay/ChinmayPersonalProjects/deslop/scripts/chunks/Chunk_3976_4000.txt,3978,/home/chinmay/ChinmayPersonalProjects/gopdfsuit/internal/pdf/redact/pdf_utils.go,200,go_perf_layer_database_access_select_star_on_hot_query,true_positive,Snippet contains database query or db call
/home/chinmay/ChinmayPersonalProjects/deslop/scripts/chunks/Chunk_3976_4000.txt,3979,/home/chinmay/ChinmayPersonalProjects/gopdfsuit/internal/pdf/redact/pdf_utils.go,200,go_perf_layer_garbage_collection_cleanup_response_body_not_drained_for_reuse,false_positive,No http response body handling shown
/home/chinmay/ChinmayPersonalProjects/deslop/scripts/chunks/Chunk_3976_4000.txt,3980,/home/chinmay/ChinmayPersonalProjects/gopdfsuit/internal/pdf/redact/pdf_utils.go,200,go_perf_layer_serialization_gzip_writer_created_per_small_payload,false_positive,No gzip writer creation shown
/home/chinmay/ChinmayPersonalProjects/deslop/scripts/chunks/Chunk_3976_4000.txt,3981,/home/chinmay/ChinmayPersonalProjects/gopdfsuit/internal/pdf/redact/pdf_utils.go,201,go_perf_layer_algorithmic_complexity_quadratic_append_filter_pipeline,false_positive,No nested scan pattern shown
/home/chinmay/ChinmayPersonalProjects/deslop/scripts/chunks/Chunk_3976_4000.txt,3982,/home/chinmay/ChinmayPersonalProjects/gopdfsuit/internal/pdf/redact/pdf_utils.go,204,go_perf_layer_caching_cache_key_built_with_fmt,true_positive,Snippet shows cache related pattern flagged by rule
/home/chinmay/ChinmayPersonalProjects/deslop/scripts/chunks/Chunk_3976_4000.txt,3983,/home/chinmay/ChinmayPersonalProjects/gopdfsuit/internal/pdf/redact/pdf_utils.go,204,go_perf_layer_caching_json_cache_value_stored_as_string,true_positive,Snippet shows cache related pattern flagged by rule
/home/chinmay/ChinmayPersonalProjects/deslop/scripts/chunks/Chunk_3976_4000.txt,3984,/home/chinmay/ChinmayPersonalProjects/gopdfsuit/internal/pdf/redact/pdf_utils.go,204,go_perf_layer_caching_unbounded_cache_map,true_positive,Snippet shows cache related pattern flagged by rule
/home/chinmay/ChinmayPersonalProjects/deslop/scripts/chunks/Chunk_3976_4000.txt,3985,/home/chinmay/ChinmayPersonalProjects/gopdfsuit/internal/pdf/redact/pdf_utils.go,204,go_perf_layer_data_structure_choice_map_string_bool_for_membership,true_positive,Snippet creates or uses map pattern flagged by rule
/home/chinmay/ChinmayPersonalProjects/deslop/scripts/chunks/Chunk_3976_4000.txt,3986,/home/chinmay/ChinmayPersonalProjects/gopdfsuit/internal/pdf/redact/pdf_utils.go,204,go_perf_layer_data_structure_choice_small_enum_string_switch_map,false_positive,No small enum map choice evidence shown
/home/chinmay/ChinmayPersonalProjects/deslop/scripts/chunks/Chunk_3976_4000.txt,3987,/home/chinmay/ChinmayPersonalProjects/gopdfsuit/internal/pdf/redact/pdf_utils.go,206,go_perf_layer_algorithmic_complexity_repeated_nested_slice_scans,false_positive,No nested scan pattern shown
/home/chinmay/ChinmayPersonalProjects/deslop/scripts/chunks/Chunk_3976_4000.txt,3988,/home/chinmay/ChinmayPersonalProjects/gopdfsuit/internal/pdf/redact/pdf_utils.go,206,go_perf_layer_collection_iteration_copy_slice_before_readonly_range,false_positive,No pre range slice copy shown
/home/chinmay/ChinmayPersonalProjects/deslop/scripts/chunks/Chunk_3976_4000.txt,3989,/home/chinmay/ChinmayPersonalProjects/gopdfsuit/internal/pdf/redact/pdf_utils.go,206,go_perf_layer_memory_allocation_temporary_byte_slice_for_string_write,true_positive,Snippet allocates byte buffer or conversion in path
/home/chinmay/ChinmayPersonalProjects/deslop/scripts/chunks/Chunk_3976_4000.txt,3990,/home/chinmay/ChinmayPersonalProjects/gopdfsuit/internal/pdf/redact/pdf_utils.go,209,go_perf_layer_memory_allocation_append_without_known_capacity,false_positive,No loop append growth pattern shown
/home/chinmay/ChinmayPersonalProjects/deslop/scripts/chunks/Chunk_3976_4000.txt,3991,/home/chinmay/ChinmayPersonalProjects/gopdfsuit/internal/pdf/redact/pdf_utils.go,209,go_perf_layer_memory_allocation_bytes_buffer_allocated_per_record,true_positive,Snippet allocates byte buffer or conversion in path
/home/chinmay/ChinmayPersonalProjects/deslop/scripts/chunks/Chunk_3976_4000.txt,3992,/home/chinmay/ChinmayPersonalProjects/gopdfsuit/internal/pdf/redact/pdf_utils.go,209,go_perf_layer_memory_allocation_map_recreated_for_static_lookup,true_positive,Snippet creates or uses map pattern flagged by rule
/home/chinmay/ChinmayPersonalProjects/deslop/scripts/chunks/Chunk_3976_4000.txt,3993,/home/chinmay/ChinmayPersonalProjects/gopdfsuit/internal/pdf/redact/pdf_utils.go,214,go_perf_layer_collection_iteration_range_over_map_for_deterministic_first,false_positive,No map range pattern shown
/home/chinmay/ChinmayPersonalProjects/deslop/scripts/chunks/Chunk_3976_4000.txt,3994,/home/chinmay/ChinmayPersonalProjects/gopdfsuit/internal/pdf/redact/pdf_utils.go,214,go_perf_layer_database_access_rows_scan_into_map_per_row,false_positive,No database access evidence in snippet
/home/chinmay/ChinmayPersonalProjects/deslop/scripts/chunks/Chunk_3976_4000.txt,3995,/home/chinmay/ChinmayPersonalProjects/gopdfsuit/internal/pdf/redact/pdf_utils.go,214,go_perf_layer_io_operations_scanner_used_for_large_token_stream,true_positive,Snippet uses scanner for token stream
/home/chinmay/ChinmayPersonalProjects/deslop/scripts/chunks/Chunk_3976_4000.txt,3996,/home/chinmay/ChinmayPersonalProjects/gopdfsuit/internal/pdf/redact/pdf_utils.go,214,go_perf_layer_network_calls_retry_loop_without_backoff,false_positive,No clear retry loop over network call shown
/home/chinmay/ChinmayPersonalProjects/deslop/scripts/chunks/Chunk_3976_4000.txt,3997,/home/chinmay/ChinmayPersonalProjects/gopdfsuit/internal/pdf/redact/pdf_utils.go,215,byte_string_conversion_in_loop,false_positive,No contains or index byte string roundtrip shown
/home/chinmay/ChinmayPersonalProjects/deslop/scripts/chunks/Chunk_3976_4000.txt,3998,/home/chinmay/ChinmayPersonalProjects/gopdfsuit/internal/pdf/redact/pdf_utils.go,215,slice_append_without_prealloc_known_bound,false_positive,No loop append growth pattern shown
/home/chinmay/ChinmayPersonalProjects/deslop/scripts/chunks/Chunk_3976_4000.txt,3999,/home/chinmay/ChinmayPersonalProjects/gopdfsuit/internal/pdf/redact/pdf_utils.go,215,slice_grow_without_cap_hint,false_positive,No loop append growth pattern shown
/home/chinmay/ChinmayPersonalProjects/deslop/scripts/chunks/Chunk_3976_4000.txt,4000,/home/chinmay/ChinmayPersonalProjects/gopdfsuit/internal/pdf/redact/pdf_utils.go,215,string_concat_in_loop,false_positive,Rule pattern not evidenced in provided snippet
